is_universal,obs_min_fold_overlap,thr_correct,perm_correct,strat_correct,bin
False,0.026390929778633818,True,True,True,0.02-0.05
False,0.05804532786703456,True,True,True,0.05-0.10
True,0.0,True,False,False,0-0.005
True,0.006892904616541431,True,True,True,0.005-0.01
False,0.02328783632186766,True,True,True,0.02-0.05
False,0.042734206078221516,True,True,True,0.02-0.05
True,0.010403018945099958,True,True,True,0.01-0.02
True,0.10004917165537425,True,True,True,0.10-0.20
True,0.10841017521510968,True,True,True,0.10-0.20
True,0.0,True,True,True,0-0.005
False,0.1065778140467669,True,True,True,0.10-0.20
False,0.033709727748221285,True,True,True,0.02-0.05
True,0.027412943038154555,True,True,True,0.02-0.05
True,0.0,True,True,True,0-0.005
True,0.07210856659847191,True,True,True,0.05-0.10
False,0.1574347631354936,True,True,True,0.10-0.20
False,0.20910394357947934,True,True,True,
True,0.13552556220531636,True,True,True,0.10-0.20
False,0.13344916493113376,True,True,True,0.10-0.20
True,0.20994520683135304,True,True,True,
True,0.031200265532680165,True,True,True,0.02-0.05
False,0.1604599229728142,False,True,True,0.10-0.20
True,0.19977341547124577,True,True,True,0.10-0.20
False,0.1658322553909897,True,True,True,0.10-0.20
True,0.17368124267061447,True,True,True,0.10-0.20
False,0.20026239748960484,True,True,True,
False,0.022099133565033322,False,True,True,0.02-0.05
True,0.0,True,True,True,0-0.005
True,0.0,True,True,True,0-0.005
False,0.06589521524895393,True,True,True,0.05-0.10
True,0.053265603005974715,True,True,True,0.05-0.10
False,0.0,True,True,False,0-0.005
True,0.12705149249090292,True,True,True,0.10-0.20
True,0.16990952617112323,True,False,False,0.10-0.20
False,0.1281973507972942,True,True,True,0.10-0.20
False,0.08991760749584392,True,True,True,0.05-0.10
False,0.06733212592916828,True,True,True,0.05-0.10
True,0.026300725130715706,True,True,True,0.02-0.05
True,0.2181044448844946,True,True,True,
True,0.18474523974998527,True,True,True,0.10-0.20
True,0.0016866962466398029,True,False,False,0-0.005
True,0.09019151396861907,True,False,True,0.05-0.10
False,0.09142620171455915,True,True,True,0.05-0.10
True,0.14561427314369568,True,True,True,0.10-0.20
True,0.07279603169444931,True,True,True,0.05-0.10
True,0.13029604337053785,True,True,True,0.10-0.20
False,0.17434055288703834,True,True,True,0.10-0.20
True,0.18415287711411005,True,True,True,0.10-0.20
True,0.08880773999647365,True,True,True,0.05-0.10
False,0.005312141036776465,True,True,True,0.005-0.01
False,0.019971355434233135,True,True,True,0.01-0.02
False,0.14892456278303867,True,True,True,0.10-0.20
True,0.05582796745109382,True,True,True,0.05-0.10
False,0.09605836559163541,True,True,True,0.05-0.10
True,0.03729038051808706,True,True,True,0.02-0.05
False,0.06409662728906727,True,True,True,0.05-0.10
True,0.18022404340469053,True,True,True,0.10-0.20
True,0.0029475748164856912,True,True,True,0-0.005
False,0.001307207867058282,True,True,True,0-0.005
True,0.07678419309535083,True,True,True,0.05-0.10
False,0.1725643281916854,True,True,True,0.10-0.20
False,0.16625557803666657,True,True,True,0.10-0.20
True,0.15851359615852337,True,True,True,0.10-0.20
True,0.10340903958765028,True,False,False,0.10-0.20
False,0.002713693650998949,True,True,True,0-0.005
False,0.07441550952602102,True,True,True,0.05-0.10
True,0.02390108522409452,True,True,True,0.02-0.05
False,0.1442595399990196,True,True,True,0.10-0.20
False,0.13699931041175206,False,True,True,0.10-0.20
True,0.018725571527933905,True,True,True,0.01-0.02
False,0.08285346575713319,True,True,True,0.05-0.10
False,0.20557874709299065,True,True,True,
True,0.014945687436812837,True,True,True,0.01-0.02
True,0.010784713620059486,True,True,True,0.01-0.02
True,0.11716699502546418,True,True,True,0.10-0.20
False,0.03911883792020071,True,True,True,0.02-0.05
False,0.0909516791587609,True,True,True,0.05-0.10
False,0.21101656360934246,True,True,True,
True,0.06402412478505694,True,True,True,0.05-0.10
True,0.07298880274777463,True,True,True,0.05-0.10
True,0.06289529724456391,True,False,True,0.05-0.10
False,0.04910743121723489,False,True,True,0.02-0.05
True,0.0073899058649687785,True,False,True,0.005-0.01
True,0.020382700785872468,True,False,True,0.02-0.05
True,0.10332244289687313,True,True,True,0.10-0.20
True,0.015739121835623638,True,True,True,0.01-0.02
False,0.0,True,True,True,0-0.005
False,0.09510997092328613,True,True,True,0.05-0.10
True,0.08655586901221274,True,True,True,0.05-0.10
True,0.16186446801361157,True,True,True,0.10-0.20
True,0.17750468995871166,True,False,True,0.10-0.20
True,0.15315118748070997,True,True,True,0.10-0.20
False,0.06949553181330947,True,True,True,0.05-0.10
True,0.12972936349230801,True,True,True,0.10-0.20
True,0.03848350953506149,True,False,True,0.02-0.05
True,0.005906640900056683,True,True,True,0.005-0.01
True,0.15711671675409145,True,True,True,0.10-0.20
True,0.1576467992462452,True,True,True,0.10-0.20
False,0.11371521453331071,True,True,True,0.10-0.20
False,0.2047625865907715,True,True,True,
True,0.17993443518445235,True,True,True,0.10-0.20
False,0.035914104710942835,True,True,True,0.02-0.05
False,0.038339747971896,False,True,True,0.02-0.05
True,0.09126888283786753,True,True,True,0.05-0.10
False,0.009671415208543269,True,True,True,0.005-0.01
False,0.08131590454023924,True,True,True,0.05-0.10
True,0.003980537103231894,True,False,True,0-0.005
True,0.13082277640480033,True,True,True,0.10-0.20
True,0.03196903135068481,True,True,True,0.02-0.05
True,0.03966691577077092,True,True,True,0.02-0.05
False,0.0,True,True,False,0-0.005
False,0.18038383381569995,True,True,True,0.10-0.20
False,0.06865284146235891,True,True,True,0.05-0.10
True,0.017565222779352862,True,True,True,0.01-0.02
False,0.0,True,True,True,0-0.005
False,0.1715095156243712,True,True,True,0.10-0.20
True,0.057187682096922314,True,False,False,0.05-0.10
False,0.0946775805861241,True,True,True,0.05-0.10
False,0.12785579012111375,True,True,True,0.10-0.20
False,0.14457325174786217,True,True,True,0.10-0.20
False,0.19225208408476935,False,True,True,0.10-0.20
True,0.04564054262201511,True,True,True,0.02-0.05
False,0.18735209084257126,True,True,True,0.10-0.20
False,0.12236935681714478,True,True,True,0.10-0.20
True,0.07192538789558081,True,True,True,0.05-0.10
True,0.10369730944080106,True,True,True,0.10-0.20
True,0.12810275156650433,True,True,True,0.10-0.20
False,0.08562592449791077,True,True,True,0.05-0.10
False,0.044515176862567306,False,True,True,0.02-0.05
True,0.019028051161296564,True,True,True,0.01-0.02
True,0.02244854398490251,True,True,True,0.02-0.05
True,0.0,True,False,True,0-0.005
False,0.06214499424265148,True,True,True,0.05-0.10
True,0.08539576867003333,True,False,True,0.05-0.10
True,0.06527251410186012,True,True,True,0.05-0.10
True,0.12891144916978634,True,False,True,0.10-0.20
False,0.21217256041991328,False,True,True,
True,0.1715063039704504,True,True,True,0.10-0.20
False,0.011276194934189512,True,True,True,0.01-0.02
False,0.1462083422045125,True,True,True,0.10-0.20
True,0.09578053533413022,True,True,True,0.05-0.10
True,0.012211761728166959,True,True,True,0.01-0.02
False,0.10807999158082643,True,True,True,0.10-0.20
False,0.12696834131648224,True,True,True,0.10-0.20
True,0.1211064325108491,True,True,True,0.10-0.20
True,0.0,True,True,True,0-0.005
True,0.19457470383907435,True,True,True,0.10-0.20
True,0.03869872105461056,True,True,True,0.02-0.05
False,0.0,True,True,True,0-0.005
True,0.09830774524616734,True,True,True,0.05-0.10
True,0.08030081595997658,True,True,True,0.05-0.10
True,0.14147049850764545,True,True,True,0.10-0.20
True,0.03426411530762074,True,True,True,0.02-0.05
True,0.10954758502650193,True,False,True,0.10-0.20
False,0.028119673432050234,True,True,True,0.02-0.05
False,0.0643960965790467,True,True,True,0.05-0.10
True,0.023879367879943655,True,False,True,0.02-0.05
False,0.11548865972864186,False,True,True,0.10-0.20
False,0.17223783977507126,True,True,True,0.10-0.20
False,0.0005393472118390446,True,True,True,0-0.005
True,0.05698753004458768,True,True,True,0.05-0.10
False,0.043791292028596544,False,True,True,0.02-0.05
True,0.1512339666346742,True,True,True,0.10-0.20
True,0.1671964544174428,True,True,True,0.10-0.20
False,0.09927544792350419,True,True,True,0.05-0.10
True,0.0362624080702363,True,True,True,0.02-0.05
True,0.0776091000914702,True,True,True,0.05-0.10
True,0.14270109626482727,True,False,True,0.10-0.20
True,0.16710214133050505,True,False,True,0.10-0.20
False,0.028971015645372997,True,True,True,0.02-0.05
False,0.14956396819860174,True,True,True,0.10-0.20
False,0.13559169500322543,True,True,True,0.10-0.20
False,0.07102784350295135,True,True,True,0.05-0.10
True,0.06417938567141264,True,True,True,0.05-0.10
True,0.1157548876962367,True,True,True,0.10-0.20
False,0.16534455316939878,True,True,True,0.10-0.20
False,0.05374176191027302,True,True,True,0.05-0.10
False,0.06026171909145695,False,True,True,0.05-0.10
True,0.1801934175512976,True,False,False,0.10-0.20
False,0.05910256040283095,True,True,True,0.05-0.10
False,0.003815483208324917,True,True,True,0-0.005
True,0.1265636406950111,True,False,False,0.10-0.20
True,0.16011528147154316,True,True,True,0.10-0.20
True,0.12654520115566603,True,False,False,0.10-0.20
True,0.1770541157737172,True,True,True,0.10-0.20
True,0.06931407136807899,True,True,True,0.05-0.10
False,0.023763955837863043,True,True,True,0.02-0.05
False,0.1101328040905923,True,True,True,0.10-0.20
True,0.11761672778807124,True,True,True,0.10-0.20
True,0.14702205110647487,True,False,True,0.10-0.20
False,0.01112574859297045,True,True,True,0.01-0.02
False,0.07388081305437917,True,True,True,0.05-0.10
True,0.14105177517419742,True,True,True,0.10-0.20
False,0.11979772398512042,True,True,True,0.10-0.20
False,0.03850938805380834,True,True,True,0.02-0.05
False,0.07786087251241967,False,True,True,0.05-0.10
False,0.03490963704873731,False,True,True,0.02-0.05
True,0.1388251578169701,True,True,True,0.10-0.20
False,0.0,True,True,False,0-0.005
True,0.16661567362104537,True,True,True,0.10-0.20
False,0.16122332831256492,True,True,True,0.10-0.20
False,0.05234271821740295,False,True,True,0.05-0.10
False,0.12153550453392412,False,True,True,0.10-0.20
True,0.10161310848714285,True,True,True,0.10-0.20
True,0.1302305573463411,True,True,True,0.10-0.20
False,0.10908371935740421,True,True,True,0.10-0.20
True,0.04225960577690915,True,True,True,0.02-0.05
True,0.17978438262855495,True,True,True,0.10-0.20
False,0.1184505493300352,True,True,True,0.10-0.20
False,0.10775462363949995,True,True,True,0.10-0.20
True,0.19799676432797544,True,True,True,0.10-0.20
False,0.15010100824078534,True,True,True,0.10-0.20
False,0.0013184748375062224,True,True,True,0-0.005
False,0.1052300782743695,True,True,True,0.10-0.20
True,0.12865749246240693,True,True,True,0.10-0.20
True,0.1389595758098679,True,True,True,0.10-0.20
False,0.012179938648198756,True,True,True,0.01-0.02
True,0.16748969037875835,True,False,True,0.10-0.20
True,0.16113077109769508,True,False,False,0.10-0.20
True,0.03634548962790251,True,True,True,0.02-0.05
False,0.0,True,True,False,0-0.005
True,0.040826541681088846,True,True,True,0.02-0.05
True,0.11605982021970714,True,True,True,0.10-0.20
True,0.03377128137458041,True,False,True,0.02-0.05
True,0.08916642079050532,True,True,True,0.05-0.10
True,0.07780076841895452,True,True,True,0.05-0.10
False,0.023605296673941498,False,True,True,0.02-0.05
False,0.052018354437560595,True,True,True,0.05-0.10
False,0.09487574284700842,True,True,True,0.05-0.10
True,0.2190364523700224,True,True,True,
True,0.18977876072436886,True,True,True,0.10-0.20
True,0.2066509127473236,True,True,True,
False,0.021804614024353585,True,True,True,0.02-0.05
False,0.04199883787419566,True,True,True,0.02-0.05
False,0.07200918552697935,True,True,True,0.05-0.10
True,0.1969241463323647,True,True,True,0.10-0.20
True,0.09334598435685482,True,True,True,0.05-0.10
False,0.08469719160385995,True,True,True,0.05-0.10
False,0.07175370200125679,True,True,True,0.05-0.10
False,0.02820335874011603,True,True,True,0.02-0.05
False,0.12292160753674279,True,True,True,0.10-0.20
False,0.19948668392293503,True,True,True,0.10-0.20
False,0.18935605537863087,True,True,True,0.10-0.20
True,0.1390765958795806,True,True,True,0.10-0.20
False,0.02542140106279375,True,True,True,0.02-0.05
True,0.1825988691027858,True,False,False,0.10-0.20
True,0.006490554620233746,True,True,True,0.005-0.01
False,0.0,True,True,True,0-0.005
False,0.07454980028884184,True,True,True,0.05-0.10
True,0.1122884563666561,True,True,True,0.10-0.20
True,0.027660296024018642,True,True,True,0.02-0.05
False,0.1492366420463126,True,True,True,0.10-0.20
False,0.03281895825056789,False,True,True,0.02-0.05
True,0.16288610541434032,True,True,True,0.10-0.20
True,0.06072659937811703,True,False,True,0.05-0.10
False,0.14505748066208912,True,True,True,0.10-0.20
True,0.12496793335277087,True,True,True,0.10-0.20
False,0.0,True,True,True,0-0.005
False,0.19474424935093548,True,True,True,0.10-0.20
False,0.09171361311481852,False,True,True,0.05-0.10
False,0.15237720824392337,True,True,True,0.10-0.20
False,0.0,True,True,True,0-0.005
True,0.1510637382191541,True,True,True,0.10-0.20
True,0.05021669226987351,True,True,True,0.05-0.10
True,0.16570965299597992,True,False,True,0.10-0.20
True,0.0,True,True,True,0-0.005
False,0.038625766755748935,True,True,True,0.02-0.05
False,0.07748087478439311,True,True,True,0.05-0.10
True,0.0,True,True,False,0-0.005
True,0.1376824504564996,True,True,True,0.10-0.20
True,0.16606225384710482,True,False,True,0.10-0.20
False,0.003017189762691233,True,True,True,0-0.005
True,0.03646817249041254,True,True,True,0.02-0.05
False,0.13847074706830828,True,True,True,0.10-0.20
False,0.0,False,True,False,0-0.005
False,0.04231913551111275,True,True,True,0.02-0.05
True,0.06089730335176856,True,True,True,0.05-0.10
True,0.13640769516541026,True,True,True,0.10-0.20
True,0.03480223205604519,True,True,True,0.02-0.05
True,0.10053896311691136,True,True,True,0.10-0.20
False,0.0,True,True,True,0-0.005
True,0.04190346403038899,True,True,True,0.02-0.05
True,0.1139355456241568,True,True,True,0.10-0.20
False,0.0,True,True,True,0-0.005
True,0.09717029465791303,True,True,True,0.05-0.10
True,0.02035079416406954,True,False,True,0.02-0.05
True,0.08275141611547358,True,True,True,0.05-0.10
False,0.012167821538013579,False,True,True,0.01-0.02
True,0.09774024376191605,True,True,True,0.05-0.10
False,0.029313165390005926,True,True,True,0.02-0.05
True,0.0777770759095588,True,True,True,0.05-0.10
False,0.09923838962969525,True,True,True,0.05-0.10
False,0.03633698651679177,True,True,True,0.02-0.05
False,0.08249488210586367,True,True,True,0.05-0.10
False,0.161706192399318,True,True,True,0.10-0.20
False,0.1522214385584204,True,True,True,0.10-0.20
True,0.030590785897045288,True,True,True,0.02-0.05
True,0.0165206377023303,True,True,True,0.01-0.02
True,0.10165012567306222,True,True,True,0.10-0.20
False,0.11756809147257781,True,True,True,0.10-0.20
True,0.10729530762831967,True,True,True,0.10-0.20
True,0.09042420550294844,True,True,True,0.05-0.10
True,0.037071871826026205,True,True,True,0.02-0.05
False,0.05996561486670034,True,True,True,0.05-0.10
False,0.14118730383839684,True,True,True,0.10-0.20
False,0.10096554659711303,True,True,True,0.10-0.20
True,0.16593212122807086,True,True,True,0.10-0.20
False,0.14866155227672997,True,True,True,0.10-0.20
True,0.10047425342473867,True,True,True,0.10-0.20
True,0.04971336670111467,True,True,True,0.02-0.05
False,0.11365877153678372,True,True,True,0.10-0.20
True,0.18840804905571942,True,True,True,0.10-0.20
True,0.0337781316170663,True,False,False,0.02-0.05
True,0.128846295592282,True,True,True,0.10-0.20
True,0.16406189277030722,True,True,True,0.10-0.20
False,0.03991364663866337,True,True,True,0.02-0.05
False,0.12255186939582038,True,True,True,0.10-0.20
True,0.017819078462845316,True,True,True,0.01-0.02
True,0.13371121208397618,True,True,True,0.10-0.20
False,0.16719371125145263,True,True,True,0.10-0.20
True,0.16232180194602727,True,True,True,0.10-0.20
False,0.13594691998344044,True,True,True,0.10-0.20
False,0.005013540025522665,True,True,True,0.005-0.01
True,0.09265040421343321,True,True,True,0.05-0.10
False,0.17224716993717082,True,True,True,0.10-0.20
True,0.015449783831013952,True,True,True,0.01-0.02
False,0.08360871621470557,True,True,True,0.05-0.10
False,0.026241896748366998,True,True,True,0.02-0.05
False,0.09312132415269522,True,True,True,0.05-0.10
True,0.0,True,False,True,0-0.005
True,0.0,True,False,True,0-0.005
True,0.1114742757843941,True,False,True,0.10-0.20
False,0.10687948326363042,True,True,True,0.10-0.20
False,0.12754011397628245,True,True,True,0.10-0.20
True,0.08832870115515273,True,True,True,0.05-0.10
False,0.1267018810277206,True,True,True,0.10-0.20
True,0.1551623280474716,True,True,True,0.10-0.20
False,0.19343305432243682,True,True,True,0.10-0.20
True,0.06870542131603105,True,False,True,0.05-0.10
False,0.08237408285573822,True,True,True,0.05-0.10
True,0.0916683452374213,True,True,True,0.05-0.10
True,0.15095379606871964,True,True,True,0.10-0.20
True,0.16616353038508128,True,False,False,0.10-0.20
False,0.08674021436869786,False,True,True,0.05-0.10
True,0.0,True,True,True,0-0.005
False,0.04870494254537304,False,True,True,0.02-0.05
True,0.08157978809559366,True,True,True,0.05-0.10
True,0.11219886339215011,True,True,True,0.10-0.20
False,0.06535703522830505,False,True,True,0.05-0.10
False,0.12382214330805218,True,True,True,0.10-0.20
True,0.10655151391301144,True,True,True,0.10-0.20
False,0.0064347878091445265,True,True,True,0.005-0.01
False,0.0,True,True,False,0-0.005
True,0.07945084392360141,True,False,False,0.05-0.10
False,0.12440836725207918,True,True,True,0.10-0.20
True,0.11153292029132426,True,False,True,0.10-0.20
False,0.12489667679091446,True,True,True,0.10-0.20
False,0.08103505293197286,True,True,True,0.05-0.10
True,0.15195308898882756,True,False,True,0.10-0.20
True,0.10183265000120213,True,False,True,0.10-0.20
True,0.09073550609114135,True,False,True,0.05-0.10
False,0.19088265182932762,True,True,True,0.10-0.20
True,0.15954283171026612,True,True,True,0.10-0.20
True,0.0,True,True,True,0-0.005
False,0.018132155747786663,True,True,True,0.01-0.02
True,0.02596611494853584,True,True,True,0.02-0.05
False,0.0059237195169000965,True,True,True,0.005-0.01
False,0.10958296319483977,True,True,True,0.10-0.20
True,0.025874512505168555,True,True,True,0.02-0.05
False,0.08899275192967016,True,True,True,0.05-0.10
True,0.047462470167675956,True,True,True,0.02-0.05
False,0.15061580152466628,True,True,True,0.10-0.20
True,0.0020197206583067936,True,True,True,0-0.005
True,0.15522701625674776,True,True,True,0.10-0.20
True,0.01430141001292224,True,True,True,0.01-0.02
True,0.0,True,True,True,0-0.005
False,0.16352300757983523,True,True,True,0.10-0.20
True,0.16556962170986833,True,True,True,0.10-0.20
True,0.029681277427510255,True,True,True,0.02-0.05
False,0.13868350022690215,True,True,True,0.10-0.20
True,0.07735810382653942,True,True,True,0.05-0.10
False,0.05559061275046681,True,True,True,0.05-0.10
True,0.07152062887165418,True,True,True,0.05-0.10
True,0.061072496296663926,True,True,True,0.05-0.10
True,0.11562926212706248,True,True,True,0.10-0.20
False,0.0,True,True,False,0-0.005
True,0.10167423667074783,True,True,True,0.10-0.20
False,0.12773647872719068,True,True,True,0.10-0.20
True,0.0,True,True,True,0-0.005
False,0.10277396033139984,True,True,True,0.10-0.20
False,0.11692400441175607,True,True,True,0.10-0.20
True,0.051657886220187355,True,True,True,0.05-0.10
True,0.017176825659781306,True,True,True,0.01-0.02
False,0.12226625359489103,False,True,True,0.10-0.20
True,0.11719960876947551,True,True,True,0.10-0.20
True,0.12354322211544293,True,True,True,0.10-0.20
True,0.15054899919535505,True,True,True,0.10-0.20
False,0.12045540223813189,True,True,True,0.10-0.20
False,0.11558459317814836,False,True,True,0.10-0.20
True,0.0,True,False,True,0-0.005
True,0.11487320547220932,True,True,True,0.10-0.20
True,0.12043847860234491,True,False,True,0.10-0.20
True,0.11375594836788425,True,True,True,0.10-0.20
True,0.021921960411361616,True,True,True,0.02-0.05
True,0.04676920448978974,True,True,True,0.02-0.05
True,0.1723863447667634,True,True,True,0.10-0.20
True,0.1748907775045254,True,True,True,0.10-0.20
False,0.1906109912569477,True,True,True,0.10-0.20
True,0.18029984534959628,True,True,True,0.10-0.20
True,0.04368408146528166,True,True,True,0.02-0.05
False,0.16396208154006198,True,True,True,0.10-0.20
True,0.15142629933453253,True,True,True,0.10-0.20
True,0.1196028414374926,True,False,False,0.10-0.20
False,0.1816291441880281,False,True,True,0.10-0.20
False,0.15069572401608977,True,True,True,0.10-0.20
True,0.13296850531668428,True,False,True,0.10-0.20
True,0.10568637210230793,True,False,True,0.10-0.20
False,0.1109919046646377,True,True,True,0.10-0.20
False,0.09990558707427108,True,True,True,0.05-0.10
False,0.13896808478847333,True,True,True,0.10-0.20
True,0.18135284177896951,True,True,True,0.10-0.20
False,0.04657458358654844,False,True,True,0.02-0.05
False,0.20164055936142306,False,True,True,
False,0.21160988805458625,True,True,True,
True,0.18876133359980563,True,True,True,0.10-0.20
False,0.21325647039305998,True,True,True,
True,0.059611979067727444,True,True,True,0.05-0.10
False,0.0,True,True,False,0-0.005
True,0.010544111849457359,True,False,True,0.01-0.02
False,0.14885165976346423,True,True,True,0.10-0.20
False,0.023126076667663066,False,True,True,0.02-0.05
False,0.00814710638769816,True,True,True,0.005-0.01
True,0.09420159295437325,True,True,True,0.05-0.10
False,0.06507136732405332,True,True,True,0.05-0.10
False,0.0,True,True,True,0-0.005
True,0.004907992580299941,True,False,True,0-0.005
False,0.06102302261223253,True,True,True,0.05-0.10
True,0.22016949123087023,True,True,True,
True,0.10126450084806772,True,True,True,0.10-0.20
False,0.0,True,True,True,0-0.005
False,0.049861983042468846,True,True,True,0.02-0.05
True,0.20473117606251087,True,True,True,
True,0.07480020714190247,True,True,True,0.05-0.10
False,0.011275668422833915,True,True,True,0.01-0.02
True,0.19880070687817522,True,True,True,0.10-0.20
True,0.17964382069940338,True,False,True,0.10-0.20
True,0.04513101597279565,True,False,True,0.02-0.05
False,0.06390001436416613,True,True,True,0.05-0.10
False,0.1587628463686322,True,True,True,0.10-0.20
True,0.03037794565962065,True,True,True,0.02-0.05
True,0.017424365241407218,True,True,True,0.01-0.02
False,0.16742230274442196,True,True,True,0.10-0.20
False,0.004652720193383417,True,True,True,0-0.005
False,0.11104539892749224,True,True,True,0.10-0.20
False,0.0,True,True,False,0-0.005
False,0.07614786936256276,True,True,True,0.05-0.10
True,0.03485302575876062,True,True,True,0.02-0.05
False,0.0,True,True,True,0-0.005
False,0.21491062792951865,True,True,True,
True,0.11457858645894817,True,True,True,0.10-0.20
True,0.0240830381234643,True,True,True,0.02-0.05
False,0.17101218476650584,True,True,True,0.10-0.20
True,0.004077522943573072,True,False,False,0-0.005
False,0.029123874859748728,False,True,True,0.02-0.05
False,0.0,True,True,False,0-0.005
False,0.09017104772041577,True,True,True,0.05-0.10
True,0.12066056578245353,True,True,True,0.10-0.20
True,0.009539760945692179,True,True,True,0.005-0.01
True,0.09133372418295357,True,False,False,0.05-0.10
True,0.0796124636091216,True,True,True,0.05-0.10
True,0.11379285156903253,True,True,True,0.10-0.20
False,0.10260526165153377,True,True,True,0.10-0.20
False,0.10892876725295228,True,True,True,0.10-0.20
False,0.018014192415340895,False,True,True,0.01-0.02
False,0.009275637620202195,True,True,True,0.005-0.01
False,0.13520261457545465,False,True,True,0.10-0.20
False,0.17719898992048178,True,True,True,0.10-0.20
False,0.17717657487283275,True,True,True,0.10-0.20
False,0.11973745868721415,True,True,True,0.10-0.20
False,0.033090779775305564,True,True,True,0.02-0.05
False,0.11724099498175444,True,True,True,0.10-0.20
False,0.07859390645035448,True,True,True,0.05-0.10
False,0.07379889776659507,False,True,True,0.05-0.10
False,0.08246152600785431,True,True,True,0.05-0.10
False,0.09212872571492019,True,True,True,0.05-0.10
True,0.083668126867127,True,True,True,0.05-0.10
False,0.1431769556009236,True,True,True,0.10-0.20
True,0.07111268567760748,True,True,True,0.05-0.10
True,0.12359453461859687,True,False,True,0.10-0.20
False,0.024897932655630083,True,True,True,0.02-0.05
True,0.13724802163085012,True,True,True,0.10-0.20
True,0.11228871579748093,True,False,True,0.10-0.20
True,0.14760998944302425,True,True,True,0.10-0.20
False,0.15715560868420078,True,True,True,0.10-0.20
True,0.15973496192681613,True,True,True,0.10-0.20
False,0.1439109953810754,True,True,True,0.10-0.20
True,0.11972541223608316,True,True,True,0.10-0.20
False,0.07147270886010519,False,True,True,0.05-0.10
False,0.025132187919476846,True,True,True,0.02-0.05
False,0.0732571950402851,True,True,True,0.05-0.10
True,0.10860517455217791,True,True,True,0.10-0.20
True,0.020443200138918823,True,True,True,0.02-0.05
True,0.09975774632080489,True,True,True,0.05-0.10
False,0.20596516517611105,True,True,True,
False,0.016456982704289535,False,True,True,0.01-0.02
False,0.06624207774892105,True,True,True,0.05-0.10
False,0.0,True,True,False,0-0.005
True,0.023837076989289867,True,False,True,0.02-0.05
False,0.0,True,True,True,0-0.005
False,0.06495916453341416,True,True,True,0.05-0.10
True,0.09457657181699564,True,False,False,0.05-0.10
True,0.20264465346625105,True,True,True,
True,0.0,True,False,True,0-0.005
True,0.01557594944353647,True,True,True,0.01-0.02
True,0.10118721063411652,True,False,True,0.10-0.20
False,0.0,True,True,False,0-0.005
True,0.19153873119320186,True,True,True,0.10-0.20
True,0.07558595531328487,True,True,True,0.05-0.10
False,0.10182186573737376,False,True,True,0.10-0.20
False,0.0,True,True,False,0-0.005
True,0.0,True,True,True,0-0.005
True,0.19077520511638443,True,True,True,0.10-0.20
False,0.11520827497688407,True,True,True,0.10-0.20
True,0.01077974411051895,True,True,True,0.01-0.02
False,0.14603950552845238,True,True,True,0.10-0.20
False,0.09613470233261348,True,True,True,0.05-0.10
True,0.04219505814369605,True,True,True,0.02-0.05
False,0.1860132607261408,True,True,True,0.10-0.20
False,0.12025130308679545,True,True,True,0.10-0.20
True,0.13597725961848312,True,True,True,0.10-0.20
False,0.01572290547531003,True,True,True,0.01-0.02
True,0.0,True,True,True,0-0.005
False,0.11718336475919196,True,True,True,0.10-0.20
True,0.010912534489175488,True,True,True,0.01-0.02
False,0.006063941934608963,True,True,True,0.005-0.01
True,0.07789431449478205,True,False,False,0.05-0.10
True,0.04617191756171476,True,True,True,0.02-0.05
True,0.0,True,True,True,0-0.005
True,0.12418445608516245,True,False,False,0.10-0.20
True,0.0,True,True,True,0-0.005
False,0.1547864309258104,True,True,True,0.10-0.20
False,0.16399405818708615,True,True,True,0.10-0.20
False,0.05380384348783509,True,True,True,0.05-0.10
False,0.06734544261524604,True,True,True,0.05-0.10
True,0.010970283926353356,True,True,True,0.01-0.02
True,0.162578616540531,True,True,True,0.10-0.20
True,0.1760337948395287,True,True,True,0.10-0.20
True,0.17491443749517868,True,False,False,0.10-0.20
True,0.029198689379129145,True,True,True,0.02-0.05
False,0.0884239886164814,True,True,True,0.05-0.10
False,0.1389626129482049,True,True,True,0.10-0.20
False,0.20548198975022813,True,True,True,
False,0.057948291253709,True,True,True,0.05-0.10
False,0.20726474367218148,True,True,True,
False,0.06645560288152416,True,True,True,0.05-0.10
True,0.18614634448528827,True,True,True,0.10-0.20
False,0.13505210073101806,True,True,True,0.10-0.20
False,0.1049466223228322,False,True,True,0.10-0.20
False,0.1823940578210847,True,True,True,0.10-0.20
False,0.06944540121547402,True,True,True,0.05-0.10
True,0.03352557511970318,True,False,True,0.02-0.05
False,0.1361140684057324,True,True,True,0.10-0.20
False,0.062526427011442,True,True,True,0.05-0.10
False,0.1710752834401924,True,True,True,0.10-0.20
True,0.12194593831291284,True,True,True,0.10-0.20
True,0.15247879799849828,True,True,True,0.10-0.20
False,0.04712820683448616,True,True,True,0.02-0.05
False,0.09137870764819178,True,True,True,0.05-0.10
True,0.05923570862178827,True,True,True,0.05-0.10
True,0.22293120997904342,True,True,True,
True,0.013227065532656486,True,True,True,0.01-0.02
False,0.18239276996449116,True,True,True,0.10-0.20
True,0.1299580869329478,True,False,False,0.10-0.20
False,0.015649425375400806,True,True,True,0.01-0.02
True,0.1684141640511131,True,True,True,0.10-0.20
True,0.14242509523314897,True,True,True,0.10-0.20
False,0.0,True,True,True,0-0.005
False,0.059238284518801254,True,True,True,0.05-0.10
False,0.0,True,True,True,0-0.005
True,0.10416887827883012,True,False,False,0.10-0.20
True,0.1924927791268746,True,True,True,0.10-0.20
True,0.08819269617825076,True,True,True,0.05-0.10
True,0.09224507437020167,True,True,True,0.05-0.10
True,0.1930811359688982,True,True,True,0.10-0.20
True,0.0,True,True,True,0-0.005
False,0.11812717973221701,True,True,True,0.10-0.20
True,0.05044653161925961,True,True,True,0.05-0.10
True,0.07444520521680062,True,True,True,0.05-0.10
False,0.12137767880135514,True,True,True,0.10-0.20
False,0.0,False,True,False,0-0.005
False,0.09685350521770988,True,True,True,0.05-0.10
True,0.07800478793054304,True,True,True,0.05-0.10
True,0.06544932827571442,True,True,True,0.05-0.10
False,0.0688520426444566,True,True,True,0.05-0.10
False,0.08450225169861979,True,True,True,0.05-0.10
False,0.024246616987432485,True,True,True,0.02-0.05
True,0.12466768827579063,True,True,True,0.10-0.20
True,0.08845895516675081,True,True,True,0.05-0.10
False,0.17275808942503318,True,True,True,0.10-0.20
True,0.17930656102194958,True,False,True,0.10-0.20
True,0.005297860863266672,True,True,True,0.005-0.01
False,0.15688697371003607,True,True,True,0.10-0.20
False,0.0002548185396602644,True,True,True,0-0.005
False,0.1750487278642004,True,True,True,0.10-0.20
False,0.019121322357045795,False,True,True,0.01-0.02
False,0.0,True,True,False,0-0.005
False,0.023512733551150872,True,True,True,0.02-0.05
True,0.2049851921969635,True,True,True,
True,0.04087565113527301,True,True,True,0.02-0.05
False,0.16124875531890623,False,True,True,0.10-0.20
True,0.17899939724571434,True,True,True,0.10-0.20
True,0.057217660729495315,True,True,True,0.05-0.10
True,0.0847254790335532,True,True,True,0.05-0.10
True,0.20440797410136108,True,True,True,
True,0.018363674254610437,True,False,True,0.01-0.02
True,0.14270396300542157,True,False,True,0.10-0.20
False,0.0,True,True,True,0-0.005
False,0.007398194646818724,False,True,True,0.005-0.01
True,0.10339405385485267,True,False,True,0.10-0.20
True,0.05845223237034588,True,True,True,0.05-0.10
True,0.19907583219161565,True,True,True,0.10-0.20
True,0.17886389055143506,True,True,True,0.10-0.20
False,0.07845336419615856,True,True,True,0.05-0.10
False,0.003517346097248154,True,True,True,0-0.005
False,0.026299006878008496,True,True,True,0.02-0.05
False,0.10242294919204524,True,True,True,0.10-0.20
True,0.20692612082633613,True,True,True,
True,0.20206309723554453,True,True,True,
False,0.06852773533953502,True,True,True,0.05-0.10
True,0.14511038070271193,True,True,True,0.10-0.20
False,0.03642573264704296,True,True,True,0.02-0.05
False,0.13796289768450803,True,True,True,0.10-0.20
True,0.0,True,True,True,0-0.005
False,0.03576677482706256,False,True,True,0.02-0.05
True,0.018991090598627348,True,True,True,0.01-0.02
True,0.07461583919291476,True,True,True,0.05-0.10
True,0.12888643844721948,True,True,True,0.10-0.20
True,0.10693920674189299,True,True,True,0.10-0.20
False,0.02932451651400557,False,True,True,0.02-0.05
True,0.11629393411765888,True,False,False,0.10-0.20
True,0.054044686719559275,True,True,True,0.05-0.10
True,0.19238449512739927,True,True,True,0.10-0.20
True,0.10660956671076353,True,True,True,0.10-0.20
False,0.03104496812353588,True,True,True,0.02-0.05
False,0.13389308488564797,True,True,True,0.10-0.20
True,0.17697619893784805,True,True,True,0.10-0.20
False,0.08577242585165652,True,True,True,0.05-0.10
True,0.08052062816797237,True,True,True,0.05-0.10
True,0.11487219258641336,True,True,True,0.10-0.20
False,0.16819722988335706,True,True,True,0.10-0.20
False,0.0,True,True,False,0-0.005
False,0.1599420878211892,False,True,True,0.10-0.20
True,0.13301534199845894,True,True,True,0.10-0.20
False,0.016933216848559272,True,True,True,0.01-0.02
False,0.12803219290994652,True,True,True,0.10-0.20
False,0.0,True,True,True,0-0.005
True,0.004743328065328905,True,True,True,0-0.005
False,0.10172067131729769,False,True,True,0.10-0.20
True,0.21723690509173943,True,True,True,
True,0.021717985667247117,True,False,True,0.02-0.05
False,0.10164155376965614,True,True,True,0.10-0.20
False,0.1378980512427797,True,True,True,0.10-0.20
False,0.10107592360522091,True,True,True,0.10-0.20
True,0.07803598346817127,True,True,True,0.05-0.10
True,0.12798004495772214,True,False,True,0.10-0.20
False,0.10974678061401598,True,True,True,0.10-0.20
False,0.04005974869073469,True,True,True,0.02-0.05
True,0.19178058268410328,True,True,True,0.10-0.20
True,0.06916355517627777,True,False,True,0.05-0.10
True,0.01491501610547876,True,True,True,0.01-0.02
True,0.08547987818203363,True,True,True,0.05-0.10
True,0.18239486030185426,True,True,True,0.10-0.20
False,0.05776382883768032,True,True,True,0.05-0.10
False,0.06834649760686753,True,True,True,0.05-0.10
True,0.016456096643973104,True,True,True,0.01-0.02
True,0.0,True,True,True,0-0.005
False,0.031716684810110286,True,True,True,0.02-0.05
True,0.186402448481672,True,False,True,0.10-0.20
False,0.0047841295077090205,True,True,True,0-0.005
True,0.07341907196212226,True,True,True,0.05-0.10
False,0.005501496341679533,True,True,True,0.005-0.01
False,0.10797699816164812,True,True,True,0.10-0.20
False,0.1559346092993053,False,True,True,0.10-0.20
True,0.1471874164585159,True,True,True,0.10-0.20
True,0.13818286258308518,True,True,True,0.10-0.20
True,0.15170777293187793,True,True,True,0.10-0.20
False,0.10130305091340527,True,True,True,0.10-0.20
True,0.09278496241387833,True,True,True,0.05-0.10
False,0.15298076284411796,True,True,True,0.10-0.20
True,0.19240363581473865,True,True,True,0.10-0.20
False,0.04183514344863035,False,True,True,0.02-0.05
True,0.10152331399010286,True,True,True,0.10-0.20
True,0.05377581974232479,True,False,True,0.05-0.10
True,0.1301075504249517,True,True,True,0.10-0.20
True,0.0007960481732433537,True,True,True,0-0.005
True,0.10074234567568432,True,False,True,0.10-0.20
True,0.06988147239302675,True,False,True,0.05-0.10
False,0.0,False,True,False,0-0.005
True,0.11616476477581637,True,True,True,0.10-0.20
False,0.0649569083136623,True,True,True,0.05-0.10
True,0.19534661477739018,True,True,True,0.10-0.20
False,0.18505308773831622,True,True,True,0.10-0.20
True,0.1367210571923335,True,False,False,0.10-0.20
False,0.07836214850316371,True,True,True,0.05-0.10
False,0.1905784910843492,True,True,True,0.10-0.20
True,0.10855164583650331,True,True,True,0.10-0.20
False,0.06576067363060648,True,True,True,0.05-0.10
False,0.08610648560553748,False,True,True,0.05-0.10
True,0.03945618627555066,True,True,True,0.02-0.05
True,0.02739946100076005,True,True,True,0.02-0.05
True,0.11892096514094783,True,True,True,0.10-0.20
False,0.06862753316613983,True,True,True,0.05-0.10
False,0.09929957263457885,True,True,True,0.05-0.10
True,0.06256803327682202,True,True,True,0.05-0.10
True,0.09219128429661888,True,True,True,0.05-0.10
False,0.1725745684294741,True,True,True,0.10-0.20
False,0.14571697841685247,True,True,True,0.10-0.20
False,0.14413960822811983,True,True,True,0.10-0.20
False,0.04350624732233627,True,True,True,0.02-0.05
False,0.11764428611468856,False,True,True,0.10-0.20
True,0.16800564427093653,True,True,True,0.10-0.20
False,0.1981262160644103,True,True,True,0.10-0.20
True,0.03720302851343696,True,True,True,0.02-0.05
True,0.025173092391032152,True,True,True,0.02-0.05
False,0.13439118270281775,True,True,True,0.10-0.20
True,0.051060535221220935,True,True,True,0.05-0.10
True,0.04703084130381827,True,False,False,0.02-0.05
False,0.19526826258669325,True,True,True,0.10-0.20
False,0.1013104002715554,True,True,True,0.10-0.20
True,0.0028708764178928896,True,False,True,0-0.005
True,0.09547571218309685,True,True,True,0.05-0.10
True,0.1326798104035755,True,True,True,0.10-0.20
True,0.0310509761794538,True,True,True,0.02-0.05
True,0.09335948364920772,True,True,True,0.05-0.10
False,0.07327172601140561,True,True,True,0.05-0.10
False,0.1449130299748795,True,True,True,0.10-0.20
False,0.14008389406622188,True,True,True,0.10-0.20
True,0.05071133044221576,True,True,True,0.05-0.10
True,0.14137793835565696,True,True,True,0.10-0.20
True,0.1487281964095963,True,True,True,0.10-0.20
True,0.019569309164398606,True,True,True,0.01-0.02
True,0.1067482337465968,True,True,True,0.10-0.20
False,0.07526992897354326,True,True,True,0.05-0.10
True,0.12172705268793743,True,True,True,0.10-0.20
False,0.04381886145150724,True,True,True,0.02-0.05
True,0.1475239824101033,True,True,True,0.10-0.20
False,0.17568036066340068,True,True,True,0.10-0.20
False,0.018042647925334776,True,True,True,0.01-0.02
False,0.10265502801783938,True,True,True,0.10-0.20
True,0.09300878318023693,True,True,True,0.05-0.10
False,0.17438206435616238,True,True,True,0.10-0.20
True,0.08432687401691419,True,True,True,0.05-0.10
True,0.048623739597597665,True,False,True,0.02-0.05
True,0.10695444945440248,True,True,True,0.10-0.20
True,0.18882225754610651,True,True,True,0.10-0.20
True,0.13987719183243574,True,True,True,0.10-0.20
False,0.076677102461288,True,True,True,0.05-0.10
False,0.16128556879936254,True,True,True,0.10-0.20
False,0.04869213222923122,True,True,True,0.02-0.05
False,0.0841776340107021,True,True,True,0.05-0.10
True,0.04421453690522243,True,True,True,0.02-0.05
True,0.1908964147043619,True,True,True,0.10-0.20
True,0.0,True,True,True,0-0.005
False,0.1887912594572569,True,True,True,0.10-0.20
True,0.02780995138669352,True,True,True,0.02-0.05
False,0.13302506551919954,True,True,True,0.10-0.20
False,0.1809540751783164,True,True,True,0.10-0.20
True,0.11775550143860881,True,True,True,0.10-0.20
False,0.06315632674629892,True,True,True,0.05-0.10
False,0.10705361624781037,True,True,True,0.10-0.20
True,0.1296579032269128,True,True,True,0.10-0.20
True,0.019664064262278836,True,True,True,0.01-0.02
True,0.09885728462157832,True,False,False,0.05-0.10
False,0.20814355473171908,False,True,True,
True,0.16192839932589687,True,True,True,0.10-0.20
True,0.10414114002144859,True,False,True,0.10-0.20
False,0.0,True,True,False,0-0.005
False,0.06562939070432218,False,True,True,0.05-0.10
True,0.0541181875897467,True,True,True,0.05-0.10
True,0.1436971711428651,True,True,True,0.10-0.20
True,0.11124216545844175,True,True,True,0.10-0.20
False,0.05162718852250594,True,True,True,0.05-0.10
False,0.10454610001919347,True,True,True,0.10-0.20
False,0.13578037034361218,True,True,True,0.10-0.20
True,0.0,True,True,True,0-0.005
True,0.20536277686723,True,False,False,
True,0.03447721204257794,True,True,True,0.02-0.05
False,0.0,True,True,False,0-0.005
False,0.08892052301170744,True,True,True,0.05-0.10
False,0.0874245267262276,True,True,True,0.05-0.10
False,0.059653698145528206,True,True,True,0.05-0.10
False,0.1076318277420456,True,True,True,0.10-0.20
False,0.10221429205671813,True,True,True,0.10-0.20
False,0.14053732079552625,True,True,True,0.10-0.20
False,0.13461293723115222,True,True,True,0.10-0.20
False,0.06552698723507104,True,True,True,0.05-0.10
True,0.0,True,False,False,0-0.005
True,0.06523694421843387,True,True,True,0.05-0.10
False,0.06420094302757318,True,True,True,0.05-0.10
False,0.0,True,True,True,0-0.005
True,0.08497943471670813,True,True,False,0.05-0.10
False,0.17216886803136375,True,True,True,0.10-0.20
False,0.20066209714658406,True,True,True,
True,0.06092056366829387,True,True,True,0.05-0.10
True,0.015340678448258614,True,True,True,0.01-0.02
True,0.023722416320181593,True,True,True,0.02-0.05
True,0.0886532592596802,True,True,True,0.05-0.10
False,0.09092010978797146,True,True,True,0.05-0.10
False,0.18042051205616252,True,True,True,0.10-0.20
True,0.035895126515843895,True,True,True,0.02-0.05
False,0.0,True,True,True,0-0.005
True,0.014762469294373677,True,True,True,0.01-0.02
True,0.0,True,True,True,0-0.005
False,0.044468544442511866,True,True,True,0.02-0.05
False,0.04296361729381659,True,True,True,0.02-0.05
True,0.15642219192886092,True,True,True,0.10-0.20
True,0.1239758200330029,True,True,True,0.10-0.20
False,0.07225903897389048,True,True,True,0.05-0.10
False,0.07691786408816184,True,True,True,0.05-0.10
True,0.022226364631947604,True,True,True,0.02-0.05
True,0.06478444259074467,True,False,False,0.05-0.10
True,0.06738310405347721,True,True,True,0.05-0.10
False,0.09434101563589725,True,True,True,0.05-0.10
True,0.03483050065756662,True,True,True,0.02-0.05
True,0.1578002785370343,True,True,True,0.10-0.20
True,0.0,True,False,True,0-0.005
False,0.20650859649093234,False,True,True,
False,0.06959002736150646,True,True,True,0.05-0.10
True,0.08159408195110666,True,False,True,0.05-0.10
False,0.08898633861461426,False,True,True,0.05-0.10
False,0.16577465547000578,False,True,True,0.10-0.20
False,0.13441421134159795,True,True,True,0.10-0.20
True,0.016329954557384684,True,True,True,0.01-0.02
True,0.0,True,True,True,0-0.005
True,0.018540890747580398,True,True,True,0.01-0.02
True,0.1407861288126866,True,True,True,0.10-0.20
False,0.025404433574419398,True,True,True,0.02-0.05
True,0.03625503559867919,True,True,True,0.02-0.05
True,0.0,True,True,True,0-0.005
True,0.05408453812073877,True,True,True,0.05-0.10
True,0.007137084849705764,True,True,True,0.005-0.01
True,0.17055072539334243,True,True,True,0.10-0.20
False,0.193121576334536,True,True,True,0.10-0.20
True,0.12417586167594258,True,True,True,0.10-0.20
False,0.18860592332013856,True,True,True,0.10-0.20
True,0.12093876217508494,True,True,True,0.10-0.20
True,0.0,True,False,True,0-0.005
False,0.046847854138893974,True,True,True,0.02-0.05
False,0.11671902428153604,True,True,True,0.10-0.20
True,0.021833032247904633,True,False,True,0.02-0.05
True,0.048204522577997976,True,True,True,0.02-0.05
True,0.0,True,True,True,0-0.005
False,0.11514777371013941,True,True,True,0.10-0.20
True,0.04313480248895026,True,False,True,0.02-0.05
False,0.05070184626351411,True,True,True,0.05-0.10
False,0.06465900954805158,False,True,True,0.05-0.10
True,0.2082913032849594,True,True,True,
True,0.0,True,True,True,0-0.005
False,0.1523273227013397,True,True,True,0.10-0.20
True,0.19000764593445826,True,False,False,0.10-0.20
False,0.06811789215129538,True,True,True,0.05-0.10
False,0.0636036480052931,True,True,True,0.05-0.10
False,0.1003358303202577,True,True,True,0.10-0.20
False,0.05750703188182259,True,True,True,0.05-0.10
False,0.0,True,True,True,0-0.005
True,0.14678504872967738,True,True,True,0.10-0.20
False,0.052041738773040414,True,True,True,0.05-0.10
False,0.07807740484852763,True,True,True,0.05-0.10
True,0.11624933717109234,True,False,False,0.10-0.20
False,0.0014638763251808712,False,True,True,0-0.005
True,0.11425684312513755,True,True,True,0.10-0.20
False,0.0933268941597927,False,True,True,0.05-0.10
False,0.026305953649207056,False,True,True,0.02-0.05
False,0.11790519453073325,True,True,True,0.10-0.20
True,0.10311414514615816,True,True,True,0.10-0.20
True,0.07305767788125701,True,True,True,0.05-0.10
False,0.1403067679557165,True,True,True,0.10-0.20
True,0.1377085414749055,True,True,True,0.10-0.20
False,0.059197370612860206,True,True,True,0.05-0.10
True,0.12307771143308016,True,True,True,0.10-0.20
False,0.024881756961926068,False,True,True,0.02-0.05
True,0.1627143927053,True,True,True,0.10-0.20
True,0.20485564872508022,True,False,True,
True,0.02956849412535288,True,True,True,0.02-0.05
True,0.0,True,True,True,0-0.005
False,0.10874663794152664,True,True,True,0.10-0.20
True,0.15729997065388973,True,True,True,0.10-0.20
False,0.22103695030001902,True,True,True,
True,0.15587731631085408,True,True,True,0.10-0.20
True,0.0,True,True,True,0-0.005
True,0.14121967447053796,True,True,True,0.10-0.20
True,0.13490074039416408,True,True,True,0.10-0.20
True,0.12469181891767654,True,True,True,0.10-0.20
True,0.08441577895091436,True,True,True,0.05-0.10
False,0.030486908017368145,True,True,True,0.02-0.05
True,0.0033763323354243915,True,False,True,0-0.005
False,0.08997845086424973,True,True,True,0.05-0.10
False,0.028254549586982387,True,True,True,0.02-0.05
True,0.15056096134658617,True,True,True,0.10-0.20
True,0.058904842772556476,True,True,True,0.05-0.10
True,0.1482971133594356,True,True,True,0.10-0.20
True,0.10390404106920059,True,True,True,0.10-0.20
True,0.12220192298148656,True,True,True,0.10-0.20
True,0.04953324109320028,True,True,True,0.02-0.05
False,0.019507326171042574,True,True,True,0.01-0.02
False,0.05933054989527422,True,True,True,0.05-0.10
False,0.03224256722152038,True,True,True,0.02-0.05
False,0.04323918792495179,True,True,True,0.02-0.05
False,0.08129615482499167,False,True,True,0.05-0.10
False,0.08904329265868796,False,True,True,0.05-0.10
True,0.0991059778464116,True,True,True,0.05-0.10
True,0.02382468426150151,True,False,False,0.02-0.05
True,0.10963219339189452,True,False,False,0.10-0.20
True,0.17801690704068882,True,True,True,0.10-0.20
False,0.008725806434798694,False,True,True,0.005-0.01
True,0.11598177949026235,True,True,True,0.10-0.20
True,0.15955883698717194,True,True,True,0.10-0.20
False,0.07867729929994853,False,True,True,0.05-0.10
True,0.012217545731676837,True,True,True,0.01-0.02
False,0.21192375948117828,True,True,True,
True,0.14229499098132195,True,True,True,0.10-0.20
True,0.0,True,True,True,0-0.005
True,0.0,True,True,True,0-0.005
False,0.11968131700104134,True,True,True,0.10-0.20
True,0.030020041333903007,True,True,True,0.02-0.05
True,0.09759215433853732,True,True,True,0.05-0.10
False,0.18599388277598283,True,True,True,0.10-0.20
True,0.11026295565377757,True,True,True,0.10-0.20
False,0.2007153028631152,False,True,True,
False,0.103451158666508,True,True,True,0.10-0.20
False,0.059669487187407805,True,True,True,0.05-0.10
False,0.19621492781318958,True,True,True,0.10-0.20
True,0.1638278461382765,True,True,True,0.10-0.20
True,0.07609847807888191,True,True,True,0.05-0.10
False,0.005071823118928148,True,True,True,0.005-0.01
True,0.09483698731711117,True,True,True,0.05-0.10
False,0.1181554356829998,True,True,True,0.10-0.20
True,0.051859342485456345,True,False,False,0.05-0.10
True,0.17466374657761766,True,False,True,0.10-0.20
True,0.0,True,True,True,0-0.005
False,0.12005730443462163,True,True,True,0.10-0.20
False,0.06139716216338137,True,True,True,0.05-0.10
False,0.0007283782155039709,True,True,True,0-0.005
False,0.05658205554331595,True,True,True,0.05-0.10
True,0.10350296184629935,True,False,False,0.10-0.20
True,0.03989469846539817,True,True,True,0.02-0.05
True,0.17846109209239935,True,False,True,0.10-0.20
True,0.1039657111269029,True,False,False,0.10-0.20
False,0.1677884562835621,True,True,True,0.10-0.20
True,0.07537553462784016,True,True,True,0.05-0.10
True,0.029356076299424768,True,False,False,0.02-0.05
True,0.1348802803971725,True,True,True,0.10-0.20
False,0.08026310103753694,False,True,True,0.05-0.10
False,0.08579957773086391,True,True,True,0.05-0.10
True,0.1609620543268343,True,False,False,0.10-0.20
False,0.1340924805746167,True,True,True,0.10-0.20
False,0.13951856868840373,True,True,True,0.10-0.20
False,0.1396103283981628,True,True,True,0.10-0.20
True,0.1465077133516163,True,True,True,0.10-0.20
True,0.14717349055022785,True,True,True,0.10-0.20
False,0.04890967795213768,True,True,True,0.02-0.05
True,0.0,True,True,True,0-0.005
False,0.13778092064259226,True,True,True,0.10-0.20
False,0.08362984777478319,False,True,True,0.05-0.10
False,0.07575828289210504,False,True,True,0.05-0.10
False,0.03886850063250693,False,True,True,0.02-0.05
True,0.09923726311082401,True,True,True,0.05-0.10
False,0.06482524381158687,True,True,True,0.05-0.10
False,0.07517606325761621,True,True,True,0.05-0.10
True,0.1748241665777836,True,True,True,0.10-0.20
False,0.17514703298974935,True,True,True,0.10-0.20
False,0.137112086694949,True,True,True,0.10-0.20
False,0.04869179894171307,True,True,True,0.02-0.05
False,0.08732188353362308,False,True,True,0.05-0.10
True,0.052524796887722484,True,True,True,0.05-0.10
False,0.1466264813760358,True,True,True,0.10-0.20
True,0.13980972737494443,True,True,True,0.10-0.20
True,0.169621510364183,True,True,True,0.10-0.20
False,0.04366497037105338,True,True,True,0.02-0.05
False,0.11980718814332084,True,True,True,0.10-0.20
True,0.20206209669700495,True,True,True,
False,0.10876637116591677,True,True,True,0.10-0.20
False,0.037678582060157076,True,True,True,0.02-0.05
False,0.01219221123233961,True,True,True,0.01-0.02
True,0.0,True,True,True,0-0.005
True,0.0,True,True,True,0-0.005
True,0.21110189706731222,True,True,True,
False,0.024382873067510948,True,True,True,0.02-0.05
True,0.18515000365417492,True,True,True,0.10-0.20
False,0.19665173260253505,True,True,True,0.10-0.20
True,0.07061038450335344,True,True,True,0.05-0.10
False,0.11984097025795833,True,True,True,0.10-0.20
True,0.05527942064247562,True,True,True,0.05-0.10
True,0.13178279227180523,True,True,True,0.10-0.20
True,0.18271508754338694,True,True,True,0.10-0.20
True,0.0,True,False,True,0-0.005
False,0.14492963045342555,True,True,True,0.10-0.20
True,0.16978117275932197,True,True,True,0.10-0.20
True,0.07144069806745795,True,True,True,0.05-0.10
False,0.0,True,True,False,0-0.005
False,0.12008435191126626,True,True,True,0.10-0.20
True,0.023080411614759502,True,True,True,0.02-0.05
True,0.06032907993225395,True,True,False,0.05-0.10
False,0.16120889390333124,False,True,True,0.10-0.20
True,0.02581389523364238,True,True,True,0.02-0.05
True,0.07397998546704476,True,True,True,0.05-0.10
True,0.20613699807064906,True,False,True,
False,0.1255099422006121,True,True,True,0.10-0.20
False,0.16804741673240237,True,True,True,0.10-0.20
True,0.07163619941704014,True,False,True,0.05-0.10
False,0.06178042073709336,True,True,True,0.05-0.10
False,0.108595583090422,True,True,True,0.10-0.20
True,0.04186768333868349,True,True,True,0.02-0.05
False,0.1618868709311496,True,True,True,0.10-0.20
True,0.09881763955720609,True,False,True,0.05-0.10
True,0.0,True,True,True,0-0.005
False,0.1786745094841666,True,True,True,0.10-0.20
False,0.08077345815075201,True,True,True,0.05-0.10
True,0.11162770174021161,True,True,True,0.10-0.20
False,0.04812557432884867,True,True,True,0.02-0.05
False,0.0008358440563560607,True,True,True,0-0.005
False,0.15900012218694462,True,True,True,0.10-0.20
False,0.016544700789116934,True,True,True,0.01-0.02
True,0.08896410190253251,True,False,False,0.05-0.10
True,0.0962504253115819,True,False,False,0.05-0.10
True,0.04647207371680737,True,True,True,0.02-0.05
False,0.055110421395571325,False,True,True,0.05-0.10
True,0.02770705839297519,True,True,True,0.02-0.05
False,0.17254583959286204,True,True,True,0.10-0.20
True,0.11548109683918817,True,True,True,0.10-0.20
True,0.11948374948302365,True,True,True,0.10-0.20
True,0.1507160591458003,True,True,True,0.10-0.20
False,0.04175403379078671,True,True,True,0.02-0.05
True,0.03722401347054188,True,True,True,0.02-0.05
False,0.04771435614596034,False,True,True,0.02-0.05
False,0.024117044275024105,False,True,True,0.02-0.05
False,0.14286669123910137,True,True,True,0.10-0.20
True,0.01312839155369331,True,False,True,0.01-0.02
False,0.03284454377872382,True,True,True,0.02-0.05
False,0.10089538040688838,False,True,True,0.10-0.20
False,0.09832552017381252,False,True,True,0.05-0.10
False,0.19463285913188227,False,True,True,0.10-0.20
False,0.05924836467624833,True,True,True,0.05-0.10
True,0.0,True,False,True,0-0.005
False,0.10411691987966724,True,True,True,0.10-0.20
True,0.18708006183849366,True,True,True,0.10-0.20
False,0.03605193627083775,True,True,True,0.02-0.05
True,0.01856996166683326,True,True,True,0.01-0.02
False,0.11269976482284318,True,True,True,0.10-0.20
False,0.07894931191611743,True,True,True,0.05-0.10
True,0.19562130714940396,True,True,True,0.10-0.20
True,0.13228436498917753,True,True,True,0.10-0.20
True,0.08729316303588931,True,False,False,0.05-0.10
True,0.1180242540333613,True,True,True,0.10-0.20
True,0.12219385670680266,True,True,True,0.10-0.20
True,0.14275605102525482,True,True,True,0.10-0.20
True,0.16570200518837472,True,True,True,0.10-0.20
False,0.09165561257097299,False,True,True,0.05-0.10
False,0.1817690039619915,True,True,True,0.10-0.20
True,0.0737829363365258,True,True,True,0.05-0.10
False,0.010278167624228151,True,True,True,0.01-0.02
False,0.10661204024107879,True,True,True,0.10-0.20
True,0.033886191184013655,True,True,True,0.02-0.05
False,0.1476469005791894,False,True,True,0.10-0.20
True,0.06203789298281243,True,True,True,0.05-0.10
True,0.030100338362645526,True,True,True,0.02-0.05
False,0.0371927447223771,True,True,True,0.02-0.05
False,0.10229346545721606,True,True,True,0.10-0.20
True,0.21122876356994638,True,False,True,
False,0.058880421954003156,True,True,True,0.05-0.10
False,0.03288469447100416,True,True,True,0.02-0.05
True,0.1724114096115491,True,True,True,0.10-0.20
False,0.1301763494087819,False,True,True,0.10-0.20
True,0.05446424963170408,True,True,True,0.05-0.10
False,0.17605837369743746,True,True,True,0.10-0.20
True,0.1308339885746172,True,True,True,0.10-0.20
True,0.04154739313502036,True,True,True,0.02-0.05
True,0.06118581524798068,True,False,True,0.05-0.10
False,0.03844912851766069,True,True,True,0.02-0.05
True,0.1354209228490356,True,True,True,0.10-0.20
True,0.0769084471496675,True,True,True,0.05-0.10
True,0.027469927405071877,True,True,True,0.02-0.05
False,0.14294002198795253,True,True,True,0.10-0.20
True,0.13750963558096974,True,False,True,0.10-0.20
True,0.2124155529149905,True,True,True,
True,0.11144259350593742,True,True,True,0.10-0.20
False,0.11178527537463125,True,True,True,0.10-0.20
True,0.08012358708863937,True,True,True,0.05-0.10
True,0.011567783507318661,True,True,True,0.01-0.02
True,0.1269085497479105,True,True,True,0.10-0.20
True,0.09345927486981959,True,True,True,0.05-0.10
False,0.10398178804887566,True,True,True,0.10-0.20
False,0.007116372458459794,True,True,True,0.005-0.01
False,0.07864372098763851,False,True,True,0.05-0.10
True,0.14193219759121725,True,True,True,0.10-0.20
True,0.0,True,True,True,0-0.005
True,0.0015392680050883732,True,True,True,0-0.005
True,0.01959156372101307,True,True,True,0.01-0.02
True,0.16150100064166586,True,True,True,0.10-0.20
False,0.051706219462819655,False,True,True,0.05-0.10
True,0.022677159326516268,True,True,True,0.02-0.05
True,0.09532827176640057,True,False,True,0.05-0.10
True,0.1668816103466293,True,True,True,0.10-0.20
False,0.18975552136988183,True,True,True,0.10-0.20
True,0.12227182039193057,True,True,True,0.10-0.20
False,0.009477098928861446,True,True,True,0.005-0.01
True,0.05467108484308245,True,False,False,0.05-0.10
False,0.03235406858496539,False,True,True,0.02-0.05
False,0.11622791957344318,True,True,True,0.10-0.20
False,0.17098476542725102,True,True,True,0.10-0.20
False,0.1755209891449626,True,True,True,0.10-0.20
False,0.039559482591277124,False,True,True,0.02-0.05
False,0.04046840403828808,True,True,True,0.02-0.05
False,0.13181002658017216,False,True,True,0.10-0.20
False,0.07209113244551277,False,True,True,0.05-0.10
True,0.00010008821917335333,True,True,True,0-0.005
False,0.14241993523865706,True,True,True,0.10-0.20
True,0.17048525079303734,True,True,True,0.10-0.20
True,0.0244711453107496,True,True,True,0.02-0.05
False,0.16288605539745474,True,True,True,0.10-0.20
True,0.15138761663201594,True,True,True,0.10-0.20
True,0.14240554686877763,True,True,True,0.10-0.20
True,0.09354218830548466,True,True,True,0.05-0.10
False,0.16101504980018033,True,True,True,0.10-0.20
True,0.17534952176596708,True,True,True,0.10-0.20
False,0.017892629213375207,True,True,True,0.01-0.02
False,0.19392541656715115,True,True,True,0.10-0.20
False,0.13275875625552208,True,True,True,0.10-0.20
True,0.13644723783539423,True,True,True,0.10-0.20
False,0.059482974963669194,True,True,True,0.05-0.10
False,0.04990322446277692,True,True,True,0.02-0.05
True,0.0,True,True,True,0-0.005
False,0.12089983925910427,True,True,True,0.10-0.20
True,0.03139066620951595,True,True,True,0.02-0.05
True,0.06760611943326214,True,False,True,0.05-0.10
False,0.0745362685747385,True,True,True,0.05-0.10
True,0.060555918581672814,True,True,True,0.05-0.10
False,0.09888421238135202,True,True,True,0.05-0.10
True,0.1784777856390243,True,True,True,0.10-0.20
False,0.05721335839486009,True,True,True,0.05-0.10
True,0.06417065599703732,True,True,False,0.05-0.10
False,0.08403383072546891,True,True,True,0.05-0.10
True,0.07072471959058334,True,True,True,0.05-0.10
True,0.05647776375536786,True,True,True,0.05-0.10
False,0.13414792270006803,True,True,True,0.10-0.20
False,0.1604288850248218,True,True,True,0.10-0.20
True,0.10601389577443994,True,True,True,0.10-0.20
False,0.029862120518895592,True,True,True,0.02-0.05
True,0.02113590667292155,True,True,True,0.02-0.05
False,0.05390846016825967,True,True,True,0.05-0.10
True,0.12618926670577207,True,True,True,0.10-0.20
True,0.01694216407705465,True,True,True,0.01-0.02
True,0.13061155257571685,True,True,True,0.10-0.20
False,0.06954259274597836,True,True,True,0.05-0.10
True,0.0038538099886290685,True,False,False,0-0.005
True,0.009120309472109985,True,True,True,0.005-0.01
False,0.13717476693220268,True,True,True,0.10-0.20
True,0.0,True,False,True,0-0.005
True,0.1826428641872952,True,True,True,0.10-0.20
True,0.009917100561202366,True,True,True,0.005-0.01
True,0.04371222092814836,True,True,True,0.02-0.05
False,0.20511118733198094,True,True,True,
False,0.0986151717751535,True,True,True,0.05-0.10
True,0.12416178440902453,True,True,True,0.10-0.20
True,0.0,True,True,True,0-0.005
False,0.0,True,True,True,0-0.005
False,0.055004562043700383,True,True,True,0.05-0.10
True,0.13457179247974782,True,True,True,0.10-0.20
True,0.0,True,True,True,0-0.005
False,0.09616713951191899,False,True,True,0.05-0.10
False,0.0,True,True,False,0-0.005
True,0.08046378466115664,True,False,True,0.05-0.10
True,0.05998497256715465,True,True,True,0.05-0.10
False,0.0844804533116959,False,True,True,0.05-0.10
False,0.22301497659893804,True,True,True,
False,0.2201220796167485,True,True,True,
True,0.05280895003141751,True,True,True,0.05-0.10
True,0.0,True,True,True,0-0.005
True,0.04596356015745647,True,True,True,0.02-0.05
True,0.035720232388313594,True,True,True,0.02-0.05
False,0.11441526815006756,True,True,True,0.10-0.20
False,0.0,True,True,True,0-0.005
True,0.03468254807868295,True,False,True,0.02-0.05
True,0.0,True,True,True,0-0.005
True,0.0,True,False,True,0-0.005
True,0.004751273617992144,True,True,True,0-0.005
False,0.1777138583515502,True,True,True,0.10-0.20
True,0.0844131121098349,True,True,True,0.05-0.10
False,0.010226118409463202,True,True,True,0.01-0.02
False,0.12340063564089442,True,True,True,0.10-0.20
True,0.16273149089566596,True,True,True,0.10-0.20
True,0.0,True,True,True,0-0.005
False,0.13731515983216563,True,True,True,0.10-0.20
True,0.03374514270701357,True,True,True,0.02-0.05
False,0.03807938028261824,True,True,True,0.02-0.05
True,0.18732915903731365,True,True,True,0.10-0.20
True,0.1590585427545016,True,True,True,0.10-0.20
False,0.15920777092900523,False,True,True,0.10-0.20
False,0.13049996612968004,True,True,True,0.10-0.20
False,0.015445423971490369,True,True,True,0.01-0.02
False,0.09147977360210481,True,True,True,0.05-0.10
False,0.16302025629688194,True,True,True,0.10-0.20
False,0.035351847706439045,False,True,True,0.02-0.05
False,0.11636075678958521,True,True,True,0.10-0.20
False,0.026160881456812793,True,True,True,0.02-0.05
True,0.08677981111808403,True,False,True,0.05-0.10
True,0.0,True,True,True,0-0.005
False,0.02879604339497516,True,True,True,0.02-0.05
True,0.07457122790867453,True,False,True,0.05-0.10
True,0.08703046395518532,True,True,True,0.05-0.10
False,0.19203028379363069,True,True,True,0.10-0.20
True,0.16983291105959647,True,True,True,0.10-0.20
True,0.17467143172824837,True,True,True,0.10-0.20
False,0.05504767358368911,False,True,True,0.05-0.10
True,0.1531971993453777,True,False,False,0.10-0.20
False,0.002531215673708632,False,True,True,0-0.005
True,0.026988345952279197,True,True,True,0.02-0.05
True,0.13816125607287313,True,True,True,0.10-0.20
False,0.0,True,True,False,0-0.005
False,0.0748615277766803,True,True,True,0.05-0.10
True,0.01837611092734819,True,True,True,0.01-0.02
False,0.1378234568419624,True,True,True,0.10-0.20
False,0.0,True,True,True,0-0.005
True,0.17138941370742586,True,False,True,0.10-0.20
True,0.0,True,True,True,0-0.005
True,0.04858767352620616,True,False,False,0.02-0.05
False,0.0801404937903402,True,True,True,0.05-0.10
True,0.11831354278542482,True,True,True,0.10-0.20
False,0.0,True,True,False,0-0.005
False,0.15133812732505383,True,True,True,0.10-0.20
True,0.14313694051943157,True,True,True,0.10-0.20
False,0.10178542336310849,True,True,True,0.10-0.20
True,0.0,True,True,True,0-0.005
True,0.103905722367833,True,True,True,0.10-0.20
False,0.19324752048927357,True,True,True,0.10-0.20
False,0.11547091536325377,False,True,True,0.10-0.20
True,0.037194074407305,True,False,True,0.02-0.05
False,0.03731551197611868,True,True,True,0.02-0.05
False,0.07211834622309436,False,True,True,0.05-0.10
True,0.11903628101345956,True,True,True,0.10-0.20
False,0.08975256882414454,True,True,True,0.05-0.10
True,0.13976407972313662,True,True,True,0.10-0.20
True,0.1580724491358811,True,True,True,0.10-0.20
False,0.08335130300759738,True,True,True,0.05-0.10
False,0.14433007340491372,True,True,True,0.10-0.20
True,0.13522662899086954,True,False,True,0.10-0.20
False,0.1339469916673554,True,True,True,0.10-0.20
True,0.14791061375439177,True,True,True,0.10-0.20
False,0.13797920145082382,True,True,True,0.10-0.20
False,0.07860249871878733,True,True,True,0.05-0.10
True,0.01637745657879234,True,True,True,0.01-0.02
True,0.006103917917862803,True,True,True,0.005-0.01
False,0.005439291845390561,True,True,True,0.005-0.01
False,0.01769822723512922,True,True,True,0.01-0.02
True,0.0,True,True,True,0-0.005
True,0.0,True,False,False,0-0.005
False,0.05037902648443793,True,True,True,0.05-0.10
False,0.08857386222710589,True,True,True,0.05-0.10
False,0.06220499196003051,True,True,True,0.05-0.10
False,0.08193765565636238,True,True,True,0.05-0.10
True,0.06582516241792638,True,False,True,0.05-0.10
True,0.0,True,True,True,0-0.005
True,0.023305755568252345,True,True,True,0.02-0.05
True,0.17719474651179717,True,True,True,0.10-0.20
True,0.09110088784118514,True,True,True,0.05-0.10
False,0.12028419694264963,True,True,True,0.10-0.20
False,0.1898376192159649,True,True,True,0.10-0.20
False,0.022007597511652644,True,True,True,0.02-0.05
True,0.04946591795206836,True,True,True,0.02-0.05
False,0.18533385235611013,True,True,True,0.10-0.20
True,0.15938234819839608,True,True,True,0.10-0.20
True,0.14779223447369216,True,True,True,0.10-0.20
False,0.0959266468989872,True,True,True,0.05-0.10
False,0.0,False,True,False,0-0.005
True,0.14294728153954267,True,True,True,0.10-0.20
False,0.011299706361001667,True,True,True,0.01-0.02
True,0.15181895510174923,True,True,True,0.10-0.20
False,0.0610044023195016,True,True,True,0.05-0.10
False,0.11415327776585898,True,True,True,0.10-0.20
True,0.004414184581970885,True,True,True,0-0.005
False,0.05619077276141183,True,True,True,0.05-0.10
True,0.06900096734130162,True,True,True,0.05-0.10
True,0.0,True,True,True,0-0.005
False,0.1358710896129519,True,True,True,0.10-0.20
True,0.13786253161248543,True,True,True,0.10-0.20
True,0.0,True,True,True,0-0.005
True,0.041283240762955,True,False,True,0.02-0.05
True,0.016147313642810694,True,True,True,0.01-0.02
False,0.0034335651016841797,True,True,True,0-0.005
False,0.11178943319543337,True,True,True,0.10-0.20
True,0.0794305812474501,True,True,True,0.05-0.10
True,0.06960382374302906,True,True,True,0.05-0.10
True,0.018194588764697088,True,True,True,0.01-0.02
False,0.19402104620830485,False,True,True,0.10-0.20
True,0.09261784148532756,True,False,True,0.05-0.10
False,0.08813572733461263,True,True,True,0.05-0.10
False,0.017295915999592924,True,True,True,0.01-0.02
True,0.19223731524201362,True,True,True,0.10-0.20
True,0.0,True,False,True,0-0.005
True,0.09017452284423579,True,True,True,0.05-0.10
True,0.19208891063912537,True,True,True,0.10-0.20
True,0.14577198443985223,True,True,True,0.10-0.20
True,0.0,True,False,True,0-0.005
True,0.0,True,True,True,0-0.005
False,0.0,True,True,False,0-0.005
True,0.018895574987200223,True,True,True,0.01-0.02
True,0.14868713720009252,True,False,True,0.10-0.20
False,0.07351564647208858,True,True,True,0.05-0.10
True,0.0566588963885245,True,False,True,0.05-0.10
False,0.020662003119029295,True,True,True,0.02-0.05
True,0.14192064278624078,True,True,True,0.10-0.20
True,0.07657356847780958,True,True,True,0.05-0.10
False,0.16375145774276853,False,True,True,0.10-0.20
False,0.16539770627456715,False,True,True,0.10-0.20
False,0.03217874155068948,True,True,True,0.02-0.05
False,0.11809759172895666,True,True,True,0.10-0.20
True,0.09943890946547682,True,True,True,0.05-0.10
True,0.030190128310052716,True,True,True,0.02-0.05
False,0.06251763107440855,True,True,True,0.05-0.10
False,0.06878202383758694,True,True,True,0.05-0.10
False,0.010831322375672005,True,True,True,0.01-0.02
False,0.0,False,True,True,0-0.005
False,0.14814774690001403,True,True,True,0.10-0.20
True,0.0,True,True,False,0-0.005
False,0.17019037325071087,True,True,True,0.10-0.20
True,0.019281048713106035,True,True,True,0.01-0.02
False,0.14616550090488548,True,True,True,0.10-0.20
True,0.08595802158697498,True,True,True,0.05-0.10
True,0.0,True,False,True,0-0.005
True,0.049206547038018876,True,True,True,0.02-0.05
True,0.13259808791151584,True,True,True,0.10-0.20
True,0.12130713793143956,True,True,True,0.10-0.20
False,0.006804308647669332,False,True,True,0.005-0.01
False,0.1683855497416036,True,True,True,0.10-0.20
True,0.08537745924199283,True,True,True,0.05-0.10
False,0.14151083408309661,True,True,True,0.10-0.20
False,0.09449111153001415,True,True,True,0.05-0.10
False,0.1200688746827465,True,True,True,0.10-0.20
False,0.15413081756777436,True,True,True,0.10-0.20
False,0.0918611885268339,True,True,True,0.05-0.10
True,0.0710132384396916,True,False,True,0.05-0.10
True,0.034785545850333104,True,True,True,0.02-0.05
True,0.0,True,True,True,0-0.005
True,0.09940123782445383,True,True,True,0.05-0.10
True,0.06307669067155325,True,False,True,0.05-0.10
False,0.11381717571556246,True,True,True,0.10-0.20
True,0.004974160829154588,True,True,True,0-0.005
True,0.07793299779171746,True,True,True,0.05-0.10
False,0.01295613951157205,True,True,True,0.01-0.02
False,0.1276704205672242,True,True,True,0.10-0.20
False,0.20619184267181362,True,True,True,
False,0.01180469293385427,True,True,True,0.01-0.02
False,0.14782077865556198,True,True,True,0.10-0.20
True,0.06241728230696869,True,True,True,0.05-0.10
True,0.07765417050848832,True,True,True,0.05-0.10
False,0.1084272501360737,True,True,True,0.10-0.20
False,0.15096827512968225,True,True,True,0.10-0.20
True,0.010393182161450045,True,True,True,0.01-0.02
False,0.09611019606647131,True,True,True,0.05-0.10
True,0.08199492352016617,True,True,True,0.05-0.10
True,0.005693044250320593,True,True,True,0.005-0.01
False,0.19819556475358743,True,True,True,0.10-0.20
False,0.06207950812850116,True,True,True,0.05-0.10
True,0.0,True,True,True,0-0.005
False,0.0,True,True,False,0-0.005
True,0.1404872006371447,True,True,True,0.10-0.20
False,0.0772051686703204,False,True,True,0.05-0.10
True,0.11192047295171821,True,True,True,0.10-0.20
True,0.0,True,False,True,0-0.005
True,0.1015167343990757,True,False,False,0.10-0.20
False,0.058131136194805734,True,True,True,0.05-0.10
True,0.0,True,True,True,0-0.005
False,0.0,True,True,True,0-0.005
True,0.1693088603490206,True,True,True,0.10-0.20
True,0.16783297896926652,True,True,True,0.10-0.20
False,0.0,True,True,False,0-0.005
False,0.13629858175778126,True,True,True,0.10-0.20
True,0.15705418288265488,True,False,False,0.10-0.20
True,0.09017418373842544,True,True,True,0.05-0.10
True,0.04500734546948192,True,True,True,0.02-0.05
False,0.13308583397207732,True,True,True,0.10-0.20
True,0.13593174475023065,True,True,True,0.10-0.20
False,0.15883668768317416,True,True,True,0.10-0.20
True,0.028937025806846706,True,False,False,0.02-0.05
True,0.15305422748259617,True,False,True,0.10-0.20
False,0.09233135517342407,True,True,True,0.05-0.10
False,0.054602844574763665,True,True,True,0.05-0.10
False,0.018072985682241277,False,True,True,0.01-0.02
True,0.16719956761869714,True,True,True,0.10-0.20
True,0.015512237455218134,True,True,True,0.01-0.02
True,0.17268035146538657,True,True,True,0.10-0.20
True,0.09897124671343832,True,False,True,0.05-0.10
False,0.21324051963038151,True,True,True,
True,0.049031656158018036,True,True,True,0.02-0.05
False,0.13865936028170112,True,True,True,0.10-0.20
True,0.061484592468481425,True,False,False,0.05-0.10
True,0.16667044779136522,True,False,True,0.10-0.20
True,0.1591243556129424,True,True,True,0.10-0.20
True,0.10427564710554309,True,True,True,0.10-0.20
False,0.06071441385767662,True,True,True,0.05-0.10
True,0.11710616707303191,True,True,True,0.10-0.20
False,0.08403259271565566,True,True,True,0.05-0.10
False,0.06561348939196644,True,True,True,0.05-0.10
False,0.11742709458443143,False,True,True,0.10-0.20
False,0.0009679121953936317,True,True,True,0-0.005
False,0.12073627936813364,False,True,True,0.10-0.20
False,0.07147229176984092,False,True,True,0.05-0.10
True,0.044398691834140816,True,False,False,0.02-0.05
False,0.11862581133127338,True,True,True,0.10-0.20
False,0.09139538896246574,True,True,True,0.05-0.10
True,0.1844272843432955,True,False,True,0.10-0.20
False,0.15922541642702093,True,True,True,0.10-0.20
True,0.006149387181198092,True,True,True,0.005-0.01
False,0.1569122994816163,True,True,True,0.10-0.20
True,0.1406662320850693,True,True,True,0.10-0.20
True,0.02146634440428752,True,True,True,0.02-0.05
True,0.004567314516901748,True,True,True,0-0.005
False,0.1456964545526983,True,True,True,0.10-0.20
False,0.06817582408654796,True,True,True,0.05-0.10
False,0.14410098032720942,False,True,True,0.10-0.20
False,0.06441410168367505,True,True,True,0.05-0.10
False,0.0,True,True,False,0-0.005
False,0.15512623074879334,True,True,True,0.10-0.20
False,0.0,False,True,True,0-0.005
False,0.02239988202459123,True,True,True,0.02-0.05
False,0.06150830391499383,True,True,True,0.05-0.10
False,0.10554149369050148,True,True,True,0.10-0.20
False,0.12191155327897572,True,True,True,0.10-0.20
True,0.21438601477775,True,True,True,
True,0.15841917409993422,True,True,True,0.10-0.20
False,0.09738930683275575,True,True,True,0.05-0.10
False,0.14451086146210396,True,True,True,0.10-0.20
False,0.12264666677751666,True,True,True,0.10-0.20
False,0.10823491735048348,True,True,True,0.10-0.20
True,0.012590223761539185,True,True,True,0.01-0.02
False,0.0041499570407635316,True,True,True,0-0.005
True,0.12321560426721798,True,True,True,0.10-0.20
True,0.0,True,False,True,0-0.005
False,0.17048760407676014,True,True,True,0.10-0.20
False,0.0,True,True,False,0-0.005
False,0.17724004328438722,True,True,True,0.10-0.20
False,0.04294988849184643,False,True,True,0.02-0.05
True,0.16997526662168025,True,True,True,0.10-0.20
True,0.0,True,True,True,0-0.005
False,0.1230847453236588,False,True,True,0.10-0.20
False,0.09494661381765432,True,True,True,0.05-0.10
True,0.02864733043293041,True,True,True,0.02-0.05
False,0.13884361003650936,True,True,True,0.10-0.20
False,0.10196024079665117,True,True,True,0.10-0.20
True,0.11115901093772323,True,False,True,0.10-0.20
False,0.12018241233385256,True,True,True,0.10-0.20
True,0.1937425690778766,True,True,True,0.10-0.20
True,0.02473823135379876,True,True,True,0.02-0.05
False,0.010346967257199198,True,True,True,0.01-0.02
True,0.002110967735844753,True,True,True,0-0.005
True,0.13550642919636183,True,True,True,0.10-0.20
True,0.0,True,True,True,0-0.005
True,0.059278800636665116,True,True,True,0.05-0.10
False,0.0,True,True,True,0-0.005
True,0.00254498635953428,True,True,True,0-0.005
True,0.14531680575740508,True,True,True,0.10-0.20
True,0.05697487006300578,True,True,True,0.05-0.10
False,0.1363735082249593,True,True,True,0.10-0.20
False,0.14786336218314708,True,True,True,0.10-0.20
False,0.14564422893947737,True,True,True,0.10-0.20
True,0.010112732686920235,True,True,True,0.01-0.02
False,0.012139317799763679,True,True,True,0.01-0.02
False,0.14853664230156616,True,True,True,0.10-0.20
True,0.03946817022725315,True,False,False,0.02-0.05
True,0.021731782376275606,True,True,True,0.02-0.05
True,0.0010068920385440006,True,True,True,0-0.005
True,0.04338686433660974,True,True,True,0.02-0.05
False,0.12953641743703123,True,True,True,0.10-0.20
True,0.10615358100315739,True,True,True,0.10-0.20
True,0.10273046363707021,True,True,True,0.10-0.20
True,0.1540753508404806,True,False,False,0.10-0.20
False,0.0,False,True,True,0-0.005
True,0.04135123660747289,True,True,True,0.02-0.05
True,0.2025113026045061,True,False,True,
False,0.01920478159593287,True,True,True,0.01-0.02
True,0.003587557307720027,True,True,True,0-0.005
True,0.0755470044828773,True,True,True,0.05-0.10
True,0.1337437182348666,True,True,True,0.10-0.20
False,0.14161157096923513,True,True,True,0.10-0.20
True,0.18502870659958934,True,True,True,0.10-0.20
False,0.07756167700706841,True,True,True,0.05-0.10
False,0.11446116867974981,False,True,True,0.10-0.20
False,0.07855841811549202,True,True,True,0.05-0.10
True,0.16130993099294264,True,True,True,0.10-0.20
True,0.011604053457110425,True,True,True,0.01-0.02
False,0.09344002923438018,True,True,True,0.05-0.10
True,0.021314537379734592,True,True,True,0.02-0.05
False,0.1739306818016479,True,True,True,0.10-0.20
False,0.0,True,True,True,0-0.005
False,0.08324697106948187,True,True,True,0.05-0.10
False,0.007329269858366524,True,True,True,0.005-0.01
False,0.08387518674394151,True,True,True,0.05-0.10
True,0.059559693151881074,True,True,True,0.05-0.10
True,0.05444905749441656,True,True,True,0.05-0.10
False,0.10081371648465338,True,True,True,0.10-0.20
True,0.06740878470523948,True,True,True,0.05-0.10
False,0.008298400649195731,True,True,True,0.005-0.01
False,0.05704661814070242,True,True,True,0.05-0.10
False,0.14877758471120192,True,True,True,0.10-0.20
True,0.06005248356780946,True,False,False,0.05-0.10
False,0.06296536570086493,True,True,True,0.05-0.10
False,0.044009547972204084,True,True,True,0.02-0.05
True,0.1646195501951988,True,True,True,0.10-0.20
False,0.006517330611156018,True,True,True,0.005-0.01
True,0.010255221732251909,True,True,True,0.01-0.02
True,0.04983276334693133,True,True,True,0.02-0.05
False,0.11509418655401843,True,True,True,0.10-0.20
True,0.10316248747259248,True,True,True,0.10-0.20
True,0.025318790112262783,True,True,True,0.02-0.05
False,0.0,True,True,False,0-0.005
False,0.0959770533166276,True,True,True,0.05-0.10
True,0.011485221970298038,True,True,True,0.01-0.02
True,0.09682746533991905,True,True,True,0.05-0.10
False,0.06692643847211431,True,True,True,0.05-0.10
False,0.0,True,True,True,0-0.005
True,0.005603206040018417,True,True,True,0.005-0.01
False,0.04519665373250294,True,True,True,0.02-0.05
True,0.05597134045596877,True,True,True,0.05-0.10
True,0.1192751124174411,True,False,True,0.10-0.20
True,0.08864000437456113,True,True,True,0.05-0.10
True,0.0033108728484101944,True,True,True,0-0.005
False,0.1653803503010187,True,True,True,0.10-0.20
False,0.0,True,True,False,0-0.005
True,0.02419054797231403,True,True,True,0.02-0.05
False,0.02703099368362058,True,True,True,0.02-0.05
True,0.06587627555721737,True,True,True,0.05-0.10
True,0.08544779225501974,True,True,True,0.05-0.10
True,0.004129032700431281,True,True,True,0-0.005
True,0.12226453666282812,True,True,True,0.10-0.20
False,0.1831853910397129,True,True,True,0.10-0.20
True,0.08490308799277144,True,True,True,0.05-0.10
False,0.0,False,True,False,0-0.005
False,0.13899832097805845,True,True,True,0.10-0.20
True,0.1216619862432664,True,False,False,0.10-0.20
True,0.10703077349131805,True,True,True,0.10-0.20
False,0.1456666766901678,False,True,True,0.10-0.20
True,0.12570445359655943,True,False,True,0.10-0.20
True,0.14497283906814948,True,True,True,0.10-0.20
True,0.095084126708356,True,False,False,0.05-0.10
False,0.049565389836901536,True,True,True,0.02-0.05
False,0.15408074369524233,True,True,True,0.10-0.20
False,0.16618757700650333,False,True,True,0.10-0.20
True,0.15041484843278485,True,False,False,0.10-0.20
False,0.1584907105524594,True,True,True,0.10-0.20
True,0.1083590667720459,True,True,True,0.10-0.20
True,0.09096901738154782,True,False,True,0.05-0.10
False,0.028714877498184136,True,True,True,0.02-0.05
False,0.19411482215690198,True,True,True,0.10-0.20
False,0.033290745124821094,True,True,True,0.02-0.05
True,0.12918811770578967,True,False,True,0.10-0.20
False,0.1433321947424741,False,True,True,0.10-0.20
True,0.14115971481029344,True,True,True,0.10-0.20
False,0.062247541456097975,True,True,True,0.05-0.10
False,0.06168559156371235,True,True,True,0.05-0.10
True,0.05964157955346936,True,True,True,0.05-0.10
True,0.10218676056525111,True,True,True,0.10-0.20
False,0.14195942667981895,True,True,True,0.10-0.20
True,0.006095526182357325,True,True,True,0.005-0.01
False,0.10101394785247142,False,True,True,0.10-0.20
False,0.017323911021380593,False,True,True,0.01-0.02
False,0.067449767676547,True,True,True,0.05-0.10
False,0.12917886329177866,True,True,True,0.10-0.20
False,0.16348460297157266,True,True,True,0.10-0.20
True,0.03551149707255956,True,True,True,0.02-0.05
False,0.08799203174692052,True,True,True,0.05-0.10
True,0.0,True,True,True,0-0.005
False,0.004622304937603492,True,True,True,0-0.005
True,0.038731577217108924,True,True,True,0.02-0.05
False,0.17524510707217675,True,True,True,0.10-0.20
True,0.0659703067731594,True,False,True,0.05-0.10
False,0.03270911144073321,True,True,True,0.02-0.05
False,0.09385930321669435,False,True,True,0.05-0.10
True,0.15869366660162748,True,True,True,0.10-0.20
True,0.19745311972614568,True,True,True,0.10-0.20
False,0.1555162185376009,True,True,True,0.10-0.20
True,0.05673944960209166,True,True,True,0.05-0.10
False,0.04675700920853103,True,True,True,0.02-0.05
False,0.007570428003705272,False,True,True,0.005-0.01
False,0.05268069911901241,True,True,True,0.05-0.10
False,0.12483158245184284,True,True,True,0.10-0.20
False,0.1936944504773812,True,True,True,0.10-0.20
False,0.06182739491305281,True,True,True,0.05-0.10
False,0.17599750128433445,True,True,True,0.10-0.20
False,0.19955494656857767,True,True,True,0.10-0.20
False,0.01817665651897551,True,True,True,0.01-0.02
True,0.08465517876703071,True,True,True,0.05-0.10
False,0.10501344104741896,False,True,True,0.10-0.20
False,0.08979058852561368,True,True,True,0.05-0.10
False,0.08059422267508881,True,True,True,0.05-0.10
True,0.2004401942942462,True,True,True,
True,0.20049186754087656,True,True,True,
False,0.0,True,True,True,0-0.005
False,0.03054309834583857,False,True,True,0.02-0.05
False,0.12094274889974678,True,True,True,0.10-0.20
True,0.030132222796329735,True,True,True,0.02-0.05
False,0.009473768702446728,True,True,True,0.005-0.01
True,0.045874681038431904,True,True,True,0.02-0.05
False,0.037396015284662604,True,True,True,0.02-0.05
True,0.007268351998423976,True,True,True,0.005-0.01
True,0.02103376268052288,True,True,True,0.02-0.05
False,0.0,True,True,True,0-0.005
False,0.046942298842092174,True,True,True,0.02-0.05
True,0.01701973587116891,True,True,True,0.01-0.02
False,0.1766682078621672,True,True,True,0.10-0.20
False,0.16841205226313408,True,True,True,0.10-0.20
True,0.08903709552869069,True,True,True,0.05-0.10
False,0.04647985194963985,True,True,True,0.02-0.05
True,0.1264753878575479,True,True,True,0.10-0.20
True,0.16545125842369904,True,True,True,0.10-0.20
True,0.10698122710962278,True,True,True,0.10-0.20
True,0.008432650034769522,True,True,True,0.005-0.01
True,0.15545200892244437,True,False,True,0.10-0.20
False,0.21064073073326217,False,True,True,
False,0.01896231124126621,True,True,True,0.01-0.02
True,0.0,True,True,True,0-0.005
True,0.04574322151925003,True,True,True,0.02-0.05
True,0.011926097562934794,True,True,True,0.01-0.02
False,0.12963522958868884,True,True,True,0.10-0.20
True,0.04775458265561048,True,True,True,0.02-0.05
True,0.0609516839505521,True,True,True,0.05-0.10
False,0.002105961537599673,True,True,True,0-0.005
False,0.1970245791827593,True,True,True,0.10-0.20
False,0.07569794847326396,True,True,True,0.05-0.10
False,0.18802595408687472,False,True,True,0.10-0.20
True,0.08784258979732137,True,True,True,0.05-0.10
True,0.10577134825953911,True,True,True,0.10-0.20
False,0.18494495750390888,True,True,True,0.10-0.20
False,0.01694957953601929,True,True,True,0.01-0.02
True,0.0,True,True,True,0-0.005
True,0.1015352668099717,True,True,True,0.10-0.20
False,0.05507432699964139,True,True,True,0.05-0.10
False,0.15756275794581104,True,True,True,0.10-0.20
True,0.09540361048683942,True,True,True,0.05-0.10
True,0.04946389855518304,True,True,True,0.02-0.05
True,0.009396251901425621,True,True,True,0.005-0.01
False,0.1605929039332041,True,True,True,0.10-0.20
False,0.19266082923935726,True,True,True,0.10-0.20
False,0.08684289014445583,False,True,True,0.05-0.10
False,0.03565408514844109,True,True,True,0.02-0.05
True,0.08656797090921843,True,True,True,0.05-0.10
False,0.0430416797011054,True,True,True,0.02-0.05
False,0.07447848747709788,True,True,True,0.05-0.10
True,0.008370369968446043,True,True,True,0.005-0.01
False,0.11706455075764363,True,True,True,0.10-0.20
False,0.15766107836041027,False,True,True,0.10-0.20
True,0.008060186832671767,True,False,True,0.005-0.01
False,0.08753453415117028,False,True,True,0.05-0.10
True,0.0032145021100422333,True,True,True,0-0.005
False,0.07170216386937611,False,True,True,0.05-0.10
True,0.11850170346204543,True,True,True,0.10-0.20
False,0.0643320899379723,True,True,True,0.05-0.10
False,0.17981816667041697,True,True,True,0.10-0.20
False,0.053207781616434045,True,True,True,0.05-0.10
True,0.09894782172340745,True,True,True,0.05-0.10
False,0.15311680984409845,True,True,True,0.10-0.20
True,0.10784073531297401,True,True,True,0.10-0.20
True,0.15275492629056583,True,False,False,0.10-0.20
True,0.01908716502885503,True,True,True,0.01-0.02
False,0.07961010162153927,True,True,True,0.05-0.10
True,0.09855157817238973,True,False,True,0.05-0.10
True,0.14726902980400522,True,True,True,0.10-0.20
True,0.011964656797717816,True,True,True,0.01-0.02
True,0.018845134331805007,True,True,True,0.01-0.02
False,0.1623921342217919,True,True,True,0.10-0.20
True,0.08956250327677316,True,True,True,0.05-0.10
False,0.0,True,True,True,0-0.005
False,0.14019314623943252,False,True,True,0.10-0.20
False,0.13451354717231603,True,True,True,0.10-0.20
False,0.0,True,True,True,0-0.005
True,0.09572213990294082,True,False,True,0.05-0.10
False,0.10497124383706642,True,True,True,0.10-0.20
True,0.17543403085721082,True,True,True,0.10-0.20
True,0.049226334666391446,True,True,True,0.02-0.05
False,0.019394248150760376,True,True,True,0.01-0.02
True,0.13822936075559736,True,True,True,0.10-0.20
False,0.03698289533815937,False,True,True,0.02-0.05
True,0.12212658911227774,True,True,True,0.10-0.20
False,0.06303445853809746,True,True,True,0.05-0.10
True,0.07895982561171115,True,False,True,0.05-0.10
False,0.14546233376841977,True,True,True,0.10-0.20
False,0.1504362139150134,True,True,True,0.10-0.20
False,0.03957520863438735,True,True,True,0.02-0.05
False,0.10973748239934608,True,True,True,0.10-0.20
False,0.16814586487931232,True,True,True,0.10-0.20
False,0.027256244832018283,True,True,True,0.02-0.05
True,0.15523306233487896,True,True,True,0.10-0.20
False,0.0,True,True,False,0-0.005
True,0.1650272327643384,True,True,True,0.10-0.20
True,0.0,True,True,True,0-0.005
False,0.01990391963505454,True,True,True,0.01-0.02
True,0.10231891005651833,True,True,True,0.10-0.20
True,0.10928355492275517,True,False,True,0.10-0.20
True,0.15405670610419453,True,True,True,0.10-0.20
False,0.13544196225067404,False,True,True,0.10-0.20
True,0.041702696663675445,True,True,True,0.02-0.05
True,0.0,True,True,True,0-0.005
False,0.0,False,True,False,0-0.005
False,0.16076981862896433,True,True,True,0.10-0.20
True,0.16286485060867892,True,True,True,0.10-0.20
True,0.10971290680986649,True,False,False,0.10-0.20
False,0.17192562425157928,True,True,True,0.10-0.20
True,0.12276249050589165,True,True,True,0.10-0.20
False,0.1039543591424346,False,True,True,0.10-0.20
True,0.14837089702895376,True,True,True,0.10-0.20
True,0.055897441511069755,True,True,True,0.05-0.10
True,0.1381505024258074,True,True,True,0.10-0.20
True,0.17681643635979438,True,True,True,0.10-0.20
False,0.0,True,True,False,0-0.005
True,0.11609647296831246,True,True,True,0.10-0.20
True,0.08277162399962423,True,False,True,0.05-0.10
True,0.09036333922884,True,True,True,0.05-0.10
False,0.10964659359571029,False,True,True,0.10-0.20
False,0.08855233839235588,True,True,True,0.05-0.10
False,0.0,True,True,True,0-0.005
True,0.07570853765849338,True,True,True,0.05-0.10
False,0.19915953884143678,True,True,True,0.10-0.20
True,0.16656393753222443,True,False,False,0.10-0.20
False,0.0,True,True,True,0-0.005
False,0.0,True,True,False,0-0.005
True,0.19419216559019528,True,True,True,0.10-0.20
False,0.11219777092394656,True,True,True,0.10-0.20
True,0.013762071790925038,True,True,True,0.01-0.02
False,0.11620003551248007,True,True,True,0.10-0.20
False,0.12540861936012587,True,True,True,0.10-0.20
False,0.038234853391506084,True,True,True,0.02-0.05
True,0.10018492928374098,True,True,True,0.10-0.20
False,0.05942474315784575,True,True,True,0.05-0.10
False,0.1677786738844526,True,True,True,0.10-0.20
False,0.10278326934597194,True,True,True,0.10-0.20
True,0.1685134103905169,True,True,True,0.10-0.20
False,0.11123744232152187,True,True,True,0.10-0.20
True,0.1269172929196244,True,True,True,0.10-0.20
False,0.008186559677343608,True,True,True,0.005-0.01
False,0.1837805243372002,False,True,True,0.10-0.20
False,0.05649767488991057,False,True,True,0.05-0.10
True,0.08991880220480357,True,True,True,0.05-0.10
True,0.08395108448914454,True,True,True,0.05-0.10
True,0.0684459399807961,True,True,True,0.05-0.10
True,0.07731466891629848,True,True,True,0.05-0.10
True,0.017955710048461672,True,False,True,0.01-0.02
True,0.0,True,True,True,0-0.005
False,0.02416624383761842,True,True,True,0.02-0.05
False,0.030126649875076943,True,True,True,0.02-0.05
True,0.0,True,True,True,0-0.005
False,0.055545513500010336,False,True,True,0.05-0.10
False,0.1418433218483621,False,True,True,0.10-0.20
False,0.09483446746191318,True,True,True,0.05-0.10
True,0.16925098881813525,True,True,True,0.10-0.20
True,0.03881975323497621,True,False,True,0.02-0.05
True,0.04739274621220518,True,True,True,0.02-0.05
False,0.06395348922989239,True,True,True,0.05-0.10
True,0.07483973844858531,True,True,True,0.05-0.10
True,0.08113890801237923,True,True,True,0.05-0.10
True,0.07561783869578591,True,False,True,0.05-0.10
False,0.09569096741453044,True,True,True,0.05-0.10
True,0.20219408318585808,True,True,True,
False,0.0933063250177505,True,True,True,0.05-0.10
True,0.03551698513283868,True,False,True,0.02-0.05
True,0.09280193748010446,True,True,True,0.05-0.10
False,0.028963183648678944,True,True,True,0.02-0.05
False,0.03471770307458177,True,True,True,0.02-0.05
False,0.08981944283298528,False,True,True,0.05-0.10
False,0.0,True,True,True,0-0.005
True,0.14075352472435146,True,True,True,0.10-0.20
True,0.15143170465092323,True,True,True,0.10-0.20
True,0.12161152145113995,True,True,True,0.10-0.20
False,0.15643645493871053,True,True,True,0.10-0.20
True,0.0,True,True,True,0-0.005
False,0.010057089512001346,False,True,True,0.01-0.02
False,0.02644938290910022,False,True,True,0.02-0.05
True,0.07543852804636586,True,True,True,0.05-0.10
True,0.10254806483351024,True,True,True,0.10-0.20
True,0.10078048232505674,True,True,True,0.10-0.20
True,0.0,True,False,False,0-0.005
True,0.17335455338656872,True,True,True,0.10-0.20
True,0.11550842567506321,True,False,False,0.10-0.20
True,0.2006455488150839,True,True,True,
False,0.0316163214950026,True,True,True,0.02-0.05
True,0.08620445558474174,True,True,True,0.05-0.10
True,0.06477245863582048,True,True,True,0.05-0.10
True,0.14042332170600513,True,True,True,0.10-0.20
False,0.09594934186751587,True,True,True,0.05-0.10
False,0.20779763971822035,True,True,True,
False,0.19080816413302,True,True,True,0.10-0.20
False,0.1127440926725019,True,True,True,0.10-0.20
False,0.0,True,True,True,0-0.005
True,0.0,True,True,True,0-0.005
True,0.0859939021206307,True,False,False,0.05-0.10
True,0.01478748875278506,True,False,True,0.01-0.02
True,0.03731631846399687,True,True,True,0.02-0.05
True,0.11196414768687638,True,True,True,0.10-0.20
True,0.11325483624375955,True,False,True,0.10-0.20
False,0.1952923225222258,True,True,True,0.10-0.20
False,0.05790099022250497,True,True,True,0.05-0.10
True,0.06484589595947524,True,False,True,0.05-0.10
True,0.07028902532662633,True,True,True,0.05-0.10
False,0.020165194692218877,True,True,True,0.02-0.05
True,0.137200159424335,True,True,True,0.10-0.20
False,0.042480205804234304,True,True,True,0.02-0.05
False,0.1485088226189699,True,True,True,0.10-0.20
False,0.1112741898075666,False,True,True,0.10-0.20
False,0.0019540149113574114,True,True,True,0-0.005
False,0.08694673255069958,False,True,True,0.05-0.10
False,0.14697676150783465,True,True,True,0.10-0.20
True,0.021508465595623888,True,True,True,0.02-0.05
True,0.15407441337079478,True,True,True,0.10-0.20
True,0.048452173900624014,True,True,False,0.02-0.05
True,0.01774932071093982,True,True,True,0.01-0.02
False,0.12376056615366927,True,True,True,0.10-0.20
True,0.1459833840330978,True,True,True,0.10-0.20
False,0.10734452589011627,False,True,True,0.10-0.20
False,0.19416733026276703,True,True,True,0.10-0.20
True,0.1299447019792363,True,True,True,0.10-0.20
True,0.15774215255568713,True,True,True,0.10-0.20
True,0.13747266442387931,True,True,True,0.10-0.20
True,0.0939530753508643,True,True,True,0.05-0.10
True,0.09560096378351247,True,True,True,0.05-0.10
False,0.14376395840958003,False,True,True,0.10-0.20
True,0.17856775905505964,True,True,True,0.10-0.20
True,0.08365963677141669,True,False,False,0.05-0.10
False,0.21032917099114515,True,True,True,
True,0.17590594246295296,True,True,True,0.10-0.20
True,0.0776202552219213,True,True,True,0.05-0.10
False,0.017102294710471925,True,True,True,0.01-0.02
False,0.0,True,True,False,0-0.005
False,0.13355810177738636,True,True,True,0.10-0.20
True,0.20639088018517956,True,True,True,
False,0.10859132833499249,True,True,True,0.10-0.20
True,0.10853298082949041,True,False,True,0.10-0.20
False,0.061458837696991564,True,True,True,0.05-0.10
False,0.14133854963421433,True,True,True,0.10-0.20
True,0.0008577724120331517,True,True,True,0-0.005
False,0.12786377498569307,False,True,True,0.10-0.20
False,0.12021345851151917,True,True,True,0.10-0.20
True,0.05552525482268378,True,True,True,0.05-0.10
False,0.033629156213460916,True,True,True,0.02-0.05
False,0.1267860949410745,True,True,True,0.10-0.20
False,0.0,True,True,False,0-0.005
True,0.1857700328254568,True,True,True,0.10-0.20
True,0.12838309986173274,True,True,True,0.10-0.20
True,0.024997896009348704,True,True,True,0.02-0.05
False,0.0,True,True,True,0-0.005
True,0.07570784011765051,True,True,True,0.05-0.10
True,0.13958472619553453,True,True,True,0.10-0.20
True,0.0,True,False,True,0-0.005
False,0.17613653620109954,True,True,True,0.10-0.20
True,0.09554727552250525,True,False,True,0.05-0.10
True,0.07591231549838652,True,True,True,0.05-0.10
True,0.13258864749716107,True,True,True,0.10-0.20
True,0.023348294437922978,True,True,True,0.02-0.05
False,0.04550966336765716,True,True,True,0.02-0.05
True,0.05282907882725545,True,True,True,0.05-0.10
True,0.059493931319280116,True,True,True,0.05-0.10
False,0.09181782276160809,True,True,True,0.05-0.10
False,0.028058238861198452,True,True,True,0.02-0.05
False,0.14959715934616252,True,True,True,0.10-0.20
False,0.02165830865242337,True,True,True,0.02-0.05
False,0.18151892879212722,True,True,True,0.10-0.20
True,0.054331746720072786,True,True,True,0.05-0.10
False,0.1495629416392037,True,True,True,0.10-0.20
True,0.07056564474697669,True,False,False,0.05-0.10
True,0.07902416109055979,True,True,True,0.05-0.10
True,0.08329463910525757,True,True,True,0.05-0.10
True,0.14452717796416076,True,False,False,0.10-0.20
False,0.13240138213076746,True,True,True,0.10-0.20
False,0.0,True,True,True,0-0.005
True,0.06371348394695595,True,True,True,0.05-0.10
False,0.10636002002189757,True,True,True,0.10-0.20
False,0.0632989319271385,True,True,True,0.05-0.10
True,0.0,True,True,True,0-0.005
True,0.052489154688372015,True,True,True,0.05-0.10
True,0.09426917551255376,True,True,True,0.05-0.10
True,0.15788997766053955,True,True,True,0.10-0.20
True,0.18019343092261447,True,True,True,0.10-0.20
True,0.1702749530163733,True,True,True,0.10-0.20
True,0.05845240929391387,True,True,True,0.05-0.10
True,0.03176151666494959,True,False,False,0.02-0.05
True,0.02778487347833985,True,True,True,0.02-0.05
True,0.09887384793978489,True,True,True,0.05-0.10
False,0.1316000470110497,True,True,True,0.10-0.20
True,0.04027987433189589,True,True,True,0.02-0.05
False,0.0,True,True,True,0-0.005
True,0.2095136413636074,True,True,True,
False,0.07700452615288529,True,True,True,0.05-0.10
False,0.10704489768044279,False,True,True,0.10-0.20
False,0.0037736173721554583,False,True,True,0-0.005
True,0.0,True,True,True,0-0.005
True,0.024764936591392384,True,True,True,0.02-0.05
True,0.19288398822215252,True,True,True,0.10-0.20
True,0.09407102749014577,True,False,True,0.05-0.10
True,0.05981038351212353,True,True,True,0.05-0.10
False,0.000590589396903683,True,True,True,0-0.005
False,0.0,True,True,False,0-0.005
True,0.15368731509454472,True,True,True,0.10-0.20
False,0.017918983133698198,True,True,True,0.01-0.02
False,0.07235945077668741,False,True,True,0.05-0.10
True,0.06428933313143609,True,True,True,0.05-0.10
True,0.05007097724566024,True,True,True,0.05-0.10
False,0.04840544876232626,True,True,True,0.02-0.05
False,0.0941819606480932,True,True,True,0.05-0.10
True,0.06920348017688495,True,True,True,0.05-0.10
True,0.025667299132513782,True,True,True,0.02-0.05
True,0.0,True,True,True,0-0.005
True,0.09257281964439051,True,True,True,0.05-0.10
False,0.06896134134655174,True,True,True,0.05-0.10
True,0.17936883705936216,True,True,True,0.10-0.20
False,0.0,True,True,False,0-0.005
True,0.158007326859537,True,True,True,0.10-0.20
True,0.08709237717914314,True,False,True,0.05-0.10
False,0.13366507985462606,True,True,True,0.10-0.20
False,0.13919144041278936,True,True,True,0.10-0.20
False,0.05457516042088819,False,True,True,0.05-0.10
False,0.0,True,True,True,0-0.005
True,0.17320276669094398,True,True,True,0.10-0.20
False,0.07246259441582667,False,True,True,0.05-0.10
True,0.16876102196043907,True,True,True,0.10-0.20
False,0.13826968812166748,True,True,True,0.10-0.20
False,0.06625102310791384,True,True,True,0.05-0.10
False,0.023404953454042098,True,True,True,0.02-0.05
True,0.1079296883495514,True,True,True,0.10-0.20
True,0.17921002908184436,True,True,True,0.10-0.20
False,0.10191930087305338,True,True,True,0.10-0.20
True,0.024200138829170676,True,True,True,0.02-0.05
True,0.056035156905228485,True,True,True,0.05-0.10
False,0.13058576991147317,True,True,True,0.10-0.20
False,0.05624875483949001,True,True,True,0.05-0.10
False,0.1338396866253987,True,True,True,0.10-0.20
False,0.025082370668587435,False,True,True,0.02-0.05
False,0.18167649708859654,False,True,True,0.10-0.20
False,0.08784294216292156,True,True,True,0.05-0.10
False,0.06143615873261255,True,True,True,0.05-0.10
True,0.09140497488752107,True,True,True,0.05-0.10
False,0.03271868432633706,True,True,True,0.02-0.05
True,0.0024414162316364414,True,True,True,0-0.005
False,0.11390082247020614,True,True,True,0.10-0.20
False,0.21767933666271086,True,True,True,
False,0.05884887793846276,True,True,True,0.05-0.10
False,0.07689861610675382,True,True,True,0.05-0.10
True,0.14228927484000606,True,True,True,0.10-0.20
False,0.07315330932667283,True,True,True,0.05-0.10
False,0.1816069810507516,True,True,True,0.10-0.20
False,0.2288260724416251,True,True,True,
False,0.14477174876840918,True,True,True,0.10-0.20
True,0.0,True,False,True,0-0.005
True,0.02423024413808032,True,True,True,0.02-0.05
False,0.017927245842575854,True,True,True,0.01-0.02
True,0.10916404000730592,True,True,True,0.10-0.20
False,0.0,True,True,False,0-0.005
False,0.21261696433744132,True,True,True,
True,0.08061181896565903,True,False,True,0.05-0.10
False,0.0,True,True,True,0-0.005
False,0.10215244194609291,True,True,True,0.10-0.20
False,0.1744268559031601,True,True,True,0.10-0.20
False,0.0,True,True,True,0-0.005
False,0.04307985029246536,True,True,True,0.02-0.05
True,0.09288043505764977,True,True,True,0.05-0.10
True,0.17400033099490045,True,True,True,0.10-0.20
False,0.008353794818247497,True,True,True,0.005-0.01
True,0.0986391704557622,True,True,True,0.05-0.10
True,0.04273633813900786,True,False,True,0.02-0.05
True,0.08707409547567511,True,False,True,0.05-0.10
True,0.14908708162380868,True,True,True,0.10-0.20
False,0.12848415836169916,True,True,True,0.10-0.20
True,0.06471881527462073,True,True,True,0.05-0.10
True,0.06865748447153266,True,True,True,0.05-0.10
False,0.19621638229610847,True,True,True,0.10-0.20
True,0.0,True,True,True,0-0.005
False,0.14093258616410745,True,True,True,0.10-0.20
True,0.15606581273808512,True,True,True,0.10-0.20
False,0.026724816363819077,True,True,True,0.02-0.05
False,0.02333276899898477,True,True,True,0.02-0.05
True,0.07613745196635173,True,True,True,0.05-0.10
False,0.014022351948493866,False,True,True,0.01-0.02
False,0.08154722172005488,True,True,True,0.05-0.10
False,0.043611849028442215,True,True,True,0.02-0.05
True,0.1316024480631606,True,True,True,0.10-0.20
False,0.1621570039868127,True,True,True,0.10-0.20
True,0.16199418364605211,True,True,True,0.10-0.20
False,0.16954844800419303,True,True,True,0.10-0.20
True,0.01143333241996232,True,False,True,0.01-0.02
True,0.19102004828252092,True,True,True,0.10-0.20
True,0.0,True,True,True,0-0.005
False,0.05449835659758591,True,True,True,0.05-0.10
True,0.10687003660256543,True,True,True,0.10-0.20
False,0.18505563822825413,False,True,True,0.10-0.20
False,0.1854120134125967,True,True,True,0.10-0.20
False,0.09685931827067885,True,True,True,0.05-0.10
False,0.0,True,True,False,0-0.005
False,0.08081803046925697,True,True,True,0.05-0.10
False,0.19273231781165945,True,True,True,0.10-0.20
False,0.09772941471575029,False,True,True,0.05-0.10
False,0.18743012969706263,True,True,True,0.10-0.20
False,0.05844458560748766,True,True,True,0.05-0.10
False,0.09622340442392209,True,True,True,0.05-0.10
True,0.12092962354371538,True,False,False,0.10-0.20
True,0.0,True,True,True,0-0.005
False,0.0,True,True,True,0-0.005
False,0.060495047784890135,True,True,True,0.05-0.10
True,0.13090851895152844,True,True,True,0.10-0.20
False,0.05195523690630283,True,True,True,0.05-0.10
True,0.17974548121091138,True,True,True,0.10-0.20
False,0.08297068718632829,True,True,True,0.05-0.10
False,0.08140113752103859,False,True,True,0.05-0.10
False,0.141258212195658,True,True,True,0.10-0.20
False,0.02656186982453105,True,True,True,0.02-0.05
False,0.08797366612615491,True,True,True,0.05-0.10
False,0.1776109141048745,True,True,True,0.10-0.20
True,0.15129985486943592,True,True,True,0.10-0.20
True,0.056095070717753055,True,False,False,0.05-0.10
True,0.08787616313999438,True,True,True,0.05-0.10
False,0.16824705297630088,True,True,True,0.10-0.20
True,0.04269517948003368,True,False,True,0.02-0.05
True,0.20203765494038564,True,False,True,
False,0.11490914257361033,True,True,True,0.10-0.20
False,0.15401319987217188,True,True,True,0.10-0.20
False,0.16911677229563965,True,True,True,0.10-0.20
True,0.013188128848714672,True,True,True,0.01-0.02
False,0.006629016203789533,True,True,True,0.005-0.01
True,0.0707668281747451,True,True,True,0.05-0.10
False,0.11499184938460176,True,True,True,0.10-0.20
False,0.07637896141398078,True,True,True,0.05-0.10
True,0.026422047161473845,True,True,True,0.02-0.05
False,0.0505193591263537,True,True,True,0.05-0.10
False,0.13757002496255563,True,True,True,0.10-0.20
False,0.0024086180387632864,True,True,True,0-0.005
True,0.12934072858308104,True,True,True,0.10-0.20
True,0.0,True,True,True,0-0.005
True,0.023519394313550997,True,True,True,0.02-0.05
True,0.004481325028543872,True,False,True,0-0.005
True,0.04142026925836801,True,True,True,0.02-0.05
True,0.17727325792231738,True,True,True,0.10-0.20
False,0.14038186878411515,True,True,True,0.10-0.20
False,0.14009855116726266,True,True,True,0.10-0.20
True,0.039394699714894246,True,True,True,0.02-0.05
True,0.20587251594083866,True,True,True,
True,0.1540512676988898,True,True,True,0.10-0.20
False,0.008737276165861518,True,True,True,0.005-0.01
False,0.1627273162563022,False,True,True,0.10-0.20
True,0.1945026279300336,True,True,True,0.10-0.20
True,0.1753943881652548,True,True,True,0.10-0.20
True,0.17163683880914704,True,True,True,0.10-0.20
True,0.18369547448908052,True,True,True,0.10-0.20
False,0.016984362891732788,True,True,True,0.01-0.02
False,0.16247303835813073,True,True,True,0.10-0.20
False,0.0,True,True,True,0-0.005
True,0.11826166552063236,True,True,True,0.10-0.20
False,0.16777288070063706,False,True,True,0.10-0.20
False,0.15231355426923163,True,True,True,0.10-0.20
False,0.010793468777253174,True,True,True,0.01-0.02
True,0.1542564608317414,True,True,True,0.10-0.20
False,0.0,True,True,True,0-0.005
True,0.1325850274007732,True,True,True,0.10-0.20
False,0.04561986216629598,True,True,True,0.02-0.05
True,0.007002589369316646,True,True,True,0.005-0.01
True,0.1627832097608255,True,True,True,0.10-0.20
True,0.0707234132175494,True,True,True,0.05-0.10
False,0.12870540498459487,True,True,True,0.10-0.20
False,0.011305880753940517,True,True,True,0.01-0.02
False,0.17952941039266435,False,True,True,0.10-0.20
True,0.03564548482219698,True,True,True,0.02-0.05
False,0.17584267585277344,True,True,True,0.10-0.20
True,0.010048212865313402,True,False,True,0.01-0.02
True,0.0,True,True,True,0-0.005
False,0.09443406412419515,True,True,True,0.05-0.10
False,0.019696608095254316,False,True,True,0.01-0.02
False,0.012546770230903325,True,True,True,0.01-0.02
True,0.11880954708574698,True,False,True,0.10-0.20
True,0.16450820365073174,True,True,True,0.10-0.20
False,0.021721549792498455,True,True,True,0.02-0.05
False,0.015174538066424662,True,True,True,0.01-0.02
True,0.0,True,True,True,0-0.005
False,0.0017223132027168638,True,True,True,0-0.005
False,0.07594441921465697,True,True,True,0.05-0.10
False,0.13591299591945402,False,True,True,0.10-0.20
False,0.17935211899644918,True,True,True,0.10-0.20
False,0.056433709970292754,True,True,True,0.05-0.10
True,0.11691900967740229,True,False,True,0.10-0.20
False,0.04798642809829981,True,True,True,0.02-0.05
True,0.1271835768250236,True,True,True,0.10-0.20
True,0.10875513597181334,True,True,True,0.10-0.20
True,0.09338274225428028,True,True,True,0.05-0.10
False,0.09829291590300787,True,True,True,0.05-0.10
False,0.17328112455607045,True,True,True,0.10-0.20
False,0.0,True,True,True,0-0.005
True,0.13882237618158516,True,True,True,0.10-0.20
False,0.15409883114507103,True,True,True,0.10-0.20
False,0.13020598725671426,True,True,True,0.10-0.20
False,0.10682367663019976,True,True,True,0.10-0.20
False,0.019279726778320752,False,True,True,0.01-0.02
True,0.05170177889046508,True,True,True,0.05-0.10
True,0.11646753047579737,True,True,True,0.10-0.20
False,0.13260741198523138,True,True,True,0.10-0.20
False,0.21679092968794586,False,True,True,
False,0.026501228902185363,True,True,True,0.02-0.05
True,0.12739054184869403,True,True,True,0.10-0.20
True,0.18029130670088925,True,True,True,0.10-0.20
False,0.0,True,True,True,0-0.005
True,0.15368199031145777,True,True,True,0.10-0.20
False,0.1125063692736385,False,True,True,0.10-0.20
False,0.06418586330564524,True,True,True,0.05-0.10
True,0.13612407536960447,True,True,True,0.10-0.20
False,0.03684534367180965,True,True,True,0.02-0.05
True,0.055259421397988076,True,True,True,0.05-0.10
True,0.1167953962605607,True,False,True,0.10-0.20
True,0.15958822671469564,True,False,True,0.10-0.20
True,0.12528158243558069,True,True,True,0.10-0.20
True,0.20700553334990718,True,True,True,
False,0.020117689500545332,True,True,True,0.02-0.05
True,0.06452121484086469,True,True,True,0.05-0.10
False,0.03151463465028461,False,True,True,0.02-0.05
False,0.10714574451217312,True,True,True,0.10-0.20
True,0.15749051537345427,True,True,True,0.10-0.20
True,0.11747725603046119,True,True,True,0.10-0.20
False,0.0,True,True,True,0-0.005
True,0.043632115062964716,True,True,True,0.02-0.05
True,0.13104140160843522,True,True,True,0.10-0.20
True,0.07303159726816308,True,True,True,0.05-0.10
True,0.018295430515840656,True,False,True,0.01-0.02
False,0.12543062127663268,True,True,True,0.10-0.20
True,0.05373013842569243,True,True,True,0.05-0.10
False,0.05218316382222192,True,True,True,0.05-0.10
True,0.21746808142158514,True,True,True,
False,0.1182810003829568,True,True,True,0.10-0.20
False,0.05036538036611084,True,True,True,0.05-0.10
True,0.06683468622776365,True,True,True,0.05-0.10
False,0.034840652063855976,True,True,True,0.02-0.05
False,0.13906890595176596,True,True,True,0.10-0.20
True,0.07480362665776123,True,True,True,0.05-0.10
False,0.11207347434951793,True,True,True,0.10-0.20
True,0.00960045825431831,True,True,True,0.005-0.01
True,0.11311283796584858,True,True,True,0.10-0.20
True,0.04451555124816194,True,True,True,0.02-0.05
True,0.028907609021169924,True,True,True,0.02-0.05
False,0.07081709736753329,True,True,True,0.05-0.10
True,0.2083645414946696,True,True,True,
True,0.07559880188942555,True,False,True,0.05-0.10
False,0.0,True,True,True,0-0.005
True,0.0,True,True,True,0-0.005
True,0.01280143207333132,True,False,False,0.01-0.02
True,0.0834565368532586,True,True,True,0.05-0.10
True,0.12521355049357089,True,True,True,0.10-0.20
False,0.08391233350732671,True,True,True,0.05-0.10
False,0.20706839127185936,False,True,True,
True,0.05960840255595586,True,True,True,0.05-0.10
True,0.1072407911988009,True,True,True,0.10-0.20
False,0.18042868791478023,True,True,True,0.10-0.20
True,0.009310597595758937,True,True,True,0.005-0.01
True,0.20366364264759312,True,True,True,
False,0.0030913226936955304,True,True,True,0-0.005
True,0.12629672155984703,True,False,True,0.10-0.20
True,0.13417398499864702,True,True,True,0.10-0.20
False,0.11410014963512495,True,True,True,0.10-0.20
False,0.13737490798629287,True,True,True,0.10-0.20
False,0.1061966262315414,True,True,True,0.10-0.20
True,0.10351115758191361,True,True,True,0.10-0.20
False,0.1300202141779046,True,True,True,0.10-0.20
False,0.03690551680370015,True,True,True,0.02-0.05
True,0.14042859467283728,True,True,True,0.10-0.20
True,0.14020715522656796,True,True,True,0.10-0.20
True,0.16057124835192574,True,True,True,0.10-0.20
False,0.013863188820270878,True,True,True,0.01-0.02
False,0.002732484566514006,True,True,True,0-0.005
True,0.041486704280151276,True,True,True,0.02-0.05
True,0.015264705275100958,True,True,True,0.01-0.02
False,0.15227929034125384,True,True,True,0.10-0.20
False,0.14003875742838914,True,True,True,0.10-0.20
False,0.08410412275520988,True,True,True,0.05-0.10
False,0.11424331707048552,True,True,True,0.10-0.20
False,0.005310313578683259,True,True,True,0.005-0.01
True,0.0647531382122918,True,True,True,0.05-0.10
False,0.14832659776312446,True,True,True,0.10-0.20
True,0.05188320836754425,True,True,True,0.05-0.10
False,0.16497390889712388,True,True,True,0.10-0.20
False,0.07987941526570905,True,True,True,0.05-0.10
False,0.002040593442209933,False,True,True,0-0.005
False,0.0,True,True,False,0-0.005
False,0.05322521620586719,True,True,True,0.05-0.10
True,0.06152848442621637,True,True,True,0.05-0.10
False,0.11325906111783747,False,True,True,0.10-0.20
True,0.1928964831298566,True,True,True,0.10-0.20
True,0.015804866068047183,True,True,True,0.01-0.02
False,0.0,True,True,True,0-0.005
False,0.0035840429555644778,True,True,True,0-0.005
True,0.0,True,True,True,0-0.005
False,0.1397936184272493,False,True,True,0.10-0.20
True,0.029351305138758537,True,True,True,0.02-0.05
False,0.0365674514857754,False,True,True,0.02-0.05
False,0.03381779405147979,True,True,True,0.02-0.05
True,0.05740450111020395,True,False,True,0.05-0.10
False,0.12431853042950207,True,True,True,0.10-0.20
False,0.035900343788826124,True,True,True,0.02-0.05
True,0.19316888034821178,True,False,False,0.10-0.20
False,0.1109188415925,True,True,True,0.10-0.20
False,0.015073475039581325,True,True,True,0.01-0.02
True,0.038974629244548906,True,True,True,0.02-0.05
True,0.17996512948803378,True,True,True,0.10-0.20
True,0.0,True,True,True,0-0.005
True,0.10987961368386069,True,True,True,0.10-0.20
False,0.09370284948190712,True,True,True,0.05-0.10
True,0.0,True,False,True,0-0.005
True,0.0,True,True,True,0-0.005
True,0.0028739299308289563,True,True,True,0-0.005
False,0.19849466791129897,False,True,True,0.10-0.20
False,0.15716898807460847,True,True,True,0.10-0.20
False,0.1291202041564961,False,True,True,0.10-0.20
False,0.07307512914777366,True,True,True,0.05-0.10
False,0.01686123018431555,True,True,True,0.01-0.02
False,0.01642607836925968,True,True,True,0.01-0.02
True,0.1653671970276508,True,True,True,0.10-0.20
False,0.12690578809169148,True,True,True,0.10-0.20
True,0.11061322245678774,True,True,True,0.10-0.20
True,0.08387973509558024,True,True,True,0.05-0.10
False,0.09940232559228504,True,True,True,0.05-0.10
True,0.08700322671169143,True,True,True,0.05-0.10
False,0.12910693357438163,True,True,True,0.10-0.20
True,0.024992354389784605,True,True,True,0.02-0.05
False,0.08985960177643572,True,True,True,0.05-0.10
True,0.22762861651105365,True,True,True,
False,0.051860930200167604,True,True,True,0.05-0.10
False,0.15740954994281464,True,True,True,0.10-0.20
True,0.18570203975607305,True,True,True,0.10-0.20
False,0.045287297476870825,True,True,True,0.02-0.05
True,0.09091072034761842,True,True,True,0.05-0.10
True,0.031116878849405196,True,True,True,0.02-0.05
True,0.14555115269553898,True,True,True,0.10-0.20
True,0.12601904189510707,True,True,True,0.10-0.20
True,0.048108620233954055,True,True,True,0.02-0.05
True,0.08140761652943913,True,True,True,0.05-0.10
False,0.018716308567789608,True,True,True,0.01-0.02
False,0.0,True,True,False,0-0.005
False,0.0,True,True,True,0-0.005
False,0.0737505645560901,True,True,True,0.05-0.10
True,0.06935691125498712,True,True,True,0.05-0.10
False,0.009338525642426975,True,True,True,0.005-0.01
True,0.030892264636016173,True,True,True,0.02-0.05
True,0.12029784586156302,True,False,True,0.10-0.20
False,0.15739454885346094,True,True,True,0.10-0.20
False,0.030562368630979997,True,True,True,0.02-0.05
False,0.1002539048579844,False,True,True,0.10-0.20
True,0.2178089064828845,True,True,True,
True,0.07466016660112643,True,True,True,0.05-0.10
True,0.13664910680651193,True,True,True,0.10-0.20
False,0.09236209603480328,True,True,True,0.05-0.10
False,0.11188463289100228,True,True,True,0.10-0.20
False,0.05377749693337174,True,True,True,0.05-0.10
True,0.12512955937283007,True,True,True,0.10-0.20
True,0.07920797183699975,True,True,True,0.05-0.10
False,0.13739166837305575,True,True,True,0.10-0.20
False,0.0,True,True,True,0-0.005
False,0.0025498560823850823,True,True,True,0-0.005
False,0.17160151715021202,True,True,True,0.10-0.20
False,0.1140688904224012,True,True,True,0.10-0.20
True,0.06979593964394155,True,True,True,0.05-0.10
True,0.008212593820529789,True,True,True,0.005-0.01
True,0.05272384819134396,True,True,True,0.05-0.10
True,0.12245455441909106,True,True,True,0.10-0.20
False,0.008833338639547038,False,True,True,0.005-0.01
True,0.14548902592630908,True,True,True,0.10-0.20
False,0.12386296949192967,True,True,True,0.10-0.20
False,0.11762813661047279,True,True,True,0.10-0.20
False,0.0683626162564377,True,True,True,0.05-0.10
False,0.1462892590505379,True,True,True,0.10-0.20
False,0.11758806299723802,True,True,True,0.10-0.20
True,0.07738865228653716,True,True,True,0.05-0.10
False,0.10693324032868293,True,True,True,0.10-0.20
False,0.0,True,True,False,0-0.005
True,0.1252810104551951,True,True,True,0.10-0.20
True,0.008604236955326154,True,True,True,0.005-0.01
True,0.08020480156461914,True,True,True,0.05-0.10
True,0.10353174875057675,True,True,True,0.10-0.20
True,0.04192455750842721,True,False,False,0.02-0.05
True,0.004452756522475512,True,True,True,0-0.005
False,0.09348429210716583,True,True,True,0.05-0.10
False,0.021773079581097678,True,True,True,0.02-0.05
True,0.032458146106809825,True,True,True,0.02-0.05
True,0.04010088491035371,True,True,True,0.02-0.05
False,0.19015030050914825,True,True,True,0.10-0.20
False,0.10058845888622223,True,True,True,0.10-0.20
True,0.006855737238720897,True,True,True,0.005-0.01
True,0.15795361852537165,True,False,False,0.10-0.20
False,0.16967623295052497,True,True,True,0.10-0.20
False,0.06622812565764577,True,True,True,0.05-0.10
False,0.16138811786651194,True,True,True,0.10-0.20
True,0.0770443662781346,True,True,True,0.05-0.10
False,0.12022557429430879,False,True,True,0.10-0.20
False,0.18040603489899568,True,True,True,0.10-0.20
True,0.1446335664769276,True,True,True,0.10-0.20
True,0.0,True,True,True,0-0.005
True,0.14663304307696728,True,True,True,0.10-0.20
False,0.007812263286838225,False,True,True,0.005-0.01
False,0.19480712925126975,True,True,True,0.10-0.20
False,0.1356436375359514,True,True,True,0.10-0.20
True,0.11061576180915735,True,True,True,0.10-0.20
True,0.21243874535594146,True,True,True,
False,0.014171495096637725,False,True,True,0.01-0.02
False,0.19562945698198175,False,True,True,0.10-0.20
True,0.05668268880825336,True,True,True,0.05-0.10
True,0.023197358057157978,True,True,True,0.02-0.05
True,0.16836207474280232,True,True,True,0.10-0.20
False,0.17480259854278893,True,True,True,0.10-0.20
False,0.046784658413373294,True,True,True,0.02-0.05
False,0.07410340709495065,True,True,True,0.05-0.10
False,0.1045160552226923,True,True,True,0.10-0.20
True,0.17141509545455072,True,True,True,0.10-0.20
False,0.20204763050048813,False,True,True,
False,0.00396855897875907,True,True,True,0-0.005
True,0.17165976080162712,True,True,True,0.10-0.20
True,0.0,True,True,True,0-0.005
True,0.03949012362028646,True,False,True,0.02-0.05
False,0.11845601070029908,True,True,True,0.10-0.20
False,0.10789267611731423,True,True,True,0.10-0.20
False,0.1112565947653874,True,True,True,0.10-0.20
True,0.162982880678719,True,True,True,0.10-0.20
False,0.08410398352523338,True,True,True,0.05-0.10
False,0.027275089038324415,True,True,True,0.02-0.05
False,0.048442132085907516,True,True,True,0.02-0.05
True,0.0,True,False,True,0-0.005
False,0.11694423114680864,True,True,True,0.10-0.20
False,0.1140158810456212,True,True,True,0.10-0.20
False,0.11483367555734386,True,True,True,0.10-0.20
False,0.0736911799255504,True,True,True,0.05-0.10
False,0.20418729655193252,True,True,True,
False,0.07203035806041266,True,True,True,0.05-0.10
True,0.001219505824226889,True,True,True,0-0.005
True,0.14996418376936113,True,False,False,0.10-0.20
False,0.19890187533049697,True,True,True,0.10-0.20
True,0.013816773040491117,True,False,True,0.01-0.02
False,0.05287008614249445,True,True,True,0.05-0.10
True,0.017584621262513013,True,True,True,0.01-0.02
True,0.014127365431731754,True,True,False,0.01-0.02
True,0.0,True,True,True,0-0.005
False,0.07298802357957215,False,True,True,0.05-0.10
True,0.12064041774744577,True,True,True,0.10-0.20
False,0.1335461172485582,True,True,True,0.10-0.20
False,0.06124536429600903,True,True,True,0.05-0.10
True,0.1255470828448161,True,True,True,0.10-0.20
False,0.08743358675323958,True,True,True,0.05-0.10
False,0.08150678846669758,False,True,True,0.05-0.10
True,0.1683295308049242,True,False,False,0.10-0.20
True,0.10088984438521939,True,True,True,0.10-0.20
False,0.08000658610067923,True,True,True,0.05-0.10
True,0.0610796372263928,True,True,True,0.05-0.10
True,0.0,True,True,True,0-0.005
False,0.16867652263278565,True,True,True,0.10-0.20
False,0.1500995318107412,True,True,True,0.10-0.20
False,0.0,False,True,True,0-0.005
False,0.1238225433752519,True,True,True,0.10-0.20
False,0.11588006760505189,True,True,True,0.10-0.20
False,0.13934852405800624,False,True,True,0.10-0.20
True,0.09332053202519514,True,False,True,0.05-0.10
False,0.14578520530393516,False,True,True,0.10-0.20
True,0.09330062611404905,True,True,True,0.05-0.10
True,0.14886683042951332,True,False,False,0.10-0.20
True,0.0,True,True,False,0-0.005
True,0.0469439919598816,True,False,False,0.02-0.05
True,0.17138116540322057,True,True,True,0.10-0.20
False,0.12333357709252771,True,True,True,0.10-0.20
True,0.18586469197369218,True,True,True,0.10-0.20
True,0.16174094765871422,True,True,True,0.10-0.20
False,0.13885062696547232,True,True,True,0.10-0.20
False,0.12278589271133113,False,True,True,0.10-0.20
False,0.024936945434373192,True,True,True,0.02-0.05
True,0.028256480017221336,True,True,True,0.02-0.05
True,0.22237897083343514,True,True,True,
False,0.15836282606212088,True,True,True,0.10-0.20
False,0.10852686622185051,True,True,True,0.10-0.20
True,0.037434210960170716,True,True,True,0.02-0.05
False,0.04531262725746707,True,True,True,0.02-0.05
True,0.18586312527664448,True,True,True,0.10-0.20
True,0.19829813040127478,True,True,True,0.10-0.20
False,0.11397352965301637,True,True,True,0.10-0.20
True,0.05423642256518418,True,True,True,0.05-0.10
False,0.0,True,True,True,0-0.005
True,0.16933755260977826,True,True,True,0.10-0.20
True,0.21327484202141972,True,True,True,
True,0.11650471368513993,True,True,True,0.10-0.20
True,0.062466971444512714,True,True,True,0.05-0.10
False,0.04816408978226346,True,True,True,0.02-0.05
False,0.057903143520985606,True,True,True,0.05-0.10
False,0.13981065226081482,True,True,True,0.10-0.20
False,0.05991531710743582,True,True,True,0.05-0.10
True,0.0,True,False,False,0-0.005
True,0.21319656709843596,True,True,True,
False,0.0,True,True,False,0-0.005
True,0.12121588312148672,True,True,True,0.10-0.20
False,0.10730817824743946,True,True,True,0.10-0.20
False,0.08078153646588836,True,True,True,0.05-0.10
False,0.16774948401199047,True,True,True,0.10-0.20
True,0.022383674662335137,True,True,True,0.02-0.05
False,0.06190570047420194,True,True,True,0.05-0.10
True,0.09842664210893996,True,True,True,0.05-0.10
True,0.18208779486093618,True,True,True,0.10-0.20
True,0.12979407622938513,True,True,True,0.10-0.20
True,0.0,True,True,True,0-0.005
False,0.19586899442956987,True,True,True,0.10-0.20
True,0.05490457968816055,True,True,True,0.05-0.10
True,0.16763981957298218,True,True,True,0.10-0.20
False,0.13439603608406028,True,True,True,0.10-0.20
True,0.0,True,True,True,0-0.005
False,0.15237004364670384,False,True,True,0.10-0.20
True,0.1217505827734412,True,False,True,0.10-0.20
False,0.04534746350918394,False,True,True,0.02-0.05
False,0.1994388899557045,True,True,True,0.10-0.20
False,0.15232262776174668,True,True,True,0.10-0.20
True,0.11356600479683447,True,False,False,0.10-0.20
True,0.11833414572354253,True,False,False,0.10-0.20
True,0.05143339459198316,True,False,True,0.05-0.10
True,0.0,True,True,True,0-0.005
False,0.04651995975330531,False,True,True,0.02-0.05
False,0.12515714825912286,True,True,True,0.10-0.20
True,0.01249816035456633,True,True,True,0.01-0.02
False,0.04884353697052612,True,True,True,0.02-0.05
False,0.19543147579011264,True,True,True,0.10-0.20
True,0.04181003038894233,True,True,True,0.02-0.05
True,0.17436902309997201,True,True,True,0.10-0.20
True,0.16558388941188956,True,True,True,0.10-0.20
False,0.14400546024903235,False,True,True,0.10-0.20
False,0.1723347283930992,False,True,True,0.10-0.20
False,0.11698657119573601,True,True,True,0.10-0.20
True,0.07875778610871066,True,True,True,0.05-0.10
False,0.029866706104847266,True,True,True,0.02-0.05
True,0.0,True,False,True,0-0.005
False,0.1453867022232831,True,True,True,0.10-0.20
True,0.0,True,True,True,0-0.005
False,0.10810995071995805,True,True,True,0.10-0.20
True,0.16794583659627416,True,True,True,0.10-0.20
True,0.0,True,True,True,0-0.005
False,0.026868230096840973,True,True,True,0.02-0.05
False,0.004268855907350167,True,True,True,0-0.005
False,0.05269872399512473,True,True,True,0.05-0.10
True,0.10348663895552677,True,True,True,0.10-0.20
True,0.14842181145861288,True,True,True,0.10-0.20
True,0.09588199013269282,True,True,True,0.05-0.10
True,0.010254291733480398,True,True,True,0.01-0.02
True,0.06471364423832617,True,True,True,0.05-0.10
False,0.08219312205418872,True,True,True,0.05-0.10
True,0.07409141216496826,True,True,True,0.05-0.10
True,0.11979465447493907,True,True,True,0.10-0.20
False,0.0,True,True,True,0-0.005
True,0.035486309470908806,True,True,True,0.02-0.05
False,0.015218783613017988,True,True,True,0.01-0.02
False,0.17863374374767868,False,True,True,0.10-0.20
True,0.07285784116913192,True,True,True,0.05-0.10
False,0.08412115366510399,False,True,True,0.05-0.10
True,0.00428987894114526,True,True,True,0-0.005
True,0.12767629670403738,True,True,True,0.10-0.20
True,0.03313276653349833,True,False,True,0.02-0.05
True,0.18970562156460474,True,True,True,0.10-0.20
True,0.15934034029265,True,True,True,0.10-0.20
False,0.058811949628724935,True,True,True,0.05-0.10
True,0.08746748093744618,True,True,True,0.05-0.10
False,0.124287298147011,True,True,True,0.10-0.20
False,0.042489341608331004,False,True,True,0.02-0.05
False,0.09440738304461314,True,True,True,0.05-0.10
True,0.16187999489569785,True,False,True,0.10-0.20
True,0.1293494474449852,True,True,True,0.10-0.20
False,0.16064514717308087,True,True,True,0.10-0.20
False,0.09472239797372926,True,True,True,0.05-0.10
True,0.14001180769533342,True,True,True,0.10-0.20
True,0.17016791249374416,True,True,True,0.10-0.20
True,0.02794901339181792,True,True,True,0.02-0.05
True,0.0,True,True,True,0-0.005
True,0.021162902528014924,True,True,True,0.02-0.05
False,0.012501562062956809,True,True,True,0.01-0.02
True,0.10146268859070962,True,True,True,0.10-0.20
True,0.18866602264628066,True,True,True,0.10-0.20
True,0.07805226948260566,True,True,True,0.05-0.10
True,0.08040303438895617,True,True,True,0.05-0.10
True,0.0,True,True,True,0-0.005
True,0.08622178379754182,True,True,True,0.05-0.10
True,0.11733587325505566,True,True,True,0.10-0.20
False,0.0,True,True,True,0-0.005
True,0.0456655216938642,True,False,False,0.02-0.05
False,0.09394092687157628,True,True,True,0.05-0.10
True,0.12367924065974259,True,False,True,0.10-0.20
False,0.1408289411526874,False,True,True,0.10-0.20
True,0.17570588235774315,True,True,True,0.10-0.20
True,0.09468389574977708,True,True,True,0.05-0.10
True,0.061111120544698444,True,True,True,0.05-0.10
False,0.048292582255426396,False,True,True,0.02-0.05
True,0.07206742614460938,True,True,True,0.05-0.10
False,0.07889674810539107,True,True,True,0.05-0.10
False,0.00016980706755545882,True,True,True,0-0.005
False,0.1611709559997741,True,True,True,0.10-0.20
False,0.1399151882611835,True,True,True,0.10-0.20
True,0.070308056417461,True,True,True,0.05-0.10
True,0.05304198017421461,True,True,True,0.05-0.10
False,0.011805113096187555,True,True,True,0.01-0.02
False,0.20324941161114204,True,True,True,
True,0.12944487028936405,True,True,True,0.10-0.20
True,0.0,True,True,True,0-0.005
True,0.009418595655688894,True,True,True,0.005-0.01
False,0.011973781588745916,True,True,True,0.01-0.02
False,0.14675334909925655,True,True,True,0.10-0.20
True,0.013849043688940353,True,True,True,0.01-0.02
True,0.08086234392187718,True,True,True,0.05-0.10
True,0.13363627933473612,True,True,True,0.10-0.20
False,0.122823008551771,True,True,True,0.10-0.20
True,0.025154656014409794,True,False,True,0.02-0.05
True,0.13705870914610035,True,True,True,0.10-0.20
False,0.1669828676080257,True,True,True,0.10-0.20
True,0.15361234062702647,True,True,True,0.10-0.20
True,0.1608714716652083,True,True,True,0.10-0.20
True,0.05488583089505375,True,True,True,0.05-0.10
True,0.13676465259179413,True,True,True,0.10-0.20
False,0.0,True,True,True,0-0.005
True,0.17854438599824368,True,True,True,0.10-0.20
True,0.09228515091742487,True,True,True,0.05-0.10
True,0.18890713165198997,True,True,True,0.10-0.20
False,0.0,True,True,True,0-0.005
True,0.07356565106444586,True,True,True,0.05-0.10
True,0.13193595766821373,True,True,True,0.10-0.20
True,0.035014845255014554,True,True,True,0.02-0.05
True,0.0518788062848937,True,False,True,0.05-0.10
True,0.09525879990343779,True,True,True,0.05-0.10
True,0.1947789283549833,True,True,True,0.10-0.20
False,0.07282475644123475,True,True,True,0.05-0.10
False,0.1264929772675123,True,True,True,0.10-0.20
True,0.17495454153940299,True,True,True,0.10-0.20
False,0.13726068917731957,True,True,True,0.10-0.20
False,0.10666571935205996,True,True,True,0.10-0.20
True,0.15291190342648323,True,True,True,0.10-0.20
False,0.14403618621235362,True,True,True,0.10-0.20
False,0.008681883874018023,True,True,True,0.005-0.01
True,0.0,True,True,True,0-0.005
True,0.11910372645925812,True,True,True,0.10-0.20
False,0.20748716318348726,True,True,True,
True,0.14396437732604564,True,True,True,0.10-0.20
False,0.1117208636490329,True,True,True,0.10-0.20
True,0.19166131825236193,True,True,True,0.10-0.20
True,0.09857976749446136,True,False,False,0.05-0.10
True,0.040350026607975056,True,True,True,0.02-0.05
True,0.19593923242631145,True,False,True,0.10-0.20
True,0.06751484306636346,True,True,True,0.05-0.10
True,0.017287158992544818,True,True,True,0.01-0.02
True,0.08186915092911232,True,True,True,0.05-0.10
True,0.11796183853699727,True,True,True,0.10-0.20
True,0.0,True,True,True,0-0.005
False,0.11768188921734786,True,True,True,0.10-0.20
True,0.12126545506301768,True,True,True,0.10-0.20
False,0.1458771395047446,True,True,True,0.10-0.20
False,0.19835140929938563,True,True,True,0.10-0.20
True,0.18207210847981117,True,True,True,0.10-0.20
False,0.03446544047731584,True,True,True,0.02-0.05
True,0.1883935466519548,True,True,True,0.10-0.20
True,0.024854221910160144,True,False,False,0.02-0.05
False,0.15137757188982742,True,True,True,0.10-0.20
False,0.04109612684192981,False,True,True,0.02-0.05
True,0.10996935609725615,True,True,True,0.10-0.20
False,0.10639416036401127,True,True,True,0.10-0.20
True,0.06068206927848094,True,True,True,0.05-0.10
True,0.09335488039818994,True,False,True,0.05-0.10
True,0.06692034539974229,True,True,True,0.05-0.10
False,0.0,True,True,True,0-0.005
True,0.09553311814086611,True,False,False,0.05-0.10
False,0.21291661169581946,True,True,True,
False,0.08188112032225338,True,True,True,0.05-0.10
True,0.05802243643396861,True,False,True,0.05-0.10
False,0.08845108236980266,True,True,True,0.05-0.10
True,0.0,True,False,False,0-0.005
False,0.01730817568083525,True,True,True,0.01-0.02
False,0.13277724257192874,True,True,True,0.10-0.20
True,0.04335932293794355,True,False,True,0.02-0.05
True,0.08414949957750076,True,True,True,0.05-0.10
True,0.1661934802589956,True,True,True,0.10-0.20
True,0.15843025702212307,True,True,True,0.10-0.20
True,0.05505271250710079,True,True,True,0.05-0.10
True,0.08471439480958677,True,True,True,0.05-0.10
True,0.015300248857219121,True,False,True,0.01-0.02
False,0.1682844697893773,True,True,True,0.10-0.20
False,0.044334929565241474,True,True,True,0.02-0.05
False,0.051469796694555425,False,True,True,0.05-0.10
True,0.06710719214296114,True,True,True,0.05-0.10
True,0.18241428146914265,True,True,True,0.10-0.20
False,0.16794343786780916,True,True,True,0.10-0.20
False,0.09633491183010534,True,True,True,0.05-0.10
False,0.060973659763202764,False,True,True,0.05-0.10
True,0.08079373518268464,True,True,True,0.05-0.10
False,0.18536181317248077,True,True,True,0.10-0.20
True,0.0806556473068627,True,True,True,0.05-0.10
True,0.21604510665517418,True,True,True,
False,0.2159860464016934,True,True,True,
True,0.053913714974804655,True,True,True,0.05-0.10
False,0.14235288254196046,True,True,True,0.10-0.20
False,0.18638750779353028,True,True,True,0.10-0.20
True,0.18652031214188847,True,True,True,0.10-0.20
True,0.07289257385077598,True,True,True,0.05-0.10
True,0.039808658333404995,True,True,True,0.02-0.05
False,0.16131961190123034,True,True,True,0.10-0.20
False,0.1451438684385853,True,True,True,0.10-0.20
True,0.03466833678420625,True,False,True,0.02-0.05
True,0.034211697237400654,True,True,True,0.02-0.05
False,0.01337561280532305,True,True,True,0.01-0.02
True,0.13043433181403144,True,True,True,0.10-0.20
True,0.2135178268513885,True,True,True,
True,0.04788667006685048,True,True,True,0.02-0.05
True,0.08442289813871452,True,True,True,0.05-0.10
False,0.15342745821980622,True,True,True,0.10-0.20
False,0.0035144034424164578,False,True,True,0-0.005
False,0.15837670146124522,True,True,True,0.10-0.20
True,0.0,True,False,True,0-0.005
True,0.04250461775819215,True,True,True,0.02-0.05
False,0.0,True,True,False,0-0.005
True,0.046750773617439456,True,True,True,0.02-0.05
False,0.0,True,True,True,0-0.005
True,0.013519954458974035,True,False,True,0.01-0.02
True,0.09213496122324362,True,True,True,0.05-0.10
True,0.0722589105009394,True,False,True,0.05-0.10
True,0.03924400189643863,True,True,True,0.02-0.05
False,0.06209755571425694,True,True,True,0.05-0.10
False,0.0,True,True,True,0-0.005
False,0.004144561134884169,True,True,True,0-0.005
True,0.07275304875212371,True,True,True,0.05-0.10
True,0.08657470104572565,True,True,True,0.05-0.10
False,0.08050641125732769,True,True,True,0.05-0.10
False,0.04587577305753829,True,True,True,0.02-0.05
True,0.12788931162544417,True,False,True,0.10-0.20
False,0.10667157332173877,True,True,True,0.10-0.20
True,0.07147975522136371,True,True,True,0.05-0.10
True,0.12053201266447286,True,True,True,0.10-0.20
True,0.051792751412117276,True,True,True,0.05-0.10
True,0.13161380807146209,True,True,True,0.10-0.20
True,0.18984261716865175,True,True,True,0.10-0.20
True,0.14979848369250826,True,False,True,0.10-0.20
False,0.1429171528671946,False,True,True,0.10-0.20
True,0.06494307829848306,True,True,True,0.05-0.10
False,0.05394702500332551,True,True,True,0.05-0.10
True,0.029091701356015673,True,True,True,0.02-0.05
True,0.03557901883313134,True,True,True,0.02-0.05
False,0.015199139833974529,True,True,True,0.01-0.02
True,0.16140693424142052,True,True,True,0.10-0.20
True,0.12181546085426187,True,True,True,0.10-0.20
False,0.11826586443130861,True,True,True,0.10-0.20
True,0.06512960052033626,True,True,True,0.05-0.10
False,0.09479819276294547,True,True,True,0.05-0.10
True,0.11862834317219102,True,True,True,0.10-0.20
True,0.0,True,True,True,0-0.005
True,0.08671565361906855,True,True,True,0.05-0.10
True,0.10058741998185787,True,True,True,0.10-0.20
True,0.0553909442432746,True,False,True,0.05-0.10
False,0.03065761664871267,True,True,True,0.02-0.05
True,0.004254024059529798,True,True,True,0-0.005
True,0.06319743887866047,True,True,True,0.05-0.10
False,0.0015675210066538093,True,True,True,0-0.005
False,0.013988292064369351,True,True,True,0.01-0.02
False,0.16257056749707727,True,True,True,0.10-0.20
False,0.12994622919644552,False,True,True,0.10-0.20
True,0.16781194290152546,True,False,False,0.10-0.20
True,0.0,True,True,True,0-0.005
False,0.1315570118200956,True,True,True,0.10-0.20
False,0.1901538686932328,True,True,True,0.10-0.20
True,0.11839205056615057,True,True,True,0.10-0.20
False,0.17141619518674084,True,True,True,0.10-0.20
True,0.041069453994875674,True,True,True,0.02-0.05
True,0.18404264157338465,True,True,True,0.10-0.20
True,0.0,True,True,True,0-0.005
True,0.1420540529191179,True,True,True,0.10-0.20
False,0.0,True,True,False,0-0.005
True,0.15796685581383135,True,True,True,0.10-0.20
True,0.07376710578348895,True,True,True,0.05-0.10
False,0.13961096034730874,True,True,True,0.10-0.20
True,0.04791740256756986,True,True,True,0.02-0.05
True,0.012813609268784054,True,True,True,0.01-0.02
True,0.0,True,True,True,0-0.005
False,0.12781707755024455,True,True,True,0.10-0.20
False,0.05247133236074339,True,True,True,0.05-0.10
True,0.0,True,True,True,0-0.005
False,0.13660523090119345,True,True,True,0.10-0.20
False,0.05040914299969218,True,True,True,0.05-0.10
False,0.0,True,True,True,0-0.005
True,0.0,True,True,True,0-0.005
True,0.03821286001491846,True,False,True,0.02-0.05
False,0.0003351290103237499,False,True,True,0-0.005
False,0.06580909831691183,True,True,True,0.05-0.10
False,0.1493741947152618,True,True,True,0.10-0.20
True,0.053953294930112694,True,True,True,0.05-0.10
True,0.1367642241922813,True,True,True,0.10-0.20
False,0.15734076822715776,True,True,True,0.10-0.20
False,0.03939349192129367,True,True,True,0.02-0.05
True,0.09827016264161373,True,True,True,0.05-0.10
True,0.09381285175738556,True,False,True,0.05-0.10
True,0.0,True,True,True,0-0.005
False,0.07265475042149254,True,True,True,0.05-0.10
False,0.10802242277519275,True,True,True,0.10-0.20
False,0.08246356798232796,True,True,True,0.05-0.10
True,0.11067073132546652,True,True,True,0.10-0.20
False,0.10322537746732043,True,True,True,0.10-0.20
True,0.1690914723393538,True,True,True,0.10-0.20
False,0.05929892902284325,True,True,True,0.05-0.10
True,0.09262074909974985,True,True,True,0.05-0.10
False,0.08457289469401714,True,True,True,0.05-0.10
True,0.025023472340469716,True,True,True,0.02-0.05
True,0.06147112077573582,True,True,True,0.05-0.10
False,0.14313240502375457,False,True,True,0.10-0.20
False,0.021676550858528792,True,True,True,0.02-0.05
False,0.1404842603183606,True,True,True,0.10-0.20
False,0.0981137052401372,True,True,True,0.05-0.10
True,0.00427987427062881,True,True,False,0-0.005
False,0.0,True,True,True,0-0.005
False,0.05940477119856939,True,True,True,0.05-0.10
False,0.12130055760103847,False,True,True,0.10-0.20
True,0.005565943391343362,True,True,True,0.005-0.01
False,0.12155179651072359,True,True,True,0.10-0.20
True,0.1546495649322079,True,True,True,0.10-0.20
True,0.04613329127811245,True,False,True,0.02-0.05
True,0.05992074722193852,True,True,True,0.05-0.10
True,0.003040833493939224,True,False,False,0-0.005
False,0.20380630891459772,True,True,True,
False,0.09841472156585629,True,True,True,0.05-0.10
True,0.033695414549349406,True,True,True,0.02-0.05
False,0.2084530668085765,True,True,True,
True,0.046125876422073726,True,False,True,0.02-0.05
False,0.0,True,True,True,0-0.005
True,0.0760612706956025,True,True,True,0.05-0.10
False,0.0370271314416476,True,True,True,0.02-0.05
False,0.04016681983131815,True,True,True,0.02-0.05
True,0.025105505405540116,True,True,True,0.02-0.05
True,0.03518990210979388,True,True,True,0.02-0.05
False,0.0390473474996361,True,True,True,0.02-0.05
False,0.16348961655558605,True,True,True,0.10-0.20
False,0.024196989146422165,False,True,True,0.02-0.05
True,0.11742285432849102,True,True,True,0.10-0.20
True,0.0,True,False,False,0-0.005
False,0.21074496828871075,True,True,True,
False,0.0814411571789632,False,True,True,0.05-0.10
False,0.0,True,True,True,0-0.005
False,0.011416107342667656,True,True,True,0.01-0.02
False,0.09479537848803102,True,True,True,0.05-0.10
True,0.1430397952792859,True,True,True,0.10-0.20
True,0.07129578034967217,True,True,True,0.05-0.10
True,0.0,True,True,True,0-0.005
False,0.14717769638094066,True,True,True,0.10-0.20
True,0.07145892198720147,True,True,True,0.05-0.10
True,0.0947319542960652,True,True,True,0.05-0.10
False,0.0916586034478241,True,True,True,0.05-0.10
True,0.11460595442936854,True,True,True,0.10-0.20
False,0.13972930783593457,True,True,True,0.10-0.20
True,0.21086810125650762,True,False,False,
True,0.1734610477055381,True,True,True,0.10-0.20
True,0.07062184610160437,True,True,True,0.05-0.10
True,0.06585426466959908,True,True,True,0.05-0.10
False,0.18412384704291831,True,True,True,0.10-0.20
False,0.09399578401786454,True,True,True,0.05-0.10
False,0.09974868767463296,True,True,True,0.05-0.10
False,0.0,True,True,False,0-0.005
True,0.12001732753121375,True,True,True,0.10-0.20
False,0.15315599735919488,True,True,True,0.10-0.20
True,0.04288430216673095,True,True,True,0.02-0.05
False,0.026171149429242174,True,True,True,0.02-0.05
True,0.0030986748525744143,True,False,True,0-0.005
False,0.0,False,True,True,0-0.005
False,0.06180438870849578,True,True,True,0.05-0.10
False,0.09209518216117085,True,True,True,0.05-0.10
False,0.15016383126160712,False,True,True,0.10-0.20
False,0.01840407334117477,True,True,True,0.01-0.02
False,0.06625978814903336,True,True,True,0.05-0.10
True,0.11115530170004176,True,True,True,0.10-0.20
False,0.16328782070253775,True,True,True,0.10-0.20
True,0.04852022105486821,True,True,True,0.02-0.05
False,0.1330550172258988,True,True,True,0.10-0.20
False,0.12481390551439374,False,True,True,0.10-0.20
True,0.12952809009904198,True,True,True,0.10-0.20
True,0.10404571945700565,True,True,True,0.10-0.20
True,0.02719520213064767,True,False,True,0.02-0.05
False,0.14435934480101473,True,True,True,0.10-0.20
True,0.11347569429576564,True,True,True,0.10-0.20
False,0.17513921522524944,True,True,True,0.10-0.20
False,0.11465821352250287,False,True,True,0.10-0.20
True,0.0954509948371388,True,True,True,0.05-0.10
True,0.17130327457438482,True,True,True,0.10-0.20
False,0.13206355260820174,True,True,True,0.10-0.20
False,0.048949287771046596,True,True,True,0.02-0.05
False,0.15278072338957746,True,True,True,0.10-0.20
True,0.01820318004107561,True,True,True,0.01-0.02
True,0.0,True,True,True,0-0.005
False,0.1200402480303002,True,True,True,0.10-0.20
False,0.13535969965209735,True,True,True,0.10-0.20
True,0.16811422451372013,True,True,True,0.10-0.20
True,0.11403808243807928,True,True,True,0.10-0.20
True,0.18636662412916505,True,True,True,0.10-0.20
False,0.05203971045006633,True,True,True,0.05-0.10
True,0.10761063856084634,True,True,True,0.10-0.20
True,0.06879718402871587,True,False,True,0.05-0.10
False,0.02243734211536472,False,True,True,0.02-0.05
True,0.052464431271279435,True,True,True,0.05-0.10
False,0.10059171768997555,True,True,True,0.10-0.20
True,0.05591108227109348,True,True,True,0.05-0.10
True,0.07638970987815873,True,True,True,0.05-0.10
False,0.16319468213375007,True,True,True,0.10-0.20
True,0.038757935005961704,True,True,True,0.02-0.05
False,0.2026027549686239,True,True,True,
False,0.011846598158656442,True,True,True,0.01-0.02
True,0.014856615078333631,True,True,True,0.01-0.02
False,0.07267654212463491,False,True,True,0.05-0.10
False,0.0310309203867527,True,True,True,0.02-0.05
True,0.1386081572476799,True,True,True,0.10-0.20
False,0.02952441624022348,True,True,True,0.02-0.05
True,0.13935730267896104,True,True,True,0.10-0.20
False,0.1268408127755946,True,True,True,0.10-0.20
False,0.06898853373885293,False,True,True,0.05-0.10
True,0.08963480642136878,True,True,True,0.05-0.10
True,0.0,True,True,True,0-0.005
True,0.12603221010016405,True,True,True,0.10-0.20
False,0.08231032945419543,True,True,True,0.05-0.10
True,0.19051809071740292,True,True,True,0.10-0.20
False,0.16337702464773537,True,True,True,0.10-0.20
True,0.01365784090796137,True,True,True,0.01-0.02
True,0.08458377470731401,True,True,True,0.05-0.10
True,0.01427408025803646,True,True,True,0.01-0.02
False,0.04008125353622913,True,True,True,0.02-0.05
True,0.09053341026179962,True,True,True,0.05-0.10
True,0.17485066187268938,True,True,True,0.10-0.20
False,0.1770512700301312,True,True,True,0.10-0.20
False,0.19676445973453696,True,True,True,0.10-0.20
False,0.15627737216386092,True,True,True,0.10-0.20
True,0.16045977513427825,True,False,True,0.10-0.20
False,0.1824711890578021,False,True,True,0.10-0.20
True,0.048543569095873214,True,True,True,0.02-0.05
True,0.04477517090660147,True,False,True,0.02-0.05
True,0.21785186063153064,True,True,True,
False,0.02473326808031492,False,True,True,0.02-0.05
False,0.11290142663624657,True,True,True,0.10-0.20
False,0.08309049486828143,True,True,True,0.05-0.10
False,0.11724589686207827,True,True,True,0.10-0.20
False,0.0019561752655850163,True,True,True,0-0.005
False,0.11638512666800192,True,True,True,0.10-0.20
False,0.06630644900326066,False,True,True,0.05-0.10
True,0.09421867306005473,True,True,True,0.05-0.10
False,0.1257904139366471,False,True,True,0.10-0.20
True,0.021865971357522104,True,True,True,0.02-0.05
False,0.17582564462080982,True,True,True,0.10-0.20
False,0.029011726428857815,True,True,True,0.02-0.05
True,0.11627987521298422,True,True,True,0.10-0.20
True,0.0007251338148812969,True,True,True,0-0.005
False,0.037373164832066846,True,True,True,0.02-0.05
False,0.029633130530943068,False,True,True,0.02-0.05
False,0.06318638569543442,False,True,True,0.05-0.10
True,0.13458410938714593,True,True,True,0.10-0.20
True,0.08281687519081217,True,True,True,0.05-0.10
False,0.13461682312564605,True,True,True,0.10-0.20
True,0.1913713644057814,True,True,True,0.10-0.20
False,0.10141863560593022,True,True,True,0.10-0.20
True,0.19375404660795775,True,True,True,0.10-0.20
False,0.12463911854175291,True,True,True,0.10-0.20
True,0.13910488653207875,True,False,True,0.10-0.20
True,0.02263326381886183,True,True,True,0.02-0.05
True,0.019889024160805648,True,True,False,0.01-0.02
True,0.16299836637181755,True,True,True,0.10-0.20
True,0.14633773032385516,True,True,True,0.10-0.20
True,0.06757746040796711,True,True,True,0.05-0.10
False,0.10805061165194102,True,True,True,0.10-0.20
False,0.007648139789832884,True,True,True,0.005-0.01
False,0.14484427282745316,False,True,True,0.10-0.20
True,0.0,True,True,True,0-0.005
True,0.04770994266966785,True,True,True,0.02-0.05
True,0.1981939539385347,True,True,True,0.10-0.20
False,0.1787664500883734,True,True,True,0.10-0.20
False,0.16938581298620767,True,True,True,0.10-0.20
False,0.1265527293199899,True,True,True,0.10-0.20
False,0.0037712798609253846,True,True,True,0-0.005
True,0.0,True,True,True,0-0.005
True,0.0816560037274337,True,True,True,0.05-0.10
True,0.04645836072377213,True,True,True,0.02-0.05
True,0.17039366114165885,True,True,True,0.10-0.20
False,0.0,True,True,True,0-0.005
False,0.05947611860616466,True,True,True,0.05-0.10
True,0.21282728023241249,True,True,True,
True,0.10686738773654271,True,False,True,0.10-0.20
True,0.09812197746763637,True,True,True,0.05-0.10
False,0.1549439877001974,True,True,True,0.10-0.20
True,0.15759130881209862,True,True,True,0.10-0.20
False,0.0,True,True,True,0-0.005
True,0.011429713906387664,True,True,True,0.01-0.02
False,0.2002735946885266,True,True,True,
False,0.17859322138653455,True,True,True,0.10-0.20
False,0.11618212135218282,True,True,True,0.10-0.20
True,0.035398538066528616,True,True,True,0.02-0.05
True,0.021659117339450994,True,True,True,0.02-0.05
False,0.055964598401042905,True,True,True,0.05-0.10
True,0.0,True,True,True,0-0.005
False,0.09593606174334288,True,True,True,0.05-0.10
True,0.0,True,True,True,0-0.005
True,0.14615822635987225,True,True,True,0.10-0.20
True,0.14488562218775955,True,True,True,0.10-0.20
False,0.035404166660999194,True,True,True,0.02-0.05
True,0.10947846098375912,True,False,True,0.10-0.20
True,0.12824252049813248,True,True,True,0.10-0.20
True,0.05628224942642789,True,True,True,0.05-0.10
True,0.1676583104857805,True,False,False,0.10-0.20
False,0.11920777767586009,True,True,True,0.10-0.20
False,0.01526251562109448,True,True,True,0.01-0.02
False,0.054580607398865284,True,True,True,0.05-0.10
False,0.0,True,True,False,0-0.005
True,0.12832473820455548,True,False,True,0.10-0.20
False,0.047021896552920425,True,True,True,0.02-0.05
True,0.07986825728165078,True,True,True,0.05-0.10
False,0.0,True,True,True,0-0.005
True,0.003642967985803269,True,True,True,0-0.005
False,0.06880132818935668,False,True,True,0.05-0.10
False,0.04773807762662215,True,True,True,0.02-0.05
False,0.1786645216697968,False,True,True,0.10-0.20
True,0.010087024181535406,True,True,True,0.01-0.02
False,0.13964261646629667,True,True,True,0.10-0.20
False,0.11391868511985796,True,True,True,0.10-0.20
True,0.14094999476372203,True,True,True,0.10-0.20
True,0.04149908703992244,True,True,True,0.02-0.05
True,0.0007157292928752432,True,True,True,0-0.005
True,0.13283875652692984,True,True,True,0.10-0.20
False,0.09815131067218634,True,True,True,0.05-0.10
True,0.14963011754023073,True,True,True,0.10-0.20
True,0.14535997741733525,True,False,False,0.10-0.20
True,0.1530591741610664,True,True,True,0.10-0.20
True,0.008017264735852883,True,True,True,0.005-0.01
True,0.016263175291776347,True,True,True,0.01-0.02
True,0.11176617625480394,True,True,True,0.10-0.20
True,0.1084629549858304,True,True,True,0.10-0.20
True,0.1849403078280085,True,False,False,0.10-0.20
True,0.025589353082122304,True,False,True,0.02-0.05
False,0.10811819553195114,True,True,True,0.10-0.20
True,0.03166667790712843,True,True,True,0.02-0.05
False,0.12907201046696287,True,True,True,0.10-0.20
True,0.08800220335424641,True,True,True,0.05-0.10
False,0.17358763785223863,True,True,True,0.10-0.20
False,0.17185145390099213,False,True,True,0.10-0.20
True,0.11691521333567124,True,True,True,0.10-0.20
True,0.17185815992894038,True,True,True,0.10-0.20
True,0.18220425974779839,True,True,True,0.10-0.20
True,0.07591443960318689,True,True,True,0.05-0.10
True,0.0,True,True,True,0-0.005
False,0.015585343640127486,True,True,True,0.01-0.02
False,0.0,True,True,True,0-0.005
True,0.0,True,True,True,0-0.005
False,0.0,True,True,False,0-0.005
False,0.05976976063412712,True,True,True,0.05-0.10
False,0.11835838096859569,True,True,True,0.10-0.20
False,0.12791390653221396,True,True,True,0.10-0.20
False,0.21830315486441532,True,True,True,
True,0.0,True,True,True,0-0.005
False,0.09962158502371762,True,True,True,0.05-0.10
False,0.08168901102500126,True,True,True,0.05-0.10
False,0.1559304643687887,True,True,True,0.10-0.20
True,0.13086823048013216,True,True,True,0.10-0.20
True,0.013744103227033145,True,True,True,0.01-0.02
False,0.15013122816142177,True,True,True,0.10-0.20
True,0.1173183723154935,True,True,True,0.10-0.20
True,0.1413884426276228,True,True,True,0.10-0.20
False,0.1896962020902443,True,True,True,0.10-0.20
False,0.11823764929678375,True,True,True,0.10-0.20
True,0.030726297783097108,True,True,True,0.02-0.05
True,0.16581765554587588,True,True,True,0.10-0.20
True,0.06086796387755545,True,True,True,0.05-0.10
False,0.04036545639764146,True,True,True,0.02-0.05
True,0.05200551534058997,True,True,True,0.05-0.10
True,0.19975556883888232,True,True,True,0.10-0.20
False,0.0780115856804427,True,True,True,0.05-0.10
False,0.02442582062340591,True,True,True,0.02-0.05
True,0.09511464263181836,True,True,True,0.05-0.10
False,0.09694007276401914,True,True,True,0.05-0.10
True,0.025410021148654982,True,True,True,0.02-0.05
True,0.11297706700037179,True,True,True,0.10-0.20
False,0.016710036886959392,True,True,True,0.01-0.02
True,0.08799966245276272,True,True,True,0.05-0.10
True,0.15394900719843418,True,True,True,0.10-0.20
True,0.09346791960150562,True,True,True,0.05-0.10
False,0.14306801240290737,True,True,True,0.10-0.20
True,0.021211587941990972,True,False,True,0.02-0.05
False,0.010060550857316363,True,True,True,0.01-0.02
False,0.1298179282528195,True,True,True,0.10-0.20
True,0.0714851523683595,True,True,True,0.05-0.10
True,0.08594451814340373,True,True,True,0.05-0.10
True,0.04864224981779466,True,True,True,0.02-0.05
True,0.09939778048051526,True,False,True,0.05-0.10
True,0.18084711594647912,True,False,False,0.10-0.20
False,0.02497036669636914,False,True,True,0.02-0.05
False,0.04098073625324127,True,True,True,0.02-0.05
True,0.0062006463819895205,True,False,False,0.005-0.01
False,0.10711667664801994,True,True,True,0.10-0.20
True,0.014752718909824313,True,True,True,0.01-0.02
True,0.0853565556134155,True,True,True,0.05-0.10
False,0.07665823546539142,True,True,True,0.05-0.10
True,0.04751274605947347,True,True,True,0.02-0.05
True,0.004398912009665009,True,True,True,0-0.005
True,0.0,True,True,True,0-0.005
False,0.1288145733515195,True,True,True,0.10-0.20
False,0.0,True,True,False,0-0.005
False,0.05636471593425473,True,True,True,0.05-0.10
True,0.06764598296543277,True,True,True,0.05-0.10
True,0.17913943333321214,True,True,True,0.10-0.20
True,0.13216800993001498,True,True,True,0.10-0.20
True,0.11423135985417433,True,True,True,0.10-0.20
True,0.20945518473196928,True,True,True,
False,0.19519070209738473,True,True,True,0.10-0.20
False,0.02179370491581882,False,True,True,0.02-0.05
False,0.05998980233060934,True,True,True,0.05-0.10
True,0.00505761452454556,True,True,True,0.005-0.01
True,0.13916776509949,True,True,True,0.10-0.20
False,0.20017518889570599,True,True,True,
True,0.16413706514035772,True,True,True,0.10-0.20
True,0.05080014799306481,True,True,True,0.05-0.10
True,0.103067693197104,True,True,True,0.10-0.20
False,0.07945999495325709,False,True,True,0.05-0.10
False,0.13121753779076673,False,True,True,0.10-0.20
False,0.01339214603505452,True,True,True,0.01-0.02
True,0.015253064938761362,True,True,True,0.01-0.02
True,0.17400334222632102,True,True,True,0.10-0.20
True,0.12595921587729314,True,True,True,0.10-0.20
True,0.013997548808469245,True,True,True,0.01-0.02
True,0.0009427059122833163,True,True,False,0-0.005
False,0.031728608384304635,True,True,True,0.02-0.05
True,0.029329526352033165,True,True,True,0.02-0.05
False,0.16742218364901507,True,True,True,0.10-0.20
True,0.173653664252595,True,True,True,0.10-0.20
False,0.21642054776664443,True,True,True,
False,0.19576623672477675,True,True,True,0.10-0.20
True,0.04402209663151634,True,False,False,0.02-0.05
True,0.07088957379236216,True,True,True,0.05-0.10
True,0.07743786668335294,True,True,True,0.05-0.10
False,0.08867952947193057,True,True,True,0.05-0.10
True,0.054575576228813594,True,True,True,0.05-0.10
False,0.0,True,True,False,0-0.005
True,0.0957531837153175,True,True,True,0.05-0.10
False,0.1637363955452997,True,True,True,0.10-0.20
True,0.015011887323132966,True,True,True,0.01-0.02
True,0.0659078329201056,True,False,True,0.05-0.10
False,0.08859481789076842,True,True,True,0.05-0.10
False,0.1871029318412823,True,True,True,0.10-0.20
False,0.16314130930593676,False,True,True,0.10-0.20
False,0.14935633819636956,False,True,True,0.10-0.20
True,0.11354259688105854,True,True,True,0.10-0.20
True,0.22623689859843255,True,True,True,
True,0.14642477913260832,True,True,True,0.10-0.20
False,0.0,False,True,True,0-0.005
True,0.11545692142700319,True,True,True,0.10-0.20
False,0.09462289763472737,True,True,True,0.05-0.10
False,0.01949299933722764,True,True,True,0.01-0.02
True,0.010614314267688389,True,False,True,0.01-0.02
False,0.0,True,True,True,0-0.005
False,0.0,True,True,False,0-0.005
True,0.07931397776352478,True,True,True,0.05-0.10
True,0.20881321169166242,True,True,True,
True,0.120165791628071,True,True,True,0.10-0.20
True,0.15847527535319939,True,True,True,0.10-0.20
False,0.04363225559476406,True,True,True,0.02-0.05
True,0.1574771691290031,True,True,True,0.10-0.20
False,0.14009589146854654,False,True,True,0.10-0.20
True,0.0,True,False,True,0-0.005
False,0.13669872033035704,True,True,True,0.10-0.20
False,0.015195323187171504,True,True,True,0.01-0.02
True,0.11330845332029185,True,False,False,0.10-0.20
False,0.13902670779316764,True,True,True,0.10-0.20
True,0.035754735276211945,True,True,True,0.02-0.05
True,0.07185670803563082,True,True,True,0.05-0.10
True,0.20200237312263758,True,True,True,
True,0.009596218903972392,True,False,True,0.005-0.01
False,0.0,True,True,True,0-0.005
True,0.1495259007056131,True,True,True,0.10-0.20
True,0.0,True,False,True,0-0.005
True,0.10579739195237148,True,True,True,0.10-0.20
True,0.07178499224495377,True,True,True,0.05-0.10
False,0.0,True,True,False,0-0.005
False,0.12195260337194015,True,True,True,0.10-0.20
False,0.19325057518829636,True,True,True,0.10-0.20
False,0.007510996418470233,True,True,True,0.005-0.01
True,0.15779858659720947,True,True,True,0.10-0.20
False,0.06639277464680819,True,True,True,0.05-0.10
False,0.06964666393647236,True,True,True,0.05-0.10
False,0.19919810798046406,False,True,True,0.10-0.20
False,0.017432904018666606,True,True,True,0.01-0.02
True,0.01754353449224768,True,True,True,0.01-0.02
False,0.21117433314666512,True,True,True,
False,0.09760091950859869,True,True,True,0.05-0.10
False,0.08300479880065524,True,True,True,0.05-0.10
False,0.15959647454744483,True,True,True,0.10-0.20
True,0.06411356320870937,True,True,True,0.05-0.10
False,0.14723190214326648,True,True,True,0.10-0.20
True,0.2030842681864335,True,True,True,
True,0.21756136607402055,True,True,True,
False,0.1323471411899146,True,True,True,0.10-0.20
False,0.11986669256797347,True,True,True,0.10-0.20
False,0.0703739780586286,True,True,True,0.05-0.10
False,0.18229028837707206,True,True,True,0.10-0.20
False,0.11437422546353827,True,True,True,0.10-0.20
False,0.1391213047792912,True,True,True,0.10-0.20
False,0.10693690691928569,True,True,True,0.10-0.20
False,0.06000115059126136,False,True,True,0.05-0.10
False,0.08825231496981768,False,True,True,0.05-0.10
True,0.15207601985150587,True,True,True,0.10-0.20
False,0.015421566486163732,False,True,True,0.01-0.02
True,0.05637425865985907,True,True,True,0.05-0.10
True,0.12442439889336132,True,False,False,0.10-0.20
True,0.18835661878900575,True,True,True,0.10-0.20
False,0.0,True,True,True,0-0.005
False,0.17840811637373125,True,True,True,0.10-0.20
False,0.1384457410969089,True,True,True,0.10-0.20
False,0.17070701376104955,True,True,True,0.10-0.20
True,0.08856862380885379,True,False,True,0.05-0.10
False,0.019639261408928663,True,True,True,0.01-0.02
True,0.06369580846365416,True,True,True,0.05-0.10
False,0.16958625960911533,True,True,True,0.10-0.20
True,0.20539728489567016,True,True,True,
False,0.16678304157014148,True,True,True,0.10-0.20
True,0.10534461497281726,True,True,True,0.10-0.20
False,0.033643857854650266,True,True,True,0.02-0.05
False,0.09758671211331606,True,True,True,0.05-0.10
True,0.0,True,True,True,0-0.005
True,0.07034815823056836,True,True,True,0.05-0.10
False,0.018901145666308777,True,True,True,0.01-0.02
False,0.008775123637739168,True,True,True,0.005-0.01
False,0.023594876440531803,True,True,True,0.02-0.05
True,0.04382595176261115,True,True,True,0.02-0.05
False,0.0027743437932673293,True,True,True,0-0.005
False,0.05688978089175213,True,True,True,0.05-0.10
False,0.027122617933961854,True,True,True,0.02-0.05
False,0.08450613246134742,True,True,True,0.05-0.10
False,0.11457283820511747,True,True,True,0.10-0.20
True,0.10738445552196581,True,True,True,0.10-0.20
False,0.1367204830837486,False,True,True,0.10-0.20
True,0.10010994997492706,True,True,True,0.10-0.20
True,0.09633318732706962,True,True,True,0.05-0.10
True,0.10936919144632798,True,True,True,0.10-0.20
False,0.0015854397389003664,True,True,True,0-0.005
True,0.01160230003246554,True,True,True,0.01-0.02
True,0.00906482953703591,True,True,True,0.005-0.01
False,0.1579585588812614,False,True,True,0.10-0.20
False,0.13874205478834398,True,True,True,0.10-0.20
True,0.0651416832523884,True,True,True,0.05-0.10
True,0.023461914832662994,True,True,True,0.02-0.05
True,0.0003579255104153705,True,True,True,0-0.005
False,0.2114598870213593,True,True,True,
False,0.21230056685045404,True,True,True,
True,0.1204058430144849,True,True,True,0.10-0.20
True,0.027252885393273238,True,True,True,0.02-0.05
True,0.1806176244565236,True,True,True,0.10-0.20
True,0.11225812993297873,True,True,True,0.10-0.20
True,0.06373924703790043,True,True,True,0.05-0.10
True,0.11537321303078386,True,True,True,0.10-0.20
False,0.0,True,True,False,0-0.005
True,0.20752327640601903,True,True,True,
False,0.09290453456207816,True,True,True,0.05-0.10
True,0.07450961377749155,True,True,True,0.05-0.10
True,0.02390480995115352,True,True,True,0.02-0.05
False,0.057401341731073315,True,True,True,0.05-0.10
True,0.036141948036580246,True,True,True,0.02-0.05
False,0.11399769201247846,True,True,True,0.10-0.20
True,0.0027384432019342962,True,True,True,0-0.005
True,0.1805392938974003,True,True,True,0.10-0.20
False,0.10168859376908967,True,True,True,0.10-0.20
True,0.12820532410584218,True,True,True,0.10-0.20
False,0.01775838321225427,True,True,True,0.01-0.02
True,0.010835294846492023,True,False,False,0.01-0.02
False,0.13292735355421273,True,True,True,0.10-0.20
True,0.04061062186905946,True,True,True,0.02-0.05
False,0.07412813846023418,True,True,True,0.05-0.10
False,0.16878777300324288,True,True,True,0.10-0.20
False,0.06753023051177537,True,True,True,0.05-0.10
True,0.18138193598898983,True,True,True,0.10-0.20
False,0.03988886740827034,False,True,True,0.02-0.05
False,0.11265819576408366,True,True,True,0.10-0.20
False,0.044769106177680464,True,True,True,0.02-0.05
False,0.14900225169795953,True,True,True,0.10-0.20
True,0.11142657405759418,True,True,True,0.10-0.20
True,0.16784595857389573,True,True,True,0.10-0.20
False,0.040782205542982314,True,True,True,0.02-0.05
True,0.0021112603803737267,True,True,True,0-0.005
False,0.0,True,True,False,0-0.005
False,0.1240207739582474,True,True,True,0.10-0.20
False,0.12014700214216124,True,True,True,0.10-0.20
False,0.19150563061498876,True,True,True,0.10-0.20
False,0.10399257996381696,False,True,True,0.10-0.20
True,0.0010217591753013877,True,False,True,0-0.005
False,0.14840483036004642,True,True,True,0.10-0.20
True,0.09567817095245255,True,True,True,0.05-0.10
False,0.03068456050759917,False,True,True,0.02-0.05
False,0.12468402297648384,True,True,True,0.10-0.20
False,0.1344905089792232,True,True,True,0.10-0.20
True,0.08916535311054093,True,True,True,0.05-0.10
False,0.056600669453118785,True,True,True,0.05-0.10
False,0.15728900362237336,True,True,True,0.10-0.20
False,0.19423405688606157,True,True,True,0.10-0.20
True,0.15357939579746632,True,False,True,0.10-0.20
False,0.04102441880912744,True,True,True,0.02-0.05
False,0.15038590071932414,True,True,True,0.10-0.20
True,0.1621797888749502,True,True,True,0.10-0.20
True,0.026046240693385223,True,True,True,0.02-0.05
False,0.13440652559166946,True,True,True,0.10-0.20
True,0.03955399972280021,True,True,False,0.02-0.05
False,0.045656308439911635,True,True,True,0.02-0.05
True,0.12289135103245476,True,True,True,0.10-0.20
True,0.15830425095943718,True,True,True,0.10-0.20
True,0.16150232711378093,True,True,True,0.10-0.20
False,0.11190005631900125,True,True,True,0.10-0.20
False,0.05812417332465644,True,True,True,0.05-0.10
False,0.0808008960684492,True,True,True,0.05-0.10
True,0.14172222288043843,True,True,True,0.10-0.20
True,0.15074359270206852,True,True,True,0.10-0.20
False,0.0780447553035324,True,True,True,0.05-0.10
True,0.0,True,True,True,0-0.005
True,0.0,True,True,True,0-0.005
False,0.045285386450965325,False,True,True,0.02-0.05
False,0.14423873658161382,True,True,True,0.10-0.20
True,0.0,True,True,True,0-0.005
False,0.06328257937086514,False,True,True,0.05-0.10
False,0.11116432792465286,True,True,True,0.10-0.20
True,0.11306342943707266,True,True,True,0.10-0.20
False,0.0,True,True,False,0-0.005
True,0.07365482196361865,True,True,True,0.05-0.10
False,0.049851396483168775,True,True,True,0.02-0.05
True,0.05151750321215551,True,True,True,0.05-0.10
False,0.04757212206560076,True,True,True,0.02-0.05
False,0.14164023671467546,True,True,True,0.10-0.20
True,0.14943136873862461,True,True,True,0.10-0.20
False,0.08210406577302372,True,True,True,0.05-0.10
True,0.21782240354574656,True,True,True,
False,0.04292141708184514,True,True,True,0.02-0.05
True,0.04943610317465092,True,False,True,0.02-0.05
True,0.0034788675383969577,True,True,True,0-0.005
False,0.0,True,True,False,0-0.005
False,0.0,False,True,False,0-0.005
True,0.1488964102702548,True,False,False,0.10-0.20
False,0.1401282025109615,True,True,True,0.10-0.20
False,0.02191332536153841,True,True,True,0.02-0.05
False,0.1267104192621905,True,True,True,0.10-0.20
True,0.13750933439233287,True,True,True,0.10-0.20
False,0.033540676473778626,False,True,True,0.02-0.05
False,0.1246440086677423,True,True,True,0.10-0.20
False,0.005377197700833076,True,True,True,0.005-0.01
True,0.1302664739195754,True,True,True,0.10-0.20
False,0.22299632102543912,True,True,True,
False,0.010658591181332175,True,True,True,0.01-0.02
False,0.047808065647133746,False,True,True,0.02-0.05
True,0.0,True,False,True,0-0.005
False,0.09864153278847544,True,True,True,0.05-0.10
False,0.011404072914106608,True,True,True,0.01-0.02
False,0.15929024650769158,True,True,True,0.10-0.20
False,0.2044542431265494,True,True,True,
True,0.015289341076740976,True,False,False,0.01-0.02
True,0.18435551028923214,True,True,True,0.10-0.20
True,0.10790253472940407,True,True,True,0.10-0.20
False,0.1825850020680983,True,True,True,0.10-0.20
True,0.12233785813007694,True,True,True,0.10-0.20
False,0.14893033802299183,True,True,True,0.10-0.20
True,0.14940205159648887,True,False,True,0.10-0.20
False,0.011994079161516496,True,True,True,0.01-0.02
True,0.16254945519734124,True,True,True,0.10-0.20
False,0.030854350926496892,False,False,False,0.02-0.05
True,0.1356517674508706,True,True,True,0.10-0.20
True,0.20284929708233523,True,True,True,
True,0.12139668466811943,True,True,True,0.10-0.20
False,0.05564134210743053,True,True,True,0.05-0.10
True,0.12481064029249216,True,False,True,0.10-0.20
False,0.0,True,True,True,0-0.005
True,0.18377944822820436,True,True,True,0.10-0.20
True,0.0,True,False,False,0-0.005
True,0.15323997056797403,True,True,True,0.10-0.20
True,0.1676775587326835,True,False,True,0.10-0.20
False,0.19769511965663555,True,True,True,0.10-0.20
True,0.1608639498388045,True,True,True,0.10-0.20
True,0.02406974372971319,True,True,True,0.02-0.05
True,0.012930518129533239,True,True,True,0.01-0.02
True,0.03488432238698037,True,True,True,0.02-0.05
True,0.056466519799052255,True,True,True,0.05-0.10
True,0.11992362177217328,True,False,True,0.10-0.20
True,0.10687974413041552,True,True,True,0.10-0.20
False,0.17356767436636727,True,True,True,0.10-0.20
False,0.00011550288313263058,True,True,True,0-0.005
True,0.17397364103146898,True,True,True,0.10-0.20
False,0.08272324093342755,False,True,True,0.05-0.10
True,0.13230272377259256,True,True,True,0.10-0.20
False,0.1628631647079476,True,True,True,0.10-0.20
False,0.05993971598205074,True,True,True,0.05-0.10
False,0.050389893870943926,True,True,True,0.05-0.10
False,0.002229806653472773,True,True,True,0-0.005
True,0.07115306331353823,True,True,True,0.05-0.10
True,0.07898700614057144,True,False,True,0.05-0.10
True,0.13636585353443956,True,True,True,0.10-0.20
True,0.0209985587723309,True,False,True,0.02-0.05
True,0.12187821756330872,True,True,True,0.10-0.20
True,0.1497359361742724,True,True,True,0.10-0.20
True,0.11690500606649765,True,True,True,0.10-0.20
True,0.04942376201141744,True,True,True,0.02-0.05
True,0.016822871801991164,True,False,True,0.01-0.02
False,0.0668041850411495,True,True,True,0.05-0.10
False,0.12219340198574254,True,True,True,0.10-0.20
False,0.018409896118752142,True,True,True,0.01-0.02
False,0.07942318137853646,True,True,True,0.05-0.10
True,0.18568061433127928,True,True,True,0.10-0.20
True,0.026165327918927245,True,True,True,0.02-0.05
False,0.14734669014063356,True,True,True,0.10-0.20
True,0.20541233350203622,True,True,True,
False,0.12744981849050582,False,True,True,0.10-0.20
True,0.2211449619948059,True,True,True,
True,0.0,True,False,True,0-0.005
True,0.0,True,False,True,0-0.005
True,0.038977714418205286,True,True,True,0.02-0.05
True,0.13204490937939264,True,True,True,0.10-0.20
True,0.04565349098874528,True,False,True,0.02-0.05
False,0.04794746471763532,False,True,True,0.02-0.05
False,0.12123655429158212,True,True,True,0.10-0.20
False,0.05025128452527356,True,True,True,0.05-0.10
False,0.0,True,True,True,0-0.005
False,0.04985302053602407,True,True,True,0.02-0.05
False,0.14088545191234195,True,True,True,0.10-0.20
True,0.029753168814004624,True,True,True,0.02-0.05
True,0.15980733242080677,True,False,True,0.10-0.20
True,0.02548607105478566,True,True,True,0.02-0.05
True,0.16913492886665454,True,True,True,0.10-0.20
False,0.01710494326126433,False,True,True,0.01-0.02
True,0.0827899442504199,True,False,True,0.05-0.10
True,0.07435242717462726,True,True,True,0.05-0.10
True,0.15838304873960246,True,True,True,0.10-0.20
True,0.15636996022849872,True,True,True,0.10-0.20
True,0.08673009764888406,True,True,True,0.05-0.10
True,0.06876365049193657,True,True,True,0.05-0.10
True,0.09156821129213259,True,False,True,0.05-0.10
True,0.0018502927331286588,True,True,True,0-0.005
True,0.15722090859157414,True,True,True,0.10-0.20
False,0.09525022061972524,False,True,True,0.05-0.10
True,0.05858554765538139,True,True,True,0.05-0.10
False,0.03336837525042873,True,True,True,0.02-0.05
False,0.09042414317562798,True,True,True,0.05-0.10
False,0.2123202583538672,True,True,True,
False,0.0007342781860368113,True,True,True,0-0.005
False,0.07752623005048687,True,True,True,0.05-0.10
False,0.0,False,True,True,0-0.005
False,0.035998392520878594,True,True,True,0.02-0.05
True,4.399455954070861e-05,True,True,True,0-0.005
False,0.13009290624139783,True,True,True,0.10-0.20
True,0.11651722330359005,True,True,True,0.10-0.20
True,0.22940168693510946,True,True,True,
False,0.070183640357251,True,True,True,0.05-0.10
True,0.1460997019208686,True,True,True,0.10-0.20
False,0.10222119231665493,False,True,True,0.10-0.20
True,0.0,True,True,True,0-0.005
True,0.0,True,True,True,0-0.005
False,0.19620291849110832,True,True,True,0.10-0.20
False,0.05308629912927093,True,True,True,0.05-0.10
True,0.0,True,True,True,0-0.005
True,0.18454255290684424,True,True,True,0.10-0.20
True,0.16903786682713554,True,False,True,0.10-0.20
True,0.13012678308735853,True,True,True,0.10-0.20
True,0.09880406175946116,True,True,True,0.05-0.10
True,0.11029046550264417,True,True,True,0.10-0.20
False,0.009992138185380058,True,True,True,0.005-0.01
True,0.14690096847701217,True,False,True,0.10-0.20
False,0.06529726615080059,True,True,True,0.05-0.10
False,0.16555759142306914,True,True,True,0.10-0.20
True,0.052404689180035706,True,True,True,0.05-0.10
False,0.017859436823965846,True,True,True,0.01-0.02
False,0.10452979423698867,True,True,True,0.10-0.20
False,0.023735384542658434,True,True,True,0.02-0.05
True,0.1546706504754191,True,True,True,0.10-0.20
True,0.07149821509476305,True,True,True,0.05-0.10
False,0.05518594190541083,True,True,True,0.05-0.10
True,0.032333509612647526,True,True,True,0.02-0.05
True,0.045532807442444714,True,False,False,0.02-0.05
False,0.16056443328527412,True,True,True,0.10-0.20
True,0.18105032318083686,True,True,True,0.10-0.20
True,0.057449837505185675,True,True,True,0.05-0.10
True,0.18168598685867154,True,True,True,0.10-0.20
False,0.009105375676328329,True,True,True,0.005-0.01
True,0.022536166080828333,True,True,True,0.02-0.05
True,0.020844869438729388,True,False,True,0.02-0.05
True,0.09888271277212053,True,True,True,0.05-0.10
True,0.023296490408423486,True,True,True,0.02-0.05
False,0.17522194650999337,True,True,True,0.10-0.20
False,0.1657481861594677,True,True,True,0.10-0.20
False,0.019114442419307782,True,True,True,0.01-0.02
True,0.17008853745333594,True,True,True,0.10-0.20
True,0.09934096589852733,True,False,False,0.05-0.10
True,0.10792560726158813,True,True,True,0.10-0.20
True,0.0,True,False,True,0-0.005
False,0.13768296432167954,True,True,True,0.10-0.20
True,0.05061094315494283,True,True,True,0.05-0.10
True,0.11883069835206023,True,True,True,0.10-0.20
False,0.0,True,True,False,0-0.005
True,0.0,True,True,True,0-0.005
True,0.03459321151070826,True,True,True,0.02-0.05
False,0.18336929296768886,True,True,True,0.10-0.20
False,0.035420141449521526,True,True,True,0.02-0.05
False,0.16547752981079206,True,True,True,0.10-0.20
False,0.027788375575839384,True,True,True,0.02-0.05
False,0.004958978488965275,True,True,True,0-0.005
False,0.1481012864856627,True,True,True,0.10-0.20
True,0.10561405420728721,True,True,True,0.10-0.20
False,0.12814716260490702,True,True,True,0.10-0.20
False,0.029808608924741437,False,True,True,0.02-0.05
False,0.10278574885344588,True,True,True,0.10-0.20
False,0.002423878066181461,True,True,True,0-0.005
True,0.14030995788914785,True,True,True,0.10-0.20
False,0.03881694411748592,True,True,True,0.02-0.05
False,0.1865738567187442,True,True,True,0.10-0.20
False,0.20824895207909763,True,True,True,
False,0.04604942690016372,True,True,True,0.02-0.05
False,0.0,True,True,True,0-0.005
False,0.06518137251975988,False,True,True,0.05-0.10
False,0.17051084335427197,True,True,True,0.10-0.20
False,0.10339426043896877,True,True,True,0.10-0.20
False,0.09704123026206668,False,True,True,0.05-0.10
True,0.048454309257779264,True,True,True,0.02-0.05
False,0.12081369824463248,True,True,True,0.10-0.20
True,0.10980240785523351,True,False,False,0.10-0.20
False,0.0,True,True,True,0-0.005
False,0.12066973404123743,True,True,True,0.10-0.20
True,0.21587687028033517,True,True,True,
False,0.03681295889764606,True,True,True,0.02-0.05
False,0.0,True,True,True,0-0.005
False,0.11925306344023226,True,True,True,0.10-0.20
True,0.03714228155202187,True,True,True,0.02-0.05
False,0.10338199430041183,True,True,True,0.10-0.20
True,0.1908104744624414,True,False,True,0.10-0.20
False,0.1402098453661017,True,True,True,0.10-0.20
False,0.03662349207439832,True,True,True,0.02-0.05
True,0.0,True,True,True,0-0.005
True,0.07851613312924074,True,True,True,0.05-0.10
False,0.06649377948073745,False,True,True,0.05-0.10
False,0.01826266816020751,False,True,True,0.01-0.02
True,0.07957497756464849,True,True,True,0.05-0.10
False,0.09092373421454414,True,True,True,0.05-0.10
True,0.12561089027552616,True,True,True,0.10-0.20
True,0.17528980591496177,True,True,True,0.10-0.20
False,0.03157169758218093,True,True,True,0.02-0.05
True,0.0020744477188678625,True,True,True,0-0.005
True,0.11026522850314964,True,False,True,0.10-0.20
True,0.06849913926572043,True,False,True,0.05-0.10
False,0.08424453546742498,True,True,True,0.05-0.10
True,0.20832787747491394,True,True,True,
False,0.0077678014290209155,True,True,True,0.005-0.01
True,0.08648650076065824,True,True,True,0.05-0.10
False,0.05110093876512683,True,True,True,0.05-0.10
True,0.10842261343224309,True,True,True,0.10-0.20
True,0.005075622150490259,True,True,True,0.005-0.01
True,0.014758694226661664,True,True,True,0.01-0.02
False,0.10876118133904118,False,True,True,0.10-0.20
False,0.13733578012208017,True,True,True,0.10-0.20
False,0.014248515767777062,False,True,True,0.01-0.02
False,0.005230395752197714,True,True,True,0.005-0.01
True,0.0,True,True,True,0-0.005
False,0.03743096470280394,False,True,True,0.02-0.05
True,0.08470170692509436,True,True,True,0.05-0.10
True,0.17063868957620454,True,True,True,0.10-0.20
False,0.0,True,True,True,0-0.005
False,0.04928316439969978,True,True,True,0.02-0.05
False,0.1998416860209558,True,True,True,0.10-0.20
False,0.0613724825762116,True,True,True,0.05-0.10
True,0.10638336539815602,True,True,True,0.10-0.20
False,0.14306432721113194,False,True,True,0.10-0.20
False,0.0032697745832198726,True,True,True,0-0.005
False,0.12833228683249903,True,True,True,0.10-0.20
True,0.12402456722722291,True,True,True,0.10-0.20
True,0.0,True,True,True,0-0.005
True,0.04713171073900317,True,False,True,0.02-0.05
True,0.17465011802178712,True,True,True,0.10-0.20
True,0.0,True,False,True,0-0.005
True,0.0,True,True,True,0-0.005
False,0.03464135205552896,True,True,True,0.02-0.05
False,0.09300623948036275,True,True,True,0.05-0.10
False,0.10217994817084479,True,True,True,0.10-0.20
False,0.0494417926868153,False,True,True,0.02-0.05
False,0.13953988057585756,True,True,True,0.10-0.20
True,0.2190606557848007,True,True,True,
False,0.03187605992019167,True,True,True,0.02-0.05
True,0.0,True,True,True,0-0.005
False,0.046162239231529636,True,True,True,0.02-0.05
False,0.048335476631754457,True,True,True,0.02-0.05
True,0.0,True,True,True,0-0.005
True,0.09927386222341626,True,True,True,0.05-0.10
False,0.05936177337667641,True,True,True,0.05-0.10
True,0.032382631629946826,True,True,True,0.02-0.05
True,0.18805568421831617,True,True,True,0.10-0.20
True,0.20679651087410755,True,False,False,
False,0.11863617915697659,True,True,True,0.10-0.20
False,0.1083897091303635,True,True,True,0.10-0.20
False,0.08457409642236048,False,True,True,0.05-0.10
False,0.012020169750851305,True,True,True,0.01-0.02
False,0.11474304319354925,True,True,True,0.10-0.20
False,0.1978488816341962,True,True,True,0.10-0.20
True,0.12152244157352568,True,True,True,0.10-0.20
False,0.13730529039619246,True,True,True,0.10-0.20
True,0.17532792838903716,True,True,True,0.10-0.20
False,0.09191212055904593,False,True,True,0.05-0.10
True,0.0,True,True,True,0-0.005
False,0.0,True,True,False,0-0.005
False,0.22696336016089813,False,True,True,
False,0.11234274137315939,True,True,True,0.10-0.20
False,0.03756918523241418,True,True,True,0.02-0.05
False,0.16489025059859644,True,True,True,0.10-0.20
False,0.012464460575597833,True,True,True,0.01-0.02
True,0.0,True,True,True,0-0.005
False,0.0,False,True,False,0-0.005
True,0.0,True,False,True,0-0.005
True,0.013425103370448995,True,True,True,0.01-0.02
False,0.13923915116791855,True,True,True,0.10-0.20
True,0.17092307378039867,True,True,True,0.10-0.20
True,0.15348764797471026,True,True,True,0.10-0.20
False,0.14321437887954785,False,True,True,0.10-0.20
False,0.14630714135094072,True,True,True,0.10-0.20
False,0.09273856174460798,True,True,True,0.05-0.10
False,0.15283686974195235,True,True,True,0.10-0.20
True,0.15647190351101542,True,True,True,0.10-0.20
True,0.09947168822798307,True,True,True,0.05-0.10
False,0.078162402824619,True,True,True,0.05-0.10
True,0.053678527007069966,True,True,True,0.05-0.10
True,0.019874240414153047,True,True,True,0.01-0.02
True,0.09859313119048017,True,True,True,0.05-0.10
False,0.21949313077163907,True,True,True,
True,0.14428801139564829,True,True,True,0.10-0.20
False,0.027805075174904933,True,True,True,0.02-0.05
True,0.11236855333736057,True,True,True,0.10-0.20
True,0.14817873326409517,True,True,True,0.10-0.20
True,0.04989531568010224,True,True,True,0.02-0.05
True,0.1927884695863801,True,True,True,0.10-0.20
True,0.10504415155825611,True,True,True,0.10-0.20
False,0.08314292775484089,True,True,True,0.05-0.10
False,0.013411906582359032,False,True,True,0.01-0.02
False,0.02459641449772689,True,True,True,0.02-0.05
False,0.12036984595685724,True,True,True,0.10-0.20
False,0.13067470161471859,True,True,True,0.10-0.20
True,0.0,True,False,True,0-0.005
False,0.0,True,True,False,0-0.005
False,0.19913510072004992,False,True,True,0.10-0.20
False,0.1885970032827454,True,True,True,0.10-0.20
True,0.04795571881100361,True,True,False,0.02-0.05
False,0.07676232949112283,True,True,True,0.05-0.10
False,0.004157969728008071,True,True,True,0-0.005
True,0.03606930522422575,True,False,True,0.02-0.05
False,0.14713817774087815,True,True,True,0.10-0.20
False,0.18893818197555698,True,True,True,0.10-0.20
True,0.10572325578564885,True,True,True,0.10-0.20
False,0.0,True,True,True,0-0.005
False,0.09872785764859467,True,True,True,0.05-0.10
False,0.09747945994285946,True,True,True,0.05-0.10
False,0.09706537148678299,True,True,True,0.05-0.10
True,0.04637890823366787,True,True,True,0.02-0.05
True,0.0,True,True,True,0-0.005
True,0.06713473731144418,True,True,True,0.05-0.10
False,0.18818876434411874,True,True,True,0.10-0.20
True,0.10454332093095167,True,True,True,0.10-0.20
True,0.1417051117444911,True,True,True,0.10-0.20
True,0.1370694691220827,True,True,True,0.10-0.20
False,0.09744985923571636,True,True,True,0.05-0.10
True,0.1031743625787383,True,True,True,0.10-0.20
False,0.004607583123310422,True,True,True,0-0.005
True,0.044857732452288857,True,True,True,0.02-0.05
False,0.14362554521550414,True,True,True,0.10-0.20
False,0.11238605737845171,True,True,True,0.10-0.20
True,0.15919115831733943,True,True,True,0.10-0.20
True,0.13532367413931487,True,True,True,0.10-0.20
False,0.0,True,True,True,0-0.005
True,0.04647477508408214,True,True,True,0.02-0.05
False,0.07004762215339683,True,True,True,0.05-0.10
False,0.16106990719183076,True,True,True,0.10-0.20
True,0.019220390537465052,True,False,True,0.01-0.02
True,0.024264729793938324,True,False,True,0.02-0.05
True,0.17212707482145828,True,True,True,0.10-0.20
True,0.04126100807866768,True,True,True,0.02-0.05
False,0.19962412452241332,True,True,True,0.10-0.20
False,0.1796615549710267,True,True,True,0.10-0.20
True,0.09207696239134984,True,True,True,0.05-0.10
False,0.12021290411989638,True,True,True,0.10-0.20
True,0.12236109368288749,True,True,True,0.10-0.20
False,0.09487397826396157,True,True,True,0.05-0.10
True,0.1623085912384544,True,True,True,0.10-0.20
True,0.1417568686009235,True,True,True,0.10-0.20
False,0.06036938495725302,True,True,True,0.05-0.10
False,0.13212707215722924,True,True,True,0.10-0.20
True,0.03258919734623322,True,True,True,0.02-0.05
True,0.0,True,True,True,0-0.005
False,0.03398695350446478,False,True,True,0.02-0.05
False,0.01970671397316042,True,True,True,0.01-0.02
False,0.1293200320866101,True,True,True,0.10-0.20
False,0.06829793971043786,False,True,True,0.05-0.10
True,0.12366159151028137,True,True,True,0.10-0.20
False,0.17360728933701677,True,True,True,0.10-0.20
True,0.1302881976150322,True,False,True,0.10-0.20
True,0.0991820961076166,True,True,True,0.05-0.10
False,0.12387000188126722,True,True,True,0.10-0.20
False,0.06474029803638702,True,True,True,0.05-0.10
False,0.15105071267469253,True,True,True,0.10-0.20
False,0.09065130426026914,True,True,True,0.05-0.10
True,0.013816448838244781,True,False,True,0.01-0.02
True,0.0,True,True,True,0-0.005
False,0.10684584483175297,True,True,True,0.10-0.20
True,0.05152136906840625,True,True,True,0.05-0.10
False,0.127607174203133,True,True,True,0.10-0.20
False,0.0,True,True,True,0-0.005
False,0.160863028671343,True,True,True,0.10-0.20
True,0.021879840795638095,True,True,True,0.02-0.05
True,0.15621934511725027,True,True,True,0.10-0.20
False,0.00787817922328993,True,True,True,0.005-0.01
False,0.11744391131653886,False,True,True,0.10-0.20
True,0.08976929613036062,True,True,True,0.05-0.10
True,0.12234471966437427,True,True,True,0.10-0.20
False,0.12150326668123095,True,True,True,0.10-0.20
False,0.09456640766978483,True,True,True,0.05-0.10
False,0.17190076208372287,False,True,True,0.10-0.20
False,0.06148604402061551,True,True,True,0.05-0.10
True,0.026604137716013602,True,False,False,0.02-0.05
False,0.06457447594438602,True,True,True,0.05-0.10
False,0.022990934597659475,False,True,True,0.02-0.05
False,0.043938209375372995,True,True,True,0.02-0.05
True,0.0727804892180915,True,True,True,0.05-0.10
True,0.08779684759616758,True,False,False,0.05-0.10
False,0.0748472678839724,True,True,True,0.05-0.10
True,0.13444308329274715,True,True,True,0.10-0.20
True,0.10040599790877289,True,True,True,0.10-0.20
True,0.0989597135481505,True,False,False,0.05-0.10
False,0.16117945198097167,True,True,True,0.10-0.20
False,0.02821137416921517,True,True,True,0.02-0.05
True,0.1172367916883279,True,True,True,0.10-0.20
False,0.12027419316764427,True,True,True,0.10-0.20
True,0.1527971365215345,True,True,True,0.10-0.20
False,0.03000357936851944,True,True,True,0.02-0.05
False,0.07256801290114859,False,True,True,0.05-0.10
True,0.04015796980466215,True,True,True,0.02-0.05
True,0.13798501210074549,True,True,True,0.10-0.20
True,0.08900533912868575,True,False,False,0.05-0.10
True,0.15629297796037558,True,True,True,0.10-0.20
True,0.0,True,True,True,0-0.005
False,0.15880782018885437,False,True,True,0.10-0.20
True,0.1191746685426186,True,True,True,0.10-0.20
True,0.08561599454927012,True,True,True,0.05-0.10
True,0.1990452259036348,True,True,True,0.10-0.20
False,0.11583822673480079,False,True,True,0.10-0.20
False,0.0470305693725278,True,True,True,0.02-0.05
True,0.11101555875777394,True,True,True,0.10-0.20
True,0.0005270114201648383,True,True,True,0-0.005
False,0.18512498202733962,True,True,True,0.10-0.20
False,0.09292751668085887,True,True,True,0.05-0.10
False,0.012649708778586182,True,True,True,0.01-0.02
True,0.0,True,True,True,0-0.005
True,0.03143338868820894,True,True,True,0.02-0.05
True,0.049650161845063774,True,True,True,0.02-0.05
False,0.06914850613616218,True,True,True,0.05-0.10
True,0.01903607826169024,True,True,True,0.01-0.02
False,0.2311002213465022,True,True,True,
True,0.11591294969761168,True,False,False,0.10-0.20
False,0.17693281754609458,True,True,True,0.10-0.20
False,0.06266157645048835,True,True,True,0.05-0.10
True,0.08361208082858419,True,False,False,0.05-0.10
False,0.029742858586002577,True,True,True,0.02-0.05
True,0.07021573785665361,True,True,True,0.05-0.10
False,0.06182785163911505,True,True,True,0.05-0.10
False,0.06152164313061331,True,True,True,0.05-0.10
True,0.08185569451370656,True,True,True,0.05-0.10
False,0.04088928727009904,True,True,True,0.02-0.05
False,0.0908778208845462,True,True,True,0.05-0.10
False,0.12898163899063553,True,True,True,0.10-0.20
True,0.06859430807219839,True,True,True,0.05-0.10
False,0.10286569197527665,True,True,True,0.10-0.20
False,0.13110252433577751,True,True,True,0.10-0.20
False,0.1537928952162346,True,True,True,0.10-0.20
False,0.11985756059638816,False,True,True,0.10-0.20
True,0.06802885588136343,True,True,True,0.05-0.10
False,0.21024567612751338,True,True,True,
False,3.078799070145721e-05,False,True,True,0-0.005
True,0.13740677700767748,True,False,False,0.10-0.20
False,0.0,False,True,True,0-0.005
True,0.02542271639719819,True,False,True,0.02-0.05
False,0.11063217328140752,False,True,True,0.10-0.20
False,0.048564747388230446,False,True,True,0.02-0.05
False,0.12031690557114456,False,True,True,0.10-0.20
False,0.0,True,True,False,0-0.005
True,0.0,True,True,True,0-0.005
False,0.0,True,True,True,0-0.005
False,0.1474385584726561,True,True,True,0.10-0.20
False,0.18984716893855774,False,True,True,0.10-0.20
False,0.2008228565597517,True,True,True,
False,0.008264508078400887,True,True,True,0.005-0.01
True,0.11447487307926979,True,True,True,0.10-0.20
True,0.0974178024223378,True,True,True,0.05-0.10
True,0.06172668461827911,True,True,True,0.05-0.10
False,0.13716638108571835,True,True,True,0.10-0.20
True,0.0637302619412255,True,False,False,0.05-0.10
True,0.2057232072963502,True,True,True,
True,0.050753227640976374,True,True,True,0.05-0.10
False,0.01959773007694903,True,True,True,0.01-0.02
False,0.12563457076373777,True,True,True,0.10-0.20
True,0.0,True,True,True,0-0.005
True,0.12253369788209713,True,True,True,0.10-0.20
False,0.0292730785555913,True,True,True,0.02-0.05
False,0.08447345127863165,False,True,True,0.05-0.10
True,0.08190694655539976,True,False,True,0.05-0.10
False,0.011676311130307713,True,True,True,0.01-0.02
True,0.059403540566256754,True,True,True,0.05-0.10
False,0.05867661873580988,True,True,True,0.05-0.10
False,0.011957767269297918,True,True,True,0.01-0.02
True,0.05827221790662897,True,True,True,0.05-0.10
True,0.11887387364678283,True,True,True,0.10-0.20
True,0.1827491476743363,True,True,True,0.10-0.20
False,0.209672157123244,False,True,True,
False,0.02305143990061933,True,True,True,0.02-0.05
False,0.09799018616833885,True,True,True,0.05-0.10
True,0.1284048398967911,True,True,True,0.10-0.20
True,0.09934949813032906,True,True,True,0.05-0.10
False,0.017780426087758566,True,True,True,0.01-0.02
False,0.18987847926782137,True,True,True,0.10-0.20
True,0.028997174174586252,True,True,True,0.02-0.05
True,0.1359156358968959,True,True,True,0.10-0.20
False,0.0836508585920949,True,True,True,0.05-0.10
False,0.051215975363104495,False,True,True,0.05-0.10
False,0.16838517448263962,True,True,True,0.10-0.20
True,0.19228188871315546,True,True,True,0.10-0.20
True,0.08571888877730559,True,True,True,0.05-0.10
False,0.1406980675132001,False,True,True,0.10-0.20
True,0.1985874717007742,True,True,True,0.10-0.20
False,0.14970481302994357,True,True,True,0.10-0.20
False,0.008544366413305235,True,True,True,0.005-0.01
True,0.03272284023664581,True,True,True,0.02-0.05
True,0.016329167619431862,True,True,True,0.01-0.02
False,0.20976434778920094,True,True,True,
True,0.08325081089326256,True,True,True,0.05-0.10
False,0.11140473076746153,True,True,True,0.10-0.20
False,0.14509548499680902,True,True,True,0.10-0.20
True,0.0545700376626459,True,True,True,0.05-0.10
False,0.0860588435751883,True,True,True,0.05-0.10
False,0.14827107400101766,True,True,True,0.10-0.20
True,0.109725644764501,True,False,False,0.10-0.20
False,0.08358155665863752,True,True,True,0.05-0.10
False,0.15338570972354415,True,True,True,0.10-0.20
False,0.03246907433374785,True,True,True,0.02-0.05
False,0.02874073907811636,True,True,True,0.02-0.05
True,0.026801220197090247,True,True,True,0.02-0.05
False,0.1454788792306228,True,True,True,0.10-0.20
True,0.15809925522184756,True,True,True,0.10-0.20
False,0.034955218829851156,True,True,True,0.02-0.05
True,0.033563616112298286,True,True,True,0.02-0.05
True,0.22281565597015915,True,True,True,
False,0.09122599117445628,True,True,True,0.05-0.10
False,0.1409516719101051,True,True,True,0.10-0.20
True,0.022422921021835678,True,True,True,0.02-0.05
True,0.05562231319188466,True,False,True,0.05-0.10
False,0.21290772725971174,True,True,True,
False,0.0071374148523866525,True,True,True,0.005-0.01
True,0.14277816598372464,True,True,True,0.10-0.20
True,0.20084560633196347,True,True,True,
False,0.10443974431377477,True,True,True,0.10-0.20
True,0.16083111502888456,True,True,True,0.10-0.20
False,0.014694202155900185,True,True,True,0.01-0.02
True,0.10108312036689425,True,True,True,0.10-0.20
True,0.1435973665433394,True,False,False,0.10-0.20
True,0.0,True,True,True,0-0.005
True,0.0,True,True,True,0-0.005
True,0.0,True,True,True,0-0.005
True,0.09847017104555641,True,True,True,0.05-0.10
True,0.09173444506013614,True,True,True,0.05-0.10
True,0.0,True,False,True,0-0.005
False,0.05971186128409873,False,True,True,0.05-0.10
True,0.0750486416423646,True,True,True,0.05-0.10
True,0.07877478457621541,True,True,True,0.05-0.10
True,0.052909782936474345,True,True,True,0.05-0.10
False,0.005891059669021397,True,True,True,0.005-0.01
False,0.0757122599599772,True,True,True,0.05-0.10
False,0.05416411928857697,True,True,True,0.05-0.10
False,0.06876677773279499,True,True,True,0.05-0.10
False,0.14162445029949328,True,True,True,0.10-0.20
False,0.0,True,True,False,0-0.005
False,0.14233017920095842,True,True,True,0.10-0.20
False,0.02598281573137022,True,True,True,0.02-0.05
False,0.08471797852057598,True,True,True,0.05-0.10
False,0.09391061355774755,True,True,True,0.05-0.10
True,0.09634114918716329,True,True,True,0.05-0.10
False,0.08831348569243075,True,True,True,0.05-0.10
False,0.03656172249351878,False,True,True,0.02-0.05
True,0.012440002181745236,True,True,True,0.01-0.02
True,0.008964317439136109,True,True,True,0.005-0.01
False,0.07856516492275027,True,True,True,0.05-0.10
False,0.0,True,True,False,0-0.005
True,0.0,True,True,True,0-0.005
True,0.09160776745309214,True,True,True,0.05-0.10
True,0.08464068130684606,True,True,True,0.05-0.10
False,0.0,True,True,True,0-0.005
True,0.08312548782566466,True,False,True,0.05-0.10
True,0.07247472327768198,True,True,True,0.05-0.10
True,0.14560426676665986,True,True,True,0.10-0.20
False,0.0799993455068061,True,True,True,0.05-0.10
False,0.0,True,True,False,0-0.005
False,0.18615175458351194,True,True,True,0.10-0.20
False,0.15395516415460553,True,True,True,0.10-0.20
True,0.04100445857503193,True,False,True,0.02-0.05
True,0.10957678881446567,True,True,True,0.10-0.20
False,0.10151522549936365,True,True,True,0.10-0.20
True,0.09481025879021374,True,True,True,0.05-0.10
False,0.10820077227795596,True,True,True,0.10-0.20
False,0.11134213994428449,False,True,True,0.10-0.20
False,0.15030971997793355,True,True,True,0.10-0.20
False,0.025294421528409845,True,True,True,0.02-0.05
False,0.04302575632873839,True,True,True,0.02-0.05
True,0.04364732392208325,True,True,True,0.02-0.05
False,0.15505281893991252,True,True,True,0.10-0.20
True,0.024755889152180185,True,True,True,0.02-0.05
True,0.02958300295623495,True,True,True,0.02-0.05
True,0.10640481839539596,True,True,True,0.10-0.20
True,0.03210036998417278,True,True,True,0.02-0.05
False,0.11516176378139074,False,True,True,0.10-0.20
True,0.1679274979541169,True,False,True,0.10-0.20
False,0.1893310644894288,False,True,True,0.10-0.20
False,0.12440055886903113,True,True,True,0.10-0.20
True,0.051303495890628346,True,True,True,0.05-0.10
False,0.05071292422360729,True,True,True,0.05-0.10
True,0.13770150627901578,True,True,True,0.10-0.20
False,0.07685280723506478,True,True,True,0.05-0.10
True,0.07649057271900545,True,False,False,0.05-0.10
False,0.05213484898146289,True,True,True,0.05-0.10
True,0.1520185081372065,True,False,True,0.10-0.20
True,0.039577896009422076,True,True,True,0.02-0.05
True,0.15896017073553056,True,True,True,0.10-0.20
True,0.1354969703779255,True,False,True,0.10-0.20
False,0.08984589938562235,False,True,True,0.05-0.10
True,0.008506513698007938,True,True,True,0.005-0.01
True,0.042969876261512975,True,True,True,0.02-0.05
False,0.009955969048646532,True,True,True,0.005-0.01
True,0.14122095777651913,True,True,True,0.10-0.20
False,0.031871946858088224,True,True,True,0.02-0.05
True,0.06652985655873382,True,True,True,0.05-0.10
True,0.01362060514591846,True,False,True,0.01-0.02
False,0.10030376758647529,False,True,True,0.10-0.20
True,0.0,True,True,True,0-0.005
True,0.0,True,True,True,0-0.005
False,0.10934921906169079,True,True,True,0.10-0.20
True,0.1126685348685106,True,True,True,0.10-0.20
True,0.11184495487157055,True,True,True,0.10-0.20
True,0.011844998513851917,True,True,True,0.01-0.02
True,0.1327386520563834,True,True,True,0.10-0.20
False,0.04296717226123068,True,True,True,0.02-0.05
False,0.004944047762802931,True,True,True,0-0.005
True,0.04911416617597135,True,True,True,0.02-0.05
False,0.15878798031192956,True,True,True,0.10-0.20
True,0.0,True,True,True,0-0.005
False,0.13257470552635445,True,True,True,0.10-0.20
False,0.10137247336253111,True,True,True,0.10-0.20
False,0.1744275654722111,True,True,True,0.10-0.20
False,0.02042978802356088,False,True,True,0.02-0.05
True,0.1285773995342222,True,True,True,0.10-0.20
False,0.14970548860516203,True,True,True,0.10-0.20
True,0.017334009886583762,True,True,True,0.01-0.02
False,0.1073237752704674,False,True,True,0.10-0.20
False,0.0048941662290398775,True,True,True,0-0.005
True,0.06180616164784183,True,True,True,0.05-0.10
False,0.02588070650032582,True,True,True,0.02-0.05
True,0.038425121952873384,True,True,True,0.02-0.05
True,0.04900893977403959,True,True,True,0.02-0.05
True,0.17915746363851826,True,True,True,0.10-0.20
True,0.04090416791046998,True,True,True,0.02-0.05
True,0.05633857713373938,True,True,True,0.05-0.10
False,0.12858008135646623,True,True,True,0.10-0.20
False,0.07287488661761513,True,True,True,0.05-0.10
True,0.05173238618863515,True,True,True,0.05-0.10
True,0.11942096410188173,True,False,True,0.10-0.20
True,0.1286815738283238,True,False,True,0.10-0.20
False,0.0,True,True,False,0-0.005
False,0.11784948587797622,True,True,True,0.10-0.20
True,0.16070512411147575,True,True,True,0.10-0.20
False,0.09306141242587421,True,True,True,0.05-0.10
False,0.025989168647414972,True,True,True,0.02-0.05
True,0.1472446707733002,True,False,True,0.10-0.20
True,0.10114698513354506,True,True,True,0.10-0.20
True,0.21043570939099274,True,True,True,
True,0.04995648007377337,True,True,True,0.02-0.05
True,0.13790712433707905,True,False,False,0.10-0.20
True,0.05488504459422547,True,True,True,0.05-0.10
False,0.036712721617437084,True,True,True,0.02-0.05
True,0.06713068493565146,True,True,True,0.05-0.10
False,0.03748996386969714,True,True,True,0.02-0.05
False,0.06735482609158448,True,True,True,0.05-0.10
True,0.07108881565189239,True,False,True,0.05-0.10
True,0.09940316289180957,True,True,True,0.05-0.10
False,0.03111400683250692,True,True,True,0.02-0.05
False,0.10463724609873673,True,True,True,0.10-0.20
False,0.0,True,True,False,0-0.005
False,0.12808579048041988,True,True,True,0.10-0.20
False,0.0,False,True,True,0-0.005
True,0.19449655801888738,True,True,True,0.10-0.20
True,0.09133032514098247,True,True,True,0.05-0.10
True,0.10002643978179603,True,True,True,0.10-0.20
False,0.12433284663687988,False,True,True,0.10-0.20
False,0.05941838128263776,True,True,True,0.05-0.10
True,0.14325827311120104,True,False,True,0.10-0.20
True,0.0,True,True,True,0-0.005
False,0.0,False,True,False,0-0.005
True,0.07799019088311886,True,True,True,0.05-0.10
True,0.02886435921094178,True,False,False,0.02-0.05
False,0.10458287467438246,True,True,True,0.10-0.20
False,0.09407547737339358,True,True,True,0.05-0.10
True,0.03497694217274446,True,True,True,0.02-0.05
True,0.19316389972523118,True,True,True,0.10-0.20
True,0.12469969962297092,True,True,True,0.10-0.20
False,0.0072972461693810295,True,True,True,0.005-0.01
False,0.07221206004438128,True,True,True,0.05-0.10
True,0.14788466885153348,True,True,True,0.10-0.20
False,0.12790828322926345,True,True,True,0.10-0.20
False,0.16919529600213,True,True,True,0.10-0.20
False,0.01310129472071959,False,True,True,0.01-0.02
True,0.029368896417430693,True,True,True,0.02-0.05
False,0.006705382652196492,True,True,True,0.005-0.01
False,0.05225859712175492,True,True,True,0.05-0.10
True,0.06779917003407951,True,True,True,0.05-0.10
False,0.054705816885270236,True,True,True,0.05-0.10
False,0.02728789736536283,False,True,True,0.02-0.05
True,0.08105258011034203,True,True,True,0.05-0.10
False,0.16808273408052998,True,True,True,0.10-0.20
True,0.16375545084627757,True,True,True,0.10-0.20
False,0.05645216125912332,False,True,True,0.05-0.10
True,0.03710499530891431,True,True,True,0.02-0.05
True,0.08419030675305844,True,True,True,0.05-0.10
False,0.11490165175070316,True,True,True,0.10-0.20
False,0.13887379862318758,True,True,True,0.10-0.20
False,0.0567866806619779,True,True,True,0.05-0.10
False,0.1426446343762026,True,True,True,0.10-0.20
True,0.038776539271821835,True,True,True,0.02-0.05
False,0.15096170350071442,True,True,True,0.10-0.20
True,0.06280293551858081,True,True,True,0.05-0.10
False,0.0,False,True,True,0-0.005
False,0.05583385046804241,True,True,True,0.05-0.10
False,0.1724339688805589,True,True,True,0.10-0.20
True,0.1036042838442469,True,False,True,0.10-0.20
False,0.03540670675857052,True,True,True,0.02-0.05
False,0.15594542263772954,True,True,True,0.10-0.20
False,0.14232765535892727,False,True,True,0.10-0.20
False,0.1103681681225866,True,True,True,0.10-0.20
False,0.08171290152806329,True,True,True,0.05-0.10
True,0.14887151239409524,True,True,True,0.10-0.20
False,0.07724939604117409,True,True,True,0.05-0.10
False,0.06710287841485005,True,True,True,0.05-0.10
True,0.021322053791052294,True,False,True,0.02-0.05
False,0.08197120184632908,True,True,True,0.05-0.10
True,0.15507168923058853,True,True,True,0.10-0.20
False,0.1721815926097554,True,True,True,0.10-0.20
True,0.11495744897621979,True,True,True,0.10-0.20
True,0.0,True,True,True,0-0.005
False,0.14690404563169074,True,True,True,0.10-0.20
True,0.0,True,True,True,0-0.005
True,0.06831005228455524,True,True,True,0.05-0.10
True,0.17929956684461568,True,True,True,0.10-0.20
False,0.1193449889312155,True,True,True,0.10-0.20
False,0.11702093155914538,True,True,True,0.10-0.20
True,0.11476518420169468,True,False,True,0.10-0.20
False,0.11166174795641359,True,True,True,0.10-0.20
True,0.06013369648350171,True,True,True,0.05-0.10
True,0.14357485886515606,True,True,True,0.10-0.20
False,0.10014535942111098,False,True,True,0.10-0.20
False,0.038503363573593956,True,True,True,0.02-0.05
False,0.19622347781124813,True,True,True,0.10-0.20
True,0.03360239158157771,True,True,True,0.02-0.05
True,0.1526827956191724,True,True,True,0.10-0.20
False,0.14616686146357716,True,True,True,0.10-0.20
False,0.027863847726030122,True,True,True,0.02-0.05
False,0.16755559756320101,True,True,True,0.10-0.20
True,0.1460263914142298,True,True,True,0.10-0.20
True,0.18664213948483696,True,True,True,0.10-0.20
True,0.0,True,True,True,0-0.005
True,0.0,True,True,True,0-0.005
False,0.14088396755272756,True,True,True,0.10-0.20
False,0.13773216174069622,True,True,True,0.10-0.20
False,0.0,True,True,True,0-0.005
True,0.016050671240789214,True,False,True,0.01-0.02
False,0.12210561510363416,True,True,True,0.10-0.20
False,0.16212487232649475,True,True,True,0.10-0.20
True,0.11760579778724149,True,True,True,0.10-0.20
False,0.1424069580745017,True,True,True,0.10-0.20
False,0.02243550073392029,True,True,True,0.02-0.05
False,0.03473768666929527,True,True,True,0.02-0.05
True,0.0,True,False,True,0-0.005
True,0.03324770425361407,True,True,True,0.02-0.05
True,0.056439639850210124,True,False,True,0.05-0.10
True,0.1548263066418138,True,False,True,0.10-0.20
False,0.046861037076029996,True,True,True,0.02-0.05
True,0.15442981158869987,True,False,True,0.10-0.20
True,0.02554569394119329,True,True,True,0.02-0.05
False,0.19317800755019346,True,True,True,0.10-0.20
True,0.05577597135383995,True,True,True,0.05-0.10
True,0.027901137786015755,True,True,True,0.02-0.05
True,0.04389437278492059,True,False,True,0.02-0.05
False,0.19983373561556678,True,True,True,0.10-0.20
False,0.10469554762203172,False,True,True,0.10-0.20
True,0.04757464394711363,True,True,True,0.02-0.05
True,0.19211542347609267,True,True,True,0.10-0.20
True,0.09530502936842153,True,True,True,0.05-0.10
True,0.004804942464579434,True,True,True,0-0.005
False,0.09401554665075496,False,True,True,0.05-0.10
True,0.12347891807525008,True,True,True,0.10-0.20
False,0.04784871224714404,False,True,True,0.02-0.05
False,0.1548432479714835,True,True,True,0.10-0.20
True,0.12785823436170632,True,True,True,0.10-0.20
True,0.10771536552671504,True,True,True,0.10-0.20
True,0.12979114434286596,True,True,True,0.10-0.20
True,0.0,True,True,True,0-0.005
True,0.0011341442381435495,True,False,True,0-0.005
True,0.07801972526070794,True,True,True,0.05-0.10
True,0.08477741320106778,True,True,True,0.05-0.10
True,0.06600299984590224,True,False,False,0.05-0.10
True,0.10710272289191015,True,True,True,0.10-0.20
False,0.010872924624113232,True,True,True,0.01-0.02
False,0.011679797036410077,False,True,True,0.01-0.02
False,0.03800671624667283,False,True,True,0.02-0.05
True,0.10993392779411014,True,True,True,0.10-0.20
