K,n_per_facility,sigma,heterogeneity,is_universal,overlap,obs_overlap,r2_lofo,p_naive,p_strat,thr_says_universal,perm_says_universal,strat_says_universal,thr_correct,perm_correct,strat_correct
12,62,0.3247959657731934,1.0297996991364937,True,0.0365989702568037,0.028532657852339945,0.9033124665326898,0.98,0.81,True,True,True,True,True,True
9,64,0.4306381277095441,0.5969422682540727,True,0.29376820593799835,0.23813541540410077,0.8096733087436772,0.01,0.02,True,False,False,True,False,False
5,52,0.33624874382247555,0.9543885887998247,True,0.5738900243188726,0.5357944313654046,0.8873074333801358,0.15,0.26,True,True,True,True,True,True
4,43,0.15108658239868733,1.6151718273795976,True,0.6798551132308409,0.6538014500454563,0.9760311699991381,0.85,0.87,True,True,True,True,True,True
10,12,0.19704146497830521,0.9787869890574667,True,0.6002736543956986,0.4634504521495261,0.9512081497218073,0.13,0.21,True,True,True,True,True,True
8,46,0.11005033896037661,0.8002840933464515,False,0.4458675677775379,0.3832947356022945,0.18369693930594744,0.01,0.01,True,False,False,False,True,True
6,38,0.38436222179971397,0.9719281428858491,True,0.6540019513368988,0.6322263353902867,0.8399808088071036,0.36,0.48,True,True,True,True,True,True
4,38,0.5543640040433295,1.9593741786318108,False,0.0028741315928123568,0.0,-0.13777296085687563,0.01,1.0,False,False,True,True,True,False
7,67,0.16472361789681494,0.37539338020954277,True,0.4935377717844296,0.45462245285783404,0.96154632653266,0.98,0.91,True,True,True,True,True,True
4,66,0.10110725804823086,0.45352306890987,False,0.18837524708687003,0.1574060057390451,0.7354123556348566,0.01,0.01,True,False,False,False,True,True
8,11,0.5582455298037515,1.2973489378932133,True,0.22221598866639602,0.16609451880610596,0.7638335002618791,0.17,0.19,True,True,True,True,True,True
3,20,0.37474711427085233,0.5568612615215363,True,0.6645748097683059,0.6335559047795974,0.8361269172344686,0.96,0.9,True,True,True,True,True,True
4,65,0.43250942097468253,1.6141036846608887,True,0.634453908644001,0.6252108169230302,0.7969817096379384,0.03,0.01,True,False,False,True,False,False
4,46,0.5273965854498472,0.4953828922980882,True,0.04104328667730128,0.028099225871277916,0.7578601471384234,0.3,0.13,True,True,True,True,True,True
6,69,0.4563874727051443,1.087273751265587,True,0.8447772757333203,0.829978299390228,0.8238742103666663,1.0,0.94,True,True,True,True,True,True
9,17,0.4191452381381202,0.44748847035524686,True,0.72373779181124,0.6631990355689829,0.8126627538307646,0.39,0.45,True,True,True,True,True,True
12,44,0.44537477249861424,1.7443582728917832,False,0.7280692574772807,0.7053009990335991,-0.14934575676049566,0.01,0.01,False,False,False,True,True,True
4,39,0.4916753524338712,1.2950954963406076,True,0.13926244444260194,0.10784978976003197,0.81927620972397,0.52,0.24,True,True,True,True,True,True
12,65,0.5085570748409051,1.5702486734570589,True,0.6816591614218315,0.658145034128323,0.7478680819530835,1.0,0.99,True,True,True,True,True,True
8,66,0.3966775461313885,1.9405165776585815,False,0.8210124150404916,0.8025808507994442,-0.32949248665641107,0.01,0.01,False,False,False,True,True,True
7,22,0.3976135797302239,1.2507260681370211,True,0.795201899933586,0.7625241668054269,0.7815467723174296,0.84,0.82,True,True,True,True,True,True
5,71,0.5861528267002768,1.793003200545034,False,0.10306953925762918,0.08546663561832805,-1.1094964737577513,0.01,0.01,False,False,False,True,True,True
10,12,0.5718398561676791,0.9446762809637783,True,0.6626503843081188,0.5310952355240481,0.6337511992404763,0.54,0.74,True,True,True,True,True,True
10,67,0.05480520631980984,1.6729815264365766,True,0.39228952032872666,0.3393672254538733,0.9960504175710393,0.32,0.31,True,True,True,True,True,True
6,70,0.5009129765583015,0.6596668475708942,False,0.5149390657186067,0.4843203791425979,-0.6763058237972641,0.01,0.01,False,False,False,True,True,True
10,36,0.08285789334381333,1.8270487594403657,False,0.12790252417087056,0.09354970690654113,-0.3985628106405332,0.01,0.01,False,False,False,True,True,True
12,20,0.465788424348837,0.9946365720870491,False,0.8067537611713511,0.7648149004481634,0.12895418348120757,0.01,0.01,True,False,False,False,True,True
9,49,0.1360099390318227,1.150854106313783,True,0.8798869290796864,0.8610392927087092,0.9782298153994463,0.15,0.08,True,True,True,True,True,True
5,68,0.36145527526033777,1.6639603752665884,False,0.9452538602888657,0.9373982201808081,-0.46840157144478156,0.01,0.01,False,False,False,True,True,True
3,41,0.25606601924526534,1.1827972473421726,True,0.9139546552562409,0.950925420778096,0.9172502134291487,0.75,0.87,True,True,True,True,True,True
8,63,0.2334537537930308,0.4851629024529799,False,0.9300451367389662,0.9024744172351626,-0.09000228632770946,0.01,0.01,False,False,False,True,True,True
5,42,0.15974873600071585,1.9727134447326244,False,0.26086974641442673,0.19547468816828642,0.11601906901160008,0.01,0.01,True,False,False,False,True,True
6,75,0.15343755798905892,1.4913751207409054,False,0.8167162442815712,0.8005354795843586,-0.3637411694242587,0.01,0.01,False,False,False,True,True,True
8,38,0.25621075860007536,1.901194259845882,True,0.7305335044294604,0.7165498587587378,0.9230021202594821,0.05,0.05,True,False,False,True,False,False
8,11,0.5425468604317403,1.2060866943230688,False,0.38873858572095044,0.28406800405917954,-0.624492521090765,0.01,0.01,False,False,False,True,True,True
4,30,0.06863550133343983,1.5321207137167379,True,0.9418659734855982,0.916350127377698,0.994859928068181,0.93,0.88,True,True,True,True,True,True
8,72,0.40271801503545107,1.3682041725148808,True,0.2204510709238955,0.1771569940017125,0.8473547271626922,0.2,0.28,True,True,True,True,True,True
3,62,0.42767732637736794,0.842093618202723,True,0.12337817041143084,0.109649231292602,0.8443923751486642,0.84,0.82,True,True,True,True,True,True
3,74,0.22537323132739173,1.415973521149525,True,0.29834230202013035,0.269465568299519,0.9322051767513004,0.32,0.29,True,True,True,True,True,True
6,63,0.2496894577240818,1.9188202909177647,True,0.29088846787674183,0.24009538778051542,0.9283448749992483,0.32,0.31,True,True,True,True,True,True
6,25,0.11747117934281583,1.7190617620153084,False,0.21049037406955073,0.16682157713036863,-1.0140828206947123,0.01,0.01,False,False,False,True,True,True
4,74,0.5234103906476387,1.591150126930754,False,0.977861586876093,0.9688009148136186,-0.71744121421279,0.01,0.01,False,False,False,True,True,True
12,32,0.0976187863124974,1.92902441462395,True,0.964548164668331,0.9406919029871421,0.9898466563320951,0.46,0.43,True,True,True,True,True,True
10,42,0.5748350246934292,1.0920645950929118,True,0.20763015186389255,0.15927504710836524,0.7384678998041647,0.66,0.52,True,True,True,True,True,True
3,42,0.47635808848372585,0.8722093743069963,False,0.6335169175526054,0.650017593746414,-1.0978726249513255,0.01,0.01,False,False,False,True,True,True
3,12,0.1247311105301382,1.0110704262419892,True,0.8690287963540032,0.8600113845766243,0.9686733356947217,0.35,0.36,True,True,True,True,True,True
10,45,0.09033910986224025,0.7312992266896543,True,0.6469117148216608,0.6129062467591311,0.9874036005769822,0.7,0.67,True,True,True,True,True,True
4,63,0.11665892590446872,1.5357274520785065,True,0.39510355156126675,0.36159395286480794,0.9828138917366812,0.27,0.57,True,True,True,True,True,True
9,33,0.4828609802238189,0.657437990248055,False,0.27480359089674977,0.21688926428022526,-0.32449942487679806,0.01,0.01,False,False,False,True,True,True
12,12,0.5325082323437156,0.842779645471992,False,0.749665691206594,0.7054189458772179,-0.211953407493777,0.01,0.01,False,False,False,True,True,True
6,38,0.3914974783378323,1.692425548673902,False,0.33456949357094357,0.28155139839246235,-0.6754166315810908,0.01,0.01,False,False,False,True,True,True
10,70,0.19072085265138133,0.5957711668324324,True,0.912029120653844,0.9060342801647843,0.9598182179428506,0.99,0.97,True,True,True,True,True,True
5,10,0.2353423256126444,1.8454533176886077,False,0.7160412646854742,0.6693125700845342,-0.43298215224556125,0.01,0.01,False,False,False,True,True,True
3,58,0.18893234484569593,1.2673688444788165,False,0.39924240930577215,0.3736135225659534,-1.0176454774694195,0.01,0.01,False,False,False,True,True,True
11,32,0.148489513488108,1.6265220616107328,True,0.8336462112875229,0.7804501493381976,0.9725222276077535,0.91,0.86,True,True,True,True,True,True
3,30,0.5330374883086747,1.6994887781927581,False,0.5639119111861729,0.5916444435416709,-0.6972013175865148,0.01,0.01,False,False,False,True,True,True
7,73,0.5240692298534427,1.3427357091923855,True,0.7739525304341907,0.7584404800156073,0.724663755243652,0.17,0.16,True,True,True,True,True,True
6,35,0.4657261379757457,1.1728563410750426,False,0.48154663994770697,0.4301614025137893,0.07643319646399283,0.01,0.01,True,False,False,False,True,True
3,78,0.13946242917883195,1.3098009656366012,True,0.3502363124205524,0.3379331695453775,0.9704168719993009,0.04,0.48,True,False,True,True,False,True
8,62,0.37585521823794216,1.6637082843817328,False,0.6554323729797905,0.627814466789011,-0.35394956602169536,0.01,0.01,False,False,False,True,True,True
10,27,0.5556986809468283,0.38364283466827986,False,0.6418276708871646,0.5968578466142733,0.0072983310131533585,0.01,0.01,True,False,False,False,True,True
7,29,0.478767475308456,0.9133112270985662,True,0.2438906308109774,0.1831500794863878,0.7656883851765047,0.24,0.31,True,True,True,True,True,True
4,55,0.09526582470170955,1.3121428804022042,False,0.294063100573552,0.2569424310362857,-1.8675033612819019,0.01,0.01,False,False,False,True,True,True
3,10,0.20507503412373262,1.5397981746718385,False,0.4763915176710881,0.3339299676615339,-0.4216928193101497,0.01,0.01,False,False,False,True,True,True
9,62,0.06180220248037152,1.4282010349335554,False,0.12629005113508796,0.09354603977685345,-0.5147028705988561,0.01,0.01,False,False,False,True,True,True
9,29,0.3347007608560284,1.0528740726510915,True,0.5789374438863503,0.5309499074392702,0.8603774783954833,0.4,0.35,True,True,True,True,True,True
10,22,0.38578266064412403,0.7611270887497295,False,0.10761625069847391,0.07570000651975714,-0.4592326921374692,0.01,0.01,False,False,False,True,True,True
8,54,0.05399177482808698,0.8766166319847242,True,0.5170857347905441,0.47701084835246865,0.9959272641428477,0.47,0.72,True,True,True,True,True,True
11,62,0.1519025982926362,1.2364823598569603,True,0.7829402377699607,0.7610840409058968,0.9691025959824825,0.13,0.14,True,True,True,True,True,True
12,13,0.46479983250243934,1.6920393258446558,False,0.6194117111023927,0.5157550759245123,-0.2859742000119325,0.01,0.01,False,False,False,True,True,True
7,30,0.2595139475750951,1.6692819888873522,True,0.001087497418115313,0.0,0.9310270725519298,0.01,1.0,True,False,True,True,False,True
4,79,0.4749380915852957,0.9252347984661926,False,0.905597965565473,0.900845295256811,-0.05164817629526208,0.01,0.01,False,False,False,True,True,True
10,12,0.5418757916360667,0.8003579140559434,False,0.3932387626239968,0.2914716828424157,-0.2822422094462187,0.01,0.01,False,False,False,True,True,True
7,20,0.5755570964404293,1.859384762215846,True,0.8114706345043791,0.7769225837679495,0.5864862206869075,0.31,0.33,True,True,True,True,True,True
4,52,0.42739670844192823,1.575655774198461,True,0.8184023557641144,0.8057218473167559,0.8310929817725332,0.5,0.5,True,True,True,True,True,True
6,42,0.4241410107177518,0.8004284102891457,False,0.7273035503353502,0.6978524520101567,-0.307869881616583,0.01,0.01,False,False,False,True,True,True
6,19,0.42848520931682704,0.3599007477293722,True,0.39263797530995515,0.295783358910352,0.7838563664257412,0.72,0.76,True,True,True,True,True,True
12,41,0.36343600168913387,1.5749332380675223,False,0.03375517345194845,0.024590146115109793,-0.5141301261554772,0.01,0.01,False,False,False,True,True,True
12,68,0.41767855750159166,1.988246908731185,False,0.3054920279672453,0.24899612775335284,-0.16393152839066927,0.01,0.01,False,False,False,True,True,True
12,58,0.08459415817858906,1.8751244799804596,False,0.21058758108352293,0.16304819332309692,-0.3994814427085047,0.01,0.01,False,False,False,True,True,True
7,72,0.4743460237459237,0.6883797273626766,True,0.37282422350955313,0.3171575546100354,0.7401029718322594,0.48,0.41,True,True,True,True,True,True
3,79,0.36970752657958683,1.6204026159093678,True,0.4122942222435835,0.4043473753384341,0.8422866748322249,0.32,0.57,True,True,True,True,True,True
8,72,0.3955411458778878,0.5179007045568513,False,0.1406004355682975,0.1057928439381577,-0.653038181216226,0.01,0.01,False,False,False,True,True,True
3,33,0.1072916242999499,1.664232025520906,False,0.3468394363089,0.3233673367198318,-3.9201015987821615,0.01,0.01,False,False,False,True,True,True
5,75,0.09059644838962852,0.9024051085086044,False,0.5628181327658446,0.5336176430231238,0.0891682093912245,0.01,0.01,True,False,False,False,True,True
11,23,0.10570782391200127,1.4363203456231837,False,0.9172228951114543,0.8967849439071934,-0.1874873411073703,0.01,0.01,False,False,False,True,True,True
4,47,0.4271475208897712,1.2611446778552344,True,0.0834293112162755,0.0697201007646019,0.8404083350752086,0.96,0.85,True,True,True,True,True,True
3,74,0.24644897162449036,1.0133336835897768,False,0.6667189416893496,0.649815007819352,-1.4852212495299573,0.01,0.01,False,False,False,True,True,True
8,15,0.3394729913860925,1.0363687217152615,False,0.9698293481761199,0.843757951937406,-0.14767717632725352,0.01,0.01,False,False,False,True,True,True
9,26,0.5780337885565668,1.8327376748475768,True,0.8379216315569615,0.8090249781375773,0.6583262126102475,0.43,0.54,True,True,True,True,True,True
8,59,0.24000891400634322,1.6298903060367689,True,0.8397321990526291,0.8193815564668553,0.9315544058016532,0.25,0.28,True,True,True,True,True,True
11,13,0.4241886002187862,0.7225545165067258,False,0.5136262661325081,0.37432935169722087,-0.3159655791217235,0.01,0.01,False,False,False,True,True,True
9,55,0.2565432776343615,1.896336649515664,False,0.640688404957667,0.6125050358157202,-0.29395834778478136,0.01,0.01,False,False,False,True,True,True
9,33,0.29797543937442994,1.934037203580664,True,0.47574270855274226,0.41692976319394226,0.8999472328282188,0.03,0.07,True,False,True,True,False,True
12,56,0.240741262078579,0.9386296219605805,False,0.1686537280791689,0.12691135151799054,0.15047587507118643,0.01,0.01,True,False,False,False,True,True
7,12,0.5598416523368877,1.5039549899253062,True,0.14908251622082336,0.10011387833296614,0.7166423418115149,0.39,0.63,True,True,True,True,True,True
5,76,0.5036834511521241,0.5175670856834569,True,0.7282981296825198,0.7261020636907551,0.7695670880624381,0.93,0.88,True,True,True,True,True,True
4,79,0.15402627670546615,1.183134449055133,False,0.4953589891070731,0.4859529318493024,0.13482777253328682,0.01,0.01,True,False,False,False,True,True
3,77,0.32130881578033443,0.6955092028454164,True,0.7399950035498378,0.74638022337663,0.8709578912670727,0.78,0.72,True,True,True,True,True,True
10,29,0.388958245769635,0.6132097903594328,True,0.8531512442860987,0.8027403892081406,0.8261817368381169,0.29,0.28,True,True,True,True,True,True
9,16,0.4904627591297972,1.913023150667012,False,0.6636391354448485,0.6011035541115154,-0.3533850790473916,0.01,0.01,False,False,False,True,True,True
4,77,0.0611650517090907,0.8671341061371216,True,0.7923170930735732,0.7854642411488988,0.9944822266073108,0.74,0.77,True,True,True,True,True,True
10,74,0.13168136979048156,1.8381073892597375,False,0.0546779109817076,0.04183260395810089,-0.07774684445881119,0.01,0.01,False,False,False,True,True,True
10,52,0.18050043360889917,1.8425491683898747,True,0.6202157048828788,0.5918666549206187,0.9601448795428021,0.92,0.89,True,True,True,True,True,True
6,65,0.3351765428487841,1.9297121679648137,False,0.18603417680309697,0.14466849848081528,-0.6031301814815,0.01,0.01,False,False,False,True,True,True
5,16,0.5080051039173423,0.5346241576061622,False,0.2581734569305597,0.19145922687929992,-0.03765012007444413,0.01,0.01,False,False,False,True,True,True
12,47,0.19656649311592356,0.7026272978911319,True,0.837172554922398,0.8157835456102109,0.9501786142994366,0.33,0.32,True,True,True,True,True,True
9,72,0.5612201306326782,1.3463812586803983,True,0.5571523832567945,0.5249651973916599,0.6957472334053318,0.67,0.52,True,True,True,True,True,True
12,23,0.2730460351943901,1.5922464733345194,False,0.900444984818131,0.8347802706987759,-0.14207443113131668,0.01,0.01,False,False,False,True,True,True
7,24,0.48365042921465357,0.8288399069328516,False,0.5732180629318233,0.5007185093822413,-0.11180429503973688,0.01,0.01,False,False,False,True,True,True
11,43,0.42638207441151427,1.8105181403101889,False,0.29227705296682116,0.2279883569831732,-0.16633317658148306,0.01,0.01,False,False,False,True,True,True
7,18,0.12193543215254424,0.9444008330376705,False,0.43625882451092013,0.3197900897545158,0.41694757960322615,0.01,0.01,True,False,False,False,True,True
9,14,0.5876081506366344,0.9158523050547092,False,0.8583086033478944,0.7857127521322961,-0.31217325220203906,0.01,0.01,False,False,False,True,True,True
3,69,0.05816183203589868,0.5455387614804873,False,0.20513431547375638,0.18076043208566128,-1.550620417695678,0.01,0.01,False,False,False,True,True,True
8,17,0.324205922182941,0.7526177526448918,False,0.8530133628642964,0.8470034142781117,-0.2361774547003921,0.01,0.01,False,False,False,True,True,True
8,53,0.2536442265394677,1.4145878238368346,False,0.039594775974117424,0.029704931961023785,0.009417782049495171,0.01,0.01,True,False,False,False,True,True
5,10,0.42505878328651525,0.6589369860530241,True,0.9691785698288844,0.8170234783166442,0.762333091602985,0.24,0.23,True,True,True,True,True,True
6,74,0.577684404789974,1.2906985886179319,False,0.656491121352576,0.6441884502478677,-0.6623181487122589,0.01,0.01,False,False,False,True,True,True
8,44,0.24060755020807517,1.7182834801664184,True,0.7959133719722982,0.7866460230180593,0.9209484679309657,0.17,0.26,True,True,True,True,True,True
8,74,0.15193228233098877,1.7362979288480915,False,0.5997007121048339,0.5649356439021053,-0.21709333555520627,0.01,0.01,False,False,False,True,True,True
10,43,0.4336816871920774,1.4204721801514395,True,0.8496670801183555,0.8337802439509736,0.8122278053465829,0.86,0.78,True,True,True,True,True,True
8,62,0.06607186047981489,1.3077038268704397,False,0.2242955412145602,0.18390976769235562,-0.38107655525150474,0.01,0.01,False,False,False,True,True,True
12,33,0.31396393865768646,1.8494671435865988,False,0.6271177463459479,0.5908228521441645,-0.2797462182847277,0.01,0.01,False,False,False,True,True,True
3,32,0.27207734357758834,0.33176195039812745,False,0.37008974968991626,0.34658803930186544,0.1729745285380917,0.01,0.01,True,False,False,False,True,True
11,16,0.49041682820921395,0.7095356143512147,True,0.19039266883396966,0.12683277526632838,0.7703690100432543,0.43,0.41,True,True,True,True,True,True
12,35,0.5212673236183575,1.3613279956695805,True,0.08696084295535456,0.06211449385902004,0.7815974751340136,0.21,0.22,True,True,True,True,True,True
12,20,0.23366282750080392,1.6887662795159843,True,0.991926680794846,0.8733462250075933,0.9549468881748261,0.47,0.43,True,True,True,True,True,True
9,33,0.4726134942289713,1.262821051475076,False,0.4847111354501096,0.43530467103648934,-0.412245093692891,0.01,0.01,False,False,False,True,True,True
7,61,0.07439953466748012,1.3128502257953143,False,0.5186479792921692,0.48230700318069014,-0.07745254396056866,0.01,0.01,False,False,False,True,True,True
9,21,0.2892501322601795,1.8400685072504177,False,0.7377433304442234,0.7085199271488218,-0.3813964819266029,0.01,0.01,False,False,False,True,True,True
8,55,0.18569399939514813,1.7654134278052476,True,0.5551617711571704,0.5254517278423421,0.9508489510778619,0.53,0.46,True,True,True,True,True,True
10,33,0.29858147851246464,1.9658391565796036,False,0.8991686203260988,0.8778248466873461,-0.2559967965879353,0.01,0.01,False,False,False,True,True,True
10,57,0.5977920934499574,0.5475102045821647,False,0.303702176764137,0.24810470385960237,-0.25006334440754663,0.01,0.01,False,False,False,True,True,True
3,73,0.060660030899151604,1.0308468227441716,False,0.7744825427449915,0.7943599392077417,-1.1088453987163125,0.01,0.01,False,False,False,True,True,True
6,25,0.4802438273965202,1.0870168235319284,True,0.8130516575427865,0.815089160062569,0.7874830247459608,0.94,0.89,True,True,True,True,True,True
3,69,0.2002525655011705,0.7541578810819384,True,0.4933704891870121,0.5039571558574588,0.9338630125116312,0.94,0.96,True,True,True,True,True,True
10,52,0.4331695926437304,1.3574205538152677,True,0.8562116210619835,0.8445450583974078,0.809255744291969,0.56,0.62,True,True,True,True,True,True
11,42,0.10647851970601901,0.9368059650425791,True,0.7510954998289061,0.7242416380540697,0.9843944849042653,0.41,0.45,True,True,True,True,True,True
11,78,0.05181743553731516,0.7769632493685533,False,0.5931895058858643,0.556598365698709,0.174695493839654,0.01,0.01,True,False,False,False,True,True
9,76,0.4599515125876239,1.6999572001917123,False,0.45902963861271484,0.4096689071891556,-0.33900531844142123,0.01,0.01,False,False,False,True,True,True
3,57,0.26181331061277463,0.5858856152241407,True,0.960701790850725,0.9468896481577751,0.9321173131453874,0.73,0.71,True,True,True,True,True,True
11,79,0.40813717649241193,1.8291332372608118,True,0.2651624365561045,0.21501963104520214,0.8304518726609843,0.17,0.26,True,True,True,True,True,True
5,46,0.39347385420336745,1.106584547163249,True,0.4189283095729279,0.35565756767775597,0.8679302936405171,0.68,0.62,True,True,True,True,True,True
11,42,0.5981076831599959,1.3815924760856797,False,0.3576294821332249,0.2988481646486014,0.006915979756650703,0.01,0.01,True,False,False,False,True,True
5,28,0.18617764098200384,1.6039291574010834,False,0.7813101145791913,0.7093020278336613,-0.4379025827205678,0.01,0.01,False,False,False,True,True,True
3,16,0.07589105284477304,1.263668724418139,True,0.31457333326214,0.27247419914274745,0.9903811593137493,0.11,0.13,True,True,True,True,True,True
5,37,0.19373277806367434,0.5340008464170156,False,0.24162772542468103,0.20951014116723027,-0.7360565062029998,0.01,0.01,False,False,False,True,True,True
8,56,0.4463196163652424,0.3246631124152608,True,0.05590185884545251,0.044746039081487166,0.8201370112093179,0.84,0.95,True,True,True,True,True,True
7,32,0.08002592735922465,0.6898786242910597,False,0.4335713831116058,0.3709177246300432,-0.5539549158526529,0.01,0.01,False,False,False,True,True,True
8,20,0.5297622180906612,1.786493508749968,False,0.40926217309406665,0.3396992326220091,-0.6070691986551062,0.01,0.01,False,False,False,True,True,True
9,53,0.05732878931513909,0.3104012736443154,True,0.1687146522335431,0.12976230665783745,0.9954758475432716,0.33,0.37,True,True,True,True,True,True
12,44,0.4398654667352616,1.2853255574426337,False,0.4321162643505634,0.3713702107261035,0.10000536019277873,0.01,0.01,True,False,False,False,True,True
3,64,0.2923158124137495,1.289284274273669,False,0.36920568603359993,0.3624620447498705,-2.2665031664803097,0.01,0.01,False,False,False,True,True,True
4,31,0.2305139649435608,0.346095871105514,False,0.5378015918577606,0.5311523714041294,-1.343136849144238,0.01,0.01,False,False,False,True,True,True
10,43,0.3931734690828985,0.8313565431724053,True,0.03748100229918505,0.027342598653602085,0.8591527517680744,0.59,0.62,True,True,True,True,True,True
8,21,0.07333709620179203,0.38758855605883363,False,0.6606361059225833,0.5758265286420035,-0.27886568227723507,0.01,0.01,False,False,False,True,True,True
6,31,0.43596267967195895,0.8510253965412151,True,0.5257677156108358,0.476477817463409,0.7756583868106006,0.96,0.93,True,True,True,True,True,True
8,17,0.5967026784963797,1.344818748132106,True,0.8437554851369806,0.7454222223653189,0.6817168211108651,0.17,0.22,True,True,True,True,True,True
7,10,0.15219338396896814,0.8551574115572813,False,0.0644579588678893,0.012775057074095306,0.21243378273664326,0.01,0.01,True,False,False,False,True,True
4,67,0.25833669758165884,0.5646417351272923,True,0.6788511683069388,0.6693162950354132,0.9167723697352079,0.04,0.07,True,False,True,True,False,True
10,57,0.10858541537049538,0.8392727959351691,True,0.6559353593461821,0.6317944797987702,0.9830452484387063,0.08,0.08,True,True,True,True,True,True
8,44,0.44893453273027123,1.8385101823166003,False,0.06179039311070167,0.04715963717532612,-0.8988667667637127,0.01,0.01,False,False,False,True,True,True
10,14,0.30289953483136584,1.1241451155584434,True,0.23804928385948643,0.1565169076237328,0.9189234200307875,0.68,0.9,True,True,True,True,True,True
9,20,0.5027148828861827,1.9817557243271096,True,0.970257949401396,0.8898153689125093,0.7853071662927577,0.28,0.32,True,True,True,True,True,True
8,42,0.43880057633972486,1.977056373694251,False,0.7968766757318979,0.7859098859054526,-0.09029655106169865,0.01,0.01,False,False,False,True,True,True
11,26,0.08529028046204941,1.3189516864724065,True,0.8027596340658634,0.7636543904126775,0.9895277181826282,0.58,0.45,True,True,True,True,True,True
4,19,0.20623080161689544,1.999121601201367,True,0.16445207751306845,0.139816013647612,0.9517795808869504,1.0,0.98,True,True,True,True,True,True
3,21,0.09892797107551557,1.8056459458050005,False,0.801810296905882,0.7969153295085613,-1.0712699887984471,0.01,0.01,False,False,False,True,True,True
4,67,0.542629626863913,1.394241310500446,False,0.4249247533916596,0.40690993185748775,0.5796231325756463,0.01,0.01,True,False,False,False,True,True
3,35,0.273147810802916,0.8692725838938433,False,0.4639991103181873,0.4678458910685661,-1.3283110810616572,0.01,0.01,False,False,False,True,True,True
5,19,0.2024222374291978,1.7324585768057676,True,0.07110465105992214,0.04753708739747374,0.9590768159865669,0.01,0.2,True,False,True,True,False,True
11,36,0.380915677697893,1.9755050029422554,True,0.3557725385306931,0.29969487222609265,0.8238588582210307,0.06,0.18,True,True,True,True,True,True
8,75,0.573472425025118,1.5508270714311827,False,0.16577990919847085,0.12943366432301648,-0.5764126800748,0.01,0.01,False,False,False,True,True,True
6,17,0.23634026923960455,0.8772891448000482,False,0.869857434348173,0.8232412289039457,-0.4028138804191299,0.01,0.01,False,False,False,True,True,True
8,13,0.553589442252226,0.7044232768775246,False,0.18274629465110515,0.12294881666979222,-0.20563174641600712,0.01,0.01,False,False,False,True,True,True
7,21,0.4410753182923207,0.8379844725916032,False,0.22261958394106474,0.17300446391192564,-0.4767920929627232,0.01,0.01,False,False,False,True,True,True
9,47,0.4982263985642633,0.7642118682865323,False,0.8467271049762197,0.8239640601934061,-0.13031004079277442,0.01,0.01,False,False,False,True,True,True
6,59,0.49541134945477944,1.015794925552373,False,0.6564009662519976,0.6411634647797926,-0.18830150087784658,0.01,0.01,False,False,False,True,True,True
7,35,0.06879635849987119,0.7200874499199241,False,0.2930967106859601,0.2483468220247278,-0.7876439626223759,0.01,0.01,False,False,False,True,True,True
6,62,0.43940480044428604,1.4589556168204252,True,0.19564275075041626,0.15643459980525487,0.8338326224560635,0.05,0.23,True,False,True,True,False,True
12,64,0.15685950371394422,1.7928826443040446,False,0.31118364900241335,0.2557081349535889,-0.33248968648695887,0.01,0.01,False,False,False,True,True,True
11,53,0.3102926144611368,0.39002645418242926,True,0.025787109489298077,0.020272140050706853,0.9035930662551647,0.01,0.06,True,False,True,True,False,True
11,31,0.18468265948113288,1.2830836073748766,True,0.40187908780513826,0.30901369682540214,0.9562888637305578,0.15,0.11,True,True,True,True,True,True
11,64,0.38321215365169237,1.1683696523714948,False,0.4296713790343144,0.3723290827645751,-0.21631520770910395,0.01,0.01,False,False,False,True,True,True
12,66,0.35223355743940676,0.4279443458126079,True,0.880741978475268,0.8660889476614021,0.8644124131161484,0.38,0.28,True,True,True,True,True,True
11,22,0.587808536504412,1.3620869578064165,False,0.29887080786240217,0.22099184353683252,-0.4531749740893114,0.01,0.01,False,False,False,True,True,True
3,27,0.47612395440680066,0.6073009387698984,True,0.2640652777266116,0.2055850992754977,0.7648852099493357,0.76,0.84,True,True,True,True,True,True
9,45,0.0621014419913239,0.8300003776282319,True,0.3702928956432445,0.3133120307894926,0.9952502974141131,0.35,0.39,True,True,True,True,True,True
9,62,0.4066490886842494,0.39121674684252605,True,0.3904542379670901,0.33065351601495124,0.8354519644790928,0.77,0.66,True,True,True,True,True,True
3,16,0.253500084161722,1.2847304696561572,False,0.8336540474605537,0.8085670006676596,-1.2791364554860158,0.01,0.01,False,False,False,True,True,True
10,68,0.4834999209808352,1.0427766194858883,False,0.5266116181367928,0.4922039275444749,-0.341738708904755,0.01,0.01,False,False,False,True,True,True
9,51,0.2927060008641483,1.791114360255171,False,0.9686755526040535,0.9467277200138791,-0.2681961941131443,0.01,0.01,False,False,False,True,True,True
8,47,0.159223899818206,1.4391790073509994,True,0.20332000567755903,0.16412388290986193,0.9712878606741074,0.48,0.57,True,True,True,True,True,True
7,15,0.2105671116890107,0.7193246631784204,False,0.9629882910426663,0.8958630552982149,-0.3077592569907066,0.01,0.01,False,False,False,True,True,True
10,56,0.2643625098195407,1.0655562414023976,True,0.5601887234187483,0.5098346722250221,0.9068276576313327,0.65,0.8,True,True,True,True,True,True
4,42,0.5944142195257822,0.3344696421171742,True,0.6196249322332192,0.6086092861870483,0.6420466803498139,0.33,0.29,True,True,True,True,True,True
11,60,0.3819961832782191,1.3946609187311196,False,0.5553869328742612,0.5277189578107361,-0.18319054697147674,0.01,0.01,False,False,False,True,True,True
9,64,0.46401156233545177,1.0368715767547,False,0.5372485480305413,0.49992995450426797,-0.4968620804862296,0.01,0.01,False,False,False,True,True,True
6,29,0.42057305850891497,0.9351040415033973,False,0.38560208567772203,0.2978274621100292,-0.012943688650258522,0.01,0.01,False,False,False,True,True,True
10,57,0.5326000927763508,0.4930564538649568,False,0.605738805918475,0.5687111354537912,-0.12419983486499775,0.01,0.01,False,False,False,True,True,True
4,17,0.4955164969465097,0.5036839900779511,False,0.8016749852274231,0.7785391481120887,-0.420637194490066,0.01,0.01,False,False,False,True,True,True
4,54,0.5394493792655652,0.8385526943155237,False,0.8892106515543426,0.8795893059924399,-0.6301670175998615,0.01,0.01,False,False,False,True,True,True
9,47,0.5308058493962079,1.3736875092184173,True,0.8574023475119694,0.8550499931812434,0.7790353718288627,0.87,0.73,True,True,True,True,True,True
12,26,0.5653996293580201,1.8439855322991163,True,0.0706979094900072,0.04899763559225841,0.7406095415064087,0.99,0.99,True,True,True,True,True,True
10,39,0.22838171696003567,0.5446963761984738,False,0.290430064995821,0.23648141978419912,0.005864471798838644,0.01,0.01,True,False,False,False,True,True
6,27,0.4875739450343056,0.4865104232165707,False,0.8476955339170384,0.7990864545391043,-0.3462743212393067,0.01,0.01,False,False,False,True,True,True
11,38,0.5036880800367782,1.2482019681771666,True,0.14213175414943968,0.10264069278211135,0.7752284158285163,0.47,0.31,True,True,True,True,True,True
4,50,0.1291216121883798,1.9354057033080299,True,0.12017369735214634,0.09368907707940112,0.9813699339327829,0.15,0.58,True,True,True,True,True,True
12,49,0.5509380611247278,0.6918023116015972,True,0.1391736624032327,0.10336038220514288,0.7367709136915805,0.16,0.27,True,True,True,True,True,True
3,72,0.46701375168800374,1.2235336673745512,True,0.967653992815444,0.9828856639053051,0.8300380707785294,0.81,0.73,True,True,True,True,True,True
12,26,0.2583174690024397,0.48411615263451235,True,0.38076360723647185,0.3079447127750903,0.920197490645952,1.0,0.96,True,True,True,True,True,True
5,47,0.32727623214917967,1.8134413525925284,False,0.34984404666970537,0.3040501592674104,-1.441058882725752,0.01,0.01,False,False,False,True,True,True
5,73,0.5757174330274711,1.8755398382929196,False,0.09956891781651955,0.08415459690397709,-0.24136204691584373,0.01,0.01,False,False,False,True,True,True
4,34,0.086874997770123,0.7145344540821514,False,0.5770630772483718,0.5776495080688863,-1.051916095830756,0.01,0.01,False,False,False,True,True,True
9,78,0.11188233933879649,1.6044722493328383,False,0.9940481460259524,0.9747170758098438,-0.21806528689644966,0.01,0.01,False,False,False,True,True,True
8,62,0.07962048897428396,1.2199785746250287,False,0.4518070396151681,0.4025590945361963,-0.015818751523738683,0.01,0.01,False,False,False,True,True,True
4,77,0.13123168838527577,1.2858285253880641,True,0.8325528351822683,0.8351899297385388,0.9787281890090318,0.46,0.51,True,True,True,True,True,True
5,69,0.07243462193526282,1.8919958939497175,False,0.7717825498833636,0.7638405730678312,-0.614377682987532,0.01,0.01,False,False,False,True,True,True
5,38,0.5202145290759616,1.0186331121301524,True,0.7048241522220168,0.685895591105948,0.7116509210714879,0.95,0.92,True,True,True,True,True,True
3,13,0.5726201111716949,1.8940796574673455,False,0.7868069041171967,0.8439418357923208,-1.481911078057491,0.01,0.01,False,False,False,True,True,True
5,22,0.1004010031063689,0.3094399103399386,False,0.11226905031726442,0.07052732908371764,-1.7629655443040875,0.01,0.01,False,False,False,True,True,True
5,18,0.5871946955405014,1.6669249090092078,True,0.017880638146094308,0.0,0.7503553380340731,1.0,1.0,True,True,True,True,True,True
4,26,0.598844158035397,0.5017935348639753,True,0.40802387187368616,0.3255585563596981,0.6136315707760411,0.8,0.85,True,True,True,True,True,True
4,22,0.22680406631683991,1.5855375818932134,True,0.14523268713473103,0.10426962768581127,0.9290558934750662,0.6,0.67,True,True,True,True,True,True
5,21,0.4020122096635109,1.1391521823117665,True,0.6012900614624384,0.5345779786624404,0.8144116003492505,0.94,0.92,True,True,True,True,True,True
5,18,0.331990022263134,0.4422179776487968,True,0.20877386250474905,0.1698148882580081,0.863550915199027,0.26,0.38,True,True,True,True,True,True
8,55,0.10612021825612772,0.5809904320855181,False,0.13640851025355205,0.10155398360061599,-0.1713502385004657,0.01,0.01,False,False,False,True,True,True
3,38,0.5389527907668948,1.955226267301466,True,0.7420516076623734,0.7341171363685924,0.6825605635548043,0.42,0.49,True,True,True,True,True,True
12,10,0.15796652471468786,0.8279232003434005,False,0.48951399972421816,0.36129946130661655,0.06242786509203768,0.01,0.01,True,False,False,False,True,True
4,47,0.11054652558386013,1.1046239371688749,True,0.1566547307439805,0.1232619516292021,0.985798294926989,0.01,0.11,True,False,True,True,False,True
12,49,0.16847409385548706,1.8655103412784846,True,0.27965876122782796,0.2308400338693828,0.9683788107140553,0.29,0.54,True,True,True,True,True,True
9,31,0.05390585433274528,1.9795727230936533,True,0.310307402720133,0.24056499395441872,0.9968012856927599,0.87,0.77,True,True,True,True,True,True
3,38,0.5196901199461808,1.0707590039665213,False,0.07158691714498755,0.056556213360892976,-2.091580424818862,0.01,0.01,False,False,False,True,True,True
3,48,0.13721043299539867,0.5128746616589304,False,0.01417124005894188,0.01117515149964031,-0.9717238317531325,0.01,0.01,False,False,False,True,True,True
7,74,0.18204984583275985,1.8492093997660515,True,0.1890383623516254,0.15708804296003306,0.9576921368578087,0.46,0.54,True,True,True,True,True,True
3,48,0.5145677447673823,0.8176082407983163,False,0.08534336293046108,0.05711110360052196,-3.3868769034911503,0.01,0.01,False,False,False,True,True,True
11,69,0.35177117704623884,0.6458430848586928,True,0.46251852713066555,0.3993032007342718,0.8561016670636842,0.69,0.61,True,True,True,True,True,True
10,67,0.471037415584629,1.6928839173855952,False,0.5958476604558807,0.5713412662011045,0.4327218100494854,0.01,0.01,True,False,False,False,True,True
12,39,0.4982042238239963,1.2743693576410413,False,0.005369189813239972,0.0019411371323396899,-0.2282646800997008,0.01,0.01,False,False,False,True,True,True
4,79,0.3591507274736663,1.4680656553433429,False,0.5988237474831636,0.5933827055672799,-1.0866991486904696,0.01,0.01,False,False,False,True,True,True
4,11,0.590155228177985,1.238183081893073,True,0.9028072693957995,0.7972620674463037,0.6264273440773985,0.64,0.68,True,True,True,True,True,True
10,17,0.2615609872773573,1.5017434227317707,True,0.8607719311145751,0.7982888760658838,0.9093603396173581,0.08,0.08,True,True,True,True,True,True
12,34,0.1245112464091723,1.9842495063067478,True,0.9180191833411538,0.8970011633265373,0.9824405524855202,0.48,0.43,True,True,True,True,True,True
9,16,0.5080245050871234,1.2710938073756182,True,0.05468701121892705,0.03605183791641549,0.7589551884225075,0.61,0.83,True,True,True,True,True,True
9,76,0.48842074774064753,1.0882948686206664,True,0.3249802886566049,0.2696438693068437,0.7744579284497157,0.64,0.63,True,True,True,True,True,True
9,54,0.3194864712795602,1.3909094968070763,True,0.7875076583949349,0.779310630173244,0.860061234121485,0.08,0.12,True,True,True,True,True,True
11,58,0.23454346624782008,1.680819621777299,False,0.35951152282941357,0.30639654322138093,-0.16039971849723855,0.01,0.01,False,False,False,True,True,True
12,72,0.32565443292531865,1.6069710811138669,False,0.9248442755154295,0.9059848090089443,-0.17217989496118546,0.01,0.01,False,False,False,True,True,True
10,13,0.5329153771825748,1.6375387442355869,False,0.9516506672145152,0.8120220023255014,-0.24660465861616232,0.01,0.01,False,False,False,True,True,True
7,14,0.5812154282350919,1.5525425856421835,False,0.5606016499911275,0.5046188032435159,-0.44948802189077175,0.01,0.01,False,False,False,True,True,True
12,28,0.330869145519634,0.9518804156578815,False,0.8659466247445189,0.8473721164245809,-0.14611182036343906,0.01,0.01,False,False,False,True,True,True
3,71,0.316079539921853,1.9543618468615844,True,0.14019104794669524,0.12419099841506238,0.8756984734128326,0.22,0.2,True,True,True,True,True,True
12,21,0.32478962943527445,1.768409820870618,True,0.4959324567075072,0.43305997709019217,0.8649235514463022,0.96,0.97,True,True,True,True,True,True
11,77,0.2737125468638144,0.965387604349397,True,0.7312846535089187,0.7178033491856473,0.8965956164042438,0.27,0.18,True,True,True,True,True,True
8,56,0.3934243304583164,0.6051640847059383,False,0.2118265209239475,0.16989268683858164,-0.6136800640354834,0.01,0.01,False,False,False,True,True,True
10,14,0.2609341056714297,1.4563235556970036,True,0.6041457463431702,0.5485382140228029,0.9213707986646172,0.83,0.76,True,True,True,True,True,True
11,37,0.21038063790212158,1.4614677718354243,True,0.41527555714334985,0.34194041646604206,0.9458596868050034,0.34,0.42,True,True,True,True,True,True
7,62,0.539181586547492,1.236208993026997,True,0.3025130425240672,0.2475509061473707,0.7248406875493658,0.3,0.36,True,True,True,True,True,True
12,76,0.4455381883206381,1.1426408407495985,True,0.4007914143192448,0.34208349007974087,0.8075374723011668,0.06,0.08,True,True,True,True,True,True
12,31,0.5769415514591202,0.9238800824798767,True,0.386233954077416,0.3174719725354229,0.6828000330237707,0.73,0.66,True,True,True,True,True,True
8,13,0.40963526800843286,1.245855449873672,False,0.7638237762679987,0.712570842321176,-0.3364295686545322,0.01,0.01,False,False,False,True,True,True
10,32,0.20439694144779036,1.1048008640797338,True,0.9179231323037466,0.8861570078153329,0.9533550690403876,0.07,0.1,True,True,True,True,True,True
11,27,0.5110987699545443,1.3694120791027902,True,0.3548398895352941,0.2792989595816124,0.7394732974752325,0.32,0.38,True,True,True,True,True,True
8,10,0.2672150612005053,1.2071049262206928,False,0.7701501038716551,0.6259051932000398,-0.4157028551076998,0.01,0.01,False,False,False,True,True,True
12,38,0.0828412522188661,1.5056699179509971,False,0.29256483603290917,0.23374753886059055,-0.48801462885275715,0.01,0.01,False,False,False,True,True,True
5,56,0.38547064138233234,1.7671068929716085,True,0.8089294732371488,0.7637396490535082,0.8354652680065119,0.01,0.02,True,False,False,True,False,False
11,76,0.3828805982506885,1.020337814279206,False,0.603047889273274,0.5682323507064325,-0.294840948433025,0.01,0.01,False,False,False,True,True,True
3,30,0.5271931341571794,0.7851703641190588,False,0.1445069746018257,0.12431973047921796,-6.519583735604571,0.01,0.01,False,False,False,True,True,True
11,17,0.09401370909727078,0.3959741683069223,True,0.8867637050245791,0.8733238498587849,0.988963365444942,0.41,0.34,True,True,True,True,True,True
12,21,0.29156452756398765,1.9514607687285845,False,0.2336532857643968,0.17579194938786413,-0.40238108826255536,0.01,0.01,False,False,False,True,True,True
12,50,0.2022180865937756,1.9530916636017863,False,0.7118193844255957,0.6877894573439833,-0.24703497376825267,0.01,0.01,False,False,False,True,True,True
8,11,0.3773063746083258,0.4588965874563561,False,0.5536772536140315,0.4660217079123102,-0.3060090525018977,0.01,0.01,False,False,False,True,True,True
4,32,0.32801608067320837,1.0226762061670036,False,0.11983683911075527,0.09863423286791421,-0.03580347418682672,0.01,0.01,False,False,False,True,True,True
11,76,0.5522428708786141,1.429326650936004,False,0.36780701872850263,0.3115693962267605,-0.38889219076156856,0.01,0.01,False,False,False,True,True,True
12,18,0.38313255116297046,1.8958085670809648,False,0.27317055752156205,0.19083271127653723,-0.4134960725129284,0.01,0.01,False,False,False,True,True,True
12,73,0.5664038439284277,1.7645857385534234,True,0.7216029081315158,0.7070552430279279,0.6866370959414032,0.62,0.65,True,True,True,True,True,True
9,36,0.26509210966064023,0.918233637267782,False,0.6637343036874881,0.6224205885967861,-0.2674385201019063,0.01,0.01,False,False,False,True,True,True
6,45,0.3835292069724795,1.943211862024627,True,0.4119401600938687,0.34283092028791434,0.8361688674065213,0.41,0.43,True,True,True,True,True,True
5,67,0.3795441595978006,1.8101511747693086,False,0.7455619755028482,0.7418537507623022,-0.5784865271740183,0.01,0.01,False,False,False,True,True,True
5,78,0.5425494361490187,1.7652327559851402,False,0.46655964309080267,0.4374586684797032,-0.19851121926425375,0.01,0.01,False,False,False,True,True,True
3,42,0.3794285038401184,1.1499561588660978,True,0.7332527924501988,0.7885649632006411,0.8116883838242065,0.94,0.99,True,True,True,True,True,True
4,79,0.3811793062152098,1.1409958447375448,False,0.3923808142882639,0.36348360640054694,0.4597412662462659,0.01,0.01,True,False,False,False,True,True
12,67,0.556842267249283,1.0880183901265998,False,0.952386336606098,0.937068750238698,-0.15897268911374862,0.01,0.01,False,False,False,True,True,True
7,19,0.24588702895031816,1.5425226206010563,True,0.5245088417143753,0.42138697451882995,0.9208232197230958,0.72,0.75,True,True,True,True,True,True
10,78,0.05751112401979203,0.7652140995435144,False,0.3616882206974894,0.3091804362059558,-0.13206980249844125,0.01,0.01,False,False,False,True,True,True
3,28,0.32872841690587856,1.133871667034734,True,0.5766087140587972,0.592533756555723,0.8757616517467529,0.83,0.86,True,True,True,True,True,True
5,75,0.21316575381591363,0.5092083987056188,False,0.5817909497019998,0.5668338994089774,-0.13391801200626285,0.01,0.01,False,False,False,True,True,True
9,44,0.3716538320560632,0.5343756730704556,True,0.5103286122907467,0.46550613951289865,0.8144251010945939,0.04,0.05,True,False,False,True,False,False
11,11,0.4529840805694538,1.256965898903849,True,0.1389800284778434,0.08560964969034557,0.8314685564744729,1.0,0.96,True,True,True,True,True,True
10,19,0.5453018610149273,0.8014250105397116,False,0.785493314474834,0.7134646983198836,-0.21207428560174968,0.01,0.01,False,False,False,True,True,True
11,44,0.14012244306997682,0.6130114285403727,True,0.9819379114980916,0.9510616460354419,0.978616169170025,0.59,0.57,True,True,True,True,True,True
9,13,0.18287714824156892,1.6475775538681243,False,0.3606793818618125,0.26998210892676733,-0.3114457242213353,0.01,0.01,False,False,False,True,True,True
10,35,0.33760551105269415,1.8284635052979554,False,0.6225253264695509,0.5807220773168451,-0.1882834298475633,0.01,0.01,False,False,False,True,True,True
6,40,0.4194097472566555,1.1543851250932868,False,0.8928247424132768,0.8260794039663405,-0.4333620206765181,0.01,0.01,False,False,False,True,True,True
3,15,0.3856676384149009,1.8540332170210063,True,0.5897986536053357,0.5984696977836886,0.8588261235850727,0.22,0.15,True,True,True,True,True,True
6,63,0.24681472968707047,1.9462463751925283,False,0.9799828957080944,0.9594412823062556,-0.3412996714369425,0.01,0.01,False,False,False,True,True,True
6,40,0.09932960537405364,1.8523903249736218,False,0.02558439275933222,0.013227172505367764,-0.23618708297461688,0.01,0.01,False,False,False,True,True,True
7,79,0.2741350138914509,0.5926138356211889,False,0.7521417338848019,0.7331588534633531,-0.304841600775823,0.01,0.01,False,False,False,True,True,True
3,26,0.24639247532384534,1.9109733963920346,False,0.355442061605461,0.2970456259629919,-2.4460476864861715,0.01,0.01,False,False,False,True,True,True
7,77,0.5407016733711798,0.5021500862127091,False,0.46055678128847954,0.410217025271569,-0.17192232577178634,0.01,0.01,False,False,False,True,True,True
8,16,0.41695001104966767,0.8259414887758667,False,0.12135153602429039,0.08733041843303267,-0.315973861286563,0.01,0.01,False,False,False,True,True,True
9,71,0.5821595590080769,1.7982035240566014,False,0.4115893158620936,0.35137709037672554,-0.6758914999691992,0.01,0.01,False,False,False,True,True,True
11,59,0.5901547169635156,0.9081252849545982,False,0.33558396204280894,0.27841014869573666,-0.43323195357197286,0.01,0.01,False,False,False,True,True,True
3,17,0.20495533136642613,1.5395561723338227,False,0.17094373345550828,0.11302928816945361,-1.7549611541795946,0.01,0.01,False,False,False,True,True,True
7,21,0.47106934406693063,0.4082474800762379,True,0.4369668744183327,0.33052832422931583,0.7547775395109706,0.08,0.17,True,True,True,True,True,True
11,79,0.46178994591910133,1.6694761581723594,True,0.9747106294341503,0.9603193530389854,0.8189432738067993,0.58,0.51,True,True,True,True,True,True
11,38,0.24860895656229054,0.8723282921266842,True,0.253610225388022,0.19706725193375585,0.9328404245851354,0.88,0.79,True,True,True,True,True,True
10,60,0.13247518819752502,1.4835956864043713,False,0.7270630517590998,0.7068667963960036,-0.2998213952819542,0.01,0.01,False,False,False,True,True,True
7,22,0.4666339897852803,1.9961221958062785,False,0.6517229616995303,0.584316391262912,-0.36771623826963484,0.01,0.01,False,False,False,True,True,True
6,64,0.5653202677317745,1.6192073692326336,False,0.3856799071934902,0.32680504552284734,-0.8120208661998183,0.01,0.01,False,False,False,True,True,True
8,64,0.26136965346238317,0.9287775060840111,True,0.05206477406854082,0.0407669450453907,0.9276132504029958,0.94,0.99,True,True,True,True,True,True
6,71,0.08204928519441419,0.7746152545660203,True,0.8750729389387305,0.8572353343104514,0.9922699356186511,0.07,0.04,True,True,False,True,True,False
11,16,0.5179210022682751,0.9605188268568756,False,0.15894007585988468,0.11143472560654853,-0.11238016390780814,0.01,0.01,False,False,False,True,True,True
3,18,0.40481234912570385,0.382881189002265,True,0.15671364889405148,0.13887809594620443,0.7237311466273226,0.52,0.8,True,True,True,True,True,True
3,62,0.07226335109019087,1.0908380711188095,False,0.6183860832493608,0.6134427701614086,-1.6892185843245224,0.01,0.01,False,False,False,True,True,True
8,48,0.3175947180138374,0.38685020394323977,True,0.9017245800733092,0.8785035875790826,0.8851135010664396,0.01,0.01,True,False,False,True,False,False
12,53,0.47880959436967024,1.0486132131611705,True,0.06440120364688717,0.04592234415684604,0.7851308743991724,0.99,1.0,True,True,True,True,True,True
7,15,0.38185857957547614,0.7399971442339387,True,0.3067829829600963,0.23893334572207356,0.8369370127631718,0.99,0.97,True,True,True,True,True,True
6,43,0.42128778907656517,1.08400713849933,False,0.4943309918536489,0.4517606576445673,-0.23713417979816898,0.01,0.01,False,False,False,True,True,True
7,13,0.161200156908624,0.9723499953412937,True,0.8210859379717778,0.7875067438512944,0.9689790244563612,0.54,0.48,True,True,True,True,True,True
3,78,0.3613418794331403,1.3660368888436278,True,0.7018045998056273,0.7184357743584472,0.8457049146052276,0.16,0.22,True,True,True,True,True,True
8,17,0.44819818532746725,1.546893947025704,True,0.6929464592374961,0.6251459451311682,0.7401345298868491,0.23,0.34,True,True,True,True,True,True
12,32,0.16512365011213903,0.3429776834135445,True,0.5973682045505109,0.538079732667022,0.965099642461627,0.06,0.13,True,True,True,True,True,True
11,69,0.1373878162437626,1.1781716187998146,True,0.3710692388366914,0.31382677532187986,0.9747098676575615,0.75,0.71,True,True,True,True,True,True
4,29,0.26994343908625673,1.9920217768066517,True,0.4974161431465933,0.440852811097265,0.9001594704945357,0.93,0.91,True,True,True,True,True,True
4,29,0.560055177799529,1.6650902699110144,False,0.4093794208523054,0.38882081927306933,-0.9532267407633321,0.01,0.01,False,False,False,True,True,True
10,19,0.3116177442512662,1.8042279627722846,False,0.9668102369585954,0.9292109460854192,-0.17633966848719562,0.01,0.01,False,False,False,True,True,True
12,32,0.28688507142210135,0.7272778963621231,True,0.4395127876362126,0.36950613758641915,0.9219391648440929,0.97,0.96,True,True,True,True,True,True
3,77,0.4379314718649334,0.6152020354734544,True,0.6504586127266703,0.6650110200387339,0.8306432204049795,0.05,0.1,True,False,True,True,False,True
8,61,0.09057480381026123,0.9411513159827107,False,0.20707276647916462,0.17043120557583094,-0.050243094022589085,0.01,0.01,False,False,False,True,True,True
6,72,0.08965784091274978,1.320477869426095,False,0.5883553144899609,0.5764731353793009,-0.5397966121719084,0.01,0.01,False,False,False,True,True,True
12,20,0.1678630685417326,0.37033512263930063,True,0.6848769886109393,0.6132747742693195,0.9611544877421011,0.77,0.7,True,True,True,True,True,True
9,70,0.4949078840651942,0.36100088554730997,True,0.8994252829366017,0.8862383954894857,0.7821866355867751,0.4,0.27,True,True,True,True,True,True
9,69,0.08072582541078484,0.4966619894141532,False,0.5544878409198344,0.5139470026154636,0.028233927347353083,0.01,0.01,True,False,False,False,True,True
4,51,0.47100712944573364,1.8056728108009206,True,0.30259044263191115,0.2593443863621301,0.7217416938695566,0.04,0.19,True,False,True,True,False,True
4,56,0.46841251362940306,1.1086267569658173,True,0.532390076169003,0.5145804540736149,0.7332067511363353,0.3,0.25,True,True,True,True,True,True
6,23,0.23824265344110507,1.414522957092794,True,0.8740880820407997,0.8262665751193182,0.9298923315818809,0.14,0.16,True,True,True,True,True,True
11,62,0.3800862838240546,0.48968084044033944,True,0.6170381145964033,0.5913267973174642,0.8281271159157518,0.32,0.31,True,True,True,True,True,True
7,29,0.5824559231328434,0.6824746734024402,False,0.1360602960089594,0.09588777727278484,0.018434751430786656,0.01,0.01,True,False,False,False,True,True
7,43,0.37735664597617,0.32845614092534914,False,0.9707264095688208,0.9333821106721152,0.18859357006686528,0.01,0.01,True,False,False,False,True,True
9,43,0.1045914207073872,1.2344363475908646,True,0.7936625236752063,0.7748594657576678,0.9851518531668741,0.39,0.33,True,True,True,True,True,True
6,71,0.4081074743149554,0.9048686257047291,True,0.6095314276359964,0.5938758712689542,0.8154072915125528,0.26,0.3,True,True,True,True,True,True
5,14,0.5011234805836082,1.6891256993410262,False,0.4843878193225537,0.34716660646880404,-0.0863147871387917,0.01,0.01,False,False,False,True,True,True
10,38,0.34972619000022404,1.928596144951486,False,0.6063552663134731,0.5495388858637446,-0.33745101226794705,0.01,0.01,False,False,False,True,True,True
10,79,0.379441373984238,1.844786973984031,True,0.1216357673159647,0.09105744824158396,0.8741736595301007,0.95,0.79,True,True,True,True,True,True
10,10,0.4927856338383063,0.9972355637609644,False,0.5692981136036066,0.4368389505023087,0.0071212764945162155,0.01,0.01,True,False,False,False,True,True
11,29,0.46657247047704453,0.6236831654857607,True,0.6194151942698389,0.5577731300737364,0.7444605566117435,0.56,0.55,True,True,True,True,True,True
3,40,0.32412420631712235,0.7598205072145825,True,0.6800244613521581,0.6895351107699185,0.8410043279923868,0.05,0.06,True,False,True,True,False,True
11,51,0.2549755828050089,0.7637365851262032,False,0.27678187081042194,0.21783032597175284,-0.24577303629498926,0.01,0.01,False,False,False,True,True,True
5,65,0.46310387891021254,1.2788755447164204,True,0.5971724950323365,0.5695461297726968,0.7699400486449648,0.03,0.09,True,False,True,True,False,True
8,64,0.05358293311219986,1.1777715665141604,False,0.5437424324480555,0.49838513544098617,-0.22082718086613284,0.01,0.01,False,False,False,True,True,True
9,67,0.4309656941090138,1.4892463135185825,False,0.04275903880126586,0.03329075039309795,-0.3050522218773337,0.01,0.01,False,False,False,True,True,True
7,12,0.56004132297685,1.543377289571922,False,0.554881789228234,0.5363041356253573,-0.3023284594464819,0.01,0.01,False,False,False,True,True,True
4,62,0.09710348087844642,0.5358400243565011,True,0.7049089316610799,0.6990171906317291,0.9862820454213741,0.32,0.32,True,True,True,True,True,True
11,73,0.5933083622007365,1.419997401564208,True,0.9267252466375573,0.9110960381533924,0.7090044247007966,0.49,0.44,True,True,True,True,True,True
11,62,0.10435572691715897,0.5858867395318329,False,0.763945437086921,0.7367708877793006,0.056470592442006584,0.01,0.01,True,False,False,False,True,True
3,77,0.24936883914498853,0.42445514203480195,False,0.25267899683821893,0.2200592518684776,-0.04414827700158974,0.01,0.01,False,False,False,True,True,True
10,75,0.40676418485413657,1.0520515389135905,False,0.25657701761655993,0.20634651362949227,-0.142833960291181,0.01,0.01,False,False,False,True,True,True
12,25,0.45767544138820715,0.6037959527371735,False,0.2527845624649392,0.1842628236227211,-0.17446215817551236,0.01,0.01,False,False,False,True,True,True
12,30,0.3754696939251808,0.6111798411764433,False,0.9328710479196293,0.8892778973718295,0.14839995757305346,0.01,0.01,True,False,False,False,True,True
3,18,0.11533107294788009,0.3962386020320112,False,0.2739531351296307,0.19735633539137767,-3.545538962452568,0.01,0.01,False,False,False,True,True,True
10,49,0.22906366456755328,1.5702817513111242,True,0.08474472806252276,0.060936747449782114,0.9448941682798206,0.28,0.52,True,True,True,True,True,True
11,55,0.20737867155736234,1.5852048979370434,True,0.21183299432511904,0.16324618309213115,0.9525422331342535,0.01,0.08,True,False,True,True,False,True
9,61,0.06155819991982549,1.9271005645406285,False,0.6853261965337956,0.6496240662307842,-0.26215200285791096,0.01,0.01,False,False,False,True,True,True
3,57,0.22602940504814095,0.9782448960480468,False,0.6570530373728352,0.6623565530381884,-1.337785871929548,0.01,0.01,False,False,False,True,True,True
11,57,0.3550917251512994,1.0882773544458422,False,0.062441934319128034,0.04693797680709221,-0.2918339748086558,0.01,0.01,False,False,False,True,True,True
8,79,0.16410964728210498,0.8349359435902834,True,0.25045136027356574,0.20530684944870817,0.9702724496050593,0.81,0.58,True,True,True,True,True,True
6,36,0.5028932006076976,1.8761008039913385,False,0.008805500330624993,0.0019912401429365333,-0.5839844553684155,0.01,0.01,False,False,False,True,True,True
7,10,0.2171967001336354,1.5165248924040486,False,0.13249084908324626,0.08601601260285954,-0.9119553266149851,0.01,0.01,False,False,False,True,True,True
5,22,0.522629797841269,0.6798287949621986,False,0.6838499581953521,0.6122597179441212,-0.42494334844111625,0.01,0.01,False,False,False,True,True,True
9,12,0.3898915806540952,0.6928024864340914,True,0.5194030925377855,0.43693088420987014,0.8591676819083842,0.97,1.0,True,True,True,True,True,True
8,71,0.21485784403672636,1.038983371117501,True,0.6268706987717831,0.5907158293904085,0.9429566037309612,0.96,0.96,True,True,True,True,True,True
10,55,0.3311577169385548,1.3060803006074808,True,0.15740678765865657,0.12042703357570843,0.8929163649894318,0.48,0.49,True,True,True,True,True,True
6,45,0.5081635039071957,0.5160064570044528,False,0.23205042120543962,0.18717776295945138,-0.7130652859741415,0.01,0.01,False,False,False,True,True,True
11,18,0.4358435242833231,0.3233727906085685,False,0.5012561306907697,0.4193298494437084,0.21647092591049621,0.01,0.01,True,False,False,False,True,True
5,43,0.1249528489862343,1.6711643664526905,True,0.4446074369501418,0.40241848205698466,0.9803029879364856,0.74,0.79,True,True,True,True,True,True
12,67,0.10856567126171053,1.1582683882352032,False,0.10476448726001097,0.07554852450827412,-0.3099922965313373,0.01,0.01,False,False,False,True,True,True
12,77,0.28247311068930553,0.9702532011290697,False,0.5338287882594718,0.49332713222887303,-0.3034949517715304,0.01,0.01,False,False,False,True,True,True
5,14,0.14237713185238882,0.3409780559962812,False,0.8074545012988595,0.6883993545553044,0.10587657352020918,0.01,0.01,True,False,False,False,True,True
10,64,0.1534715681481435,0.5243065416724167,True,0.07533409247009182,0.054917909228614774,0.9747500411008663,0.01,0.06,True,False,True,True,False,True
3,42,0.5599806762526748,1.949028729812935,False,0.5371678719902089,0.5295296117913435,-1.781037460934114,0.01,0.01,False,False,False,True,True,True
4,25,0.2876645651875537,1.9066893972493015,False,0.5033673844468994,0.4839952587277181,-0.2819646234335176,0.01,0.01,False,False,False,True,True,True
3,13,0.30595667907413804,1.5505492696830263,False,0.6510686744379379,0.6387599146260307,-1.6705887856506925,0.01,0.01,False,False,False,True,True,True
10,52,0.5813643248815641,1.8679698343148796,False,0.8494159901978448,0.8306527326020046,-0.23796909293576252,0.01,0.01,False,False,False,True,True,True
11,11,0.13891530844989866,0.5837099241318078,False,0.3587089739584406,0.27414850862751877,-0.16685906447374155,0.01,0.01,False,False,False,True,True,True
9,11,0.3342827970736491,1.5055369332712132,True,0.15368110052380946,0.08057305886615292,0.8854572150896642,0.27,0.33,True,True,True,True,True,True
4,76,0.1349029464575846,1.9384057331528493,True,0.9769752441562477,0.953980721678715,0.9781398684026165,0.06,0.07,True,True,True,True,True,True
11,57,0.4637554133737357,1.9616608035455012,False,0.18683874187785343,0.14302571471902023,-0.4101962285166232,0.01,0.01,False,False,False,True,True,True
12,48,0.45734641083699,1.8153267239296096,True,0.23222938332181542,0.18140393966221188,0.8000490049022024,0.81,0.72,True,True,True,True,True,True
3,15,0.1782991379106132,0.6637708903098933,True,0.9358911754507774,0.7885947169726331,0.9507542651967169,0.17,0.17,True,True,True,True,True,True
8,76,0.4903692801001753,0.41937962406137225,True,0.11485731116576392,0.08898665158804879,0.7918157647816308,0.99,0.87,True,True,True,True,True,True
11,31,0.23606759189621102,1.1116152751132948,False,0.46001628340482437,0.3870248439340153,-0.037116095764714085,0.01,0.01,False,False,False,True,True,True
4,37,0.32528239094142414,1.4494548534943186,True,0.3512837145345281,0.3037621685284881,0.8716965344503321,0.2,0.22,True,True,True,True,True,True
3,70,0.08485769603976867,1.363426377345912,True,0.9858042387119036,0.9817871943781992,0.9905989797029344,0.01,0.05,True,False,False,True,False,False
8,13,0.4294607319029658,1.7690822426615391,False,0.15583495634851818,0.09998344955413128,-0.8761078504932629,0.01,0.01,False,False,False,True,True,True
7,17,0.051790462796031916,1.100537290551098,False,0.8157600369355109,0.7580728944598459,-0.3476169692825275,0.01,0.01,False,False,False,True,True,True
9,38,0.13757847414418028,1.7507987528063425,True,0.4013680561733055,0.3365803154031848,0.9754337224150906,0.34,0.38,True,True,True,True,True,True
9,64,0.39646428726652333,1.1997491873393507,True,0.6713558231125566,0.6537431459522425,0.8316996848927981,0.79,0.75,True,True,True,True,True,True
12,68,0.5133035841265998,1.2740751046438394,False,0.26462989083816146,0.21319286728152945,-0.34059606019251265,0.01,0.01,False,False,False,True,True,True
9,13,0.4199637044842514,1.8545320515981791,True,0.3269858820210185,0.24445010477794504,0.7798820274002832,0.57,0.56,True,True,True,True,True,True
8,29,0.5493615576873141,0.7639309450243325,True,0.209436771599945,0.1555475108247011,0.7729284719438436,0.08,0.17,True,True,True,True,True,True
11,49,0.0872055360206928,0.7367789996773508,True,0.06817838441516366,0.047707687503656844,0.9916271414999179,0.02,0.14,True,False,True,True,False,True
12,42,0.21358971468130783,1.9394141719055924,False,0.11032334618001749,0.07804194467513816,-0.3392389073095907,0.01,0.01,False,False,False,True,True,True
9,21,0.25102852438649614,1.3175603444817023,True,0.22904782250577993,0.17967487484648395,0.9355862088807467,0.47,0.63,True,True,True,True,True,True
4,60,0.07325363242089973,0.7115442598856676,False,0.49662930008194917,0.4752053590687879,0.5418489312620327,0.01,0.01,True,False,False,False,True,True
11,58,0.30737941584644907,0.47636707103046827,False,0.6842799669478747,0.6568136401496958,0.03712076015313981,0.01,0.01,True,False,False,False,True,True
6,30,0.395763009461346,1.1580676039976643,False,0.8185003705866443,0.7776432928095414,-0.37759293580319997,0.01,0.01,False,False,False,True,True,True
11,52,0.5878868174140466,1.007672408381719,True,0.08262113745977784,0.05986033791780595,0.7210391805945415,0.74,0.74,True,True,True,True,True,True
5,60,0.31818972599121276,1.8705729626572716,False,0.7567284674633084,0.7328933230514039,-0.5966722573830463,0.01,0.01,False,False,False,True,True,True
7,26,0.36165365170682456,1.3928776836875842,True,0.829260326347798,0.8035665277595123,0.833144893398296,0.47,0.48,True,True,True,True,True,True
8,20,0.10537009036484009,0.8244190242369063,False,0.2909928639843229,0.22178226085044322,0.020315005730855762,0.01,0.01,True,False,False,False,True,True
6,12,0.20793271360997911,1.71013806278248,True,0.1711991017625205,0.13549488726897088,0.9518582012819541,0.07,0.3,True,True,True,True,True,True
3,20,0.0748790945585279,1.033885550794431,False,0.1687603800955898,0.14650602639800525,-1.7256113435506597,0.01,0.01,False,False,False,True,True,True
9,34,0.20105883755679776,0.9306975351892326,True,0.4790564765963332,0.4063737623632315,0.953519548758335,0.51,0.62,True,True,True,True,True,True
11,75,0.26842709965242295,1.0332786542439318,False,0.4254771982490998,0.3652266641479969,-0.3693514954730208,0.01,0.01,False,False,False,True,True,True
9,31,0.49414954189757204,1.2555737566576852,True,0.5699671186404552,0.5289589086490027,0.701635731089844,0.16,0.19,True,True,True,True,True,True
5,13,0.5642469022266845,1.362066689323271,False,0.13321463745653495,0.08899723722439995,0.4636274634661931,0.01,0.01,True,False,False,False,True,True
5,62,0.4395280225386398,1.161244589893057,False,0.9930444696353098,0.9794199032713801,-0.5476073619261703,0.01,0.01,False,False,False,True,True,True
8,42,0.5473780250948813,1.5133774252459378,False,0.6110839181427269,0.5818967283765472,-0.4270968271750344,0.01,0.01,False,False,False,True,True,True
11,73,0.23473908776435487,1.6483619663985536,False,0.015418833047474823,0.011891341112060154,-0.16223224551454263,0.01,0.01,False,False,False,True,True,True
3,22,0.11844155752685881,0.6591967603505126,False,0.07718107561286525,0.0613587444842921,0.7388796762237031,0.01,0.01,True,False,False,False,True,True
12,35,0.41067548753722816,1.259329426574224,False,0.9552877296608587,0.9072381749247062,-0.10055517885669607,0.01,0.01,False,False,False,True,True,True
11,44,0.3175304753059807,1.398482982949619,False,0.6850273361121051,0.6642208765663484,-0.20330989550620782,0.01,0.01,False,False,False,True,True,True
7,57,0.40442572958150885,1.5389248770035306,False,0.7948434875041972,0.7833230611439668,-0.3111897558922936,0.01,0.01,False,False,False,True,True,True
6,24,0.554687096090651,0.3170609955201159,True,0.6983646648746962,0.6177930492050995,0.6815133696107278,0.05,0.04,True,False,False,True,False,False
7,72,0.20316547823157,0.7091271534540555,False,0.9481521668957371,0.9317493919023644,-0.06251142314270286,0.01,0.01,False,False,False,True,True,True
5,32,0.2942978313376036,1.798396225384987,True,0.08107997394033772,0.06054160366236531,0.9183546569130896,0.02,0.21,True,False,True,True,False,True
5,61,0.43061279371634037,0.5662718667434758,False,0.7576206841007694,0.7456167951546584,-0.42276976189030013,0.01,0.01,False,False,False,True,True,True
9,67,0.3219092309245178,1.1610231782740166,False,0.6667496841402288,0.6482477052166208,-0.07259389310871311,0.01,0.01,False,False,False,True,True,True
4,47,0.39833055512807414,0.969991973966025,False,0.6479820179567511,0.641708960978492,-0.7717827904593293,0.01,0.01,False,False,False,True,True,True
5,14,0.19168639618064848,1.4680836560897434,True,0.26465309268109427,0.1683175385820534,0.9673382525167292,0.43,0.45,True,True,True,True,True,True
10,70,0.29701023386543957,1.8503786459493725,False,0.4869476167340905,0.4361875589394042,-0.35873536457729926,0.01,0.01,False,False,False,True,True,True
6,45,0.4805177767591205,1.8717607699530032,True,0.5720479015485705,0.5355205277044471,0.7501100495933166,0.65,0.62,True,True,True,True,True,True
12,12,0.25976792124473796,0.6939519560784451,False,0.8397740826847581,0.7629226382170877,-0.15132153183461017,0.01,0.01,False,False,False,True,True,True
12,35,0.5608483798239519,0.9097417020822736,False,0.8772390532895016,0.8306885964494006,-0.10712353194189972,0.01,0.01,False,False,False,True,True,True
11,15,0.42004027335058525,0.9873169963946047,True,0.6819601148967185,0.6298349016928234,0.8413366904639308,0.66,0.87,True,True,True,True,True,True
8,67,0.054119074688930804,0.8844700932627458,False,0.7305966856953807,0.7119871274153393,-0.20978974790695215,0.01,0.01,False,False,False,True,True,True
7,67,0.2883941971560219,0.8158999881494611,True,0.5540674110277626,0.5236528844441098,0.8880877078726293,0.15,0.25,True,True,True,True,True,True
4,40,0.4866464881492322,0.5466942556692815,False,0.3088501951326986,0.24980876285773077,-1.4312486334515544,0.01,0.01,False,False,False,True,True,True
6,72,0.5290317209562716,1.7909745337645135,False,0.896436704968675,0.8857731912615486,-0.4661772586103434,0.01,0.01,False,False,False,True,True,True
8,51,0.36005862877712136,0.3398029449072093,False,0.895683199116253,0.8904219261253928,0.03446476005372223,0.01,0.01,True,False,False,False,True,True
5,63,0.18678013449959346,0.6656260085810572,True,0.9743432030369388,0.9649653846905804,0.966468889448039,0.66,0.77,True,True,True,True,True,True
11,35,0.588542449560341,0.962482174683813,False,0.8909797969417068,0.8718535738419622,-0.08819660890661374,0.01,0.01,False,False,False,True,True,True
10,67,0.5273429235065744,1.5954864862000948,False,0.8085913920672609,0.7876499951216454,-0.1627475051202305,0.01,0.01,False,False,False,True,True,True
5,37,0.4396974502215953,1.5134385917855995,True,0.10155450684122991,0.0731386047485055,0.8194561114495647,0.99,0.97,True,True,True,True,True,True
10,46,0.10092984776864194,1.3223915721091113,False,0.8832264989678671,0.8570064956850393,-0.21385141213228365,0.01,0.01,False,False,False,True,True,True
12,13,0.07997023436033147,1.6684232353646835,False,0.3605659404824749,0.2625583880359864,-0.30706804961035394,0.01,0.01,False,False,False,True,True,True
11,22,0.5274232114258388,0.3072146257168015,True,0.9877564656003059,0.9088932694958334,0.7766148080271493,0.25,0.23,True,True,True,True,True,True
7,30,0.2785522026290532,1.4174675260216114,True,0.7770891410465314,0.745963308560732,0.9045904281128653,0.72,0.66,True,True,True,True,True,True
8,64,0.18857726738247554,1.574253534439718,False,0.7945588064262284,0.7844804594649115,-0.32213868655831224,0.01,0.01,False,False,False,True,True,True
12,16,0.12938502108203453,1.527086741865553,True,0.2906486931315073,0.2218264507165034,0.9758674817653489,0.38,0.44,True,True,True,True,True,True
3,11,0.31558605561650177,1.0362757164200433,True,0.22361492610586864,0.1700458489514328,0.8604084450711018,0.04,0.03,True,False,False,True,False,False
11,21,0.4397158263429199,0.5828389322255447,True,0.3182621622929397,0.25301393383346654,0.825831998750362,0.99,0.96,True,True,True,True,True,True
11,11,0.0916316377949288,1.0402106151009374,True,0.04102854960003499,0.023209766020079618,0.9911869425822383,0.25,0.22,True,True,True,True,True,True
12,57,0.11802899726048181,1.404797072845434,False,0.9542300037399454,0.9388141715474562,-0.09267866038091732,0.01,0.01,False,False,False,True,True,True
9,19,0.5881978351742418,1.7379021167777444,False,0.8133738306183503,0.7928067590834549,-0.26073222745178626,0.01,0.01,False,False,False,True,True,True
10,19,0.2280045313929832,0.695347789718868,False,0.6643275813312997,0.619596970863689,-0.13914170148015015,0.01,0.01,False,False,False,True,True,True
11,17,0.12799160925614317,0.7258560185038845,False,0.9414572658034657,0.8731571713058625,-0.09481830734829844,0.01,0.01,False,False,False,True,True,True
8,60,0.31380787258862136,0.6184623418793049,False,0.2572040728210079,0.2061680746455987,0.05435887122148353,0.01,0.01,True,False,False,False,True,True
10,62,0.07060183258497098,1.6597531692086198,False,0.8669979124779827,0.8497794026340415,-0.18174141879137395,0.01,0.01,False,False,False,True,True,True
7,77,0.2426718186476382,1.4902488053851255,True,0.5903056905039219,0.5723557893683671,0.9216941310188324,0.65,0.53,True,True,True,True,True,True
6,46,0.43549658252442125,0.7895449448505253,True,0.6864049844779475,0.6610327289371095,0.7820872447595371,0.78,0.84,True,True,True,True,True,True
7,21,0.3641806653727518,1.7512504540111709,True,0.35002684416299534,0.2800899685932836,0.8314731892460556,0.98,0.98,True,True,True,True,True,True
9,57,0.5714473644893472,1.196933998597888,True,0.03597998257241186,0.028351380106293258,0.749788756579103,0.07,0.46,True,True,True,True,True,True
4,64,0.5265157676972674,0.741625333125491,False,0.4664820012396832,0.44852092938996474,-0.39267004856715126,0.01,0.01,False,False,False,True,True,True
10,65,0.5500712740829657,0.7313062289382803,True,0.9751915304143542,0.9633652739057346,0.744358084332041,0.75,0.75,True,True,True,True,True,True
10,40,0.4598032707203346,0.8185823075721954,True,0.995786188601931,0.9426715337138089,0.8111223177413107,0.37,0.27,True,True,True,True,True,True
9,40,0.21261238163143453,1.9465545622731908,False,0.45857444541216286,0.39457604060358026,-0.5028109445563949,0.01,0.01,False,False,False,True,True,True
7,69,0.13867512408759947,1.3047191342076805,False,0.002272488118670535,0.0,-0.593675820369655,0.01,1.0,False,False,True,True,True,False
7,28,0.5184888086942601,0.9432568508886987,True,0.5368453603767859,0.4865400979044986,0.6456193000896142,0.72,0.64,True,True,True,True,True,True
6,15,0.5400303611117258,1.639857359446675,False,0.27995495590827757,0.2178621933993316,-1.4140347652305953,0.01,0.01,False,False,False,True,True,True
8,22,0.184281863141038,0.7002782119650333,False,0.5169005683458566,0.4562390055859023,-0.24200647667216746,0.01,0.01,False,False,False,True,True,True
3,11,0.1791906071404718,1.8076593076854912,True,0.2948431571835003,0.25510143317066275,0.9829959693196836,0.87,0.87,True,True,True,True,True,True
8,53,0.1633651601181974,1.467511718492989,False,0.06918213098035242,0.05401645790700193,-0.4823854632877549,0.01,0.01,False,False,False,True,True,True
9,70,0.3286935140517704,1.3261375201783427,True,0.571641749058131,0.5408712065423842,0.866116277274132,0.05,0.04,True,False,False,True,False,False
4,48,0.2424326774313897,0.6100425328848242,False,0.2218901604923963,0.17638054044404525,-0.557635487556501,0.01,0.01,False,False,False,True,True,True
3,54,0.5285396033602202,0.5832347904451388,True,0.5439246386655086,0.551064556946034,0.7594963358028091,0.35,0.5,True,True,True,True,True,True
10,77,0.5802249222627947,1.9926673048885934,True,0.6013825569804201,0.5779163102635988,0.6978271432741672,0.37,0.34,True,True,True,True,True,True
6,19,0.24265522989883365,1.1645840578290332,True,0.9974723935601456,0.9572425341743911,0.9515218501175505,0.52,0.6,True,True,True,True,True,True
3,16,0.2564812931825952,1.9446225734630231,True,0.046756976117902194,0.011236625479765991,0.944255758207877,0.86,0.55,True,True,True,True,True,True
5,63,0.3915495674611039,0.7851046841818552,True,0.5392429625935754,0.518906367730471,0.8173482089156152,0.74,0.65,True,True,True,True,True,True
12,68,0.2949879187858185,0.6646214826464873,False,0.7993947873437205,0.7825680741909677,-0.11954623014754184,0.01,0.01,False,False,False,True,True,True
6,69,0.40451106521932295,0.7879559787551553,True,0.42638245329200875,0.3821476838740438,0.7987273784727154,0.87,0.8,True,True,True,True,True,True
10,63,0.22838707976128247,0.6200992484414117,False,0.2843898447498915,0.2339295023249177,-0.12203837167889664,0.01,0.01,False,False,False,True,True,True
6,59,0.24542740477138741,0.7921502789947988,True,0.7276132427840356,0.7236064963399318,0.9308337335778628,0.41,0.35,True,True,True,True,True,True
4,49,0.07318359866560921,0.9761591763714121,True,0.2144694153491784,0.16334663650017725,0.99357748651208,0.03,0.07,True,False,True,True,False,True
9,65,0.2781613520793166,1.4655680791647236,False,0.3286350649224976,0.2716768219870641,-0.12858560058769175,0.01,0.01,False,False,False,True,True,True
10,32,0.18367116028096692,1.4887970167345175,True,0.3911266129289689,0.315951532719689,0.9567644836836756,0.11,0.16,True,True,True,True,True,True
12,24,0.1844710050400481,0.6438841209314891,True,0.8556370964721237,0.8205547690896786,0.9590618542403412,0.76,0.92,True,True,True,True,True,True
4,24,0.4854836827552467,0.8474568735870569,False,0.6763206030755236,0.6312936998335877,-1.0031405326878855,0.01,0.01,False,False,False,True,True,True
7,71,0.09672322459362227,0.36403895377277296,True,0.6143360106986494,0.5905560055788287,0.987149134675106,0.28,0.36,True,True,True,True,True,True
12,61,0.561564436099586,0.4613901123942726,False,0.41622144249513715,0.357775232205819,-0.21247492999779438,0.01,0.01,False,False,False,True,True,True
9,69,0.07337003326520497,1.421430674532018,True,0.19557130193335004,0.1547516049235138,0.9932300988003568,0.94,0.9,True,True,True,True,True,True
3,55,0.5662448726240681,0.3197813872543979,True,0.60842294095885,0.5859354970988365,0.6967422294524188,0.98,0.94,True,True,True,True,True,True
10,64,0.578997376664667,0.8528668287120647,True,0.8291015829030898,0.8213847044669024,0.6926858907240412,0.66,0.72,True,True,True,True,True,True
9,52,0.2829089835629815,1.2006460939596344,False,0.8423722979455304,0.8283251620878013,-0.2739990155079248,0.01,0.01,False,False,False,True,True,True
8,72,0.08617965066585544,0.8499254471787177,False,0.9131762099050952,0.9082164298280331,-0.2575711215414822,0.01,0.01,False,False,False,True,True,True
8,19,0.28149974579627823,0.7102757819918937,False,0.1571281998446019,0.11072929794351302,-0.19220779346035477,0.01,0.01,False,False,False,True,True,True
11,30,0.5346024331978229,0.3595465532963806,False,0.03360218677986704,0.021827665066808725,0.05417941276821714,0.01,0.01,True,False,False,False,True,True
12,16,0.38497924564765057,0.8113153122133319,True,0.6677349352937346,0.6120118725713002,0.8239427279012397,0.13,0.09,True,True,True,True,True,True
9,69,0.3075461611106702,0.47980666139083644,True,0.5737466495946213,0.5458950544271262,0.8837439415000542,0.93,0.84,True,True,True,True,True,True
4,38,0.13021293737230047,0.7182957686792635,False,0.32621016701057926,0.2763793406610067,-0.8747036246806372,0.01,0.01,False,False,False,True,True,True
3,27,0.06929727124717286,0.9179150098930617,True,0.10783448792141159,0.09069252999230333,0.9939534871464833,0.02,0.22,True,False,True,True,False,True
9,15,0.0928523278478562,0.6105931761467378,True,0.30480122393749054,0.22803031456247277,0.9890357201452373,0.63,0.44,True,True,True,True,True,True
10,21,0.10116000564299067,1.3013493503585585,True,0.11421414379065475,0.08090693094410682,0.9888460784111266,0.19,0.25,True,True,True,True,True,True
10,13,0.1358515019115903,1.77498415784534,False,0.35921965977702586,0.28963266540719107,-0.1484998668415778,0.01,0.01,False,False,False,True,True,True
8,58,0.07703177811580378,1.3706461622343402,False,0.7816524044756918,0.7670880840954302,-0.2528396505264372,0.01,0.01,False,False,False,True,True,True
11,54,0.22575651270292363,0.7650173472023274,True,0.5726306164758606,0.5400202308718961,0.9313641545219535,0.22,0.37,True,True,True,True,True,True
5,35,0.05851687055242316,0.5217182652984864,True,0.5431974603900083,0.5095194526390997,0.9956585833758955,0.99,0.97,True,True,True,True,True,True
12,56,0.5660669904983234,1.415422610534897,True,0.6095836056220916,0.5746940192755094,0.6768504603461674,0.33,0.36,True,True,True,True,True,True
6,71,0.1491273818623875,1.6416728501455713,True,0.08944137969138011,0.07287398619028515,0.9776995216631027,0.9,0.91,True,True,True,True,True,True
4,61,0.11633532137070011,0.5106212372122203,True,0.6677376654770097,0.6624713882945724,0.9833243605324348,0.44,0.5,True,True,True,True,True,True
11,76,0.36614272109402446,0.564989287418098,False,0.530890967035155,0.4890201387372562,-0.23169529529016963,0.01,0.01,False,False,False,True,True,True
6,15,0.20713706288079392,1.4505929218021123,False,0.004304530543748353,0.0,-0.4934491165715291,0.01,1.0,False,False,True,True,True,False
5,42,0.21310181488471713,1.9377045490069384,True,0.2789312920370953,0.22494177213275432,0.9398650241601814,0.99,0.93,True,True,True,True,True,True
3,29,0.24634810460052148,1.8433810966750883,False,0.9872778411971627,0.962670207406207,-1.0898340078601088,0.01,0.01,False,False,False,True,True,True
3,62,0.5913802869835776,1.5484589346765432,False,0.8667694040382184,0.8751127636085388,-1.2171475320346548,0.01,0.01,False,False,False,True,True,True
8,76,0.4024747061848327,1.2396430974424186,False,0.7785495743991118,0.7643563549196692,-0.2790255001834385,0.01,0.01,False,False,False,True,True,True
8,22,0.19571282763769599,1.5672162751953942,True,0.6544474699488713,0.6010047362325766,0.9377635530226324,0.01,0.01,True,False,False,True,False,False
3,10,0.13356773412824932,0.3642877621252174,True,0.5816271754463012,0.47940154981890154,0.9493737718037123,0.6,0.61,True,True,True,True,True,True
3,48,0.34058979172723103,1.4287584185521174,True,0.9805457013218192,0.9353422462436413,0.8787942884162825,0.23,0.12,True,True,True,True,True,True
4,17,0.3704679175282097,0.5813102861064068,True,0.6873224710493246,0.6651206690812798,0.802590117723823,0.43,0.54,True,True,True,True,True,True
7,51,0.16198362771875754,0.9063508273149898,False,0.35818346609509333,0.30289219679034285,0.21136270362135645,0.01,0.01,True,False,False,False,True,True
12,46,0.41931267015509194,0.9176078904000415,True,0.9959213386986541,0.9506064110118924,0.8493178945851604,0.23,0.31,True,True,True,True,True,True
12,38,0.2795029877470745,1.741162790738159,False,0.358169420481,0.29284275028916823,0.043497931990518324,0.01,0.01,True,False,False,False,True,True
10,19,0.10123847580172107,0.34652256883448695,True,0.9637459916719985,0.8856659869253043,0.9866835713258949,0.68,0.68,True,True,True,True,True,True
6,42,0.30896943798527277,0.6386442312776855,True,0.319810006119127,0.25648667697589417,0.8781240060248598,0.27,0.51,True,True,True,True,True,True
4,26,0.2939933536461914,1.0083239074555925,False,0.5318753338526098,0.4897598143769956,-0.07164641294801988,0.01,0.01,False,False,False,True,True,True
8,50,0.14054255476509564,0.47212967960960495,True,0.8291525587936999,0.8089677131262146,0.9792506268924204,0.97,0.93,True,True,True,True,True,True
8,50,0.5500886657196432,0.4507421745881555,True,0.830784517787758,0.8321319721660104,0.7115070430848311,0.07,0.06,True,True,True,True,True,True
6,75,0.25180932876002443,1.8714427921634682,True,0.19291591839206967,0.1506749971688316,0.9282384667057064,0.04,0.48,True,False,True,True,False,True
12,10,0.4579598320538266,1.0459166914254319,True,0.9750575098822094,0.7979628798448357,0.8166442497708004,0.79,0.68,True,True,True,True,True,True
3,55,0.34921445574893234,1.596836554072794,True,0.23073620876593937,0.19708534165713254,0.8807843722407347,0.59,0.61,True,True,True,True,True,True
4,70,0.23818926516089195,0.3967706890626877,True,0.350140830772827,0.30418202448062714,0.9228493234071368,0.96,0.95,True,True,True,True,True,True
6,39,0.4321426832987914,0.7868459988939887,False,0.984828529813089,0.9330761402580088,-0.3383187679491475,0.01,0.01,False,False,False,True,True,True
10,75,0.5696992035237523,1.4700946371329187,False,0.7110842740787685,0.6855790041182496,-0.27753290904281247,0.01,0.01,False,False,False,True,True,True
10,16,0.4613206593323424,1.7572125507306722,True,0.3012877085675303,0.2333117833066246,0.8037029248785592,0.12,0.36,True,True,True,True,True,True
9,42,0.0617163038479093,1.9524829687414011,False,0.5665293713066588,0.523947721699074,-0.40160701131683707,0.01,0.01,False,False,False,True,True,True
10,40,0.21171484365088167,1.478672566810527,False,0.2689196980186306,0.21088463213444378,-0.21473114352153932,0.01,0.01,False,False,False,True,True,True
3,69,0.06002686863066318,1.287117094711954,False,0.06501269664751275,0.05410706993211489,-1.1615478295300372,0.01,0.01,False,False,False,True,True,True
8,63,0.32571205418983873,1.9578351443508497,True,0.8753074756634158,0.8673978040543078,0.8929888770266595,0.45,0.42,True,True,True,True,True,True
6,66,0.06965851009837816,0.467065306577823,False,0.5367050262066771,0.5069118069297851,-0.1427573306285368,0.01,0.01,False,False,False,True,True,True
3,74,0.5586189253280006,1.7765563174074408,False,0.07700703925422281,0.06656693848531044,0.6535036010506524,0.01,0.01,True,False,False,False,True,True
4,66,0.4515534989292817,1.687357242577887,True,0.8665740050328474,0.8540393882218904,0.8171622327960831,0.3,0.43,True,True,True,True,True,True
8,33,0.165451478341748,0.5655158221938735,True,0.34899868381742494,0.2764644300913614,0.9696897933601052,0.92,0.75,True,True,True,True,True,True
10,42,0.3638318935867311,0.3751256859601629,False,0.896908369981964,0.8437717505946271,0.2251407425033115,0.01,0.01,True,False,False,False,True,True
6,21,0.4802947907241035,1.6130644993595358,False,0.3823644378769997,0.3132595938754671,-0.6001187306760574,0.01,0.01,False,False,False,True,True,True
4,12,0.4945366883682447,0.6433284535639088,False,0.7918803662399785,0.7613937706784576,-0.4550917763937796,0.01,0.01,False,False,False,True,True,True
5,41,0.3582032026151918,0.5384836596854441,True,0.2376102388674679,0.18233326955274892,0.8631980998528543,0.44,0.31,True,True,True,True,True,True
6,17,0.3381112439164168,0.5324420825209537,True,0.21475680986748413,0.15164675528166435,0.8611123993474985,0.08,0.1,True,True,True,True,True,True
6,76,0.11147811653099779,0.538168740770607,False,0.39533912252191816,0.3336091767535994,-0.8410139181857064,0.01,0.01,False,False,False,True,True,True
6,53,0.5863764216551989,1.0838483242132846,True,0.1488716141589913,0.11395166003164192,0.6587695641646503,0.01,0.03,True,False,False,True,False,False
8,66,0.15597270862144713,1.2815000111175476,False,0.30918432505917504,0.2567305488487514,-0.6278141781800355,0.01,0.01,False,False,False,True,True,True
11,59,0.19391285885653164,1.479748991413269,True,0.670780851788556,0.6478025507544913,0.9584541240825619,0.62,0.64,True,True,True,True,True,True
10,68,0.27344967730112196,0.968374828592174,False,0.841879557264211,0.8284520813289243,-0.22336030837871101,0.01,0.01,False,False,False,True,True,True
6,52,0.37181369693589045,1.562364625039883,True,0.6762626003546375,0.6667159933182089,0.8438828275325081,0.95,0.96,True,True,True,True,True,True
9,46,0.16417958537955007,1.2513245574302978,False,0.207397313947436,0.16766059239160594,-0.4178287780622627,0.01,0.01,False,False,False,True,True,True
10,50,0.45563598389700155,1.4097939782114568,False,0.6826901028183396,0.6582778516460377,-0.3346740825294352,0.01,0.01,False,False,False,True,True,True
8,50,0.15538647129468114,1.758612067606261,True,0.9514239121193474,0.9253995865136139,0.9740035566643384,0.96,0.86,True,True,True,True,True,True
8,53,0.3750259114365454,0.9548347755556146,True,0.13445936956687254,0.10228811048861368,0.8524851153413331,0.28,0.63,True,True,True,True,True,True
10,53,0.19970486879103444,0.6656831210230924,True,0.9871780182088978,0.9598164529778955,0.9574537451430106,0.34,0.56,True,True,True,True,True,True
5,69,0.5980299854957533,0.5678488461035021,True,0.7251531169494805,0.710907699456695,0.702455387151497,0.14,0.18,True,True,True,True,True,True
3,23,0.48858098205705486,1.7967675752583843,True,0.7980045283588983,0.860527180078642,0.7371891620381598,0.47,0.46,True,True,True,True,True,True
11,68,0.11769473503777295,1.5009754172961463,True,0.7381144257269409,0.7011844078507347,0.9815157967932429,0.66,0.68,True,True,True,True,True,True
7,78,0.2317718684442503,0.762011813440466,False,0.29615708996221446,0.2505707072454137,-0.4216426120232202,0.01,0.01,False,False,False,True,True,True
3,25,0.22269462799402173,0.573729093705906,False,0.25142881347376833,0.1738639650159787,0.5733050269419716,0.01,0.01,True,False,False,False,True,True
3,57,0.4208147832362778,1.7281755206696265,False,0.30804257212527886,0.2735036171794017,0.06469493908872592,0.01,0.01,True,False,False,False,True,True
7,58,0.16719274416213376,1.4022523315069866,False,0.7130133712221499,0.6918687421789341,-0.4766180380677154,0.01,0.01,False,False,False,True,True,True
7,61,0.39102108508233907,1.61065921540186,False,0.47013123987310035,0.4115825781466441,-0.5777372860504024,0.01,0.01,False,False,False,True,True,True
9,33,0.213782805366261,1.4624247860773332,True,0.7408658582133733,0.710104241641753,0.9407592275979628,0.22,0.29,True,True,True,True,True,True
7,46,0.391420572897766,1.8397851358045318,False,0.9539014144091579,0.93049383798949,-0.3391631117749785,0.01,0.01,False,False,False,True,True,True
12,49,0.45673530860697986,0.4043295700241335,False,0.27460450659804336,0.2205223746121616,-0.19552310255946814,0.01,0.01,False,False,False,True,True,True
4,67,0.28460786906420843,0.4347481787938386,False,0.25499681622560055,0.20234927623564328,-2.0865099063791277,0.01,0.01,False,False,False,True,True,True
6,15,0.5249011651233175,0.9948074398736102,False,0.8004132190456406,0.680919167880911,-0.6313756352607367,0.01,0.01,False,False,False,True,True,True
3,22,0.3605542000204717,0.7333778958135728,False,0.23227186605585248,0.18165133730206792,0.41970049037522195,0.01,0.01,True,False,False,False,True,True
4,78,0.16755671200032618,1.2104687944436696,True,0.002393610835920823,0.0003054374255358774,0.9694641780321086,0.96,0.73,True,True,True,True,True,True
11,68,0.5383019303473764,0.41899297495679366,True,0.57064256213534,0.5376308969952388,0.729431179376695,0.52,0.54,True,True,True,True,True,True
8,73,0.4845358358390273,1.5362257995924686,False,0.1934354639518907,0.1550833667662846,-0.3967808447691301,0.01,0.01,False,False,False,True,True,True
7,18,0.25511402127757965,0.5796184518945036,True,0.1360559257759526,0.09136853668520359,0.9131473935891455,0.01,0.05,True,False,False,True,False,False
11,27,0.39864712100859195,0.4044713887993719,False,0.9164763333033025,0.8919184845846808,0.007045096722239075,0.01,0.01,True,False,False,False,True,True
6,45,0.13762610028341454,1.0555404236322188,True,0.1925852179153913,0.1491068227101327,0.9814910006270575,1.0,0.99,True,True,True,True,True,True
11,50,0.5271779896797489,1.4226918143691318,True,0.15775508657253223,0.1213089929554775,0.7613221210896322,0.06,0.32,True,True,True,True,True,True
5,54,0.4224992271085824,1.9701387879969596,True,0.7048381842963295,0.6917763984884432,0.7692435594931789,0.17,0.15,True,True,True,True,True,True
6,51,0.5059383251789873,0.6343439849272594,False,0.07528859040858538,0.06189713875846976,-0.029058011098067826,0.01,0.01,False,False,False,True,True,True
9,40,0.5300087125799997,1.9040962478601808,False,0.3254443455710617,0.25036511470712863,-0.5146649153035594,0.01,0.01,False,False,False,True,True,True
3,72,0.5213435149775266,1.7598582117453252,True,0.5931122061507265,0.5944617828785385,0.7007342563111876,0.08,0.04,True,True,False,True,True,False
5,63,0.16588197278923428,1.5796092796875552,True,0.1819899998954836,0.13566066186076225,0.9691599170879078,0.01,0.03,True,False,False,True,False,False
12,77,0.1817596298624201,0.8042251256291579,False,0.5048099362788674,0.4592914755304837,0.13861552768489738,0.01,0.01,True,False,False,False,True,True
12,25,0.480376005801297,1.8086638251437694,False,0.42867940942841887,0.3469341606583007,-0.36654780484078286,0.01,0.01,False,False,False,True,True,True
11,12,0.3423822386133493,1.8265236973682215,False,0.3555101730453245,0.25919780189861485,-0.17307356296016163,0.01,0.01,False,False,False,True,True,True
12,61,0.4068378746854631,0.8529042863004792,False,0.11332026285291341,0.08410540770825341,0.10788093885697592,0.01,0.01,True,False,False,False,True,True
10,52,0.4823333177747793,0.7500425657903472,False,0.30269036230734125,0.2475690824538123,-0.3629915935220809,0.01,0.01,False,False,False,True,True,True
8,63,0.33953104029987974,1.6143839781271259,False,0.20799334178140994,0.1649274447825961,-0.5862325662421464,0.01,0.01,False,False,False,True,True,True
3,54,0.2236332431985531,0.7025117664290557,True,0.427460018368475,0.42420313313432106,0.9361046217508544,0.9,0.91,True,True,True,True,True,True
10,31,0.09272843590607645,1.3648431675228192,False,0.4572612463557407,0.3850244101240392,-0.435612135700987,0.01,0.01,False,False,False,True,True,True
3,68,0.14170414406521326,1.277449697590015,True,0.40311119493667746,0.3953018776594528,0.976617313887301,0.99,0.99,True,True,True,True,True,True
4,17,0.36532968786130426,1.2688621106306792,False,0.35874325728473455,0.30488551847928796,-1.2784128178984604,0.01,0.01,False,False,False,True,True,True
12,58,0.15998230471910063,0.8966954122329331,True,0.673309789214394,0.6379415810827074,0.9655050623894242,0.43,0.39,True,True,True,True,True,True
4,17,0.14102261719036263,0.848994497248124,True,0.9051177425122411,0.8111210844016717,0.9677986993317848,0.87,0.79,True,True,True,True,True,True
6,51,0.4883956019733046,1.0516191551722491,False,0.6520279983393554,0.6314247868103097,-0.6142786611207087,0.01,0.01,False,False,False,True,True,True
9,72,0.11683906656073687,1.998131840574022,False,0.9159583044250467,0.8961455783304777,-0.1932690161915418,0.01,0.01,False,False,False,True,True,True
11,15,0.18690820941872677,1.0954175524326049,False,0.8067049455509441,0.7587425051488982,-0.15474507939278936,0.01,0.01,False,False,False,True,True,True
8,72,0.4171051259420971,0.9590478579625512,False,0.813164058452462,0.807745327290413,-0.3122713232970986,0.01,0.01,False,False,False,True,True,True
9,16,0.49691027882225447,1.8375619491632464,False,0.9162451214667843,0.8774185437190964,-0.2813617062475793,0.01,0.01,False,False,False,True,True,True
4,76,0.48784506513276005,1.552633765435429,True,0.21332334081013837,0.1689746723556755,0.7717261941950766,0.79,0.78,True,True,True,True,True,True
9,61,0.5749394724771479,0.3028523701909781,True,0.6650155425348215,0.6464817603975996,0.6844448747637146,0.09,0.04,True,True,False,True,True,False
4,70,0.27866960885707387,0.6150806540722513,True,0.773896783991809,0.7497983456371423,0.9071304386126726,0.63,0.6,True,True,True,True,True,True
12,30,0.45752033086228794,0.36803926538575127,True,0.06776108041812057,0.04641899096192168,0.8322879548369602,0.03,0.19,True,False,True,True,False,True
12,50,0.3879857879211017,0.7992065015540748,False,0.7760287857552867,0.7462268938607979,-0.15686071745620467,0.01,0.01,False,False,False,True,True,True
9,75,0.3683762719262165,0.6225005308188325,True,0.8151254240471765,0.7975044465608104,0.8531714437904171,0.23,0.35,True,True,True,True,True,True
5,76,0.1889880036106421,0.9440199386434089,True,0.8091201361820264,0.814855953464557,0.9532778110429188,0.58,0.5,True,True,True,True,True,True
9,12,0.21238563926203302,1.9312096084872623,False,0.9383868535811997,0.8380715666880899,-0.2792811072295396,0.01,0.01,False,False,False,True,True,True
6,79,0.4491813003302997,1.3128664993394497,False,0.36810019884752765,0.31411608626369747,-0.0596015317498384,0.01,0.01,False,False,False,True,True,True
5,10,0.36765990749444527,1.3277347435998943,False,0.781277806700004,0.7497721804928851,-0.6774623514698017,0.01,0.01,False,False,False,True,True,True
7,12,0.16510817306873155,0.36117365652762756,False,0.14296938209566457,0.0751038720658018,0.2698302811672326,0.01,0.01,True,False,False,False,True,True
4,71,0.1446303133454685,1.4583039225857104,True,0.07630902373677118,0.06639677259042108,0.9735775598257489,0.99,0.93,True,True,True,True,True,True
8,63,0.21833793667774487,1.1447557704231086,False,0.15464213780421365,0.1130870072783035,-0.5577668761341221,0.01,0.01,False,False,False,True,True,True
8,78,0.5660918342902818,1.7523616042621757,False,0.5789331537280498,0.5455057174204354,-0.14501588402234966,0.01,0.01,False,False,False,True,True,True
7,23,0.11211823277297983,0.4322949401645563,False,0.4787798030450571,0.4205184256259803,-0.47646974792334884,0.01,0.01,False,False,False,True,True,True
4,77,0.09296101915659416,1.8640823972574312,True,0.7394081281239141,0.715977586528597,0.9871694402627179,0.41,0.41,True,True,True,True,True,True
5,15,0.3948461610745439,1.2911204260602898,True,0.1918042079760498,0.13217286642668877,0.8202782719307078,0.89,0.78,True,True,True,True,True,True
4,22,0.1402852498084327,0.45297569051054365,False,0.9331348625068581,0.8640700086523087,-0.3541343479774215,0.01,0.01,False,False,False,True,True,True
12,48,0.3071913950373627,0.9553023560908027,True,0.8352829684995167,0.8082896107017488,0.8929727074110739,0.84,0.85,True,True,True,True,True,True
12,31,0.541828783611719,0.40233790382262224,False,0.5837661031274218,0.5226802798403105,-0.04045518336331555,0.01,0.01,False,False,False,True,True,True
6,17,0.4306498972660383,0.3726692000484071,False,0.7548684319812762,0.7167132531261752,-0.24885721151042972,0.01,0.01,False,False,False,True,True,True
9,22,0.14258453830114637,1.2195181009474985,False,0.9471479186478354,0.8622564538223494,-0.22231262509645044,0.01,0.01,False,False,False,True,True,True
11,45,0.3685443833231684,0.7070403564113605,True,0.753695613472441,0.733448896752136,0.8397418742168368,0.04,0.04,True,False,False,True,False,False
5,59,0.20513170267914432,1.870076738792535,True,0.6649653283442077,0.6286980309475753,0.9307001258460978,0.99,0.98,True,True,True,True,True,True
10,35,0.09574531270860506,0.5734482194195385,True,0.07767114858669999,0.05401109266929592,0.988705293870493,1.0,0.87,True,True,True,True,True,True
4,51,0.4091451847491934,1.7526616248486355,False,0.016675074195605877,0.009154909713690066,-0.21072780007867475,0.01,0.01,False,False,False,True,True,True
9,76,0.41976704957214994,1.4407809905386006,True,0.06179059408228871,0.04753425254184477,0.8300474642063715,0.51,0.78,True,True,True,True,True,True
10,37,0.09896694504075705,1.1998852854498212,True,0.19385745572267543,0.15226283328596993,0.988879818470761,0.24,0.22,True,True,True,True,True,True
12,71,0.15954915449179743,0.4812513699255172,True,0.9055564693025293,0.894682693693289,0.9689180452141671,0.55,0.52,True,True,True,True,True,True
3,57,0.46031034836973256,0.34491207895045983,True,0.12062002549265538,0.10394368086100954,0.7932219748867075,0.66,0.54,True,True,True,True,True,True
6,39,0.3032081033957387,1.2660260365274452,True,0.3852710832128643,0.32806460208727584,0.8956210648139868,0.24,0.23,True,True,True,True,True,True
8,51,0.05506012841615061,0.9783332703639191,True,0.01948206036906719,0.014177383844839653,0.9969988627600883,1.0,0.88,True,True,True,True,True,True
3,45,0.48373401199820487,0.5043659713561797,False,0.05885937908032235,0.05241789108925574,0.33554250345798187,0.01,0.01,True,False,False,False,True,True
12,77,0.4981565814625772,0.9045796594276116,True,0.5999755284774193,0.5759663368179603,0.7405320014872964,0.93,0.91,True,True,True,True,True,True
11,44,0.06887458451719322,1.995366879846178,True,0.44876120881376624,0.38128317138556483,0.9940946399418469,0.63,0.64,True,True,True,True,True,True
4,60,0.1174145771318743,1.202088477486088,True,0.6820580396945105,0.6613642646059047,0.9794431366893759,0.4,0.39,True,True,True,True,True,True
3,67,0.5383952061918905,0.8152220861250612,False,0.4695872192903837,0.467586092013293,0.6970340390340051,0.01,0.01,True,False,False,False,True,True
11,12,0.06543695716976387,1.985957607940547,False,0.9655285721037894,0.8606899262781837,-0.14418796896714858,0.01,0.01,False,False,False,True,True,True
11,78,0.23499296568432093,1.6782464506184132,False,0.1680382340268728,0.13315484904136696,-0.46543024524277943,0.01,0.01,False,False,False,True,True,True
9,61,0.12607870979147442,1.789343796580054,True,0.5858576418740644,0.5481455185624456,0.9796478439981634,0.33,0.42,True,True,True,True,True,True
3,52,0.43814541550626096,0.8216422867365663,False,0.16861086301269468,0.1500779219460206,-0.9724707098909946,0.01,0.01,False,False,False,True,True,True
12,72,0.16768991766643485,1.5782651134433445,True,0.36814533146160533,0.3121501028024756,0.9663547166072204,0.74,0.65,True,True,True,True,True,True
3,17,0.0841667500712664,1.9966736396190683,False,0.9992433464749024,0.8544777327690619,-1.2493260712669496,0.01,0.01,False,False,False,True,True,True
8,25,0.21983365064767885,0.47484239391690664,False,0.28789013818899434,0.22115269064460844,-0.24833236737597253,0.01,0.01,False,False,False,True,True,True
12,25,0.598151902335861,0.854445934709612,False,0.977921544901098,0.9267608893851866,-0.12607472970168998,0.01,0.01,False,False,False,True,True,True
3,74,0.37316617407091746,0.49722197629802845,True,0.8442429710475267,0.8634341749187731,0.8755459473295274,0.99,0.97,True,True,True,True,True,True
6,15,0.09529055906842915,1.96389069647916,True,0.5429819803714502,0.5059077581789323,0.9910760980752256,0.11,0.21,True,True,True,True,True,True
3,63,0.20504669085829047,0.40728355455459875,True,0.8374374162404297,0.868084049399267,0.954154087195132,0.94,0.91,True,True,True,True,True,True
10,53,0.5883719991901044,1.0415701326606632,True,0.03744121376236775,0.02957253031008111,0.7417176049174571,0.64,0.79,True,True,True,True,True,True
3,45,0.3328729438292141,1.7950585622316473,False,0.4479731762129613,0.42809325368211787,-1.3704818079408945,0.01,0.01,False,False,False,True,True,True
10,44,0.06609339956155287,1.0785354565588154,True,0.6752865609763662,0.6537278546564491,0.9937624577798604,0.68,0.71,True,True,True,True,True,True
12,66,0.1716499312726305,1.9603499312097024,False,0.37094631774154163,0.310803717766966,0.036608195857968595,0.01,0.01,True,False,False,False,True,True
9,75,0.09788536078452142,0.7749268260945414,False,0.9514967736173682,0.930792016931143,-0.12029305287155445,0.01,0.01,False,False,False,True,True,True
10,49,0.47608062668499573,1.6762783197684175,True,0.6988024592942409,0.6515150680936205,0.7775812023251645,0.4,0.38,True,True,True,True,True,True
4,24,0.3752792337432228,0.6952884218830614,False,0.7049807835488282,0.6924756666166765,-0.07658120266794355,0.01,0.01,False,False,False,True,True,True
7,48,0.526861148109047,1.5536039515057476,True,0.676301844896118,0.6368325207886908,0.7289439944195236,0.76,0.76,True,True,True,True,True,True
3,43,0.4383428263100184,0.808446015987967,False,0.48808686668312307,0.44015396483591945,-2.6777032252647324,0.01,0.01,False,False,False,True,True,True
4,32,0.3611185859751889,1.6939768737333614,False,0.14448480338274516,0.11234728726400967,-0.26801943238921955,0.01,0.01,False,False,False,True,True,True
8,77,0.21516643790896378,0.45122272623060056,True,0.3112591671623446,0.25262083361593357,0.9465273021957425,0.78,0.68,True,True,True,True,True,True
12,32,0.511489046898754,1.8925460339917444,True,0.34044063930401214,0.26145868402247585,0.7687183642097069,0.63,0.56,True,True,True,True,True,True
6,46,0.34633901781017923,1.4742914415247972,False,0.4326258984581738,0.3689444786816222,-0.04535540143005812,0.01,0.01,False,False,False,True,True,True
10,56,0.49711870961244914,1.2461321798998308,False,0.26379749087644166,0.20604047009056228,-0.5211915673187306,0.01,0.01,False,False,False,True,True,True
11,16,0.5755511515541478,1.1638627531321906,False,0.8613270108074694,0.7468409885717798,-0.23310757614735578,0.01,0.01,False,False,False,True,True,True
4,37,0.5480706409937136,0.5764210398545839,True,0.8049012826104145,0.7785137381863549,0.7723232700887994,0.78,0.82,True,True,True,True,True,True
12,24,0.0701802699963187,1.305197148394384,True,0.2207052279037831,0.16746465016320466,0.9939992666625891,0.32,0.34,True,True,True,True,True,True
5,41,0.49995579699344955,0.9798425639827708,False,0.615642501672069,0.5724398704293474,-0.2747745827058101,0.01,0.01,False,False,False,True,True,True
9,40,0.13730690583099509,1.645379373298574,False,0.6909592551027294,0.6696263397848136,-0.2910156699736808,0.01,0.01,False,False,False,True,True,True
11,40,0.10190371273635615,0.8436477948186658,True,0.7588961740140914,0.7329275668781622,0.9865390874478946,0.95,0.93,True,True,True,True,True,True
7,35,0.4998537973451852,1.384495003028524,False,0.4777427715076865,0.42577915599318333,-0.4420687044421696,0.01,0.01,False,False,False,True,True,True
7,72,0.3872602515738848,1.5553143696546163,False,0.39128420256797813,0.3337027289260618,0.006341316870756897,0.01,0.01,True,False,False,False,True,True
3,37,0.4198445939325253,1.9336637178011644,False,0.31660372800247527,0.29514970877870034,0.05804859244940974,0.01,0.01,True,False,False,False,True,True
5,25,0.2975373789937505,1.5263150231503382,True,0.5250601746321294,0.471585143653821,0.9082006601743269,0.68,0.65,True,True,True,True,True,True
3,72,0.08501885453394996,0.5314415121117683,False,0.9942420633591407,0.9725548536462627,-0.3580017392245678,0.01,0.01,False,False,False,True,True,True
6,72,0.3357140486447981,0.4723330049834724,False,0.5872068502277188,0.5608120019183812,-0.722684842489342,0.01,0.01,False,False,False,True,True,True
6,69,0.5091187932379379,1.4692729876905999,False,0.8052533769966097,0.7977687453586888,-0.4615505337593342,0.01,0.01,False,False,False,True,True,True
9,33,0.3278608789904151,0.6266733809459326,False,0.5905797636485285,0.5300298918011778,-0.22358551020435824,0.01,0.01,False,False,False,True,True,True
8,65,0.14066259590349217,1.6204978256853775,False,0.6679170920892809,0.6477971539867575,-0.37724682709112645,0.01,0.01,False,False,False,True,True,True
5,71,0.06199509188516926,0.7987574929182146,True,0.7672827378791527,0.7378843646766508,0.9952207053846891,0.45,0.46,True,True,True,True,True,True
8,24,0.2261687962233636,0.35014198913287764,False,0.8555519768797779,0.8405015685150667,-0.051596426730589506,0.01,0.01,False,False,False,True,True,True
9,15,0.5803309204170558,1.3787918806922397,True,0.7991328568997099,0.7130714913329759,0.7267495716593959,0.34,0.42,True,True,True,True,True,True
6,27,0.09053070957129591,1.9926271338974626,True,0.053409507442847226,0.03959898484851675,0.9907309457201995,0.79,0.79,True,True,True,True,True,True
10,58,0.26180324798921883,0.3815767295089644,False,0.8128380951594376,0.795382295612788,0.34381882972952893,0.01,0.01,True,False,False,False,True,True
3,17,0.11710241429343622,0.5396001566711774,True,0.6008154554803309,0.6015293394422186,0.9816981380242927,0.05,0.11,True,False,True,True,False,True
8,65,0.17952049058088643,0.5900357201955795,False,0.134886702080236,0.10165718448694172,0.039698104556494695,0.01,0.01,True,False,False,False,True,True
8,36,0.594549352072671,0.634192108268155,False,0.5739816100798124,0.5328504131799033,-0.36984999876417146,0.01,0.01,False,False,False,True,True,True
8,21,0.22352112177519384,1.0449854883320076,False,0.8003224474904138,0.7032737114887074,-0.38136484779593816,0.01,0.01,False,False,False,True,True,True
7,39,0.08700323787919584,1.2391641732765655,False,0.658458026013126,0.6264506680962139,-0.40641155644656535,0.01,0.01,False,False,False,True,True,True
4,38,0.1884240666862373,1.845379658497789,True,0.239289951699586,0.180697552370134,0.9557971311479587,0.76,0.62,True,True,True,True,True,True
3,55,0.49706981930552097,0.33249898962016555,False,0.4438011978512407,0.448743111988721,0.32985958883511113,0.01,0.01,True,False,False,False,True,True
11,77,0.4198771499169939,0.8629304346336302,False,0.06425217955487683,0.0484386618853333,-0.38871967739492574,0.01,0.01,False,False,False,True,True,True
5,28,0.5703968087591955,1.4924383630867626,True,0.7295837071046561,0.7210302136895892,0.6341169231934889,0.31,0.28,True,True,True,True,True,True
8,77,0.5830337968448215,1.5979493920794414,False,0.37036685912941136,0.31784066823179874,0.26469008719214593,0.01,0.01,True,False,False,False,True,True
7,46,0.17234749950964828,1.7499859497760724,False,0.3599637377821696,0.2983867924051245,-0.8571867189509144,0.01,0.01,False,False,False,True,True,True
5,77,0.2130681786143498,0.49862021358497255,True,0.6335516172634533,0.6222101121393153,0.94079438932816,1.0,1.0,True,True,True,True,True,True
5,12,0.28844844485702725,0.8661240676234037,False,0.22757127149552658,0.15041659788199951,-1.565833812221773,0.01,0.01,False,False,False,True,True,True
10,13,0.28375022352785706,1.0749145223168446,True,0.3902145615061001,0.3225475458025871,0.8816466185737771,0.97,0.89,True,True,True,True,True,True
8,25,0.5013888004999364,1.2759673848931,True,0.6456124485528434,0.5869889838767098,0.7586051419370571,0.54,0.48,True,True,True,True,True,True
6,10,0.13330859440670562,1.3201570219061851,False,0.7924965168357421,0.7474141541947641,-0.3419146274495264,0.01,0.01,False,False,False,True,True,True
8,73,0.2921423232339622,0.6770386844806304,True,0.5091549578237049,0.4778064014765799,0.9042838399399687,0.7,0.71,True,True,True,True,True,True
4,33,0.5324191059852225,1.84199768129318,False,0.6681099985740034,0.5865256128449298,-1.3399576651032974,0.01,0.01,False,False,False,True,True,True
8,49,0.12876416390191925,1.8459098464140589,False,0.048272050485176576,0.03781872400702401,-0.82441410125189,0.01,0.01,False,False,False,True,True,True
9,67,0.48401471103629506,1.4408016679963689,False,0.6070253733723557,0.5729023035081916,-0.3911109993756361,0.01,0.01,False,False,False,True,True,True
5,12,0.19768853342154458,1.4957413481639104,False,0.899371639292969,0.706867694816799,-0.5701998842121665,0.01,0.01,False,False,False,True,True,True
5,37,0.0917802951153418,1.1370275903848281,True,0.00010581031090550752,0.0,0.9909670299205302,0.99,1.0,True,True,True,True,True,True
3,72,0.05669928765397311,1.262083595791282,True,0.8930671101011753,0.8814380822872533,0.9966926159975759,0.7,0.78,True,True,True,True,True,True
11,48,0.5035278872717139,1.374676271511464,True,0.5078863175119719,0.45459894096851516,0.7408062549992114,0.77,0.75,True,True,True,True,True,True
11,42,0.3886916069870279,0.6077526101393171,True,0.12489364446478646,0.0930575056970673,0.8497712574414492,0.81,0.8,True,True,True,True,True,True
11,43,0.5039020965837586,1.477364899643405,True,0.9686890421513558,0.9650124149787418,0.7854696534609364,0.42,0.46,True,True,True,True,True,True
5,61,0.13664538354036063,0.32768036102818476,True,0.567675872470194,0.5409896646545638,0.9775242825649814,0.24,0.29,True,True,True,True,True,True
10,37,0.48128892383278177,1.9372966985355404,False,0.7592678475221848,0.736015179082113,-0.2695225116452591,0.01,0.01,False,False,False,True,True,True
9,14,0.5929080513277205,0.5023310744338177,True,0.26693592500203556,0.19403983689981227,0.7463176774866412,0.16,0.18,True,True,True,True,True,True
9,70,0.5500725115007482,0.9294120741572425,True,0.4990735266693457,0.46033459595382353,0.7203253895543864,0.8,0.72,True,True,True,True,True,True
3,14,0.34822653141298354,1.598136308305104,False,0.6442294825629795,0.7043352249696507,-0.32349905770483445,0.01,0.01,False,False,False,True,True,True
9,52,0.10710795193112123,0.4193404846928869,False,0.6825427499987751,0.654085602873,0.030202267836328622,0.01,0.01,True,False,False,False,True,True
12,78,0.16475928487731575,0.31606478895815016,False,0.5244051176714425,0.48823908958809525,0.3472371801412131,0.01,0.01,True,False,False,False,True,True
6,71,0.1054864608567262,1.0195418431906713,True,0.43278385032154365,0.3824230689455581,0.9853229401094892,0.8,0.83,True,True,True,True,True,True
10,27,0.11643543631248728,1.567124821159426,True,0.08481455688004469,0.05618288183255615,0.9868013432625673,0.08,0.22,True,True,True,True,True,True
7,24,0.5135338265920487,1.2945361771968227,True,0.6741376914296225,0.6356680344895944,0.7134629095364305,0.95,0.94,True,True,True,True,True,True
4,64,0.06621369416906667,1.9380618653800024,False,0.683801227751416,0.6568020385083647,-1.2949104955826498,0.01,0.01,False,False,False,True,True,True
9,27,0.5645833547185428,1.608189337326558,True,0.08050490675743938,0.05533881935323927,0.7593890938550547,0.69,0.79,True,True,True,True,True,True
4,77,0.1224556161940958,1.782867633101258,True,0.14550122266416476,0.12113090216974125,0.9796788657361377,0.91,0.89,True,True,True,True,True,True
5,60,0.4106646558874604,1.1917901401829563,True,0.5844041182165663,0.5586038419017318,0.8248658335209684,0.88,0.79,True,True,True,True,True,True
12,19,0.12899898552190284,0.3429136016122341,True,0.6762739023656819,0.611886110835943,0.9788528795271322,0.03,0.07,True,False,True,True,False,True
8,10,0.44740308463377754,0.6340653316509699,True,0.45391780930395287,0.3102232206482135,0.7477562496847008,0.4,0.44,True,True,True,True,True,True
8,14,0.3676192320723276,1.6887997376801558,False,0.3270912920404231,0.23768732885757451,-0.4047760294227123,0.01,0.01,False,False,False,True,True,True
12,25,0.32331582401749454,0.6527374280285803,True,0.06742151670233942,0.042097814020180424,0.8916410289792279,0.05,0.04,True,False,False,True,False,False
12,14,0.10631370352223443,1.9321764488457598,False,0.7788109902268239,0.6712051920324379,-0.2219133322237159,0.01,0.01,False,False,False,True,True,True
7,34,0.19749977119179524,0.8017636751926838,True,0.23277495263628023,0.17698721997932126,0.9538164402890883,0.25,0.25,True,True,True,True,True,True
7,72,0.1419099585763905,1.5839238226463017,False,0.27144789463072017,0.22439877259863192,-0.44312035505462255,0.01,0.01,False,False,False,True,True,True
11,73,0.16282151895002375,0.8303843550526016,True,0.4462696055151788,0.39140789455635844,0.9636585983077037,0.35,0.5,True,True,True,True,True,True
6,62,0.4394992719631339,1.984060442300922,False,0.6933219816355962,0.6555992730906168,-0.5312629090623755,0.01,0.01,False,False,False,True,True,True
6,15,0.24415386630277397,1.7320835703704698,False,0.04317364778767907,0.017456364097410453,-0.09455805897711067,0.01,0.01,False,False,False,True,True,True
6,24,0.28603612937956047,0.9229135381043243,True,0.5490333755340743,0.5080110867339828,0.8703219187101586,0.16,0.13,True,True,True,True,True,True
10,15,0.06266712291149441,1.9918764528412078,True,0.8152040119127948,0.771856968081932,0.9938021335834043,0.01,0.01,True,False,False,True,False,False
4,36,0.49583347015810086,1.2064745852215213,False,0.48184081289452585,0.4765396352826455,-1.2290640274904732,0.01,0.01,False,False,False,True,True,True
8,77,0.13257024557443925,1.7403781333077497,False,0.46564706005559287,0.41968505862319416,-0.4770538415097194,0.01,0.01,False,False,False,True,True,True
10,59,0.29028422830686607,1.8108052702576227,False,0.10284289432892035,0.07698781638264539,-0.41059923337019244,0.01,0.01,False,False,False,True,True,True
6,46,0.5656703308576151,1.5406081837345775,False,0.10020532965451545,0.07943648038538,-0.4636467793343755,0.01,0.01,False,False,False,True,True,True
4,11,0.16483178525736297,0.6761506747807877,False,0.6700014951551898,0.6454412834889043,0.48025468727047727,0.01,0.01,True,False,False,False,True,True
10,44,0.5713233953505017,1.4105718284318962,False,0.25124644878495783,0.19418954119660137,0.06383141783384616,0.01,0.01,True,False,False,False,True,True
12,43,0.5385921465270983,1.441821506330777,True,0.4162417058198784,0.35459696927249645,0.7099954099104813,0.07,0.13,True,True,True,True,True,True
4,76,0.4515148401438613,0.7579084495652906,False,0.187330365428224,0.15712209457776427,-1.2588480635681139,0.01,0.01,False,False,False,True,True,True
6,17,0.33136902804053403,1.0233724659890848,False,0.47893160188184514,0.35626146033394995,-0.6784997523183827,0.01,0.01,False,False,False,True,True,True
5,25,0.4997576828282087,1.5000105045175331,False,0.40097608447706135,0.3368714366547629,-0.7365894707062131,0.01,0.01,False,False,False,True,True,True
4,55,0.08223148684720433,1.489748130272369,False,0.5863892525977745,0.5754582902078006,-1.3554578095989265,0.01,0.01,False,False,False,True,True,True
11,66,0.11230181894568994,1.6116499757201705,False,0.5324474884167769,0.4894151135936929,-0.35714274653553546,0.01,0.01,False,False,False,True,True,True
12,53,0.09538079805871938,1.2409413563626053,False,0.23670269190599935,0.1849826740891008,-0.2643940281764814,0.01,0.01,False,False,False,True,True,True
3,19,0.2568556933108152,0.8267382515563877,True,0.21462710992068834,0.18213385879083646,0.8810343400684222,0.14,0.4,True,True,True,True,True,True
7,67,0.5561029884639789,1.0267759294680932,False,0.7081210133034521,0.6889288529778697,-0.3600110988254799,0.01,0.01,False,False,False,True,True,True
8,50,0.24456352316958696,1.095650110107179,False,0.6962110969719546,0.6700793817015367,-0.12686247235662296,0.01,0.01,False,False,False,True,True,True
11,73,0.30054315711399515,1.311485851049929,True,0.414016519668013,0.3556992232329878,0.9000996569500925,0.82,0.89,True,True,True,True,True,True
12,55,0.21736268590546276,1.635460130531596,False,0.4422549274761255,0.3797155958525839,-0.06361823448138382,0.01,0.01,False,False,False,True,True,True
11,51,0.09712844954608228,0.8271271115439811,False,0.3377344808008148,0.2755198435646132,-0.4334987922658977,0.01,0.01,False,False,False,True,True,True
12,57,0.4661194835463046,0.6320573788233734,False,0.9717718048190684,0.9449314663701636,-0.037123466229513236,0.01,0.01,False,False,False,True,True,True
8,30,0.3598037076362963,1.1763532326336308,False,0.11017870784953077,0.07397767829826209,-0.9845400463571881,0.01,0.01,False,False,False,True,True,True
9,22,0.26132262691904284,0.34504137565803683,True,0.4461339806911947,0.36813605685088974,0.9194613286387269,0.85,0.8,True,True,True,True,True,True
6,22,0.41480509999703835,0.4704529904149458,True,0.41356320132143354,0.3203604165132124,0.8235268065979029,0.89,0.87,True,True,True,True,True,True
12,57,0.17865665553190407,0.5827828925505335,False,0.32157528063795326,0.2620457735166402,-0.0826579005964927,0.01,0.01,False,False,False,True,True,True
5,35,0.13145153601945536,1.3174332806035773,False,0.38648532559157633,0.32901155139376154,-0.5589856242478421,0.01,0.01,False,False,False,True,True,True
5,77,0.21212346012237204,1.4430198718002323,False,0.49589482124735496,0.45817230373897894,-0.7932266428742696,0.01,0.01,False,False,False,True,True,True
10,19,0.4651447729751068,1.409596517382185,True,0.6938406872593477,0.6208011473669297,0.7561328605529297,0.55,0.56,True,True,True,True,True,True
8,36,0.1326466750656569,1.08106124343438,False,0.9278347905989968,0.8932201219243094,-0.21201776854001442,0.01,0.01,False,False,False,True,True,True
4,73,0.39630013597699165,1.3811616142251317,False,0.7296220308573094,0.7254729690333876,-0.03723608948355217,0.01,0.01,False,False,False,True,True,True
5,64,0.0955221798849694,1.1329966327895076,False,0.7496883627777301,0.7430562719797589,-0.31482133317552763,0.01,0.01,False,False,False,True,True,True
5,72,0.29219020547712915,1.7561209486224654,False,0.638779013948058,0.6215713509986461,-0.7474707040009498,0.01,0.01,False,False,False,True,True,True
7,66,0.48839367269938955,0.9441239893491336,True,0.11377345488807011,0.0864643973310643,0.8060172819477147,0.17,0.23,True,True,True,True,True,True
7,37,0.41800696961752387,0.39276682742058255,True,0.17033374341038665,0.13352052145874685,0.8372830471913489,0.18,0.59,True,True,True,True,True,True
3,39,0.24164672971337298,1.1428554933067157,False,0.048948343660213056,0.030607936635720468,-0.8572996419692605,0.01,0.01,False,False,False,True,True,True
3,17,0.4718624761607693,1.6449747732647093,True,0.7887667683078745,0.7822269134084013,0.6510529933743936,0.08,0.04,True,True,False,True,True,False
11,40,0.3231741441098153,0.6106960658517857,False,0.6816760648478298,0.6475412895046907,-0.20104261949893432,0.01,0.01,False,False,False,True,True,True
12,31,0.1947721803379736,1.609663385778167,False,0.6841672932826456,0.6302254844481903,-0.015555481953652528,0.01,0.01,False,False,False,True,True,True
9,70,0.437176951479883,0.9478166268988912,True,0.567129533370456,0.538824918705021,0.7891196767511914,0.95,0.96,True,True,True,True,True,True
7,34,0.0696175268286164,0.5330784240846986,True,0.16756515871028188,0.12354631455775754,0.9929823267308775,0.06,0.12,True,True,True,True,True,True
12,51,0.10396293173885399,1.1646544957864384,False,0.7176529648573089,0.6994649884727823,-0.13818059924386827,0.01,0.01,False,False,False,True,True,True
7,52,0.45373002088922837,0.6645179830346157,True,0.5275341510222498,0.48570276963459047,0.7936512750777807,0.51,0.5,True,True,True,True,True,True
6,50,0.3641782032388878,1.2557504724926893,True,0.1588193946990646,0.1260439378841788,0.864226287325734,0.12,0.17,True,True,True,True,True,True
4,39,0.4150222580212073,0.4977706803198038,False,0.12438997588297329,0.10323088209762182,-1.2750990588680606,0.01,0.01,False,False,False,True,True,True
10,52,0.4234728684647693,1.5605790394809085,True,0.21972677471949753,0.16866235963541318,0.8390909346726807,0.07,0.23,True,True,True,True,True,True
4,33,0.3345877903378409,1.9884659639711006,False,0.09348517737315387,0.07449974320482587,-2.394443794595248,0.01,0.01,False,False,False,True,True,True
12,50,0.05405896901650739,1.6403394105721163,True,0.016681603137038814,0.012956986019286477,0.9967973800590386,0.97,0.53,True,True,True,True,True,True
4,45,0.4354039364548569,0.5263435001199251,True,0.24752621262545726,0.19553927150435216,0.814131088566117,0.9,0.87,True,True,True,True,True,True
10,19,0.44760785269909836,1.4234503615773342,False,0.2888970312987934,0.20910454916971782,-0.40519000406667516,0.01,0.01,False,False,False,True,True,True
10,55,0.5675258827208048,0.5928973809555537,True,0.2153081275759221,0.16994435580047865,0.7239029271690562,0.39,0.73,True,True,True,True,True,True
5,61,0.1299270533877083,0.6585385255648477,True,0.1380644937972304,0.11130651561001403,0.9802743774394451,0.23,0.5,True,True,True,True,True,True
12,12,0.155618182363191,1.3044455732187454,True,0.5757591641049418,0.4829347833164145,0.9648246848972352,0.03,0.03,True,False,False,True,False,False
3,30,0.3373954036208818,1.7358080429337814,False,0.6409383288328019,0.6923227848879617,-0.9217023767614458,0.01,0.01,False,False,False,True,True,True
7,17,0.4256046762686558,1.0438758641929573,True,0.9836270283823244,0.8601862678744604,0.8383871680856471,0.47,0.4,True,True,True,True,True,True
10,28,0.10007327073158498,0.6983097479298167,True,0.9404663605834521,0.9262710211491989,0.9895553889872389,0.95,0.92,True,True,True,True,True,True
10,37,0.4080705085924244,0.5902145542131708,True,0.4525162210328668,0.378244007470383,0.7936833119863971,0.92,0.84,True,True,True,True,True,True
12,10,0.5966511118391957,1.8230393236285962,True,0.882327480528303,0.7294559801620885,0.6300428879567164,0.77,0.81,True,True,True,True,True,True
12,23,0.5470505625213479,1.8208451641781958,False,0.7446944383307619,0.6982330794210966,-0.2090279705004059,0.01,0.01,False,False,False,True,True,True
9,79,0.39999990173596695,0.7378727909575284,False,0.7720710467004189,0.7606563460728374,-0.16937239386962166,0.01,0.01,False,False,False,True,True,True
10,72,0.07678603581707473,1.1488923306298515,False,0.6617184810262149,0.637864762935169,-0.34960169211594816,0.01,0.01,False,False,False,True,True,True
3,52,0.17314401794200512,1.6093072320124684,True,0.6150998654593354,0.6239152213182497,0.9569535782238519,0.66,0.82,True,True,True,True,True,True
11,33,0.3023125462141412,1.0706782421283143,False,0.03425469852704255,0.02345499939025352,-0.17780170032222187,0.01,0.01,False,False,False,True,True,True
5,14,0.12041263456813374,0.9592910414137286,True,0.9332887543994075,0.889114398400556,0.9802186944875886,0.35,0.23,True,True,True,True,True,True
4,67,0.06440894109096548,1.965567097499505,False,0.07673492995781528,0.06268640201436519,-1.6162672825730033,0.01,0.01,False,False,False,True,True,True
10,44,0.5329689469859537,0.37532435249613705,False,0.1902121832555237,0.14346455872394792,-0.3828002271325257,0.01,0.01,False,False,False,True,True,True
5,23,0.12196362599043785,1.2434725765200179,False,0.47085621765750885,0.3946638133507566,-1.263190380783315,0.01,0.01,False,False,False,True,True,True
5,74,0.43809006771515435,1.3366739893152408,False,0.11629700298125867,0.09013929928398319,-1.4516089029289838,0.01,0.01,False,False,False,True,True,True
12,77,0.5405396771404497,1.185911205757295,False,0.8154537122252189,0.8099982598389287,-0.13807979469766685,0.01,0.01,False,False,False,True,True,True
5,48,0.08431391340810973,0.9050152640807365,False,0.6182406182618593,0.6020027752403866,0.1391219072941391,0.01,0.01,True,False,False,False,True,True
9,77,0.4936378426691144,0.8747473332623401,True,0.4108805352504894,0.3570440789459382,0.7552955579310814,0.45,0.51,True,True,True,True,True,True
6,12,0.05174463203408699,1.23321119113517,True,0.20869217894856718,0.1399314570449587,0.9970968269174978,0.13,0.2,True,True,True,True,True,True
5,59,0.0863822277817044,0.3988395724730731,False,0.8257591912621758,0.8187760856127181,0.31880921324947675,0.01,0.01,True,False,False,False,True,True
5,35,0.46393967673607767,1.1197663186489089,False,0.33522678808023254,0.28815334895234973,-0.04066271128564414,0.01,0.01,False,False,False,True,True,True
7,58,0.45911976432734625,1.19198478032465,True,0.3300113885798356,0.26925029455740757,0.7814473748193538,0.01,0.01,True,False,False,True,False,False
5,39,0.3742810980582942,0.8696359142052075,True,0.6063838659257528,0.541895534770107,0.8428533822339649,0.47,0.48,True,True,True,True,True,True
3,39,0.32122237005183435,1.308591315493487,True,0.20972270332014376,0.14454231379412344,0.8910829712721638,0.25,0.23,True,True,True,True,True,True
10,11,0.5375173268343997,1.7031893054533043,False,0.5850803550708638,0.48914783182111893,-0.35124940055040343,0.01,0.01,False,False,False,True,True,True
8,42,0.44655784983168223,1.1198188387122319,False,0.12736603295351856,0.09025889753539239,-0.8908474394465555,0.01,0.01,False,False,False,True,True,True
8,34,0.5372789610097578,1.672541266732961,False,0.3668319642025474,0.3035040107346085,0.16754852558660227,0.01,0.01,True,False,False,False,True,True
3,55,0.4898796648705781,1.5788768004120488,False,0.05155656624923555,0.04342159866677736,-6.4452234321093735,0.01,0.01,False,False,False,True,True,True
10,35,0.22696440814323315,1.071043922411968,True,0.593828645780167,0.5646675218020356,0.9271293299454463,0.24,0.22,True,True,True,True,True,True
4,36,0.05701775711989234,1.0989963776823424,True,0.3681995706649901,0.3256528959450147,0.994242480977797,0.12,0.3,True,True,True,True,True,True
7,48,0.41942549127021195,1.9440956383770094,False,0.8554219938912571,0.831791096127488,-0.18585698793721406,0.01,0.01,False,False,False,True,True,True
12,65,0.3321178401261364,1.0731534442820836,False,0.023018104488952584,0.01829618970701905,-0.408138099273627,0.01,0.01,False,False,False,True,True,True
7,56,0.32258308939960206,0.4989416792184498,False,0.807209403589315,0.7976556919083486,0.06762967296768285,0.01,0.01,True,False,False,False,True,True
7,67,0.46832975838982877,1.5022752722798927,False,0.3875653791969391,0.3204185372325374,-0.6352797193436164,0.01,0.01,False,False,False,True,True,True
9,55,0.3635378688301702,0.4544825594708829,False,0.8438390744000183,0.8046095962548282,0.000648676958244887,0.01,0.01,True,False,False,False,True,True
5,75,0.4678928591187173,0.7813292333096078,False,0.8315368347349719,0.8252358081416995,-0.516961065367834,0.01,0.01,False,False,False,True,True,True
12,15,0.5030981697073749,0.30787265626053734,False,0.758902179348858,0.7132422087906812,0.2010371760425429,0.01,0.01,True,False,False,False,True,True
12,16,0.4376819155859789,1.989887542953286,False,0.5879123372608581,0.5489753788347835,-0.26433110879404986,0.01,0.01,False,False,False,True,True,True
9,64,0.1378264577053171,0.561630613646048,True,0.9572237806217094,0.9457252991854332,0.9783195746104316,0.19,0.09,True,True,True,True,True,True
10,21,0.4701038631113812,1.9648729906290119,False,0.5510535757706566,0.5026081755277039,-0.2970639852215424,0.01,0.01,False,False,False,True,True,True
5,41,0.11637963162530932,0.42810605899045323,False,0.001562974250398308,9.495216162343518e-05,0.5904202745866787,0.01,0.04,True,False,False,False,True,True
10,72,0.40439641180394875,1.9925647111655638,True,0.49805807020614534,0.4490072216090378,0.8102884769836227,0.94,0.9,True,True,True,True,True,True
8,21,0.1627435267330572,1.2341012940792497,True,0.8228742723300877,0.7760599310639187,0.9711785286696141,0.09,0.15,True,True,True,True,True,True
4,15,0.3030029705062479,1.9940316591071425,False,0.3628917774775161,0.3076977622743666,-0.5369993292209481,0.01,0.01,False,False,False,True,True,True
12,46,0.2420798110868757,0.850452697547255,True,0.23950973407979625,0.1897610966934509,0.9317276053782767,0.91,0.78,True,True,True,True,True,True
8,18,0.3595491923142196,0.7522269775852193,False,0.4562381977350566,0.3664621528298594,-0.4256400554950286,0.01,0.01,False,False,False,True,True,True
9,49,0.44581629128404743,1.7165750976417216,True,0.24782089551820585,0.19011710900443854,0.8027088349165142,0.49,0.79,True,True,True,True,True,True
9,75,0.13471256927901887,1.1404098482859983,True,0.5231293556133185,0.4777958858252207,0.974856963973873,0.94,0.93,True,True,True,True,True,True
11,59,0.25470692653036725,1.047064607418869,True,0.5274209359829829,0.48323753681086024,0.9206191444558715,0.01,0.05,True,False,False,True,False,False
4,18,0.32686253291785994,0.8586905317773759,False,0.990547832957093,0.8892897010851839,-0.7010766901193439,0.01,0.01,False,False,False,True,True,True
8,56,0.46834462011946476,1.0724492652031028,False,0.7523369758534414,0.7370843726666955,-0.30507869206431626,0.01,0.01,False,False,False,True,True,True
10,12,0.30395299648943347,1.6208999754970157,False,0.908828967571677,0.7203021487232448,-0.21268029542797984,0.01,0.01,False,False,False,True,True,True
6,65,0.15390848727015474,0.5317418785594274,True,0.7803289851311207,0.7411595672920085,0.9696789969138047,0.72,0.74,True,True,True,True,True,True
5,43,0.3368569866827188,1.3896817328382545,True,0.7985848069575965,0.7655714528640732,0.8653339353685559,0.26,0.39,True,True,True,True,True,True
4,54,0.5812859173220267,1.831864239051475,True,0.2491147359572704,0.20518629993821313,0.6636930248278441,0.57,0.79,True,True,True,True,True,True
8,20,0.07261331797759074,0.9761998222564747,True,0.4441876148042828,0.37929764516486897,0.9920751679946707,0.03,0.15,True,False,True,True,False,True
9,41,0.4138544150485569,0.4064844934595035,False,0.6786065595198632,0.641258742066698,0.07001959407318303,0.01,0.01,True,False,False,False,True,True
8,72,0.22424485887244017,0.804002750394172,True,0.8328351407794009,0.8190319406078448,0.9359479637726622,0.31,0.31,True,True,True,True,True,True
6,61,0.21968748719192666,0.483575362344392,False,0.1778274328769187,0.14190556554774192,-0.6129174978838898,0.01,0.01,False,False,False,True,True,True
5,14,0.332885449746278,0.8489166590520685,True,0.8394686033845996,0.8447033975149175,0.8641052569798618,0.44,0.43,True,True,True,True,True,True
12,42,0.5189261471008593,0.5875503941785066,True,0.07802161230862925,0.057687933154424324,0.7486693413693417,0.96,0.75,True,True,True,True,True,True
7,30,0.4587437026291866,1.519982356600401,True,0.2641839451779985,0.2024391068089266,0.7639705313546341,0.01,0.02,True,False,False,True,False,False
5,42,0.4892243945109035,1.4624148495178662,False,0.1945515758122046,0.15724359152700038,-1.5755258636248013,0.01,0.01,False,False,False,True,True,True
6,43,0.274534859169731,1.2199357844984635,False,0.8118892955107789,0.7858814854984492,-0.007011086484883133,0.01,0.01,False,False,False,True,True,True
11,41,0.2666143586422797,0.44094954203381526,True,0.24248582142300046,0.187092020813005,0.9213513138679255,0.97,0.89,True,True,True,True,True,True
4,62,0.3310959816666135,0.9635803043034086,True,0.7413325610921312,0.7447331444970335,0.8846330477087606,0.95,1.0,True,True,True,True,True,True
10,18,0.22216665839829036,0.9892781958412469,False,0.18657144378200152,0.12726961015480276,-0.23959816304384418,0.01,0.01,False,False,False,True,True,True
8,38,0.2790725261872042,1.2835773555009125,False,0.3640119008786218,0.29158555870774006,-0.2646753272651501,0.01,0.01,False,False,False,True,True,True
3,33,0.46505877860290784,0.8747959301508255,False,0.21464203521351033,0.18659905665566448,-3.6133185317233965,0.01,0.01,False,False,False,True,True,True
5,16,0.3503963477783898,1.0399833016691764,True,0.47589159379796686,0.418578004618153,0.8761702875075872,0.41,0.53,True,True,True,True,True,True
9,78,0.3879759353257881,0.5315350626444957,False,0.3007087187545626,0.24923533678748644,-0.09902706790948779,0.01,0.01,False,False,False,True,True,True
7,63,0.2926072668639808,1.2725938262145313,False,0.9461699622973542,0.931972938509824,-0.319371467782541,0.01,0.01,False,False,False,True,True,True
8,53,0.2960687680226184,1.4122322138450185,True,0.6940732152053082,0.672141354330246,0.8907550063605271,0.21,0.21,True,True,True,True,True,True
6,45,0.06335792090683451,1.1821971372332765,False,0.20316570314882854,0.15634718015124632,-1.2581381502584272,0.01,0.01,False,False,False,True,True,True
11,68,0.2799866149571639,1.7422900112872945,False,0.6801023950981675,0.6622946348382878,-0.2359036311564271,0.01,0.01,False,False,False,True,True,True
12,47,0.5655780128354543,0.4594337757430641,True,0.449971766350471,0.3776770971134708,0.6783240308950236,0.34,0.41,True,True,True,True,True,True
5,69,0.1231781780921471,1.8004059675520812,False,0.15422048029208058,0.1188778235869142,-0.8822241513592468,0.01,0.01,False,False,False,True,True,True
11,55,0.40721674368586575,0.3980615894092437,False,0.12617266287592932,0.09638991761965551,-0.06451904490364213,0.01,0.01,False,False,False,True,True,True
12,35,0.16773821093804248,1.6957429083148636,False,0.10348218478069415,0.0753762004891911,-0.3378328588584205,0.01,0.01,False,False,False,True,True,True
9,30,0.39965496187665256,0.6237760195472123,False,0.6158487146986343,0.580338876285557,-0.18650723175202533,0.01,0.01,False,False,False,True,True,True
5,41,0.21100472571523204,1.4536395061615897,False,0.6370602738030404,0.5960358843792732,-0.8924933702464184,0.01,0.01,False,False,False,True,True,True
8,61,0.3789951023666208,1.5361571959231222,True,0.36929471978698203,0.3141533640893163,0.8337089132627278,0.01,0.02,True,False,False,True,False,False
7,28,0.3536464140772376,0.612824436387988,True,0.49168187427070975,0.42727012580917145,0.8661679193595234,0.06,0.13,True,True,True,True,True,True
12,30,0.2748850807731357,1.200142978899141,True,0.41278114205221783,0.3396598848151967,0.9058752997785198,0.87,0.88,True,True,True,True,True,True
9,15,0.5787638995438114,0.5784948209058807,True,0.0953456496781162,0.06096969940049709,0.716824740554012,0.68,0.73,True,True,True,True,True,True
4,51,0.4513317431900165,0.799213010607912,True,0.678834428000103,0.6766543202301504,0.8079095868933542,0.94,0.94,True,True,True,True,True,True
9,56,0.33805851188533287,0.6055237647443408,True,0.14635803524963875,0.10862504157428345,0.8669671272675143,0.55,0.78,True,True,True,True,True,True
9,18,0.507919545484817,0.7895157358074985,False,0.7875549911286205,0.7517215931165483,-0.22525813131347716,0.01,0.01,False,False,False,True,True,True
7,53,0.14908703116222424,0.49760957916889365,False,0.1905125505177061,0.1449356222418539,-0.0013334697752962477,0.01,0.01,False,False,False,True,True,True
5,30,0.19734020944496983,0.9811152286368381,False,0.9942598500618256,0.9400484432137965,-0.5475169324661455,0.01,0.01,False,False,False,True,True,True
11,14,0.4266511342309705,0.7891011486962203,False,0.45451601532079655,0.3292683288308238,-0.42606479985799584,0.01,0.01,False,False,False,True,True,True
12,24,0.3252263903249306,0.4528652684349527,False,0.27523249299073305,0.21328838333505393,-0.01572431939332275,0.01,0.01,False,False,False,True,True,True
12,41,0.34923197619573876,1.1230673633636963,False,0.4986268820601545,0.4482909994576824,-0.3127039499445672,0.01,0.01,False,False,False,True,True,True
12,46,0.5447338909134481,0.6539830460548269,False,0.8822350795664292,0.8608756142198974,0.09086200414843948,0.01,0.01,True,False,False,False,True,True
6,57,0.1865998726122286,0.7029410812385499,True,0.47705049463885485,0.438247225757947,0.9479622761293076,0.18,0.29,True,True,True,True,True,True
9,59,0.4632176367744203,1.7313234145386502,True,0.5143162324515823,0.4613862097441693,0.7811607782105517,0.02,0.02,True,False,False,True,False,False
8,26,0.41344243570191613,0.32635566766275775,True,0.6208577590727955,0.50128501400213,0.8058000259485539,0.16,0.13,True,True,True,True,True,True
4,79,0.23733778369267028,1.9936317971041837,False,0.41306801696995266,0.39340338470198183,-1.1527582401060066,0.01,0.01,False,False,False,True,True,True
12,76,0.24480558639023442,1.0200546378234319,False,0.21791081911521848,0.17417807183233824,-0.38183936670275065,0.01,0.01,False,False,False,True,True,True
11,51,0.4414997524830567,1.8458492028503255,True,0.15524538740849758,0.12086023074697749,0.8209257356557317,0.18,0.78,True,True,True,True,True,True
3,60,0.3219837699301219,0.6067117042307708,True,0.5732912673050972,0.5812631225088402,0.896761733129886,1.0,0.99,True,True,True,True,True,True
5,74,0.23914986401939853,1.8658426153001142,True,0.3512945806324874,0.3068560845163197,0.9223938998883472,0.25,0.29,True,True,True,True,True,True
5,18,0.36375154164236906,0.8285665559532875,True,0.16884213484160981,0.12433715597496169,0.7879879856699612,0.89,0.66,True,True,True,True,True,True
12,71,0.270570820947298,0.9053988218381523,False,0.44179886745624775,0.3793136530996152,-0.24631787438592623,0.01,0.01,False,False,False,True,True,True
11,13,0.4138346821619918,1.2718724690701093,False,0.39182340010863004,0.30425673135284675,-0.33803060428334386,0.01,0.01,False,False,False,True,True,True
7,64,0.5832326809930514,0.412194656019639,True,0.34210348846973127,0.2851689646782128,0.6765422070035373,0.94,0.77,True,True,True,True,True,True
7,69,0.17763164494322042,0.9105531207236712,False,0.9506201656395871,0.9198181673270305,-0.3356344707954573,0.01,0.01,False,False,False,True,True,True
3,33,0.20775472715974203,0.3894765744215378,False,0.9468807659543503,0.9522131302671341,-0.893031338357243,0.01,0.01,False,False,False,True,True,True
9,10,0.5189756610295481,0.7803328429145686,False,0.9949948290640603,0.8789041309498458,-0.19953032113443103,0.01,0.01,False,False,False,True,True,True
6,61,0.5216735374649659,1.2283445359128895,True,0.03758256414888084,0.0283662452479596,0.7732765655488372,0.31,0.34,True,True,True,True,True,True
11,39,0.4259817519996493,1.7481693262344031,False,0.08608931830270783,0.06185762629878974,-0.46284649016412205,0.01,0.01,False,False,False,True,True,True
8,20,0.503158104015361,1.498069283264125,False,0.37846349600542406,0.289477838162263,-0.6561482058194041,0.01,0.01,False,False,False,True,True,True
5,24,0.4582207678594798,1.6297671535351028,True,0.5722515044821526,0.5475434058367792,0.7239180016971904,0.1,0.09,True,True,True,True,True,True
12,78,0.08690596414793407,1.7493241618965845,False,0.5089544477521707,0.46802172640040157,-0.24501550931902338,0.01,0.01,False,False,False,True,True,True
7,37,0.5109110818303495,1.322255464522333,False,0.08658676728913162,0.06834939380260377,-0.5367227746007117,0.01,0.01,False,False,False,True,True,True
7,42,0.4910871197947569,1.819029556335402,True,0.9459526466242436,0.9280883259677515,0.748361344990726,0.23,0.31,True,True,True,True,True,True
6,27,0.0600268892714678,0.3054967743338505,False,0.7449393134571702,0.6695449336466139,-0.21052225029360527,0.01,0.01,False,False,False,True,True,True
4,68,0.41703940518694105,1.6408181869062715,False,0.01985957386163939,0.013424457777433466,-3.478727867748134,0.01,0.01,False,False,False,True,True,True
5,66,0.11005063006896615,1.0931088259538537,True,0.19203556585394954,0.15393146766631344,0.98373833955206,0.58,0.66,True,True,True,True,True,True
9,24,0.055440548566801806,1.08419387006811,False,0.7943350749533415,0.7485846620059379,-0.2560476234268996,0.01,0.01,False,False,False,True,True,True
7,35,0.10892580330710722,1.2152489802265594,True,0.052938759603732954,0.039759491853399144,0.9855317253921444,0.81,0.51,True,True,True,True,True,True
9,61,0.4408839653387128,0.9765480926034293,False,0.04084271330695721,0.031794663902430305,-0.4939364619169617,0.01,0.01,False,False,False,True,True,True
11,49,0.5470970787212336,0.31543519202822856,True,0.7316275699282103,0.719165955544354,0.6794888163287269,0.57,0.61,True,True,True,True,True,True
8,29,0.2570243773373862,1.3543233495758444,True,0.41878184750133396,0.3478046201852366,0.9010204097285743,0.79,0.71,True,True,True,True,True,True
3,63,0.4965886065287025,1.4297962084281761,False,0.6034979550575988,0.6121502792592785,-1.6813687604451637,0.01,0.01,False,False,False,True,True,True
6,12,0.35783216729715284,1.2783967116521555,False,0.6425339255705105,0.6279367363148407,-0.3920721120272528,0.01,0.01,False,False,False,True,True,True
11,41,0.10804494782226177,0.8969364985531421,False,0.9649183778027183,0.9366717244008537,-0.15563656322138542,0.01,0.01,False,False,False,True,True,True
12,38,0.13638773144332078,1.3057968770704687,True,0.5624910949736669,0.510767785007649,0.97775610880797,0.92,0.88,True,True,True,True,True,True
5,28,0.5288394810360332,1.54503966924976,False,0.6377412151354824,0.5263981367925088,-0.8189678570303156,0.01,0.01,False,False,False,True,True,True
6,58,0.4334440020804717,1.4987051262388413,False,0.6415564870427096,0.6208150023840909,-0.4420530934275433,0.01,0.01,False,False,False,True,True,True
9,24,0.41368930052985803,1.1066698279622138,False,0.6324774836082697,0.6189663665014365,-0.17175330651495013,0.01,0.01,False,False,False,True,True,True
4,71,0.20841851677329326,1.2779226014569294,False,0.5248551202384405,0.518969133471212,-0.8860934551898247,0.01,0.01,False,False,False,True,True,True
10,79,0.17591155397924507,1.8177140359113348,True,0.3596414625529203,0.3059809354554824,0.9659114471804143,0.68,0.57,True,True,True,True,True,True
8,45,0.30708053329014756,1.6290183463501127,False,0.4260727459506495,0.35529895961517105,-0.4831196884310649,0.01,0.01,False,False,False,True,True,True
3,61,0.2185614311171657,1.3118233341654304,True,0.6022462617033231,0.6121786270918764,0.9368370843169083,0.25,0.3,True,True,True,True,True,True
8,35,0.1661446457524831,1.3793937957836644,True,0.02841149695485823,0.019754854633406742,0.9711133825207046,0.64,0.57,True,True,True,True,True,True
3,62,0.49029823712615117,1.0105227090371687,True,0.42743460710103487,0.40638966300557255,0.7138996467852505,0.02,0.03,True,False,False,True,False,False
9,78,0.4382230455734572,1.7383563569106875,True,0.2906829682572374,0.23916555919837176,0.7735881658857583,0.05,0.17,True,False,True,True,False,True
8,19,0.35687269163414964,1.2125268261326547,False,0.0815461151596294,0.04591016563333692,-1.1069825263807846,0.01,0.01,False,False,False,True,True,True
7,60,0.5024950126616036,0.8723450745319852,False,0.05144152037340788,0.040424560437363075,-0.5773504442985997,0.01,0.01,False,False,False,True,True,True
8,63,0.34064259925065343,0.40872410825812877,False,0.23947805431845592,0.19157029679042936,0.11224518237245584,0.01,0.01,True,False,False,False,True,True
12,48,0.5585632273800115,1.4698199816692208,False,0.8243225928934612,0.8065569877222397,-0.20086814232301742,0.01,0.01,False,False,False,True,True,True
8,14,0.48545281808277424,1.2279883943448948,True,0.6547353026786883,0.5737085569034137,0.7416279888798964,0.73,0.78,True,True,True,True,True,True
3,39,0.205169411696057,1.0995777708779781,True,0.9928981733508725,0.944076950334631,0.9474922755663469,0.79,0.78,True,True,True,True,True,True
10,51,0.13981648077454462,1.8883012219770472,True,0.4442863586524928,0.3883590939015435,0.9754010834281911,0.91,0.76,True,True,True,True,True,True
11,70,0.49983251953265906,1.7436856180330265,True,0.5927802227374266,0.5650152999792859,0.7662466033705111,0.46,0.53,True,True,True,True,True,True
10,19,0.26821525505018995,0.38210694018100505,False,0.01798107404438387,0.010170679147029025,-0.12450076062757875,0.01,0.01,False,False,False,True,True,True
10,29,0.3703481004481527,1.5199713868173128,False,0.9376247068293992,0.8384307483689573,-0.18006425056245368,0.01,0.01,False,False,False,True,True,True
3,23,0.2710043849539956,1.399483812373427,True,0.4415952293548139,0.45193760497935037,0.8695978553035881,0.52,0.67,True,True,True,True,True,True
3,23,0.4365141854052318,1.6725850755340617,True,0.13524938282534116,0.0945326157148183,0.7876632179544636,0.48,0.43,True,True,True,True,True,True
6,36,0.44915774485139714,0.7304488725953726,False,0.5762124669643021,0.5498944596503805,-0.33205279226983486,0.01,0.01,False,False,False,True,True,True
10,28,0.5227865623863639,0.30475305772598793,False,0.5934213736597129,0.5537639361562404,0.12600723503497768,0.01,0.01,True,False,False,False,True,True
10,12,0.4433473310666204,1.4303735984500696,False,0.47582202768904647,0.3307681157011102,-0.43520527252175345,0.01,0.01,False,False,False,True,True,True
4,49,0.3738761874970159,0.7482630910956323,True,0.7576497799086978,0.7509633676282014,0.8220084809687375,0.64,0.65,True,True,True,True,True,True
11,64,0.5964046722299845,0.8753578584720512,True,0.40125264897386237,0.34369295546630885,0.6599074503217601,0.76,0.71,True,True,True,True,True,True
5,27,0.17853114181871965,1.9334387398611412,True,0.7732763065567008,0.7730036541764779,0.9478960021904225,0.68,0.72,True,True,True,True,True,True
12,35,0.2243150270293925,0.6519687859449774,True,0.6317832490547488,0.5842955400972759,0.935451558483655,0.93,0.89,True,True,True,True,True,True
12,21,0.5523315087437772,0.6948132544506529,False,0.5957176141599383,0.5412592768836761,-0.1718176098317885,0.01,0.01,False,False,False,True,True,True
7,61,0.05229383362992405,1.0605002611054961,False,0.30663869439427527,0.2597425698759154,-0.8616943781587114,0.01,0.01,False,False,False,True,True,True
6,31,0.29164330804475364,0.3946668354701486,True,0.05060194688303932,0.03574022935650644,0.9262952588628811,0.48,0.36,True,True,True,True,True,True
7,73,0.2989803713255027,1.2111715007073145,True,0.27827199113011036,0.23662861935819915,0.9117867697845585,0.78,0.66,True,True,True,True,True,True
9,51,0.31169816395204936,1.3463230953220962,False,0.4032361468996779,0.34647100617723725,-0.5805371050094692,0.01,0.01,False,False,False,True,True,True
7,72,0.40831658820821265,1.4793195477276053,True,0.19519609336266042,0.15377806475302974,0.8362042983333821,0.42,0.53,True,True,True,True,True,True
12,56,0.09768952010699636,0.7535716447890801,True,0.36694946241721227,0.3049161995912759,0.9889639786035587,0.66,0.56,True,True,True,True,True,True
10,52,0.1661525594592535,0.7605203618641394,False,0.9969233973438176,0.9651197936177068,-0.08681820158402531,0.01,0.01,False,False,False,True,True,True
8,51,0.054018048821095295,0.8276300506903984,False,0.4273166101019751,0.3707324090363685,-0.4606639089275413,0.01,0.01,False,False,False,True,True,True
4,78,0.46427300600221416,1.3053910970394556,True,0.5816723092443784,0.578115703032018,0.7828163385039885,0.05,0.07,True,False,True,True,False,True
4,29,0.21818720806476327,0.7128439067545167,True,0.9767777977761746,0.8824572557732472,0.9596915192760852,0.33,0.35,True,True,True,True,True,True
8,29,0.5826334437015989,1.8162137123283313,True,0.8701262150254011,0.8402320401730531,0.6726169254986178,0.57,0.6,True,True,True,True,True,True
4,14,0.446178850725101,1.6504530299527655,True,0.5826711092934178,0.5537957623158631,0.7474036555151261,0.95,0.89,True,True,True,True,True,True
6,16,0.08923981449345982,1.763835817346221,False,0.008873526341946603,0.0,-0.9965010382614525,0.01,1.0,False,False,True,True,True,False
7,10,0.40876296436506027,0.862209995531521,False,0.7631632108251079,0.649738319329001,-0.2304679077226559,0.01,0.01,False,False,False,True,True,True
4,35,0.10295724793135835,1.9106945121608752,False,0.13923817865695542,0.11710801283296372,-1.0456616951562006,0.01,0.01,False,False,False,True,True,True
4,11,0.37016873258706867,1.6689664337638455,False,0.19118758132915314,0.1099570887281431,-1.0509079344544467,0.01,0.01,False,False,False,True,True,True
12,42,0.5697368914040153,1.4897298270449337,False,0.7424123552346505,0.6985679374769328,-0.18804441029195296,0.01,0.01,False,False,False,True,True,True
12,22,0.1763221687704471,0.5871491682550483,False,0.5691287814882332,0.5034668372194863,0.06285256321619659,0.01,0.01,True,False,False,False,True,True
6,22,0.38066354425367427,0.34712628742522966,True,0.04476419833541079,0.02760025102231037,0.8620912932767707,0.55,0.49,True,True,True,True,True,True
3,76,0.2882109454252429,0.8859148753793029,False,0.39479488075023206,0.383250347769418,-1.6680560862919203,0.01,0.01,False,False,False,True,True,True
7,11,0.33813352138258457,0.9099709072169457,False,0.46306859972547565,0.35241485288250557,-0.7387904174303619,0.01,0.01,False,False,False,True,True,True
9,30,0.23211627864774542,0.5149004034845639,True,0.7481702285837181,0.7112801616243086,0.935290575138674,0.27,0.29,True,True,True,True,True,True
12,18,0.259356431878154,1.65109461763945,False,0.9222336310688879,0.8758325878144391,-0.1468130927339728,0.01,0.01,False,False,False,True,True,True
5,61,0.43612274295082815,1.22381640649209,False,0.1230669016392334,0.09994461969851935,-1.4609404830178438,0.01,0.01,False,False,False,True,True,True
9,67,0.4071902170564778,1.0494307898643587,True,0.31291572187809136,0.2526626865992232,0.8233506335523408,0.03,0.11,True,False,True,True,False,True
11,55,0.24827386936812057,1.9015428207747023,False,0.7052392423766918,0.6659859763206557,-0.1856595941875161,0.01,0.01,False,False,False,True,True,True
7,42,0.09455077793693475,0.6563311394378569,True,0.7466606821350471,0.712450763811253,0.9900474160426288,0.39,0.51,True,True,True,True,True,True
7,43,0.2735108058387073,0.6500103076244383,True,0.4304127457459075,0.3574332539528492,0.912674287414265,0.08,0.24,True,True,True,True,True,True
12,65,0.424701475622153,1.2238047977719144,False,0.34838949629628524,0.2913543858615674,-0.3946597873712554,0.01,0.01,False,False,False,True,True,True
8,50,0.5683977846375938,0.6491146831847696,False,0.9266644677681186,0.887480973197855,0.0174551688995499,0.01,0.01,True,False,False,False,True,True
5,67,0.19741948215572525,1.8308514897582675,True,0.5803159935906842,0.5581361532771304,0.9527728501733023,0.32,0.39,True,True,True,True,True,True
6,74,0.5858374673876605,0.6957735638132821,False,0.8137978249522125,0.7995170952347099,0.03297270511952821,0.01,0.01,True,False,False,False,True,True
3,56,0.17538910534521962,0.4058314492907258,True,0.14915828145632115,0.1213021922931287,0.96306562112945,0.54,0.73,True,True,True,True,True,True
4,25,0.27490848068566626,0.6902337614511221,False,0.328678717236337,0.24846517193912412,-0.33150306418778785,0.01,0.01,False,False,False,True,True,True
11,14,0.4341418502437662,1.6013659333151453,False,0.42501221632062547,0.3414566430431848,-0.41309539991211075,0.01,0.01,False,False,False,True,True,True
12,40,0.30011742714615,1.7650348144977606,False,0.41445513060550443,0.345441812653909,-0.3847139348114721,0.01,0.01,False,False,False,True,True,True
7,19,0.300854449696124,0.9813192528664043,True,0.6875702607469416,0.6365611761559721,0.885206347394019,0.8,0.82,True,True,True,True,True,True
3,68,0.12065877716780579,1.3566444103407118,False,0.12770117609041298,0.11599880388098077,-2.013196120693271,0.01,0.01,False,False,False,True,True,True
8,52,0.5119123275032953,0.5315037319050476,False,0.5672308101212936,0.5194007726490376,0.35924145189402423,0.01,0.01,True,False,False,False,True,True
8,16,0.3556542979521239,1.1980604424742494,False,0.6888799478605475,0.5939327136610026,-0.4298856300605436,0.01,0.01,False,False,False,True,True,True
4,23,0.4838752622238042,1.7586592186636545,True,0.42339060549624485,0.4032717858533612,0.7921132558073385,0.62,0.67,True,True,True,True,True,True
4,74,0.15693957595996366,1.101550250345915,False,0.2009540857760992,0.16152151753790767,-2.8409104372097866,0.01,0.01,False,False,False,True,True,True
11,12,0.08650437616603035,1.211565227973405,False,0.38569109498906673,0.2831776459901784,-0.41410813143153824,0.01,0.01,False,False,False,True,True,True
10,75,0.2050767295998231,1.68193143242891,False,0.054432459731966754,0.04137868764656997,-0.3408245734526667,0.01,0.01,False,False,False,True,True,True
12,75,0.5693350839690193,0.3807659866700755,True,0.9246789172768481,0.9109595036062317,0.7529819611865372,0.67,0.68,True,True,True,True,True,True
5,25,0.4163444792996712,0.7305944441311202,True,0.552341156221628,0.4714672636778333,0.8384778935510993,0.61,0.59,True,True,True,True,True,True
7,72,0.25315704523257,1.5794329447244215,True,0.4509867786626024,0.3923442556016924,0.9192641582922622,0.37,0.29,True,True,True,True,True,True
6,75,0.12763021598607438,1.6329354223084176,True,0.1699300022182726,0.13489430995898746,0.9791425657492184,0.94,0.87,True,True,True,True,True,True
10,70,0.17219922094264778,0.8595650207981873,False,0.9553784825390231,0.9388222630508477,-0.03332148296644455,0.01,0.01,False,False,False,True,True,True
5,57,0.2343363068952643,1.5194484570279665,True,0.7621323183624611,0.7552937629435222,0.926517086756287,0.19,0.19,True,True,True,True,True,True
5,43,0.3591747576671685,1.482865324338358,False,0.4199197341462815,0.367324595430132,-0.0861742470546758,0.01,0.01,False,False,False,True,True,True
9,50,0.4286564157748825,1.5775209122513774,False,0.10957680682521254,0.08139099591686981,-0.5579311582904376,0.01,0.01,False,False,False,True,True,True
10,56,0.3565912009035942,1.4686018739746636,True,0.8159932305759396,0.7966860914712774,0.8621930183480677,0.09,0.12,True,True,True,True,True,True
6,46,0.332400490573534,0.7710315722392593,True,0.9693863716577755,0.9501813231473626,0.9013945628028373,0.69,0.72,True,True,True,True,True,True
10,26,0.05448995287757817,1.5018981024085996,False,0.5662000284167055,0.522988835116332,-0.33257040217562595,0.01,0.01,False,False,False,True,True,True
3,43,0.3567441232186343,1.0982265559247228,False,0.6244314341777438,0.6469172429964535,-0.9080043956421797,0.01,0.01,False,False,False,True,True,True
9,13,0.17775178816212062,1.7271499479312862,True,0.8636066976125322,0.7694874804890868,0.957176716762737,0.98,1.0,True,True,True,True,True,True
8,12,0.34817450438247294,0.6568944387921942,True,0.29871858332903856,0.2193433166592107,0.9130595643444984,0.88,0.89,True,True,True,True,True,True
4,72,0.17756961910768632,0.6493870678148137,True,0.5175430585280857,0.5168649894048807,0.9558610658138742,0.85,0.81,True,True,True,True,True,True
12,69,0.41611299210099717,1.3821655707861986,False,0.4552424022298224,0.39347822863737625,-0.34700995571668014,0.01,0.01,False,False,False,True,True,True
6,33,0.2069278111870949,1.0242477662577965,False,0.2967436875368745,0.23965118807632654,0.12800450935731356,0.01,0.01,True,False,False,False,True,True
11,34,0.3013980867585496,1.0776574593054946,False,0.3836988642919561,0.299025725537448,-0.3777713989477065,0.01,0.01,False,False,False,True,True,True
4,31,0.27833698135095036,0.6320654061438942,False,0.4177040281661305,0.38483617857844193,-0.7770476380139133,0.01,0.01,False,False,False,True,True,True
4,39,0.2316422285987993,1.4821917293840687,False,0.33908504367943737,0.2971869680939378,0.34905581874295366,0.01,0.01,True,False,False,False,True,True
6,12,0.24457257213051997,1.3724520526069137,False,0.01216739888530316,0.0,-1.6352007955570675,0.01,1.0,False,False,True,True,True,False
4,24,0.5201359928863803,0.45846899119013385,False,0.67810670631051,0.6354820870419355,-0.7459553603706417,0.01,0.01,False,False,False,True,True,True
11,31,0.46655586804726135,1.522167149724899,False,0.5941713760888796,0.5312232094192866,-0.0265627856922368,0.01,0.01,False,False,False,True,True,True
4,23,0.22559893775976225,1.9923369319039912,False,0.23480954436996204,0.1699666333548977,-2.010972687803178,0.01,0.01,False,False,False,True,True,True
7,50,0.5737122183178142,1.5647290135530352,True,0.24696296557599706,0.19452428755124024,0.6766304867143009,0.14,0.6,True,True,True,True,True,True
5,69,0.10375369217120237,1.9152360201060086,False,0.38348952597735864,0.3356275839498398,-1.0901825524198125,0.01,0.01,False,False,False,True,True,True
6,64,0.2617646028037729,1.9581503088427306,True,0.9013551366191638,0.8749908335508547,0.9257399181710574,0.86,0.86,True,True,True,True,True,True
10,74,0.3714817839885208,1.6407750929069198,True,0.3541907264765439,0.29642341701639735,0.8381902264824157,0.03,0.09,True,False,True,True,False,True
8,39,0.5093924222088231,0.6323147379520027,False,0.17321734962714153,0.12644444776564673,-0.3086366976686674,0.01,0.01,False,False,False,True,True,True
12,55,0.23455303494094237,0.6022226276734479,False,0.9757196627584603,0.9574742222374814,-0.031007887953816482,0.01,0.01,False,False,False,True,True,True
5,53,0.14715451008037866,1.9855709674766393,True,0.6969317583365298,0.6781252873056088,0.9688967291044825,0.1,0.2,True,True,True,True,True,True
7,10,0.08590883548184727,1.073800821877556,True,0.22131992996329897,0.1393098478656382,0.9920589282677967,0.88,0.67,True,True,True,True,True,True
3,32,0.06512840142420857,0.6614536005124723,False,0.09544671994954557,0.06343593810060123,-3.3805761276697854,0.01,0.01,False,False,False,True,True,True
6,44,0.5541192339967734,1.6132283503419047,False,0.22383472385971648,0.18112084796439445,-0.8225564852346681,0.01,0.01,False,False,False,True,True,True
11,41,0.19544780548894675,1.4833806338623343,True,0.38478105384859806,0.3196865584131558,0.9493182948432978,0.09,0.16,True,True,True,True,True,True
6,63,0.2955089195846645,1.0737658926033509,True,0.2064391659416649,0.1669293282823813,0.9042754530306838,0.99,1.0,True,True,True,True,True,True
10,35,0.27321322016377503,1.5454312741892504,False,0.0967227438776348,0.06899476532710216,-0.4177920084469915,0.01,0.01,False,False,False,True,True,True
3,54,0.5808703047328413,0.5374251141108237,False,0.7039510424314523,0.7028429996794769,-0.011511691048943229,0.01,0.01,False,False,False,True,True,True
12,51,0.30828165253420764,1.9294865698210333,False,0.9043922581674093,0.8770825030593993,-0.17887525887696598,0.01,0.01,False,False,False,True,True,True
8,69,0.5523374975177637,1.5783017001176782,True,0.7142263208959195,0.6875198537897053,0.6914031125954645,0.48,0.44,True,True,True,True,True,True
9,68,0.20231336450185872,1.6169920282559473,True,0.6078116003173746,0.5850677292080033,0.9385830405136004,0.92,0.9,True,True,True,True,True,True
8,10,0.14799456926819415,1.347775172068607,True,0.6997058448826399,0.6465647765427998,0.9565375381469563,0.07,0.05,True,True,False,True,True,False
8,17,0.4545937507796256,1.0602724141516173,False,0.32008776948100204,0.2438279907158598,-0.14346554638389053,0.01,0.01,False,False,False,True,True,True
11,73,0.32254846837162254,1.7497733266134294,False,0.4866179751780957,0.43259208701367774,-0.3999867439598863,0.01,0.01,False,False,False,True,True,True
8,46,0.11030978866572687,1.6283184024957387,False,0.8303419036064781,0.8041640425211272,-0.25332917227020935,0.01,0.01,False,False,False,True,True,True
3,34,0.19183781593704258,1.9673056593335432,True,0.4643672456421385,0.440155730766785,0.9461702578412242,0.18,0.25,True,True,True,True,True,True
4,49,0.42917480641068695,0.5630890387787753,True,0.20650800662229452,0.15663553051019735,0.7915847138023429,0.78,0.77,True,True,True,True,True,True
12,55,0.38654264430000407,1.9228159051850038,False,0.6418529032942328,0.604385255830955,-0.04848070535205995,0.01,0.01,False,False,False,True,True,True
10,12,0.24641233725238543,1.671661967424557,True,0.2395120195764785,0.15353941843849706,0.9404689335113025,0.89,0.78,True,True,True,True,True,True
5,46,0.5230968763383755,1.2418815456264938,True,0.8234192583836676,0.7986509561405646,0.7253057034406116,0.03,0.01,True,False,False,True,False,False
6,53,0.45170849159398535,1.1370768025982196,False,0.4394611849565959,0.3867420173966746,-0.09842310504301954,0.01,0.01,False,False,False,True,True,True
9,28,0.39322551051809485,0.8855658084004794,False,0.4731124856920309,0.39923447925014777,-0.29017915507491177,0.01,0.01,False,False,False,True,True,True
6,28,0.5674366561463594,1.8466743192625075,False,0.7103916676212882,0.6733297488025755,-0.6226449203935784,0.01,0.01,False,False,False,True,True,True
6,76,0.43069304192538665,0.6732720504588847,True,0.6987418996517478,0.6939476542873505,0.8067717380879218,0.52,0.49,True,True,True,True,True,True
11,68,0.49542605711718807,1.6954010671812942,True,0.8107170159351307,0.7921236154378242,0.745537497374803,0.41,0.39,True,True,True,True,True,True
10,62,0.5411243662069858,1.4938933069955798,True,0.7664115132380154,0.7459413619189081,0.7274335544227492,0.21,0.25,True,True,True,True,True,True
3,74,0.1793448012336641,0.5381259993222198,False,0.7456001618663842,0.7338685283032907,-0.4130835015156742,0.01,0.01,False,False,False,True,True,True
11,32,0.3392423393684922,1.3732523186223224,False,0.5280844725592573,0.4718833181373856,-0.3237107417028622,0.01,0.01,False,False,False,True,True,True
5,66,0.39016612441078613,1.5298353548364099,True,0.011390510829977774,0.006274800227052535,0.8449197467051157,0.42,0.67,True,True,True,True,True,True
12,50,0.5148258504508985,1.1679995096657978,True,0.9264028880139838,0.8947774957938354,0.7619939549642468,0.19,0.26,True,True,True,True,True,True
8,58,0.11510078870760251,1.2614990968370245,True,0.7193408932935055,0.702940422808427,0.9804195545686253,0.16,0.24,True,True,True,True,True,True
8,21,0.28283942236992843,1.74015175865682,False,0.681589915508498,0.6047935297091241,0.051340715332314324,0.01,0.01,True,False,False,False,True,True
4,53,0.38806851354373284,0.31531091657897103,True,0.7490589398020745,0.7491019972518509,0.81111865456844,0.8,0.86,True,True,True,True,True,True
8,15,0.3276803908732796,0.4625306352674382,False,0.9753516088242579,0.9423307412636552,-0.04828798610595042,0.01,0.01,False,False,False,True,True,True
8,79,0.47037362119824444,0.5754769229550636,True,0.41329375083498987,0.3533364005985701,0.7756152488204786,0.73,0.73,True,True,True,True,True,True
7,78,0.22255137462748936,1.539059799750575,False,0.8080567615299953,0.8105740804003699,-0.3666814474524793,0.01,0.01,False,False,False,True,True,True
4,56,0.39895107490277293,0.6414354594165643,True,0.1098628240883891,0.09024484301924844,0.7722697998704837,0.04,0.2,True,False,True,True,False,True
7,31,0.14600564086001117,1.9716459496700451,True,0.4078969119537341,0.347798010702896,0.9683903009961471,0.31,0.36,True,True,True,True,True,True
6,74,0.07158584765229754,0.7453222485883013,True,0.6659801594882448,0.6478424744046823,0.9929665878379532,0.71,0.72,True,True,True,True,True,True
10,31,0.5861699025077332,1.7405390996838122,False,0.4809948916329845,0.4217778143707734,-0.2841050333098094,0.01,0.01,False,False,False,True,True,True
3,72,0.25286883222035,0.7891544725599462,True,0.3875055778500043,0.392753272057381,0.9210436289996976,0.83,0.73,True,True,True,True,True,True
3,36,0.43074400283299175,0.39156475255899104,True,0.10208534589504747,0.08593329746667233,0.8251870447896852,0.82,0.72,True,True,True,True,True,True
4,28,0.4742329127886938,1.9285099026057544,False,0.9108757947037045,0.9055581511147169,-0.789221389930093,0.01,0.01,False,False,False,True,True,True
3,65,0.25272024482741917,0.7205703217675177,False,0.7653011017942875,0.7846907596836835,-1.3912385662173343,0.01,0.01,False,False,False,True,True,True
12,78,0.24532468616643255,1.3246670821332132,True,0.0653604877161259,0.0489581959948745,0.9416141266015098,0.08,0.2,True,True,True,True,True,True
8,26,0.5632382542745367,1.7967199050044254,False,0.3740985391204439,0.2933693282777571,-0.7277294912130432,0.01,0.01,False,False,False,True,True,True
6,36,0.2985237261543543,1.941862301754034,True,0.04610994069659469,0.027262856108956283,0.9255996441775086,0.53,0.72,True,True,True,True,True,True
7,52,0.06908873871993342,1.1066252802322682,False,0.24389774339874237,0.20048677212831525,-1.0150247085711133,0.01,0.01,False,False,False,True,True,True
9,27,0.39549919637020076,1.0155261857094113,False,0.6561226733878945,0.6178766710265422,-0.33512912923349614,0.01,0.01,False,False,False,True,True,True
11,29,0.16451974928736168,1.282284653724778,False,0.18236333050342013,0.13589952996347518,-0.4755660809613589,0.01,0.01,False,False,False,True,True,True
7,44,0.29638058135022105,1.3519231286124833,True,0.8906036364902279,0.8709833777728486,0.9077596861208077,0.69,0.69,True,True,True,True,True,True
5,48,0.3369116676100001,1.7650795926721952,True,0.5220198110796365,0.48652304774060295,0.8362153910791565,0.98,0.97,True,True,True,True,True,True
11,47,0.05070147761142233,0.6963767927683465,True,0.8477154445797696,0.8280059604455232,0.9970107193081009,0.18,0.17,True,True,True,True,True,True
4,38,0.38108424520108847,0.6868737429959351,False,0.915207409528,0.8861839518191985,-0.6515416222248187,0.01,0.01,False,False,False,True,True,True
12,18,0.2054717680243906,1.0711417309512552,False,0.6442685551068388,0.5850573546424995,-0.20948199266897527,0.01,0.01,False,False,False,True,True,True
6,67,0.5819977050929941,0.5982183166877837,True,0.4920555316904458,0.4504924215925764,0.6755348733213189,0.69,0.61,True,True,True,True,True,True
6,49,0.5869299758007847,1.8193256622368643,False,0.06139412743863537,0.04441030055297961,-0.20768731023865383,0.01,0.01,False,False,False,True,True,True
9,45,0.5791098986752461,1.012159171967969,True,0.32317489469230276,0.2647256803775458,0.68057603432446,0.16,0.18,True,True,True,True,True,True
12,45,0.10344784840986603,1.7997355007783624,True,0.681240220835514,0.6488790343192259,0.9864208762262049,0.47,0.43,True,True,True,True,True,True
5,27,0.4649093544489953,0.9677966937192355,True,0.6013673878265929,0.6129333840371204,0.7218795463967849,0.07,0.11,True,True,True,True,True,True
7,40,0.2683878457423671,1.6363687510060947,False,0.2950069281430524,0.24092889246578555,-0.892683910863761,0.01,0.01,False,False,False,True,True,True
4,73,0.22783086520968698,1.1638507004007297,False,0.1910217740762422,0.15805269266118838,-2.1324273565447918,0.01,0.01,False,False,False,True,True,True
7,56,0.35627213284867104,0.950995533376739,False,0.53741902728335,0.5034495599339327,-0.5061707004288201,0.01,0.01,False,False,False,True,True,True
12,21,0.2892252028876032,0.4366077228126169,True,0.6533512719490688,0.6183793066159372,0.8866425865469915,0.81,0.7,True,True,True,True,True,True
9,64,0.5680825376498961,1.5511609599865543,True,0.7337805700087853,0.7242613417550401,0.7078912211062145,0.7,0.57,True,True,True,True,True,True
11,57,0.3357737051702884,0.9805823204029034,False,0.4619421894687409,0.39524157405553945,-0.07348484370437558,0.01,0.01,False,False,False,True,True,True
9,28,0.3190454675077047,1.3444684288320599,False,0.280783399446236,0.2206032293654789,-0.4314403389022894,0.01,0.01,False,False,False,True,True,True
12,41,0.22170607793477326,1.8669326126588484,False,0.29374570700802694,0.23460567717425773,-0.3900293500119911,0.01,0.01,False,False,False,True,True,True
3,19,0.4522117544461072,0.6521719459199613,False,0.8975159744920665,0.9003496109844219,0.3029872363529944,0.01,0.01,True,False,False,False,True,True
11,30,0.5299427248650275,0.8362030816465469,False,0.5742995660564295,0.51459915640824,-0.373573088343669,0.01,0.01,False,False,False,True,True,True
5,65,0.21993573389464682,1.5644099504202635,False,0.9504038881089879,0.9494045372626129,-0.48294564299109566,0.01,0.01,False,False,False,True,True,True
8,13,0.17870542521127186,1.708846465328653,False,0.23053243103277632,0.16541795861493772,-0.6341397789162235,0.01,0.01,False,False,False,True,True,True
9,15,0.11376387554602893,1.3842451177499446,False,0.1874720992445601,0.13481109161056004,-0.6783948164657918,0.01,0.01,False,False,False,True,True,True
6,24,0.5580104849557143,0.4092255805017993,True,0.6019077380323696,0.5488074820482685,0.6623197460898291,0.8,0.81,True,True,True,True,True,True
6,12,0.33564944129350477,1.4411805745259147,False,0.2858136167658878,0.1980506279683838,-0.4547674436601814,0.01,0.01,False,False,False,True,True,True
6,26,0.46725316204065515,1.5286455826355452,False,0.29627886609228826,0.24136180869163912,-0.43253550698763954,0.01,0.01,False,False,False,True,True,True
7,69,0.37464749682278403,1.1580326958632792,False,0.013947033714633461,0.010793251793935227,-0.3968083324119436,0.01,0.01,False,False,False,True,True,True
12,55,0.5886465991670353,1.9776703950113608,True,0.3137380455372606,0.26087087093872663,0.7185222519317063,0.2,0.21,True,True,True,True,True,True
11,16,0.21724471112036597,1.8576848755265793,False,0.16525898640179537,0.11109620944922079,-0.3930928064435446,0.01,0.01,False,False,False,True,True,True
11,41,0.4508638797966226,1.7829857849193618,False,0.9842201267072538,0.9590279956364997,-0.15925416777027923,0.01,0.01,False,False,False,True,True,True
12,79,0.11605921504210193,1.581976617762068,False,0.880991037042561,0.8681640862467327,-0.20299857586460823,0.01,0.01,False,False,False,True,True,True
6,29,0.23940593302421093,1.8994148574200835,True,0.173007520911857,0.13162551308156534,0.9262217700510202,0.04,0.14,True,False,True,True,False,True
4,67,0.26149511781412027,1.45903520608539,False,0.9082321186843635,0.8957494090242077,-0.8282895540718445,0.01,0.01,False,False,False,True,True,True
12,35,0.09598743242215267,0.6358259974497709,True,0.8496265772957855,0.8178782487157245,0.9874087038940252,0.93,0.85,True,True,True,True,True,True
10,55,0.5314829108818868,0.6283069705229718,False,0.9012036243933058,0.8856491453318514,-0.13906864624147564,0.01,0.01,False,False,False,True,True,True
7,29,0.3227379662882918,0.8896010103588459,True,0.1732368320156199,0.12224598474699715,0.9037557591063317,0.5,0.51,True,True,True,True,True,True
5,66,0.5559919848486277,1.9975960269058515,True,0.8596256765474884,0.8458618234804979,0.7682262694364221,0.92,0.89,True,True,True,True,True,True
5,28,0.1858246031347594,1.267693194373388,False,0.09664935456866874,0.07468641958633326,-1.514069279749946,0.01,0.01,False,False,False,True,True,True
8,52,0.10438111454083926,0.3726310246254307,False,0.23580424700462943,0.19378798405429723,0.10857742266666337,0.01,0.01,True,False,False,False,True,True
4,29,0.08161196789358902,1.3205653723060344,True,0.18206605308829604,0.13611232195385414,0.9932857134969493,1.0,1.0,True,True,True,True,True,True
8,41,0.2787078491726178,0.555643383974306,False,0.1497993606315965,0.11491794784853716,-0.1416903280042947,0.01,0.01,False,False,False,True,True,True
4,54,0.05344759612342715,1.3607183641638496,True,0.7887492151069052,0.7594928645848582,0.9962262995796536,0.29,0.34,True,True,True,True,True,True
8,31,0.5320943299694455,0.5464816543822533,False,0.8191566089506066,0.8075970446900637,-0.08905783629819441,0.01,0.01,False,False,False,True,True,True
3,14,0.491498313775795,1.4541875456328786,True,0.8583249038256303,0.8896276763545569,0.7384243275478845,0.82,0.8,True,True,True,True,True,True
10,47,0.3007066082196204,0.7144242241507764,True,0.6918938387001834,0.6637981808979508,0.9063942716181213,0.24,0.25,True,True,True,True,True,True
12,38,0.2592943239914531,0.5846771449107955,True,0.39476085560092355,0.325259317908569,0.9231952450806353,0.14,0.17,True,True,True,True,True,True
10,70,0.4769636539146934,0.7473937762913458,False,0.8059167968926029,0.7997509177726834,-0.1732804610984211,0.01,0.01,False,False,False,True,True,True
4,60,0.20530434549638654,0.6353999266021878,True,0.08369940227304651,0.0712304462456962,0.9626821549082808,0.96,0.97,True,True,True,True,True,True
6,28,0.19954792971970636,0.48500835887691907,True,0.7236484972498002,0.7004655305678114,0.9410740483254773,0.57,0.65,True,True,True,True,True,True
9,19,0.48481109319598525,1.9171648862228001,False,0.8213820654416437,0.7893926397024195,-0.2836186000369818,0.01,0.01,False,False,False,True,True,True
11,28,0.1298705359573223,1.2619459616627533,False,0.5657116165278069,0.5067045958418089,-0.38080014171136756,0.01,0.01,False,False,False,True,True,True
7,78,0.5427377287206658,0.7729744818196962,True,0.9439039157804343,0.9416591743722655,0.7557978456664175,0.06,0.12,True,True,True,True,True,True
6,56,0.5037685977448867,0.6403363014619143,False,0.26737283833447323,0.22096903964596326,-0.6229314851511627,0.01,0.01,False,False,False,True,True,True
5,73,0.20971513517102092,1.707024128096447,False,0.8067774874375916,0.7906366354500393,-0.4962834111255039,0.01,0.01,False,False,False,True,True,True
8,37,0.1295276360433104,1.2619137526178508,False,0.8441672150390844,0.8205740711189836,-0.3118369667768599,0.01,0.01,False,False,False,True,True,True
12,20,0.21145127337552694,0.7748144785688429,False,0.9405096475890976,0.8778052210386373,-0.13330912393858174,0.01,0.01,False,False,False,True,True,True
9,58,0.5244455030441983,1.9234601934551954,True,0.8162993804888088,0.804019520562308,0.7464195441696873,0.4,0.47,True,True,True,True,True,True
12,11,0.5399743029930029,1.2477593144729657,True,0.9685741119431545,0.8233085739637453,0.7581424011430424,0.6,0.73,True,True,True,True,True,True
5,61,0.2924527128718678,0.402928894305782,True,0.40228545905279167,0.36818877944312833,0.9097034664625342,0.85,0.73,True,True,True,True,True,True
3,63,0.4183968883593875,1.4334960272474013,True,0.24321189324746384,0.20129876708945038,0.7872630474586169,0.44,0.51,True,True,True,True,True,True
12,14,0.5556387904466014,1.1207597853182931,True,0.296252773028981,0.21090294826957545,0.7056046417485261,0.21,0.27,True,True,True,True,True,True
6,41,0.1530291541657637,0.6000738408456381,True,0.44053923814691276,0.3937494221378518,0.97626601201388,0.57,0.61,True,True,True,True,True,True
12,67,0.2880323498693518,1.0219771699944293,False,0.7353094063804344,0.7179156606863079,-0.21492996468838577,0.01,0.01,False,False,False,True,True,True
9,67,0.13127512152444798,1.35240586344728,False,0.7128439227596229,0.694727412143741,-0.2813840693810996,0.01,0.01,False,False,False,True,True,True
10,64,0.3456882971455439,1.1319125813304125,False,0.24551104703995008,0.19474708497561644,-0.4906131983971618,0.01,0.01,False,False,False,True,True,True
9,41,0.1284543030144814,0.7076070030176461,True,0.7648976636515836,0.7524596109240639,0.9723004251757354,0.14,0.22,True,True,True,True,True,True
3,20,0.4324320794581059,1.3463385296862402,False,0.2910129014899768,0.2326141499179132,-2.085944400578005,0.01,0.01,False,False,False,True,True,True
10,30,0.12249461661019365,0.36870568652007507,True,0.7345372721763723,0.6883143702739996,0.9778781358519594,0.53,0.57,True,True,True,True,True,True
9,25,0.1379327703950529,0.6375421793189505,True,0.5643345617719863,0.4875475736811625,0.9759970590244883,0.37,0.38,True,True,True,True,True,True
6,73,0.5215390010982132,1.3072447508204936,True,0.36185182584101006,0.31032655020349115,0.7894909316431479,0.64,0.63,True,True,True,True,True,True
3,56,0.14022382843461534,0.6833177125366132,False,0.1544559010051848,0.13410121320508472,0.6427410523352888,0.01,0.01,True,False,False,False,True,True
7,26,0.20529699571966076,0.8543948958197525,False,0.44218723852337394,0.36284396741650937,-0.32277590367345055,0.01,0.01,False,False,False,True,True,True
10,10,0.13957709096448773,0.9969485794569144,False,0.561738956300167,0.37022687149350436,-0.1362422345667773,0.01,0.01,False,False,False,True,True,True
6,22,0.27020890391546354,1.3292442452881006,False,0.027685981864014608,0.009495748350080479,-1.1814653597959865,0.01,0.01,False,False,False,True,True,True
5,67,0.12923881561639927,1.438061577062143,False,0.7422821595063193,0.7419679002847799,-0.47000034058363793,0.01,0.01,False,False,False,True,True,True
12,25,0.4967880798440374,0.846228128967959,True,0.1321374805691976,0.09307579030309727,0.7862311459430754,0.94,0.81,True,True,True,True,True,True
11,44,0.31062126764157344,1.118803808769841,False,0.6099513598670405,0.5770927795793892,-0.22278789840869373,0.01,0.01,False,False,False,True,True,True
11,65,0.5275363578636485,0.4791219723535345,False,0.5846484032350139,0.5533037726546142,0.11251907615831747,0.01,0.01,True,False,False,False,True,True
4,14,0.13562216728286236,0.7926341089131879,True,0.7460083730539856,0.6646109887233612,0.9730868732595103,0.98,0.98,True,True,True,True,True,True
3,53,0.1516911210429583,1.7839793284131398,False,0.7454030330362977,0.7534642714727721,-0.914327014806336,0.01,0.01,False,False,False,True,True,True
6,37,0.19341333475381212,1.2988321702025172,True,0.8430271771627156,0.8285445233554085,0.9478348520112424,0.1,0.11,True,True,True,True,True,True
8,77,0.5808142374692657,1.0134790261588487,True,0.8842893230806782,0.8679909463576279,0.7021321791207462,0.76,0.83,True,True,True,True,True,True
9,36,0.09853523027759142,1.7837061324967358,True,0.539632014289198,0.49828808036843636,0.9873315205081128,0.55,0.48,True,True,True,True,True,True
9,53,0.5985361843125518,1.3684275289765,False,0.8808449376247957,0.8669863550282186,-0.22776701143028633,0.01,0.01,False,False,False,True,True,True
4,43,0.43068529447002274,0.8048071519772251,False,0.3687885093385095,0.3308648513555917,-1.6828225741513534,0.01,0.01,False,False,False,True,True,True
11,76,0.21665558693856252,0.8724494150957041,False,0.8754916630028989,0.8634946427750326,-0.1157699519658304,0.01,0.01,False,False,False,True,True,True
9,14,0.2018212846472469,1.0327371001382306,True,0.5867004367226434,0.5116163957771446,0.9381547792431195,0.05,0.12,True,False,True,True,False,True
5,53,0.33445470237435426,0.6919012943322831,False,0.07727177416261277,0.0627907680882847,0.6387602979291174,0.01,0.01,True,False,False,False,True,True
5,59,0.5021281614330789,1.2320794500291792,True,0.6355640454381324,0.624155213508844,0.6977182563317568,0.06,0.04,True,True,False,True,True,False
8,48,0.5376402768976684,0.5202988800400588,True,0.9279789925454682,0.8828281349206899,0.7422360772207736,0.51,0.45,True,True,True,True,True,True
6,39,0.3495324718001855,0.6842230621150407,False,0.8751603412429155,0.8536153207779722,-0.40173092458097637,0.01,0.01,False,False,False,True,True,True
3,31,0.5248999760288253,1.939045037022496,True,0.5075742984559874,0.5243906234428802,0.7369173833489202,0.52,0.35,True,True,True,True,True,True
6,58,0.24223806701345757,0.6859144209668586,False,0.17498300157654345,0.13922944611706017,-0.08599768151956444,0.01,0.01,False,False,False,True,True,True
7,73,0.2758360087705875,0.7991918905662574,True,0.7881901919329344,0.7792423853482578,0.9005494505310291,0.18,0.15,True,True,True,True,True,True
7,19,0.06464750634192275,0.7087696182024386,False,0.6559704208901278,0.6111174477066991,-0.4795147423767072,0.01,0.01,False,False,False,True,True,True
4,38,0.13304542135680208,0.9148189612930813,False,0.38958371850785056,0.3693848516767278,-1.6545237875379981,0.01,0.01,False,False,False,True,True,True
6,59,0.08416220416679923,1.1259565689548574,True,0.690515489713867,0.6792983231675996,0.9916742751497114,0.18,0.3,True,True,True,True,True,True
3,76,0.2757836113489189,1.2068232113304018,False,0.9608250605530527,0.9717631221595339,-1.1837221781654845,0.01,0.01,False,False,False,True,True,True
10,30,0.4971805557105466,0.5682449619817302,True,0.06523930225974739,0.04661388224013543,0.7844388494736632,0.99,0.93,True,True,True,True,True,True
10,52,0.2780220420608313,1.745229273097662,True,0.6132138689146217,0.5534246965126876,0.9064701875280303,0.06,0.11,True,True,True,True,True,True
6,18,0.436946006258918,1.0243340483225643,False,0.3710371887748847,0.29142292375664813,0.5899320792961112,0.01,0.01,True,False,False,False,True,True
7,58,0.2293572722039222,1.75444362984675,True,0.777477394347527,0.7625751140437884,0.9205140892392847,0.17,0.19,True,True,True,True,True,True
10,23,0.36512854753570817,1.8642417591191047,True,0.2216871005082537,0.15875948662039388,0.8714317249947159,0.97,0.89,True,True,True,True,True,True
3,44,0.28122289074976287,1.901258742774493,False,0.22375450518938578,0.19169691682661885,0.362294373176159,0.01,0.01,True,False,False,False,True,True
4,12,0.5771012429193654,1.3840941391723782,False,0.9873082771838058,0.7888157415772157,0.32701567469935633,0.01,0.01,True,False,False,False,True,True
3,56,0.5823480353859924,0.6734606448432866,False,0.6036077295979501,0.5969464562574296,-1.0517978055799122,0.01,0.01,False,False,False,True,True,True
3,29,0.597036276246971,1.8969368530751292,True,0.4797389037126629,0.3913326375137447,0.7070830541321025,0.54,0.59,True,True,True,True,True,True
12,34,0.3131563547568101,1.5705287174717077,False,0.3177016870976187,0.26378402958899466,-0.32467429322188046,0.01,0.01,False,False,False,True,True,True
9,70,0.1255612031063992,1.4431662066037847,False,0.9012748658509782,0.8859521112879633,-0.19733964005884297,0.01,0.01,False,False,False,True,True,True
6,35,0.3474396590224684,0.9066906000023003,False,0.7807102818135637,0.7424949313193899,-0.25527728144115125,0.01,0.01,False,False,False,True,True,True
4,62,0.5737107367595115,0.625198341986479,False,0.4193784490376187,0.4045129732777344,-1.2491915003387177,0.01,0.01,False,False,False,True,True,True
8,25,0.24223981146201423,1.109322469223666,True,0.7046009964191886,0.660461734024833,0.9265036542675168,0.5,0.51,True,True,True,True,True,True
12,10,0.5524326466695091,0.5389161936322009,False,0.03958884390913964,0.01832863830936505,-0.25479431602309144,0.01,0.01,False,False,False,True,True,True
6,23,0.30975627662178756,1.6821127209356508,True,0.645827896096811,0.5807863545745536,0.8747959778571485,0.82,0.76,True,True,True,True,True,True
3,63,0.12418136877887652,1.2121185993475108,False,0.2556230036147731,0.21275552422878796,-1.161174645152975,0.01,0.01,False,False,False,True,True,True
7,59,0.3432748290697459,1.7767868803157734,False,0.18191887196327028,0.14021299538216644,-1.1428421887666285,0.01,0.01,False,False,False,True,True,True
5,28,0.11971731501813815,1.7115147341510188,False,0.3207061459871926,0.26017295075258007,-1.4593677086413739,0.01,0.01,False,False,False,True,True,True
5,31,0.19939642214320824,0.46158519616979055,False,0.4634351803251394,0.4298627837589333,-0.24708327315211465,0.01,0.01,False,False,False,True,True,True
6,46,0.20830416079730618,1.830252275148194,True,0.4974619223834348,0.4639231588549393,0.9470456985030837,0.17,0.14,True,True,True,True,True,True
8,79,0.20077071233018984,1.3321130084818995,True,0.4046288337538064,0.34327372289637825,0.9557194402357355,0.38,0.47,True,True,True,True,True,True
6,56,0.2061361964734838,0.7012311038389512,True,0.1965446831118398,0.15389665606928446,0.957647040259122,0.97,0.92,True,True,True,True,True,True
11,63,0.25972303892156484,0.3342156419139279,False,0.9995965451738126,0.9695316038070703,0.3588220019509645,0.01,0.01,True,False,False,False,True,True
5,63,0.11219852115853576,0.9199184298103948,False,0.7626104100262094,0.7536975123462071,-0.41039447666256157,0.01,0.01,False,False,False,True,True,True
10,69,0.14936744750214948,1.5517121623640553,True,0.7913785244604362,0.7828399191019554,0.9694118829373408,0.55,0.5,True,True,True,True,True,True
6,65,0.49441656776598997,0.8577552547352587,True,0.2810668704331739,0.23209681825348744,0.7693509007061754,0.89,0.77,True,True,True,True,True,True
9,52,0.4118253922663048,1.696644803134993,True,0.3419044796088606,0.2830371263153346,0.8219413335555605,0.18,0.33,True,True,True,True,True,True
8,75,0.3735469110019709,1.594605986680646,True,0.2789565622999305,0.2279937152996119,0.865380218113744,0.99,0.91,True,True,True,True,True,True
11,17,0.37433124580945454,0.6192063718061522,False,0.844812229689011,0.7953655565724964,-0.012596784437486352,0.01,0.01,False,False,False,True,True,True
9,22,0.5150477948118316,0.5963717526236678,False,0.019764567300849745,0.010617904786456335,-0.3688247303241674,0.01,0.01,False,False,False,True,True,True
12,51,0.24292329161441173,1.02250885591848,False,0.10799952060663631,0.0784462981903389,-0.5787704566169591,0.01,0.01,False,False,False,True,True,True
9,17,0.2650265198215726,0.5888328615306078,False,0.22175955921914292,0.14937946195192742,-0.2287743263104558,0.01,0.01,False,False,False,True,True,True
12,25,0.5295390716842714,1.8877893417566147,False,0.6634821680660907,0.6157788953613283,-0.2683413036010658,0.01,0.01,False,False,False,True,True,True
9,33,0.3868031222203635,1.588320969172586,False,0.9661087151981014,0.9083880192372459,-0.23443334287243234,0.01,0.01,False,False,False,True,True,True
5,14,0.13240738266195273,1.9571416309642868,False,0.08318855869752129,0.040154228776374874,-2.186971081477711,0.01,0.01,False,False,False,True,True,True
11,60,0.5424838550116482,1.5424465712051678,False,0.21086154989685524,0.16458418404902764,-0.5677396169546902,0.01,0.01,False,False,False,True,True,True
3,79,0.11929477296775454,1.494082262114496,False,0.2551472229823709,0.22731610080016226,-1.4881268993845906,0.01,0.01,False,False,False,True,True,True
4,23,0.057915883407303144,0.4244044239186278,True,0.7577732058410869,0.7374601175754,0.9963251696157592,0.68,0.7,True,True,True,True,True,True
6,73,0.1438940608407856,0.9079574631351568,True,0.3885778895800245,0.33643172800745863,0.9737913981316768,0.5,0.55,True,True,True,True,True,True
12,43,0.3139667507257834,1.595678139579927,False,0.7385956865077841,0.7025414635246896,-0.18273491167485312,0.01,0.01,False,False,False,True,True,True
3,56,0.18761291959504117,1.0934111691632569,True,0.04674895321654182,0.03235699600227113,0.9530719160147962,0.3,0.26,True,True,True,True,True,True
7,15,0.4653798775902545,1.004974715629302,False,0.1683492150710879,0.1055654270590298,0.022951679382514967,0.01,0.01,True,False,False,False,True,True
5,66,0.5965231097309097,0.6887807250623377,True,0.04220328083950853,0.0335976024243246,0.6995095114327745,0.35,0.37,True,True,True,True,True,True
9,19,0.3097772307894373,0.8485561447264836,False,0.5437548138344253,0.4573222140563854,-0.4819450776475094,0.01,0.01,False,False,False,True,True,True
9,30,0.2740647194775815,1.8175995924147426,True,0.9400009147676863,0.9091564830661137,0.9258593317282535,0.56,0.45,True,True,True,True,True,True
10,29,0.16698733737487012,1.985261830197053,False,0.0876343260787591,0.06457165705729759,-0.6444216700514083,0.01,0.01,False,False,False,True,True,True
6,38,0.4322734347610423,1.4162404580293404,False,0.6717428672838757,0.6583591344267298,-0.32463305287654975,0.01,0.01,False,False,False,True,True,True
12,54,0.43102426944325817,1.837397245500098,False,0.8485676517384364,0.835005386083645,-0.18706486492978103,0.01,0.01,False,False,False,True,True,True
7,68,0.3943142188232775,0.5070525042227849,False,0.2373219553360667,0.19278763039672647,-0.11007488988400893,0.01,0.01,False,False,False,True,True,True
5,67,0.15683107978739155,1.4626654507649348,False,0.3669838300835919,0.32715543156947346,-0.21756024586625133,0.01,0.01,False,False,False,True,True,True
12,39,0.37077795729804996,0.4297054419856129,False,0.2663853503226725,0.2088987059050622,0.3025265774555771,0.01,0.01,True,False,False,False,True,True
5,37,0.16926965820876463,1.666592071309618,False,0.5281547399946614,0.4827693521656305,-0.7853935626884609,0.01,0.01,False,False,False,True,True,True
11,32,0.1474330782016673,1.7681136416778356,True,0.9379530423155624,0.904064195313806,0.9754121173257805,0.99,0.97,True,True,True,True,True,True
7,38,0.33004995635150186,1.8122162783007763,False,0.02361001945568808,0.01765431046333339,-0.44173419687379956,0.01,0.01,False,False,False,True,True,True
11,59,0.47370468281930567,0.9384919287412672,False,0.8705854977217804,0.8584197413065656,-0.2011867607327651,0.01,0.01,False,False,False,True,True,True
3,54,0.5994817010964949,1.570699812391998,True,0.6487005716595925,0.643138121525318,0.6440770082022922,0.33,0.58,True,True,True,True,True,True
11,61,0.5402676779013657,1.158361515926036,False,0.16977503528035354,0.13184166584190468,-0.21370685538371736,0.01,0.01,False,False,False,True,True,True
12,63,0.3893561636075506,1.2754759091298973,True,0.20038916043511423,0.15680307080285294,0.8605824044201045,0.87,0.76,True,True,True,True,True,True
9,73,0.25447694527507453,1.873371843481705,True,0.08744339140861013,0.06607497571463837,0.9325578497495829,0.34,0.39,True,True,True,True,True,True
4,25,0.516111341732404,0.41697610211186115,True,0.7846947363387465,0.7145059693778659,0.7167282503192383,0.53,0.48,True,True,True,True,True,True
3,33,0.17213927290073677,1.8092040694315092,True,0.26498377276083285,0.2201509590908358,0.958425531143191,0.59,0.8,True,True,True,True,True,True
11,62,0.5459117899379892,0.9421455234614786,False,0.6533997403927903,0.6320319663716703,-0.2560881834353521,0.01,0.01,False,False,False,True,True,True
7,49,0.23144918326453556,1.647451103314245,False,0.23621260626290086,0.18512944977590212,-0.4555246024093871,0.01,0.01,False,False,False,True,True,True
3,57,0.05046755898373809,1.7384841591468947,True,0.4191068820291488,0.42514374257461957,0.9963514223960943,0.29,0.49,True,True,True,True,True,True
10,18,0.1222390540428546,0.8809240241451608,True,0.08551139738343716,0.053747795168523654,0.9790733756666052,0.57,0.41,True,True,True,True,True,True
6,65,0.26534250893678,1.3379286750927113,False,0.9237975155520594,0.8960857425098935,-0.36366652419628,0.01,0.01,False,False,False,True,True,True
5,22,0.20447982839794693,1.2429085649893092,True,0.4286679569679188,0.3741015023697675,0.9414405138098255,0.98,0.98,True,True,True,True,True,True
11,48,0.2852796068811743,0.5777129994937188,True,0.9272923061903499,0.9135998547806974,0.9155138652988186,0.09,0.03,True,True,False,True,True,False
12,36,0.10785717901171507,1.638859862143771,False,0.9847515364757217,0.9533269936885759,-0.1353655137804488,0.01,0.01,False,False,False,True,True,True
12,61,0.21681399528006023,1.9352751512405133,False,0.44943957091430053,0.3907942032253767,-0.33253557137384027,0.01,0.01,False,False,False,True,True,True
12,76,0.07972300875765784,0.7384565114523394,True,0.021740552277907388,0.017096105801470845,0.9935772197168922,0.05,0.23,True,False,True,True,False,True
6,55,0.2101537190102637,1.6340520918810235,True,0.0932917304994203,0.07512497994236751,0.9523014881784885,0.4,0.57,True,True,True,True,True,True
5,22,0.1372794528550882,1.539789803707724,False,0.8110663041862014,0.7970740774387293,-0.48898945525970183,0.01,0.01,False,False,False,True,True,True
4,26,0.5248480453281237,0.3145082076562743,False,0.7855978312894117,0.738103387418051,0.13426407729769896,0.01,0.01,True,False,False,False,True,True
6,27,0.13632799387318426,0.925040568493231,True,0.8882504121377112,0.7841040551442103,0.9752711671120194,0.9,0.82,True,True,True,True,True,True
9,69,0.3518023414680124,1.4436104646754828,False,0.6079136639127366,0.5787900065453524,-0.2632041401657814,0.01,0.01,False,False,False,True,True,True
4,66,0.4926354325714038,1.7978434023609298,False,0.33073638582227616,0.28973313938172574,-0.43668237736797333,0.01,0.01,False,False,False,True,True,True
5,10,0.5222165976955033,1.9376204305352318,True,0.481668024563896,0.39190972163320004,0.7621023374810446,0.01,0.07,True,False,True,True,False,True
6,67,0.2786991242880703,1.4402653355100892,False,0.5182225365490228,0.4773009077417404,-0.8194235870839182,0.01,0.01,False,False,False,True,True,True
9,53,0.3000980872902614,0.5098400435438599,False,0.3461974246371401,0.2886886566323891,-0.13625075949398413,0.01,0.01,False,False,False,True,True,True
11,53,0.24918544713861013,1.728207413959111,True,0.22574400696894859,0.17460718274573114,0.9410401349738353,0.22,0.54,True,True,True,True,True,True
5,36,0.42808930234251225,0.8976396147740637,True,0.9999424874228948,0.9501892785831298,0.8262353737509066,0.85,0.83,True,True,True,True,True,True
12,60,0.09655954108309511,0.7975937941378521,True,0.4904570039971009,0.4412028652967425,0.9865373415901452,0.39,0.41,True,True,True,True,True,True
3,31,0.5325624447359728,1.080394959120861,True,0.3761130361078221,0.30131046751264995,0.751534809891714,0.93,0.85,True,True,True,True,True,True
8,22,0.18085037465620324,0.7324109101708871,True,0.5086151617567581,0.4357206116650024,0.9539761764085984,0.53,0.41,True,True,True,True,True,True
10,22,0.4753776863657357,0.3082167676278324,True,0.038005322607409076,0.021011752348072354,0.8296722701107938,0.92,0.92,True,True,True,True,True,True
12,34,0.2356905481414331,1.7039416799825449,False,0.07032586886071168,0.05012133000554366,-0.32159552844885386,0.01,0.01,False,False,False,True,True,True
5,51,0.4093082608868524,1.7870093824932887,False,0.879776174051187,0.8718955854614036,-0.5367323496964849,0.01,0.01,False,False,False,True,True,True
4,16,0.13024395742085232,0.40826537817058234,True,0.4954415474422388,0.4712156796126374,0.9697640374305324,0.26,0.24,True,True,True,True,True,True
11,56,0.32672601595260775,0.6818140560962999,False,0.07054089125975826,0.05094982621486175,-0.36702020931262935,0.01,0.01,False,False,False,True,True,True
5,59,0.3873638257571009,0.32623733233728236,False,0.8342443407097092,0.8206690350801674,-0.3951127610031393,0.01,0.01,False,False,False,True,True,True
11,69,0.5259384189717065,1.5943332985603438,True,0.32816753949520927,0.27311203006605406,0.7601528712126797,0.03,0.25,True,False,True,True,False,True
9,70,0.08095927042563676,0.9669957805278611,False,0.8302833889204819,0.824659760468932,-0.2529057195998776,0.01,0.01,False,False,False,True,True,True
11,13,0.23552587653484863,0.5718551660241834,False,0.6475309962343668,0.5733784726007616,-0.007309364939270591,0.01,0.01,False,False,False,True,True,True
10,53,0.5872412090835479,0.3395037338026906,False,0.09504074164270626,0.07080301638541647,0.18267527493354474,0.01,0.01,True,False,False,False,True,True
11,41,0.544080315073239,1.354261123644529,True,0.6237069324672357,0.5782943200735325,0.7133053895544903,0.28,0.44,True,True,True,True,True,True
6,40,0.4750183782651753,0.6999212707206149,False,0.9507772379146149,0.9151311487492512,-0.2971711193679527,0.01,0.01,False,False,False,True,True,True
6,63,0.16319702136867267,1.4937239573103056,False,0.9808957394703971,0.9531514161026314,-0.24895936911468053,0.01,0.01,False,False,False,True,True,True
5,31,0.14931572893939843,0.732881227738861,True,0.6429233213222577,0.6045232882194667,0.9691584853103308,0.37,0.31,True,True,True,True,True,True
6,62,0.3358052522773995,1.3849197085604852,False,0.3628015563466258,0.30614232814422987,-0.9303469483347966,0.01,0.01,False,False,False,True,True,True
7,15,0.19281900629776982,1.6364087547869433,False,0.35884929962999634,0.26154306686350676,-0.45437442340787726,0.01,0.01,False,False,False,True,True,True
11,60,0.5409988029978348,0.9864918018749793,True,0.6733301329366498,0.6534509635424977,0.6935319329326551,0.17,0.11,True,True,True,True,True,True
11,11,0.5070717298165234,1.0812983834182572,False,0.9855751718618374,0.890301012764813,-0.16010478886774626,0.01,0.01,False,False,False,True,True,True
12,53,0.4682206341885912,1.954971438831213,False,0.956969005894788,0.9440859096400619,-0.1139705305316463,0.01,0.01,False,False,False,True,True,True
7,51,0.13023490574060692,1.0790994293397251,True,0.05988680732141449,0.04562661459203674,0.9818917281314271,0.17,0.78,True,True,True,True,True,True
10,47,0.5553077309257735,1.6024274223473893,True,0.6924851337743778,0.6599578062167325,0.7156504028959405,0.07,0.14,True,True,True,True,True,True
6,73,0.09986284683985591,1.3639237675994789,False,0.9228329935231456,0.9165942699705377,-0.37236826903228115,0.01,0.01,False,False,False,True,True,True
9,24,0.47169385903365313,1.4010303279914875,True,0.3885829858823191,0.3136959422524426,0.7725153288933018,0.85,0.75,True,True,True,True,True,True
12,39,0.19271782957769917,0.35351538710935354,False,0.8365168848262796,0.8009678342244808,0.3020182004994101,0.01,0.01,True,False,False,False,True,True
12,30,0.39262510319381044,1.005340233664051,False,0.770868400637781,0.7132276215395031,-0.20290131858618432,0.01,0.01,False,False,False,True,True,True
12,56,0.14590642357198658,1.6083646773821012,False,0.3878306465629652,0.3226425792747351,-0.2664521755497924,0.01,0.01,False,False,False,True,True,True
6,40,0.13885247462705108,1.1236972908105545,True,0.0003845421723684961,0.0,0.9792139663577543,0.5,1.0,True,True,True,True,True,True
6,35,0.20222796446957286,1.711940541107294,True,0.49574034659940147,0.45122551183843135,0.9473071246826623,0.45,0.43,True,True,True,True,True,True
5,13,0.45870551597434855,1.712250116526131,True,0.5572884039871921,0.4850841104742466,0.7495247161423035,0.81,0.63,True,True,True,True,True,True
7,72,0.5940615036713445,1.2146388176198695,False,0.13840747324844538,0.10747364856811836,-0.8465194843148536,0.01,0.01,False,False,False,True,True,True
8,41,0.2048626926928978,1.3608928272312126,True,0.23102081628876303,0.17987349729096566,0.9518119629144122,0.03,0.17,True,False,True,True,False,True
6,22,0.19479832510067696,1.468154369682881,True,0.16365444977913046,0.11832963657613295,0.9614289584884362,0.96,0.84,True,True,True,True,True,True
11,73,0.12809654438746515,1.2347981952103073,False,0.8290938850709373,0.8098149111977994,-0.19298035099332433,0.01,0.01,False,False,False,True,True,True
7,77,0.09533620937492868,0.8605672200426229,True,0.7274531447566503,0.709689739991949,0.9885194207274104,0.72,0.68,True,True,True,True,True,True
10,65,0.41206341822836495,1.3359391765314903,False,0.8935529586799688,0.8825707561572744,-0.1206922642500825,0.01,0.01,False,False,False,True,True,True
11,62,0.5494587328587107,0.3931894926562293,True,0.9573979359653709,0.9429354973853615,0.7628248751971807,0.78,0.75,True,True,True,True,True,True
3,60,0.23956424123164966,1.9161768896038034,False,0.7133664831005538,0.7346302562698068,-1.5006384601264888,0.01,0.01,False,False,False,True,True,True
12,22,0.4788538845255898,1.9529634449086133,False,0.5834485907810283,0.5090808377642314,-0.2801627395348716,0.01,0.01,False,False,False,True,True,True
4,56,0.46872515117687563,0.6974645884405914,True,0.16229063125003496,0.13718465214106337,0.7532203266064714,0.73,0.78,True,True,True,True,True,True
4,46,0.4354919588820706,0.7483700323599622,True,0.4134588711205974,0.39598090619316234,0.7669310304918381,0.18,0.49,True,True,True,True,True,True
8,59,0.29719645650392357,1.4601066245548584,False,0.5295746204996442,0.49436269069511585,-0.446786624472848,0.01,0.01,False,False,False,True,True,True
4,35,0.5538415056731864,1.6303662743846299,True,0.44581920210917514,0.3914951279654743,0.7032441434815797,0.26,0.48,True,True,True,True,True,True
5,54,0.4143635695489536,1.8689297614312312,False,0.29940520776622825,0.254310937177487,-0.8025587887795427,0.01,0.01,False,False,False,True,True,True
11,61,0.3516546114114314,1.5561767398182036,True,0.9027703966086211,0.8868624175944613,0.8716800977579494,0.77,0.77,True,True,True,True,True,True
10,61,0.5120831225366965,1.1368976058483102,True,0.854226213566955,0.8451332652067268,0.7447104522582433,0.92,0.95,True,True,True,True,True,True
8,67,0.15563053075146,0.6791937738963378,True,0.08304276252465204,0.06276737726588409,0.9753555842851579,0.19,0.51,True,True,True,True,True,True
6,18,0.11738330120381983,1.916102380268683,False,0.47873991992736,0.419442420263587,-0.45940531711318644,0.01,0.01,False,False,False,True,True,True
4,70,0.1975330272855067,0.6410250631472456,True,0.051028442085499504,0.040623918125144716,0.9577372358226598,0.26,0.5,True,True,True,True,True,True
6,35,0.3016763861859994,1.0005350521047132,True,0.33693414573984903,0.2765422694287915,0.8867024634771351,0.68,0.64,True,True,True,True,True,True
5,44,0.10735764840125428,1.279484172170944,False,0.15646467877538517,0.12220411930508528,-0.2647941206696107,0.01,0.01,False,False,False,True,True,True
9,27,0.22286519540798577,1.3906016735151514,False,0.8158599953846429,0.7618567940695435,-0.27082642990440786,0.01,0.01,False,False,False,True,True,True
7,44,0.5465898178726865,0.6757539695230084,False,0.30600988444885957,0.25489709742758554,0.3084020225592231,0.01,0.01,True,False,False,False,True,True
9,60,0.4085219756191101,1.014817416757808,False,0.5214432797121611,0.48397868924922416,-0.4176410813977971,0.01,0.01,False,False,False,True,True,True
10,30,0.244958673668062,0.30347580273942676,False,0.8959674158787284,0.881183248879249,0.06079610433372773,0.01,0.01,True,False,False,False,True,True
8,52,0.36770084597991276,0.5266193580389884,False,0.8097327802639784,0.7907066015406995,0.10007714225841913,0.01,0.01,True,False,False,False,True,True
5,50,0.1785718674831559,0.8971534466046502,False,0.45238201253293997,0.4051175011020468,0.09860974828638724,0.01,0.01,True,False,False,False,True,True
9,39,0.35384448672585617,1.3361235242927094,False,0.6954895877952684,0.6754420248331406,-0.3050408140697072,0.01,0.01,False,False,False,True,True,True
11,32,0.5563112256026277,0.9083593625558355,False,0.5752036130819128,0.5218894683633966,-0.30561712962886056,0.01,0.01,False,False,False,True,True,True
3,64,0.32607417931965166,1.68898288048309,True,0.8160827759715418,0.7815932487767165,0.8543015079978984,0.38,0.33,True,True,True,True,True,True
7,41,0.14656325834094208,1.4888024324538134,True,0.6993843023127599,0.6810350462428192,0.9732504307347455,0.84,0.85,True,True,True,True,True,True
5,12,0.355198147624268,1.8835034708615346,True,0.4534443085844543,0.29860214766580867,0.8275392351312617,1.0,0.94,True,True,True,True,True,True
7,58,0.413694037710426,1.659227977650339,False,0.4892063360755352,0.4381755723998085,-0.4271944610571192,0.01,0.01,False,False,False,True,True,True
12,72,0.15980095387404503,1.310412615183742,True,0.0410281953155468,0.03191260274555661,0.9740445851877468,0.62,0.52,True,True,True,True,True,True
11,33,0.08975974678021192,0.5405947079264743,True,0.5999002123689731,0.5362176087581307,0.9887438208931736,0.85,0.81,True,True,True,True,True,True
12,69,0.055033086762952085,1.9477040186589776,False,0.1370071909039965,0.10403590761579377,-0.378178756901963,0.01,0.01,False,False,False,True,True,True
6,25,0.49099049606590783,1.6535170243099675,False,0.3578323329696428,0.29548945922289616,0.08787128554300527,0.01,0.01,True,False,False,False,True,True
6,66,0.14638719564652794,1.8302184012041995,True,0.03007988945020368,0.025290622866938166,0.9765116476682497,0.72,0.35,True,True,True,True,True,True
4,10,0.23615474026273187,0.9336751069641029,True,0.9933156436391422,0.7507756660234741,0.9805859098226093,0.89,0.89,True,True,True,True,True,True
5,69,0.20604745351817005,1.0729581806747877,False,0.2583287391461705,0.21416789715370035,-1.7016963425858869,0.01,0.01,False,False,False,True,True,True
9,27,0.20067896473426788,0.7121199417932242,False,0.3237794550621319,0.24712453847808083,0.3334306857319248,0.01,0.01,True,False,False,False,True,True
5,25,0.46528971268882063,1.4176628518231926,True,0.07402548329813552,0.053554269388133555,0.7654046470828754,0.34,0.28,True,True,True,True,True,True
4,44,0.13890377275735272,1.8148460534309796,True,0.41147180526798965,0.38110185831688215,0.9725145113441582,0.21,0.25,True,True,True,True,True,True
10,26,0.5315367505448622,0.6289237965505308,True,0.9275752105118958,0.870573056961603,0.7156963419614106,0.98,0.98,True,True,True,True,True,True
8,12,0.3888434476100939,1.123708618087078,True,0.10780017265695097,0.06269647570342927,0.863926405845888,0.01,0.07,True,False,True,True,False,True
8,69,0.2721312609847373,1.7764551910519721,False,0.7485941099063473,0.7186353722303256,-0.3732589104143571,0.01,0.01,False,False,False,True,True,True
11,12,0.35465603535686696,1.192627865747986,True,0.962005806720036,0.7987775923151651,0.8512275131966638,0.06,0.08,True,True,True,True,True,True
11,69,0.4982694872445933,0.6921635929658032,True,0.2802894679681517,0.22911646849112785,0.7571882765429956,1.0,1.0,True,True,True,True,True,True
8,65,0.21472036074348716,1.5155257651110658,True,0.5552191356276667,0.5187844582266636,0.9374318874128487,0.33,0.39,True,True,True,True,True,True
5,26,0.5189480074833204,1.976534087500232,False,0.5819225545814979,0.5446723376157344,0.14621739241270537,0.01,0.01,True,False,False,False,True,True
8,48,0.28359179630533465,1.9667556441009357,False,0.49537453537950105,0.4577497380383856,-0.3852099905990223,0.01,0.01,False,False,False,True,True,True
6,46,0.17479286791388615,0.5959482029201288,True,0.3967505089974329,0.3325404265979691,0.9678389318812683,0.5,0.63,True,True,True,True,True,True
4,37,0.30680596816736944,1.6257397032454473,False,0.11334598418541753,0.09383516185847228,-2.1468903286552936,0.01,0.01,False,False,False,True,True,True
7,46,0.21070482226352988,1.0286938080160208,False,0.950068541099133,0.9432074674778692,-0.08683577025085354,0.01,0.01,False,False,False,True,True,True
10,14,0.19219365108988,1.405333434097578,True,0.8902350821872144,0.7231495910334196,0.955449330668325,0.18,0.39,True,True,True,True,True,True
12,56,0.18949739037711377,1.9301175262067911,True,0.020194731108319597,0.01579522866690219,0.9622168367433191,0.5,0.49,True,True,True,True,True,True
10,18,0.5560307118763785,0.9547179917265449,False,0.6870690448377793,0.5919901399094675,-0.1545452116106527,0.01,0.01,False,False,False,True,True,True
7,78,0.254724734887278,0.7399000245475412,False,0.9194545756087622,0.9166909900817379,-0.2632677153556995,0.01,0.01,False,False,False,True,True,True
12,32,0.15062770212490326,1.6334126402298026,True,0.06800203982464526,0.04875812654532288,0.9764667565050117,0.86,0.66,True,True,True,True,True,True
9,71,0.31495888244115156,1.7862102417703138,False,0.5329685883327233,0.4969174647337156,-0.37445498278509715,0.01,0.01,False,False,False,True,True,True
9,56,0.5772350712036315,1.9257226809579489,True,0.6479207358254119,0.6214066273939606,0.6740172557028421,0.8,0.89,True,True,True,True,True,True
12,24,0.40804572004703193,0.887331573849119,False,0.6594078642365059,0.6184458900786576,-0.1624480951584384,0.01,0.01,False,False,False,True,True,True
4,49,0.10861391153624096,1.302582592603565,True,0.8511763450605038,0.8410136872097153,0.9825466964591831,0.07,0.06,True,True,True,True,True,True
8,50,0.217161590124339,0.7238243905269979,False,0.9248585354962072,0.8994657809057547,-0.1848535243435918,0.01,0.01,False,False,False,True,True,True
3,59,0.055681890515031196,1.7525762446653785,True,0.9762049786828417,0.9771589248334492,0.9966871552036204,0.34,0.27,True,True,True,True,True,True
6,16,0.13157013413517038,1.265795951218032,True,0.10040272728858946,0.061801898878702355,0.9815031369015226,0.98,0.96,True,True,True,True,True,True
7,44,0.3892737926303594,1.7094042702711474,True,0.1423801283680437,0.1082026166013849,0.8633706836534133,0.88,0.8,True,True,True,True,True,True
7,57,0.1559692258008004,1.8667729777556406,False,0.30300687150672256,0.2517096413483967,-0.31170804364348714,0.01,0.01,False,False,False,True,True,True
6,22,0.1943582426741346,0.8649264766049054,False,0.43763000606932145,0.3441170727373057,-0.6547197148715196,0.01,0.01,False,False,False,True,True,True
3,50,0.4019800383502679,0.8385677530019076,True,0.5273824178876133,0.5147402859149746,0.7991659642366156,0.08,0.06,True,True,True,True,True,True
10,51,0.2923992667128158,0.6291227272612028,True,0.0774493078648203,0.05655776810595255,0.9203858628735635,0.48,0.89,True,True,True,True,True,True
6,76,0.060982816323909866,0.405302993573481,False,0.5361868577423055,0.5007131307382078,-0.2297869653365685,0.01,0.01,False,False,False,True,True,True
8,23,0.5442434644258729,1.2685047850522968,True,0.8125717117614245,0.7555853521657425,0.756664700094512,0.69,0.57,True,True,True,True,True,True
5,72,0.40701025486119474,0.7387991182389299,True,0.9510687522592622,0.9365217192385249,0.8441856303731978,0.17,0.13,True,True,True,True,True,True
6,38,0.1086266544273124,1.342144962680798,False,0.489842640860666,0.4174380072283879,-0.6084145838913717,0.01,0.01,False,False,False,True,True,True
6,12,0.11691344587348677,0.37950279740160797,True,0.14858115918696146,0.10243092889850397,0.9845889669808653,0.39,0.31,True,True,True,True,True,True
12,51,0.4500566780457415,1.8613310925163353,False,0.6258288861737951,0.591517606564628,-0.27328953860184946,0.01,0.01,False,False,False,True,True,True
4,13,0.40848332236956475,1.4040434342751367,False,0.8176292195995951,0.8540857886718275,-0.8102198779726562,0.01,0.01,False,False,False,True,True,True
3,35,0.4597342992974529,1.1698030784643805,True,0.4102426653409107,0.3957989950435348,0.78180777212535,0.55,0.67,True,True,True,True,True,True
9,63,0.5594552341900978,0.7575972324490651,True,0.023286926492570137,0.018985389215487883,0.7404187111890201,0.54,0.47,True,True,True,True,True,True
7,54,0.5921158297937081,1.3257379562565188,False,0.5469421580685607,0.522182030360743,-0.31084369482414953,0.01,0.01,False,False,False,True,True,True
6,11,0.2512688873739666,1.4757911546903564,False,0.397225229280866,0.28954474871040714,-0.24953880519216498,0.01,0.01,False,False,False,True,True,True
10,44,0.09002282890829721,1.52953275621216,True,0.5236893085062447,0.4656590204599111,0.9893173716903126,0.12,0.17,True,True,True,True,True,True
3,34,0.31225356795970016,0.5675681455408008,True,0.48913293027416527,0.48880534106701595,0.853117946480143,0.29,0.23,True,True,True,True,True,True
8,30,0.18446965006778182,1.9055445968063325,True,0.8707756866495115,0.8465154020510351,0.9596882449075068,0.73,0.75,True,True,True,True,True,True
7,11,0.12019833922175399,1.5219689322872234,False,0.23706401025325607,0.15233731163681793,-0.292050527093076,0.01,0.01,False,False,False,True,True,True
8,54,0.5092656144870368,1.3682370235819235,False,0.34156026138220397,0.2837792135986386,-0.5378153953870586,0.01,0.01,False,False,False,True,True,True
12,63,0.32393116216829504,0.6165418315276866,True,0.08436831143860801,0.060447798450712555,0.907150798953945,0.85,0.97,True,True,True,True,True,True
6,37,0.29478631152330187,1.15985484479607,True,0.42512932442002715,0.36492574505024333,0.9147965585487992,0.82,0.74,True,True,True,True,True,True
11,32,0.26606090769696183,0.4217410000893165,True,0.3752936794961018,0.30889782737158183,0.92106653132189,0.68,0.48,True,True,True,True,True,True
8,68,0.296684550325175,1.6486854183963071,True,0.5306061112141706,0.49370241277480226,0.8937744751552477,0.91,0.9,True,True,True,True,True,True
6,35,0.4173291858952749,0.6248950407867682,True,0.5971459626776595,0.5590758246885214,0.7775619591109497,0.92,0.9,True,True,True,True,True,True
4,72,0.5366289557675021,1.9253533650140835,False,0.8785823110405723,0.8546730792902953,-0.7303877932303497,0.01,0.01,False,False,False,True,True,True
7,45,0.4547644640729888,1.6460166475352807,False,0.37498466471190006,0.3176147005287585,-0.9800359446600475,0.01,0.01,False,False,False,True,True,True
11,34,0.3125871051046253,0.8750525119171078,False,0.7088216537106105,0.6817279096085983,-0.18576171222811455,0.01,0.01,False,False,False,True,True,True
10,17,0.452491099227118,0.36393981453029717,False,0.6616503515648452,0.6164856639763393,0.09861395102978121,0.01,0.01,True,False,False,False,True,True
10,53,0.18438866995483688,1.1298511633479358,True,0.3887415076914281,0.3273127687587699,0.9613149593344282,0.72,0.74,True,True,True,True,True,True
7,11,0.21327829652328834,1.0203250064175715,True,0.1376294815891227,0.06370639507435329,0.9427837757731231,0.01,0.12,True,False,True,True,False,True
11,22,0.35578493031233566,0.6054920238256286,False,0.8131798330000062,0.7824146658872246,-0.032426392468452914,0.01,0.01,False,False,False,True,True,True
6,52,0.45586570745228033,1.0590147613028746,False,0.7098344462295024,0.7073260625713171,-0.49310713294498987,0.01,0.01,False,False,False,True,True,True
12,59,0.27644959449093975,0.49211371780889746,False,0.9544042963984104,0.9295918422310965,0.1121975056698955,0.01,0.01,True,False,False,False,True,True
4,38,0.19663601732061758,1.1399818428812636,False,0.3528744547490976,0.29803039293506023,-1.6390734004323009,0.01,0.01,False,False,False,True,True,True
8,18,0.4496866517922091,0.3696890102332387,True,0.5947775208642014,0.5523138416414582,0.7889004910476156,0.83,0.68,True,True,True,True,True,True
5,43,0.1179908867673819,0.6874398302423695,False,0.8958361963007666,0.872405155945527,-0.5319753980123509,0.01,0.01,False,False,False,True,True,True
9,60,0.30503974210091794,1.350671942301327,False,0.48973983172442515,0.4454042952563129,-0.37923001065231543,0.01,0.01,False,False,False,True,True,True
7,29,0.5219928284344861,1.7323077360825547,False,0.3631038105938441,0.28351333845136295,-0.49641390658558415,0.01,0.01,False,False,False,True,True,True
3,10,0.0793962533333821,1.7925212534152537,False,0.20156635333754735,0.15079008071301556,-5.946967959343142,0.01,0.01,False,False,False,True,True,True
8,24,0.5665545296380368,0.9111123092395204,True,0.9711661589337143,0.885194245726117,0.7517134647332189,0.91,0.92,True,True,True,True,True,True
4,58,0.32349166026309023,1.7854762955565158,True,0.7234177740184066,0.6936462130742657,0.872429907746832,0.13,0.13,True,True,True,True,True,True
3,53,0.37515531464667745,1.6278925008349878,False,0.08568593980540529,0.0725012971775491,-0.021091081302315295,0.01,0.01,False,False,False,True,True,True
8,24,0.4184369597364543,0.3849168776400566,True,0.3856919546167168,0.30987102581024295,0.8289742133506176,0.16,0.1,True,True,True,True,True,True
3,32,0.4459586408067076,0.4838987679316617,False,0.5528098354991401,0.5757462419267946,-0.40735659869406415,0.01,0.01,False,False,False,True,True,True
9,78,0.5627079625371695,1.2616742273537263,True,0.46093805610191496,0.41115061356778565,0.6984864843342082,0.01,0.01,True,False,False,True,False,False
12,23,0.5631824537097091,1.7782316456614784,True,0.7638221093104652,0.7057366091413083,0.627545756702546,0.1,0.08,True,True,True,True,True,True
5,67,0.42434387390355977,1.3526462932132668,True,0.31734276396607863,0.2775162142328659,0.8131994783601046,0.42,0.44,True,True,True,True,True,True
8,17,0.1536983424743263,1.820080603497616,False,0.8601863676156958,0.7970548962446656,-0.2982415277333421,0.01,0.01,False,False,False,True,True,True
8,61,0.4920825535364673,0.4784917645912098,True,0.5385984027764938,0.5042596113932484,0.7740758705041535,0.65,0.63,True,True,True,True,True,True
5,66,0.29790500809526843,1.6588056840772754,False,0.9806739450064412,0.9557037907477681,-0.46463056997030505,0.01,0.01,False,False,False,True,True,True
5,59,0.30009358941193076,0.9154842450771985,False,0.689540408737388,0.6831595282092889,-0.7150258310725632,0.01,0.01,False,False,False,True,True,True
10,79,0.3135994399760315,1.7481646652713985,False,0.37641778367650003,0.3168772698441255,-0.3613410397562964,0.01,0.01,False,False,False,True,True,True
4,34,0.15071696564599052,0.6619038759895217,True,0.3551866043293259,0.28044896774814515,0.9649454567425234,0.64,0.52,True,True,True,True,True,True
8,37,0.4146573170742335,0.37393313716130205,False,0.9080777587970007,0.8678722251195191,0.0898007998464172,0.01,0.01,True,False,False,False,True,True
11,29,0.4166149468516669,1.9989724638728894,True,0.9837519478958352,0.9028800628606524,0.8404742904239073,0.8,0.87,True,True,True,True,True,True
8,73,0.4832307405738228,0.8346023837707315,True,0.7235556474901241,0.7130211017936962,0.7530520048519898,0.56,0.49,True,True,True,True,True,True
9,70,0.4138095794365599,1.0912089804449114,True,0.24987235426168353,0.20016747164094972,0.8375270028701193,0.42,0.79,True,True,True,True,True,True
8,48,0.056494172435505405,0.7188564517162612,False,0.8634934658120766,0.8432777425433533,-0.2137693727789669,0.01,0.01,False,False,False,True,True,True
5,76,0.08258986948819179,1.5447494073016526,True,0.023589449971538223,0.012785662109160396,0.9930787854411621,1.0,0.99,True,True,True,True,True,True
11,43,0.06922687865331646,0.8487429238429185,True,0.7709013056606091,0.7578594881374573,0.9944148174034072,0.48,0.47,True,True,True,True,True,True
6,48,0.2914965459680419,1.137813067431294,True,0.8822172742583106,0.8547221729774797,0.9242310539129192,0.24,0.24,True,True,True,True,True,True
7,75,0.37792244437826505,0.85895957365886,True,0.6685598419651895,0.6439717840800456,0.8284664328517595,0.63,0.71,True,True,True,True,True,True
8,31,0.4137202876777313,0.3315401546629714,False,0.12994241313914456,0.09509385126265728,-0.3408119501397926,0.01,0.01,False,False,False,True,True,True
4,22,0.4169452375178431,0.44801572200536277,True,0.2435641440359384,0.1815889475861664,0.7408341224955166,0.4,0.47,True,True,True,True,True,True
4,38,0.5060794211250593,1.499348050717777,True,0.34578265970492994,0.3062961550051042,0.7202380220951599,0.09,0.13,True,True,True,True,True,True
9,58,0.47457084153068513,0.5606859185830129,False,0.8102655390605495,0.793420586596337,-0.1251594325690346,0.01,0.01,False,False,False,True,True,True
12,70,0.09981704887292048,1.6041379103461773,False,0.09868455097655604,0.07214030516838467,-0.2599444663786106,0.01,0.01,False,False,False,True,True,True
8,62,0.3348926896127685,1.8536431946951273,False,0.08969752713978574,0.0654647049188327,-0.38942574893496196,0.01,0.01,False,False,False,True,True,True
8,31,0.5330351418101943,1.3822958749565573,False,0.8159637557071937,0.7918866951335,-0.32434162845018877,0.01,0.01,False,False,False,True,True,True
7,32,0.17595108531563003,0.9371529695500576,True,0.6933637314862576,0.6689101696255595,0.9540387045068854,0.85,0.83,True,True,True,True,True,True
11,44,0.44548576684126673,0.9601827065351181,True,0.8786743906758067,0.8576777649055838,0.8161945434045771,0.21,0.32,True,True,True,True,True,True
6,69,0.24260714997683447,0.3875337321841322,True,0.49722960985889864,0.46853335438776184,0.9365609075644761,0.73,0.69,True,True,True,True,True,True
8,28,0.17961728269077498,1.5658029678087366,True,0.8879133661694137,0.8290186535717624,0.9584896560352022,0.31,0.39,True,True,True,True,True,True
6,69,0.17696339523069676,1.9452193898580505,True,0.937315324313765,0.9113853654172998,0.9686195367525001,0.3,0.33,True,True,True,True,True,True
11,70,0.4576997682577704,1.8382346772543685,False,0.8745937433287834,0.8686748825131512,-0.17979710849360764,0.01,0.01,False,False,False,True,True,True
12,72,0.3255252786445214,0.8364727019882416,False,0.6142587512857498,0.5896987323094884,-0.08640998454804061,0.01,0.01,False,False,False,True,True,True
3,14,0.3113508518414599,0.8533417018980272,True,0.6313711401834124,0.6495572002528881,0.9112019336512156,0.38,0.34,True,True,True,True,True,True
11,51,0.0693016697493551,0.3590704326535017,True,0.9866357120086662,0.9610316826711621,0.9949089717069121,0.24,0.23,True,True,True,True,True,True
7,68,0.23499784752692993,0.5822750804223411,False,0.6305227748252485,0.5986339726088423,-0.18191801750388947,0.01,0.01,False,False,False,True,True,True
8,50,0.4730576726847352,1.4507660127875261,True,0.9959548442532046,0.9568677398668699,0.8223311416673694,0.27,0.24,True,True,True,True,True,True
10,23,0.5017791520323385,1.191252000128866,True,0.6623292314166779,0.6137257925000406,0.7640833581087968,0.04,0.13,True,False,True,True,False,True
7,69,0.2892264440353304,1.0048887163714826,False,0.7943312964939032,0.7746771022300536,-0.12639101010184906,0.01,0.01,False,False,False,True,True,True
3,37,0.1480229868083394,1.7442094000365103,True,0.5880222235683006,0.5532602254930342,0.9705030753574789,0.26,0.21,True,True,True,True,True,True
10,63,0.17071716205843512,1.5295675221474878,True,0.2679634141359666,0.21734436989427855,0.9675223442071678,0.75,0.69,True,True,True,True,True,True
9,48,0.4125848603521072,1.8093313867116798,False,0.08636231226644597,0.06301709303335859,-0.3988933880987231,0.01,0.01,False,False,False,True,True,True
3,33,0.28767761505834455,1.525797136902842,False,0.07069704646751507,0.05249988766896659,-5.044104973914074,0.01,0.01,False,False,False,True,True,True
10,14,0.27272392407705803,1.4297813649836892,True,0.21005261787407348,0.14972361309301274,0.9219318599949606,0.62,0.55,True,True,True,True,True,True
5,16,0.45066338042921145,0.500808336311672,False,0.4398155155236657,0.31797677867416396,-0.44430165653884357,0.01,0.01,False,False,False,True,True,True
5,73,0.25727021310706183,0.308273318059484,False,0.5786846327158981,0.5607950405290352,0.5797067729146802,0.01,0.01,True,False,False,False,True,True
10,47,0.4186600986694266,0.9468771010208348,False,0.4478301742315045,0.3830354709412441,-0.23255967433597435,0.01,0.01,False,False,False,True,True,True
12,23,0.5127663581115267,0.7297008504242479,False,0.6516300132671158,0.616332897797958,-0.15922674996304043,0.01,0.01,False,False,False,True,True,True
7,16,0.43820153734516937,1.2835732186844464,False,0.3803487027785383,0.28973820455014176,-0.6293512409347297,0.01,0.01,False,False,False,True,True,True
12,70,0.06689800958337894,1.7558597136199512,True,0.7653278090015717,0.7460333061849296,0.9937590410933878,0.11,0.17,True,True,True,True,True,True
11,13,0.3899665907908044,0.7083103420684791,False,0.18442304556275535,0.12449005882879438,-0.21913198573282378,0.01,0.01,False,False,False,True,True,True
4,16,0.5952368491583014,0.43679757002278996,False,0.09028716956372251,0.06011252608915735,0.5305792346538554,0.01,0.01,True,False,False,False,True,True
8,34,0.5714462635759351,0.5139141332517244,False,0.7261492195934564,0.7015210477697549,0.14550020854069057,0.01,0.01,True,False,False,False,True,True
12,28,0.3491172035868345,0.512414810765613,True,0.0003238805606157191,0.0,0.8842061751117141,0.91,1.0,True,True,True,True,True,True
5,67,0.4968762107234603,0.8061195189331647,False,0.9410456514814188,0.9446108363288198,-0.41582343546959244,0.01,0.01,False,False,False,True,True,True
5,33,0.12396743056694394,0.40561267167410836,True,0.717379348721649,0.7074530252605846,0.9798827995863242,0.05,0.1,True,False,True,True,False,True
3,23,0.48600391149995653,0.8883393393705439,True,0.47611954488580943,0.48820196705265523,0.7124401328601292,0.16,0.18,True,True,True,True,True,True
10,26,0.2524981744834478,1.3261230216309734,False,0.2305740004135225,0.17001133445247454,0.09253025082951016,0.01,0.01,True,False,False,False,True,True
11,50,0.15032120294002782,1.7628254775954948,False,0.002206974075825152,0.00032859240381158253,-0.22404971871701806,0.01,0.01,False,False,False,True,True,True
12,56,0.4349130539451933,0.5967312962800706,False,0.37818713800585857,0.3213694435000868,-0.35269745715757295,0.01,0.01,False,False,False,True,True,True
12,29,0.26793426003973614,1.61400337616871,False,0.3064225319148107,0.23910912755407873,-0.3560994596937761,0.01,0.01,False,False,False,True,True,True
11,67,0.3460531771968673,0.3120443092290063,False,0.8296962173103548,0.8221296435597061,0.4636323726996978,0.01,0.01,True,False,False,False,True,True
11,50,0.16420823973578696,1.809680239069385,False,0.76598599925958,0.7584164975570686,-0.17608393250026633,0.01,0.01,False,False,False,True,True,True
7,69,0.06148756811650276,1.4064856409377273,False,0.476463512565094,0.4420954855800007,-0.2622203081608041,0.01,0.01,False,False,False,True,True,True
5,39,0.5250320733702787,1.9034346148425438,False,0.3892387789334787,0.35210511837428704,-1.0347634345957757,0.01,0.01,False,False,False,True,True,True
4,45,0.5710908056668026,0.7144973470573257,True,0.4005974926522389,0.3637782528970724,0.7412496385247637,0.01,0.09,True,False,True,True,False,True
4,70,0.5754744383313967,0.8771941101945171,False,0.7651301153362806,0.7203814004635093,-0.6952197352442009,0.01,0.01,False,False,False,True,True,True
4,41,0.4888545454798349,1.825788610641317,False,0.20124979724987346,0.1624566215204353,-1.0901909044495812,0.01,0.01,False,False,False,True,True,True
10,35,0.07873273214554648,1.935549970809919,True,0.7768519698539205,0.7428417864433041,0.9904090190440991,0.27,0.26,True,True,True,True,True,True
9,20,0.283108830981337,1.1248010009925133,False,0.3858750092110226,0.29172652485669154,-0.5065129851720671,0.01,0.01,False,False,False,True,True,True
11,33,0.16715985973600755,0.3862646403486806,False,0.783402151734177,0.7473777633059647,0.2557206489377789,0.01,0.01,True,False,False,False,True,True
11,60,0.33762806847402616,1.1255305348728482,False,0.34101223221089305,0.28625093089938497,-0.265832911543624,0.01,0.01,False,False,False,True,True,True
9,10,0.5735335926146442,0.5535702922500215,False,0.3125908617224863,0.22254497157041117,0.06322950080464806,0.01,0.01,True,False,False,False,True,True
4,56,0.10902290675912849,0.7991583971037374,False,0.8145453682145263,0.7809074534820417,-0.15106786405883743,0.01,0.01,False,False,False,True,True,True
5,30,0.5814232064615571,1.7330754195855913,True,0.49629856913297876,0.455133422863331,0.7499771583265129,0.34,0.51,True,True,True,True,True,True
4,24,0.5436923015777942,1.0723747454345067,True,0.9775889787564809,0.8368501182213456,0.649083054930091,0.07,0.05,True,True,False,True,True,False
3,28,0.31641108974839405,1.9071853210055443,True,0.6501389916291525,0.6230753879588936,0.8820489491770382,0.63,0.63,True,True,True,True,True,True
7,35,0.5410617733149202,1.2400297884506302,True,0.7034348405028026,0.6780837208537834,0.6985011115667634,0.17,0.17,True,True,True,True,True,True
5,52,0.14412622421132743,0.7585179051550844,True,0.6799811859200344,0.6666647802958817,0.9715796155676931,0.07,0.12,True,True,True,True,True,True
8,37,0.33667235493992315,0.6887643627788476,True,0.9888174233565932,0.9289425028274918,0.8939368680227414,0.14,0.19,True,True,True,True,True,True
8,14,0.593149378479199,1.2827791770614667,False,0.46551365492354124,0.38995499412991663,-0.5086098743159111,0.01,0.01,False,False,False,True,True,True
10,70,0.5143163552980218,1.3990310449805015,True,0.7413968788093132,0.7174103364348494,0.7281545240543041,0.43,0.43,True,True,True,True,True,True
7,25,0.5376081067989332,1.4199403710010396,True,0.038835931814172775,0.027465024160304316,0.7335063642466573,0.29,0.28,True,True,True,True,True,True
5,62,0.5335676268291268,0.7345837375530299,True,0.2985315615228271,0.25220568612753136,0.684044671526944,0.85,0.76,True,True,True,True,True,True
11,27,0.4056676626487334,0.8473719884426398,False,0.7392449596670729,0.7105579227514726,-0.06698482646703252,0.01,0.01,False,False,False,True,True,True
9,79,0.15521650385316532,0.8763962791290207,False,0.5634080471819225,0.5311844073742927,-0.39668339154977694,0.01,0.01,False,False,False,True,True,True
5,60,0.17600261099342174,1.0907322654409697,True,0.3215632515254201,0.2736971348738471,0.9608051779395189,0.48,0.85,True,True,True,True,True,True
10,28,0.4325462428378699,0.6847491576713183,False,0.6319418188568517,0.6073080575393494,-0.23181157582209866,0.01,0.01,False,False,False,True,True,True
7,14,0.19518664690322518,1.380742817221239,True,0.70253110171266,0.6369461695525376,0.9327751002931918,0.01,0.07,True,False,True,True,False,True
11,46,0.5815852118314313,0.6162968339214248,True,0.1296865520780045,0.09650243335638399,0.7222084776046575,0.08,0.06,True,True,True,True,True,True
3,50,0.11553119584396346,0.3555222513947523,True,0.8166623414083731,0.8247781123675627,0.983313248774678,0.24,0.37,True,True,True,True,True,True
3,28,0.19865810986152904,1.7974337860554215,False,0.7402449582181476,0.8077125089017351,-1.113639629351158,0.01,0.01,False,False,False,True,True,True
5,37,0.17757166705056499,1.3518471936306033,True,0.9729775457179303,0.9554165887286097,0.9703381005372362,0.21,0.31,True,True,True,True,True,True
12,23,0.3787751057856877,0.8602648713183194,True,0.5089274660807522,0.42009899767634445,0.830041361565561,0.99,0.99,True,True,True,True,True,True
8,12,0.13498020168433475,1.557829791839097,False,0.5063603842720182,0.4048909109442806,-0.651590256753646,0.01,0.01,False,False,False,True,True,True
5,36,0.21036501770906224,0.7813669620107161,False,0.20591907469362358,0.15858659793763002,-0.9707841952051668,0.01,0.01,False,False,False,True,True,True
5,32,0.13832537431341074,0.543330113566134,False,0.4065501394128439,0.36847628092640994,-1.1374326957031329,0.01,0.01,False,False,False,True,True,True
9,51,0.3933892175927062,0.5227926025466125,False,0.8698073812814657,0.8686256232621739,0.1545334980350952,0.01,0.01,True,False,False,False,True,True
12,64,0.3088920005319718,0.31136094379252555,False,0.8667030693364742,0.8620534567149758,0.20326471721101247,0.01,0.01,True,False,False,False,True,True
5,54,0.36337909273174995,0.9473500796882459,True,0.9515942075813769,0.9465519583744548,0.8466703642246272,0.92,0.92,True,True,True,True,True,True
4,61,0.472508510599542,1.9101600187683176,False,0.7644510094597174,0.7561038606092193,-0.697208306811802,0.01,0.01,False,False,False,True,True,True
4,31,0.45508529008990517,0.47033626632648207,True,0.8798560384680848,0.8615259142580763,0.8091111140478675,0.6,0.6,True,True,True,True,True,True
12,21,0.1739102830627559,1.2576231503913227,False,0.9995154363005576,0.9137422531939822,-0.21668045121435542,0.01,0.01,False,False,False,True,True,True
3,22,0.09731380646648896,1.5911771517980535,True,0.3817357277436816,0.31626484434908836,0.9904826412747433,0.33,0.54,True,True,True,True,True,True
7,17,0.4957471004646466,0.8061884012992868,True,0.19529560323598316,0.14451942518994548,0.7910942755956462,0.18,0.19,True,True,True,True,True,True
7,65,0.24786489017320834,0.7008649080136815,False,0.2925515207361534,0.24310740896015698,0.01185264286098775,0.01,0.01,True,False,False,False,True,True
11,59,0.17814552983969045,1.7980417156095934,True,0.21143762001738475,0.16713875539217068,0.9630220332962961,0.28,0.2,True,True,True,True,True,True
8,53,0.4919326929574775,0.40119813481990346,False,0.5818456259324608,0.5494783808547087,-0.28077902264265675,0.01,0.01,False,False,False,True,True,True
6,61,0.5040337853119942,1.4356457547302375,True,0.2809864470398664,0.23947093347829004,0.7806240158556746,0.84,0.72,True,True,True,True,True,True
11,46,0.4023776327834085,0.5885688630933419,False,0.02308218123660466,0.016462825110752324,0.010069933968638978,0.01,0.01,True,False,False,False,True,True
8,28,0.32670939334957266,0.35039486623894384,False,0.37547220193192643,0.29882739468454556,0.5824351469071776,0.01,0.01,True,False,False,False,True,True
11,39,0.26611548372320476,0.3991000213165419,False,0.20580031703479973,0.1560759762453713,-0.17678766763819032,0.01,0.01,False,False,False,True,True,True
9,68,0.18094929823786726,1.6654075617902664,True,0.339311867622927,0.28737701891622014,0.9554972055140963,0.13,0.22,True,True,True,True,True,True
3,46,0.3876215310813179,0.6879561731458972,False,0.670874272258189,0.6900184484243367,-1.359184450449615,0.01,0.01,False,False,False,True,True,True
4,40,0.39892742814834303,1.381054643319471,True,0.2552862098198697,0.20475408961581687,0.826339957852687,0.76,0.62,True,True,True,True,True,True
9,32,0.4891654615600945,1.265230244879831,True,0.7749870104497079,0.7541580229973021,0.7430797380335132,0.02,0.05,True,False,False,True,False,False
10,60,0.23252003524076992,0.3473824753888866,True,0.457983570964138,0.3990732375090157,0.940434948228014,0.95,0.91,True,True,True,True,True,True
11,10,0.5885362868410309,1.7403249912525596,True,0.3017338522899372,0.19761544953130247,0.7022551252664032,0.26,0.35,True,True,True,True,True,True
8,45,0.40142102050590317,0.35219334616925113,True,0.7307381087709196,0.7105237200392269,0.8043566242045902,0.85,0.87,True,True,True,True,True,True
8,26,0.23272949909801188,1.9297876795960587,False,0.14515571197578714,0.10532357265483702,-0.07475233938686077,0.01,0.01,False,False,False,True,True,True
3,64,0.4912599890050647,0.5973165260413594,False,0.3127310664839157,0.29135604780495966,-2.6012461766367547,0.01,0.01,False,False,False,True,True,True
9,44,0.4807376452984166,1.2399795735092105,False,0.6528229978746091,0.6203403311103087,-0.30564812144131714,0.01,0.01,False,False,False,True,True,True
7,24,0.19338649695703858,1.2746953013140654,False,0.5863958070721227,0.5509643940210764,-0.17154361568229426,0.01,0.01,False,False,False,True,True,True
11,74,0.1358860292612093,0.9259724732416637,False,0.06959289416532821,0.05122824753444455,-0.3273391659224081,0.01,0.01,False,False,False,True,True,True
12,50,0.19796599920947938,0.8218348010848824,True,0.5269989674803187,0.4788236618342583,0.9525033655707955,0.05,0.07,True,False,True,True,False,True
10,17,0.5881487806324402,1.1243094362645558,False,0.9136066077195056,0.8761777008150358,-0.20841540557610672,0.01,0.01,False,False,False,True,True,True
11,38,0.25938744461395397,0.7677848819096154,True,0.7406633485442141,0.722777072411845,0.9199342116530355,0.78,0.72,True,True,True,True,True,True
4,12,0.06851425175011655,0.6734558442930494,False,0.5909252089216944,0.45433885134944646,-1.382227338745162,0.01,0.01,False,False,False,True,True,True
8,50,0.5699027742423781,1.6780639639620867,True,0.3905042250371018,0.3329952521528005,0.6978942920198006,0.13,0.2,True,True,True,True,True,True
4,59,0.08567195555152826,0.5985136189801984,False,0.5239988091584553,0.5220123793190236,0.027428338694926113,0.01,0.01,True,False,False,False,True,True
4,65,0.5426451263907855,1.6005356978377228,True,0.3518692030347088,0.3177758501324605,0.729216323868884,0.06,0.15,True,True,True,True,True,True
5,17,0.06792993095941667,1.5975917402257562,False,0.8850883810380071,0.8281687423607703,-0.5577263016768792,0.01,0.01,False,False,False,True,True,True
11,12,0.15280097801447573,0.9226921910145796,False,0.3824318841557721,0.2900844858798716,-0.33558889369649414,0.01,0.01,False,False,False,True,True,True
5,13,0.23743951075108688,1.7684268255700466,False,0.6333624582726864,0.5567861466435376,-0.8190899283990203,0.01,0.01,False,False,False,True,True,True
10,68,0.34646891266177127,1.8693531074640313,True,0.9509652555414404,0.9370787199894225,0.8667603174137399,0.41,0.45,True,True,True,True,True,True
6,22,0.35868064787114795,0.7951168066191439,True,0.6217738670055819,0.5946276778052583,0.8555327937400925,0.62,0.46,True,True,True,True,True,True
3,67,0.18015183602883655,1.1219602855222164,False,0.614553999994871,0.5928020034210194,-1.4383279931070536,0.01,0.01,False,False,False,True,True,True
6,24,0.09892834343487744,0.8933198649060143,True,0.39666820977331996,0.33047639025974873,0.9923194649506264,0.2,0.38,True,True,True,True,True,True
8,33,0.09886659169927683,1.0027321069011443,True,0.4370684648796058,0.3754239738135953,0.9875757423264617,0.78,0.76,True,True,True,True,True,True
5,30,0.5689382505513201,0.9187096432748052,False,0.910486117314142,0.9316603581921432,-0.3276447778122802,0.01,0.01,False,False,False,True,True,True
3,72,0.05664449595451952,1.9845434386590075,False,0.666083513770765,0.6856300309706299,0.3831727643924777,0.01,0.01,True,False,False,False,True,True
6,39,0.33299565817166127,1.3842649690422142,True,0.30715258885921604,0.25200357623838593,0.8827681710348118,0.9,0.88,True,True,True,True,True,True
4,77,0.1565291368794549,1.676534648525701,False,0.7945124724832914,0.7850175897192132,-1.0203498765430696,0.01,0.01,False,False,False,True,True,True
7,31,0.1902521148078657,0.3100579386685099,True,0.8154198282685527,0.8154278570308743,0.9482919318622895,0.57,0.57,True,True,True,True,True,True
12,63,0.22459088317949766,0.7728163114669453,True,0.4116917094218988,0.3458592734131929,0.9399605516425523,0.97,0.86,True,True,True,True,True,True
10,29,0.17528850099753152,1.358344448548825,True,0.9511931882262493,0.9336823113451344,0.9641263860347804,0.57,0.59,True,True,True,True,True,True
4,55,0.2126710345507632,0.6375818892028928,False,0.7149155048291216,0.6932406984700679,-0.2946540450073878,0.01,0.01,False,False,False,True,True,True
10,18,0.2907984998832641,1.7627770358620807,False,0.2165424203527505,0.15651471516211032,-0.288306570560964,0.01,0.01,False,False,False,True,True,True
10,32,0.24921473458839793,0.4954891878876209,False,0.3614349518196007,0.2880579132782053,-0.47013437197115193,0.01,0.01,False,False,False,True,True,True
6,65,0.22764094982409172,1.0665691061427718,False,0.7559710919860662,0.7459752376410539,-0.3994526807712284,0.01,0.01,False,False,False,True,True,True
9,59,0.575437333638013,0.9540567698081901,True,0.3835252937511603,0.3250323375914266,0.691880345042482,0.59,0.74,True,True,True,True,True,True
11,30,0.49057548577846666,0.8392683606723226,True,0.6567222356337149,0.6148295115261626,0.7177262582899772,0.07,0.11,True,True,True,True,True,True
9,78,0.24152740630709113,1.0472666665172485,True,0.10789023296422273,0.08037552924495434,0.9417173315082241,0.08,0.29,True,True,True,True,True,True
11,63,0.17329645595946058,1.431836833350546,True,0.014628786517450587,0.012138970763446786,0.9700074195941267,0.63,0.86,True,True,True,True,True,True
3,67,0.5035129481239873,0.742246092716452,False,0.4591766188427643,0.46930999458323736,-0.26248817713256223,0.01,0.01,False,False,False,True,True,True
11,72,0.48401617153751186,0.5593807551665879,True,0.898265051827418,0.8827273063540354,0.7775210194472695,0.64,0.78,True,True,True,True,True,True
4,22,0.4570383052213268,0.7070892531957061,True,0.4336901335827136,0.40686699600455256,0.7689586147437169,0.08,0.15,True,True,True,True,True,True
4,32,0.17295123082266045,0.7740632139793735,False,0.29516944990763205,0.23118635213515315,-2.129515609454338,0.01,0.01,False,False,False,True,True,True
12,28,0.30071098746802233,0.8319808318961099,True,0.06455060283834335,0.045241964511203,0.8981346427240342,0.99,0.88,True,True,True,True,True,True
3,37,0.320333321584229,1.5652154415702102,False,0.2139178102185365,0.18109631207320276,-3.3913585281241714,0.01,0.01,False,False,False,True,True,True
10,64,0.5758509201166996,0.6127217997017402,True,0.8519084184490947,0.8390737241061954,0.6741841895535075,0.64,0.6,True,True,True,True,True,True
4,45,0.08595417218139215,1.3370418069719348,True,0.19409117482669425,0.1592125205350274,0.9881896510805214,0.23,0.49,True,True,True,True,True,True
6,79,0.2154083429055671,0.9234224693895732,True,0.07585093895819539,0.06233258920020646,0.9499465419101523,0.09,0.08,True,True,True,True,True,True
9,20,0.11557511744457999,0.6632261959238874,True,0.15099241160226406,0.1059084521477431,0.9872494166546831,0.25,0.26,True,True,True,True,True,True
11,34,0.5151487514138712,1.8573703844312162,True,0.7380075335912926,0.7229639963767616,0.7461337135062616,0.5,0.63,True,True,True,True,True,True
11,78,0.5004454323846724,1.4638400528172415,True,0.6909250345684248,0.677772139997054,0.7465263475947719,0.92,0.85,True,True,True,True,True,True
7,61,0.5440792591134473,1.9106500919118283,False,0.813803927194772,0.7928439109329084,-0.35442854353402,0.01,0.01,False,False,False,True,True,True
4,36,0.5444753970495719,0.9311533065899986,False,0.49556227524368757,0.5004663673740215,-0.3150336263305684,0.01,0.01,False,False,False,True,True,True
11,67,0.3462452653191313,1.5903718771264717,False,0.49896245307111375,0.4522036520579451,-0.345501512840114,0.01,0.01,False,False,False,True,True,True
11,68,0.49531162177067933,1.483020450703817,True,0.1916726319910801,0.14989744670845184,0.7892632964093736,0.62,0.42,True,True,True,True,True,True
12,27,0.1987324668597511,0.9560687966406898,False,0.12029405668381155,0.08597882677119595,-0.4082680019290643,0.01,0.01,False,False,False,True,True,True
4,69,0.5054258543199922,0.9605923060165145,False,0.8111160776912092,0.7964598613656246,-0.8373571507367412,0.01,0.01,False,False,False,True,True,True
3,24,0.2905529278595073,1.0711561055487635,True,0.8401013624100079,0.8422993761657547,0.876916126038622,0.12,0.09,True,True,True,True,True,True
3,49,0.25664789329453375,0.3898066437720902,False,0.10495168405628696,0.08999096203202739,-1.8221901055929277,0.01,0.01,False,False,False,True,True,True
6,21,0.2696526128970342,0.4401933022437632,True,0.20053962374063772,0.15059695002088874,0.9207940734644349,0.48,0.79,True,True,True,True,True,True
9,61,0.5409967484830249,0.4132636601932174,True,0.8901742686227933,0.8731493136978448,0.7193126342696312,0.1,0.11,True,True,True,True,True,True
5,44,0.1592795634335509,1.546459927148603,True,0.7165053682167526,0.6770523429630687,0.9622063046988811,0.06,0.13,True,True,True,True,True,True
6,39,0.5759509464817056,1.842056191308404,False,0.9872853035330905,0.950963130187742,-0.3748471423787241,0.01,0.01,False,False,False,True,True,True
11,75,0.1215621921963598,1.7720710087706992,False,0.19676262647224452,0.15429105156778078,-0.3777570670849366,0.01,0.01,False,False,False,True,True,True
11,46,0.294301544270227,1.6190154703513728,True,0.26602021037137713,0.2063072905763005,0.896279235667193,0.12,0.24,True,True,True,True,True,True
5,64,0.36525227972169194,0.5333968827835112,False,0.9298856840239755,0.9179492318721264,0.4733260695835083,0.01,0.01,True,False,False,False,True,True
9,79,0.18284913318127183,1.3472657826204237,True,0.9618747152567423,0.9521525251543509,0.964217923022992,0.22,0.19,True,True,True,True,True,True
9,55,0.32324106220826254,0.422266591403864,False,0.0673060810177113,0.05018185833714661,-0.32045181350603835,0.01,0.01,False,False,False,True,True,True
6,62,0.361307114732737,1.1347400645875403,False,0.4086016446414712,0.3496468693898264,-0.2573479608973128,0.01,0.01,False,False,False,True,True,True
6,53,0.2942556263271437,0.6709070789768152,False,0.6437313251973253,0.604458793012224,-0.5979746712766125,0.01,0.01,False,False,False,True,True,True
9,52,0.5590317138299025,0.366827461405077,True,0.08056069468587157,0.058476034209596114,0.7160183549749422,0.15,0.14,True,True,True,True,True,True
11,12,0.3251658414140358,1.0425821385172866,False,0.8939128361312944,0.7798065488670188,-0.014663270613195278,0.01,0.01,False,False,False,True,True,True
10,31,0.24893100813766916,1.6242032009890888,True,0.5239716374764362,0.4583833397806712,0.9094555519700133,0.49,0.45,True,True,True,True,True,True
12,61,0.2059093004249643,0.7872145529932657,False,0.2753372172080438,0.2245693507962573,-0.40179646922794143,0.01,0.01,False,False,False,True,True,True
4,10,0.5499879820032908,1.775807161133329,True,0.9646047470564888,0.8371015490936683,0.7333556471138343,0.63,0.59,True,True,True,True,True,True
9,40,0.15202687198759146,1.4408087873323208,False,0.5279377750516698,0.46279433318610746,-0.3534957114547861,0.01,0.01,False,False,False,True,True,True
6,14,0.5753695022889057,1.9551273773202953,True,0.737803645378684,0.7034740664125149,0.6834070896674218,0.85,0.83,True,True,True,True,True,True
10,13,0.5946288558154844,1.7602075997950875,True,0.10271117757913428,0.059361435529637525,0.7213227940092644,0.61,0.55,True,True,True,True,True,True
5,25,0.5707314204663987,1.2421461000199736,True,0.6415736809989248,0.6241976138802228,0.6688973597213304,0.56,0.6,True,True,True,True,True,True
8,45,0.30228642905978276,1.6060943527756275,False,0.28329012611905857,0.22676974050684343,-0.500602396658995,0.01,0.01,False,False,False,True,True,True
10,28,0.24917904083255799,1.121712544346537,True,0.7227795359531506,0.6771238709022219,0.9294002710853638,0.94,0.88,True,True,True,True,True,True
4,14,0.45281679232716,1.831161976816241,True,0.07922035020427165,0.06218914931533268,0.7384374945115899,0.01,0.18,True,False,True,True,False,True
3,40,0.48353714116599866,1.6938774868172661,False,0.1663264519090908,0.1283230164229566,0.5878568203532133,0.01,0.01,True,False,False,False,True,True
5,32,0.060847473485533245,0.9095077882264142,False,0.7873467959357372,0.7690027082608986,-0.1023879910715575,0.01,0.01,False,False,False,True,True,True
9,44,0.4602960921317858,0.33199980443369204,False,0.09984496958972244,0.07431398161370348,0.510620995902489,0.01,0.01,True,False,False,False,True,True
11,41,0.4437241942305331,0.45255531981580743,True,0.8954879173479542,0.871512660590206,0.8132747887438148,0.72,0.75,True,True,True,True,True,True
9,33,0.31953355713466675,0.9535531656251044,True,0.03095239081731882,0.021975635181901966,0.8942815767998568,0.78,0.67,True,True,True,True,True,True
11,43,0.16003823089226768,1.986331697594679,True,0.14721327909195014,0.1093775327502307,0.971678031147257,0.59,0.57,True,True,True,True,True,True
7,67,0.12308920836145011,0.5879694747014415,True,0.4274753576739082,0.37339900968000606,0.9796311008581304,0.93,0.94,True,True,True,True,True,True
9,68,0.3517152738297825,1.3463297397674143,False,0.5408833657541408,0.5041442540307943,-0.39903426231729977,0.01,0.01,False,False,False,True,True,True
7,23,0.3914738055708957,0.5884302766192,False,0.8581638788996695,0.8179634151407523,-0.012951450037817613,0.01,0.01,False,False,False,True,True,True
9,28,0.14230211861737094,0.6341710462160788,True,0.07137893299885623,0.05297023533629361,0.9767864735780225,0.96,0.9,True,True,True,True,True,True
6,15,0.24549890094657434,1.397839732879819,False,0.3950054839352486,0.2941860924303296,-0.40779354818745817,0.01,0.01,False,False,False,True,True,True
8,58,0.2646317015701105,0.7657509634012786,True,0.7730019911507633,0.7617994193020842,0.9202728600122643,0.25,0.23,True,True,True,True,True,True
6,47,0.4744438204926914,0.9794122904094511,False,0.1661812207125284,0.1311141932708026,-0.8315003559323815,0.01,0.01,False,False,False,True,True,True
12,69,0.48455239050531823,1.4913042996538812,True,0.44650062245835054,0.3872462158242128,0.7558356159739923,0.29,0.42,True,True,True,True,True,True
7,77,0.4776864748891919,1.9729897600800586,False,0.5111134267718931,0.47506371533047964,-0.26402865687639543,0.01,0.01,False,False,False,True,True,True
5,47,0.5729338881218619,1.3102980877687238,False,0.09011678775842769,0.07116786138333883,-0.9335896294981529,0.01,0.01,False,False,False,True,True,True
9,13,0.48118494906778797,0.49042245295331943,False,0.14960502763628658,0.10148835234784549,0.35284897912704505,0.01,0.01,True,False,False,False,True,True
12,66,0.05106851347487404,1.7702297154367455,False,0.4701739398419056,0.4153839164583047,-0.2463621584183031,0.01,0.01,False,False,False,True,True,True
8,72,0.19968047455133742,0.8263021143702243,True,0.8826311970884142,0.8750137591110246,0.9575598428326445,1.0,1.0,True,True,True,True,True,True
12,21,0.08085778535544653,0.826974001204188,False,0.5407955009703014,0.489209933418904,-0.11334645479357808,0.01,0.01,False,False,False,True,True,True
10,10,0.4786049916396277,1.6038440948913268,True,0.4947237205597914,0.36608024985632337,0.7360071953065022,0.03,0.07,True,False,True,True,False,True
5,48,0.0840433725590481,1.9781927866476423,False,0.17685026120286162,0.13555887998734392,-1.6503589606456028,0.01,0.01,False,False,False,True,True,True
3,76,0.3033600004113999,1.2894623660947626,False,0.16046680797002943,0.1370750599613733,-2.7927321429617473,0.01,0.01,False,False,False,True,True,True
9,64,0.3223852392845238,1.425395689405471,True,0.1516775892088993,0.11734198784175949,0.8956915502809528,0.11,0.16,True,True,True,True,True,True
4,24,0.05574999049800892,1.313818302766899,False,0.07288115846085563,0.056336199892199935,-1.7892411802954915,0.01,0.01,False,False,False,True,True,True
6,20,0.3739375808437318,1.0173973978751651,True,0.6834155775895016,0.6703075003876348,0.8334539544683514,0.38,0.56,True,True,True,True,True,True
7,31,0.4917594493603981,1.1443444259074962,True,0.2754421931157254,0.2295037794676668,0.7708791498378894,0.39,0.33,True,True,True,True,True,True
10,19,0.34454939481141894,1.194798674010487,False,0.06861797300986383,0.04346871868614349,-0.520266932598124,0.01,0.01,False,False,False,True,True,True
3,68,0.167167572586513,1.3399209563519612,False,0.5171000417462505,0.5401367962818373,-1.3374907342891302,0.01,0.01,False,False,False,True,True,True
7,24,0.5897254823885384,0.8855449740790704,False,0.28094159616234815,0.20599736689828752,-0.2020945358513595,0.01,0.01,False,False,False,True,True,True
11,51,0.2805072174394629,1.813716765136112,False,0.38176790340959366,0.32653216498951326,-0.2847223284727096,0.01,0.01,False,False,False,True,True,True
5,24,0.22793648640109349,1.8106470210386318,True,0.4603541990161757,0.4021856058906422,0.9333324239006913,0.82,0.83,True,True,True,True,True,True
9,72,0.35498547561391314,1.4614504677669147,False,0.15524363354051118,0.11947745504763557,-0.6586246579551078,0.01,0.01,False,False,False,True,True,True
10,79,0.180579672490305,1.163954432090713,False,0.16014184772630236,0.12408663822487792,-0.1878712987004556,0.01,0.01,False,False,False,True,True,True
6,65,0.10666567957039777,0.40390382715499357,True,0.27818455280625776,0.21975290749598922,0.9867734194852636,0.2,0.37,True,True,True,True,True,True
11,61,0.22858325823617442,0.6960986913390705,True,0.7093199924458364,0.6921504421485435,0.9245696144940881,0.58,0.62,True,True,True,True,True,True
12,43,0.2857485793839048,1.6294297073891346,True,0.6451025234536659,0.6230018543215279,0.9000907416480672,0.25,0.19,True,True,True,True,True,True
3,48,0.2247357341146839,1.1929280273812024,False,0.944979004152384,0.9426019195388978,-0.7735886621206027,0.01,0.01,False,False,False,True,True,True
3,27,0.42458317398735196,0.8098364566032754,False,0.355645852476867,0.32579887442212235,0.09472952950867763,0.01,0.01,True,False,False,False,True,True
10,65,0.09927875626792454,1.1372132842493832,False,0.8146905038498077,0.811980657840533,-0.11997780975246775,0.01,0.01,False,False,False,True,True,True
3,31,0.24766227046459927,0.4668080736123409,True,0.30966734027584,0.265611453392746,0.9033200710609235,0.01,0.03,True,False,False,True,False,False
4,71,0.09309933910860968,1.150318913415952,True,0.3569082945211913,0.31245521534337517,0.988464797884825,0.88,0.87,True,True,True,True,True,True
6,16,0.3413113856199219,1.318130183725826,True,0.174335170507674,0.12277150522978973,0.8895771716035856,0.03,0.1,True,False,True,True,False,True
4,50,0.1733701563127499,1.7337792884490866,True,0.46076898425625656,0.4450229059127002,0.952479246004192,0.03,0.06,True,False,True,True,False,True
3,39,0.2333909566013213,1.4931325437499394,True,0.9749818268697228,0.9094580529143322,0.9486671246869952,0.88,0.9,True,True,True,True,True,True
6,41,0.36913404229079894,1.8302574099801852,True,0.8941651794187503,0.8780642770991375,0.8576073553728609,0.9,0.93,True,True,True,True,True,True
5,65,0.4189498266389375,0.5262207112484744,True,0.42274042106991794,0.39055906826405745,0.7745809952515943,0.85,0.83,True,True,True,True,True,True
12,51,0.5222739121880711,1.7783461954515816,False,0.9275603898457785,0.9167389587027347,-0.17339873237138237,0.01,0.01,False,False,False,True,True,True
8,50,0.3957954399747053,0.9278469907909805,False,0.9288301569481783,0.9152638355515813,-0.11747167106258494,0.01,0.01,False,False,False,True,True,True
4,31,0.4564360494149887,0.9821909426482396,False,0.8098525655987513,0.7622231323541943,-0.2114395560957496,0.01,0.01,False,False,False,True,True,True
4,26,0.5360733774473746,0.8327361403602109,False,0.5698797752625935,0.5430781721220809,-0.3929825344756981,0.01,0.01,False,False,False,True,True,True
5,67,0.3197837293197532,1.501367814321522,False,0.9214814599877403,0.8975229471695488,-0.5554002981633936,0.01,0.01,False,False,False,True,True,True
9,63,0.05722897100265997,1.406827281452851,False,0.5581270120447236,0.5229547808558029,-0.48904802481248266,0.01,0.01,False,False,False,True,True,True
6,23,0.13993466233681529,0.9107335328113162,True,0.18687040527862675,0.12987900517055517,0.9811852403052475,0.62,0.4,True,True,True,True,True,True
8,61,0.05803356684225694,1.492570616840718,False,0.8525587961582491,0.8467101315449373,-0.2591646602514517,0.01,0.01,False,False,False,True,True,True
4,29,0.12325765139609428,1.515588007564569,False,0.7054580435568371,0.7075570697950951,-1.131039643199733,0.01,0.01,False,False,False,True,True,True
12,51,0.37286395657404914,0.5530038175067008,False,0.2502492155471775,0.20187151569674522,-0.24838138968379786,0.01,0.01,False,False,False,True,True,True
6,58,0.597763509483562,1.8466081421377578,False,0.960580032303631,0.927965542782131,-0.41930780659618017,0.01,0.01,False,False,False,True,True,True
9,41,0.27964160764407003,0.9311616974408587,True,0.24687405892282765,0.1907214632441569,0.9221005853653677,0.04,0.02,True,False,False,True,False,False
3,68,0.12251077508471081,0.5946097678514468,False,0.7751737017528996,0.7598926839679634,-1.127609816139636,0.01,0.01,False,False,False,True,True,True
12,30,0.3558229610630679,1.5364888303591302,True,0.7917940661361965,0.764834584420752,0.8429105005939016,0.3,0.27,True,True,True,True,True,True
10,49,0.0616103288938279,1.9402299964402832,True,0.8843696668276316,0.8664728143868317,0.9948829433984724,0.23,0.31,True,True,True,True,True,True
12,17,0.4947398472814248,1.8134410726558001,False,0.16370754467189585,0.10685824598539866,-0.3857673077879469,0.01,0.01,False,False,False,True,True,True
7,77,0.35090387799220857,1.8077114423753808,True,0.06397434318091433,0.053202917910885654,0.8755554603383114,0.71,0.52,True,True,True,True,True,True
6,70,0.3336216974085747,0.37823746491623667,False,0.11252030991603923,0.08947396372665921,0.2837945048805297,0.01,0.01,True,False,False,False,True,True
10,20,0.08978532027419922,0.6279958069733955,False,0.6648384134537061,0.6031305055629387,-0.22762812679030442,0.01,0.01,False,False,False,True,True,True
9,61,0.3232480040329065,0.7859721114601992,True,0.6589646035571279,0.6259558965015578,0.8766212818987457,0.23,0.18,True,True,True,True,True,True
11,23,0.18481321700693387,1.1616941402148306,True,0.8821388836788642,0.8615951090946495,0.96048977098307,0.22,0.24,True,True,True,True,True,True
8,45,0.2705659010344694,0.7657283915500195,True,0.9958399346709736,0.9687687531439393,0.9365296845348599,0.61,0.6,True,True,True,True,True,True
11,13,0.28596023544525206,1.5492480209888126,True,0.6786343567512589,0.6125351325774167,0.8993124239549635,0.8,0.73,True,True,True,True,True,True
5,33,0.2659238760900031,1.2159908189703628,True,0.8543705803369137,0.8282892747109187,0.9098680774046207,0.25,0.23,True,True,True,True,True,True
7,56,0.2457658629770243,0.6279803317961693,True,0.3414852272875626,0.28018823625842704,0.9352603787303304,0.74,0.81,True,True,True,True,True,True
6,66,0.080580252721513,1.507778347855451,False,0.9934362344498908,0.9784240587971565,-0.4101320768725125,0.01,0.01,False,False,False,True,True,True
9,62,0.09135274447697783,1.4641602713306237,False,0.14918514068040623,0.11422045162410506,-0.48535972248181714,0.01,0.01,False,False,False,True,True,True
10,78,0.5065315665846493,1.6358980122500792,False,0.23809733884317608,0.1896575212248133,-0.4553661232867321,0.01,0.01,False,False,False,True,True,True
3,52,0.43411810737982015,0.5419062813749098,True,0.27684891460820193,0.2209602809870479,0.8141418941361738,0.81,0.81,True,True,True,True,True,True
11,58,0.3936027823805398,1.5119290486819865,True,0.9178713560827357,0.9022303892522211,0.851372739254211,0.81,0.78,True,True,True,True,True,True
5,28,0.282609621494094,1.231199581178447,True,0.7948965442074253,0.7581605812323181,0.9074354154608926,0.99,0.99,True,True,True,True,True,True
9,73,0.5636382060806567,1.7912226361957475,True,0.19621241418502688,0.1554065449352212,0.7480991184128274,0.87,0.78,True,True,True,True,True,True
8,46,0.3343246254736384,1.9574709079563586,False,0.7016202706328998,0.6859318378839211,-0.3695113830483412,0.01,0.01,False,False,False,True,True,True
7,26,0.503954299737962,0.7788357489630423,False,0.37704649909559107,0.30646088959859835,0.2671304628440777,0.01,0.01,True,False,False,False,True,True
7,29,0.5989326027909251,1.994721489020305,True,0.028088367834234185,0.013769222806143865,0.7227912248680504,0.56,0.61,True,True,True,True,True,True
3,19,0.5395002229695245,1.6738255321909152,True,0.4945021660854042,0.38040243232712107,0.6556469928347887,0.89,0.92,True,True,True,True,True,True
3,71,0.5733266196861054,0.6329129860201066,False,0.9815382624235759,0.9842129293311848,-1.0921388961784664,0.01,0.01,False,False,False,True,True,True
6,14,0.3156845867617503,0.7949178835015933,False,0.9142967804310637,0.7417983948938667,-0.5523313877277327,0.01,0.01,False,False,False,True,True,True
4,58,0.5137295294143267,1.768981720779186,False,0.17736291247023472,0.1453943105732468,-0.41362335691030316,0.01,0.01,False,False,False,True,True,True
9,21,0.3622088040353122,0.3528875929832549,False,0.2199707597251288,0.157304373203495,-0.14318970012075338,0.01,0.01,False,False,False,True,True,True
11,77,0.4715921730968088,0.41810794533205675,False,0.40482613432961256,0.3475901100272804,-0.1796495125727764,0.01,0.01,False,False,False,True,True,True
5,74,0.28617442016016204,1.366014697395088,False,0.34807605905902317,0.29273781822485573,-1.2120670224521426,0.01,0.01,False,False,False,True,True,True
9,33,0.4651523473439091,1.1803000667200887,True,0.2457388761064212,0.19330006140454964,0.7801150627913269,0.06,0.12,True,True,True,True,True,True
9,42,0.3411232717875928,0.9559317316080869,True,0.4930377517288138,0.4433294849995241,0.86114515020464,0.03,0.12,True,False,True,True,False,True
4,13,0.24045681367569866,1.0610800138297427,True,0.43286720085388253,0.3558883142665521,0.9128074058948692,1.0,0.99,True,True,True,True,True,True
7,60,0.5848860117931771,1.456317132415243,False,0.843595556504991,0.8337757484219676,-0.20865235271554328,0.01,0.01,False,False,False,True,True,True
4,78,0.2962571946109359,1.723144426678095,False,0.32583199785363426,0.29480579229948334,-0.08136562812420367,0.01,0.01,False,False,False,True,True,True
10,62,0.5341393484928365,1.1676228566185787,False,0.5622049021575974,0.5314529304861649,-0.4119693254866179,0.01,0.01,False,False,False,True,True,True
4,58,0.4694883078559431,0.6622173225487363,True,0.7568698631246052,0.7508482708783101,0.7248828007054005,0.37,0.32,True,True,True,True,True,True
6,64,0.3577047593861629,1.228990700020671,False,0.692358749719976,0.6907114511448054,-0.400089023469266,0.01,0.01,False,False,False,True,True,True
3,54,0.07261166337635627,1.4207669293606835,False,0.986696959806678,0.9548677336811154,-1.2934991320539972,0.01,0.01,False,False,False,True,True,True
9,62,0.280853030530449,1.9370095099137408,True,0.5703095698536422,0.5393393424487188,0.8912312049859394,0.83,0.76,True,True,True,True,True,True
8,10,0.4481026776655784,1.431643006949569,False,0.30824409377881656,0.20972479849266096,0.06612685843422461,0.01,0.01,True,False,False,False,True,True
9,37,0.4893285362493116,0.8592780618430196,False,0.7551089155877313,0.7314221075513105,0.01210545176556621,0.01,0.01,True,False,False,False,True,True
7,34,0.29517600185706644,0.5650255097685897,True,0.252143368348951,0.19055204185870958,0.8955494518444516,0.26,0.49,True,True,True,True,True,True
12,77,0.23256097357544792,0.9529895936607771,True,0.1096765963691051,0.0820589710627563,0.9386536534395404,0.86,0.65,True,True,True,True,True,True
4,79,0.18240584505559632,0.7193211948645599,True,0.6479714085669297,0.6395951450704896,0.9645837709985098,0.26,0.25,True,True,True,True,True,True
3,43,0.5256742020533337,1.5103897034272549,False,0.9616828061659994,0.965336423307028,-0.30957933881462085,0.01,0.01,False,False,False,True,True,True
12,50,0.28532210535888275,0.41357479550992,True,0.6291708067318251,0.596586370953164,0.9059691306604576,0.26,0.3,True,True,True,True,True,True
10,14,0.1148244823309914,0.35038390192950436,False,0.8192062607228403,0.7314582192906472,0.04080259768931016,0.01,0.01,True,False,False,False,True,True
9,36,0.12254565929323775,1.166341856325622,False,0.5468692764211277,0.5077949247293446,-0.1550768044153259,0.01,0.01,False,False,False,True,True,True
5,51,0.23319156863156904,0.48032782554773856,True,0.306057737863184,0.2546625961153033,0.9333633313806586,0.05,0.08,True,False,True,True,False,True
4,60,0.5046335710312196,1.9657484512848715,True,0.6262103482311627,0.617865461955609,0.7707207176086839,0.6,0.59,True,True,True,True,True,True
10,55,0.4935527157826789,1.02664189830023,False,0.05161771576811591,0.038955299294022645,-0.5862131646153979,0.01,0.01,False,False,False,True,True,True
8,74,0.2485107324790305,0.8684421784785219,False,0.042193458635269465,0.034090243447724024,-0.5296492067622105,0.01,0.01,False,False,False,True,True,True
3,54,0.24142265617863146,0.31884177011493603,True,0.3870746550361447,0.34926804106123605,0.9311056932238577,0.97,0.92,True,True,True,True,True,True
7,60,0.5757660004544572,1.427253660570722,True,0.8988530686393298,0.8876047722298165,0.7062908552938743,0.88,0.88,True,True,True,True,True,True
11,57,0.16707367423276165,1.6421621844585177,True,0.5892788493782394,0.5457977716415071,0.9603940270028374,0.12,0.18,True,True,True,True,True,True
3,50,0.5008412083088284,0.3804654069034326,False,0.04919861432373518,0.035063469341240446,-3.948973815348121,0.01,0.01,False,False,False,True,True,True
4,74,0.5699343034740402,1.7272446097736986,False,0.8366402185204111,0.8215693214067681,-0.8125400170631096,0.01,0.01,False,False,False,True,True,True
3,29,0.4611399571984546,1.8510337158666652,False,0.5957090834562139,0.5753629938332528,-0.5615963220967226,0.01,0.01,False,False,False,True,True,True
8,45,0.5724770757314136,0.3134185603236225,False,0.3619006505278358,0.3091120905795051,0.394240805435801,0.01,0.01,True,False,False,False,True,True
9,37,0.5069186289217461,1.0570570463686855,False,0.7734152206775018,0.7220829421687527,-0.2599204217514419,0.01,0.01,False,False,False,True,True,True
12,22,0.5635684976332426,0.49579009699675264,False,0.9748972335988222,0.9270704135677897,0.2979080641617151,0.01,0.01,True,False,False,False,True,True
9,18,0.2199930617668684,1.0485594911205656,True,0.11559083760295197,0.07467711708457615,0.9450508615610976,0.06,0.14,True,True,True,True,True,True
8,62,0.12022247663161822,1.6963223489382213,False,0.5271510084878571,0.4917452483648758,-0.5924415035051613,0.01,0.01,False,False,False,True,True,True
5,33,0.3071078786716625,0.45012983639200976,True,0.35217027646779664,0.2987884143196954,0.8645207281115337,0.94,0.84,True,True,True,True,True,True
11,67,0.5118539976003897,1.9552410244088783,False,0.008594785497427981,0.005856722964057993,-0.3924828871560886,0.01,0.01,False,False,False,True,True,True
9,22,0.3613081118562483,0.42464650789923986,True,0.35117955675034185,0.28679729881526367,0.876753823373042,0.71,0.75,True,True,True,True,True,True
4,24,0.17266423700987,0.6892459699865887,False,0.28665190346098035,0.2268023918400565,0.010366090704651443,0.01,0.01,True,False,False,False,True,True
4,28,0.3633599970775226,1.847274096729501,True,0.16403791187421468,0.12871193970846814,0.8687315671541436,0.79,0.57,True,True,True,True,True,True
12,38,0.3015650307572719,1.7587721788450381,True,0.28928856571174566,0.23414930873084444,0.9051045289569946,0.01,0.13,True,False,True,True,False,True
6,48,0.1267327001163547,1.9387844828962264,True,0.832336028344896,0.7682874766206079,0.9792792622858342,0.35,0.46,True,True,True,True,True,True
9,36,0.4235068183819676,0.5688682572295485,True,0.17289535253511257,0.13139540840919267,0.86406921679651,0.28,0.28,True,True,True,True,True,True
9,76,0.11455247889691643,0.9004945415659749,True,0.4515016225903957,0.3964138322530185,0.9838981312777193,0.27,0.28,True,True,True,True,True,True
6,19,0.41756663652769554,1.4722554645920771,True,0.6353320689608528,0.57076382820908,0.8143856310814778,0.18,0.16,True,True,True,True,True,True
6,73,0.4023478894584509,1.8327938536546564,True,0.3748165928591176,0.325934387946977,0.8204641757514776,0.17,0.28,True,True,True,True,True,True
6,73,0.18070170839127803,0.737253197688494,False,0.04098818669435478,0.029531661556884626,0.23282944737887357,0.01,0.01,True,False,False,False,True,True
10,74,0.47035927080445766,1.2618317542350506,True,0.409578004914982,0.35671108397550677,0.7858008723051149,0.83,0.75,True,True,True,True,True,True
3,21,0.2110095178881976,1.5416083062545567,False,0.7432061283876519,0.7760404139210798,-1.360883245569132,0.01,0.01,False,False,False,True,True,True
5,36,0.35588306676833376,1.122001784914547,False,0.15437259622100863,0.11529689918723537,-1.2999413063048824,0.01,0.01,False,False,False,True,True,True
5,68,0.0941768551814185,1.6615613740808386,True,0.11732246041701155,0.0926113215230016,0.9888884206934135,0.65,0.39,True,True,True,True,True,True
5,64,0.5748097535469822,1.2696533065842113,True,0.8958974666098279,0.8857278803356609,0.741426405132562,0.2,0.16,True,True,True,True,True,True
6,40,0.3519003121090913,1.795691598896088,True,0.8048447851158674,0.7542572216851128,0.839183080830551,0.45,0.46,True,True,True,True,True,True
5,39,0.5424285948967714,1.124286960383862,True,0.6243451590856466,0.5885747014400832,0.6104545318338171,0.37,0.34,True,True,True,True,True,True
10,15,0.32016482090983844,1.0462571097951725,True,0.3111588804743698,0.22765781692977727,0.8608951252230211,0.53,0.69,True,True,True,True,True,True
7,46,0.36734308033129787,0.9444175594465787,True,0.8730944020051639,0.871432141962814,0.8553685107763748,0.08,0.1,True,True,True,True,True,True
5,68,0.5458439414598574,1.614784851652554,True,0.7449781725686663,0.733279761209023,0.6766594542331253,0.9,0.94,True,True,True,True,True,True
4,20,0.2474619036701458,1.1067832028063098,True,0.9776184207267645,0.9216758634047881,0.9176900900911864,0.13,0.15,True,True,True,True,True,True
10,63,0.13401605565258617,1.9474798562267748,False,0.3068027465484995,0.2486319910038462,-0.43855472751531654,0.01,0.01,False,False,False,True,True,True
4,74,0.18659718524469987,1.4199045717355705,False,0.33355558826008624,0.2987290236366082,-1.9328547386517476,0.01,0.01,False,False,False,True,True,True
7,27,0.1664785376256876,1.2489834736291956,False,0.26714835662187664,0.212308356044925,-0.6587470521088592,0.01,0.01,False,False,False,True,True,True
12,52,0.479445408710183,0.7763828646204933,True,0.4742328665337976,0.411397704123147,0.7673043417952385,0.44,0.39,True,True,True,True,True,True
5,44,0.5529707486868493,1.7460091713108172,False,0.6050240154751393,0.585301436846186,-0.5380078620396411,0.01,0.01,False,False,False,True,True,True
3,72,0.2882551544461294,1.2042588830622478,False,0.7352493881328732,0.7492415704956404,-1.5336315687235733,0.01,0.01,False,False,False,True,True,True
9,40,0.58711002697812,1.7145133801364232,False,0.6613730482816714,0.6189067862890067,-0.28669821105022275,0.01,0.01,False,False,False,True,True,True
8,24,0.1529662329360652,1.8227952109575298,True,0.00928814392712174,0.00137149872513337,0.9771998448485649,0.17,0.06,True,True,True,True,True,True
3,30,0.404856303448711,1.1498851506987147,True,0.3931445885975594,0.3797982956333825,0.8106593330540143,0.58,0.53,True,True,True,True,True,True
5,39,0.5340959832948604,0.7495867617614317,True,0.9141516774246489,0.9099185060156751,0.7581413976602447,0.8,0.81,True,True,True,True,True,True
11,62,0.36719302338339654,1.3764804637164756,False,0.364102603994116,0.3011632612216384,-0.5082199395754357,0.01,0.01,False,False,False,True,True,True
10,39,0.3107647436549656,0.5592254876418115,True,0.9287891462233729,0.898849651190265,0.914924649098324,0.21,0.33,True,True,True,True,True,True
12,17,0.512209314900592,1.219558285830276,False,0.0597458396170395,0.03519226257751072,-0.4915818812085446,0.01,0.01,False,False,False,True,True,True
3,28,0.2954073730678059,0.4877702768843584,False,0.897584398955625,0.9220201608966132,-0.869347755510486,0.01,0.01,False,False,False,True,True,True
8,40,0.2523117612584356,1.6283233290156014,False,0.2665762506136553,0.20880841349781315,-0.5603471079607727,0.01,0.01,False,False,False,True,True,True
8,11,0.3191784733947391,0.4147199052485062,True,0.4355498004749183,0.3011122717660172,0.8539411827127744,0.61,0.57,True,True,True,True,True,True
9,20,0.4513719111340598,1.1871923614227617,True,0.45658594820481424,0.38802568321884584,0.8055004787593251,0.12,0.18,True,True,True,True,True,True
11,25,0.08341129627695423,1.6623974550168652,False,0.9451340385506937,0.9067300241267237,-0.21621285469838059,0.01,0.01,False,False,False,True,True,True
11,27,0.32848011011098804,0.4407573415934467,True,0.37163402637816045,0.30393011922429275,0.8916461635478385,0.16,0.24,True,True,True,True,True,True
7,52,0.2254656190819862,1.9874618589186601,True,0.4364536390607018,0.3641537028367637,0.9314900480366632,0.26,0.31,True,True,True,True,True,True
3,51,0.4091266419872189,0.7240029570450965,False,0.13973905300804967,0.10451317027706779,0.49697637302144904,0.01,0.01,True,False,False,False,True,True
6,46,0.33269502264629447,0.3658696081395293,True,0.04707988781510797,0.035070689156333164,0.8988545463598366,0.41,0.29,True,True,True,True,True,True
12,14,0.09624444648037167,0.33809058130543357,True,0.374844069997888,0.29257802023078583,0.9886173332084602,0.38,0.41,True,True,True,True,True,True
5,78,0.5550810939603902,1.560491880691002,False,0.12162865531878331,0.0977994570205076,0.4806293498181352,0.01,0.01,True,False,False,False,True,True
6,39,0.427189218371104,0.5264056685798726,False,0.7567934039948695,0.7160054176737737,-0.4299960683002255,0.01,0.01,False,False,False,True,True,True
5,40,0.16956869546096387,0.4818673506196224,True,0.2028993799012745,0.1578028645823459,0.9641704325178511,0.12,0.19,True,True,True,True,True,True
5,13,0.5825015204621655,1.0215832736371415,True,0.7990720533836552,0.7320772427759099,0.7792372176728974,0.95,0.96,True,True,True,True,True,True
5,14,0.4833631129563775,0.4189673276994669,False,0.8638918892540738,0.6559664766313975,0.265139154921612,0.01,0.01,True,False,False,False,True,True
12,55,0.18997185683228096,1.1185533700314962,True,0.25881193529757807,0.20551293804681725,0.9572020905131594,0.38,0.44,True,True,True,True,True,True
5,36,0.37501695874125357,0.9811453228757054,False,0.3472001717561113,0.28455748245307383,-1.0739089217813067,0.01,0.01,False,False,False,True,True,True
7,25,0.319210792417102,0.873176848503048,True,0.06304288596555119,0.04831686664385783,0.8979672892770306,0.01,0.14,True,False,True,True,False,True
8,14,0.5026065965623375,1.1723557786391445,False,0.7338614770680417,0.6068590265121292,-0.4921882401135065,0.01,0.01,False,False,False,True,True,True
6,20,0.136296386866318,0.5182921490922046,False,0.22904777732932147,0.15883069674413264,-0.2873334397142171,0.01,0.01,False,False,False,True,True,True
7,67,0.4359632609860721,1.811684560023859,True,0.4923728067692881,0.4562597273640965,0.8026503456109613,0.22,0.31,True,True,True,True,True,True
5,29,0.36264452014251275,1.41292690060358,True,0.5083239005348859,0.4500525844103901,0.8600012283479767,0.38,0.52,True,True,True,True,True,True
3,14,0.4149673085477988,1.9497421468374705,True,0.8938388768214147,0.7700111101894443,0.8198791301102946,0.39,0.34,True,True,True,True,True,True
9,42,0.24625960620181647,0.8463608628799915,True,0.3650303755294002,0.3050085505988069,0.9202042340210455,0.03,0.05,True,False,False,True,False,False
4,34,0.3912114167603278,0.6702592747656991,False,0.2707430806986071,0.2308160322235455,-1.2778438856810985,0.01,0.01,False,False,False,True,True,True
6,24,0.23909035162341918,1.989061616805892,False,0.8759651219833328,0.8165282306564056,-0.5468025711197593,0.01,0.01,False,False,False,True,True,True
7,22,0.07697545733150425,1.1584548047858976,True,0.7481151603759807,0.7217222223335448,0.9918688062260363,0.95,0.96,True,True,True,True,True,True
7,57,0.45347855562610734,0.3995448266887391,True,0.014559638307100609,0.009948804907387513,0.8322050510622405,0.63,0.87,True,True,True,True,True,True
4,13,0.5470479926344924,1.0848570855559592,True,0.30903194903286435,0.265129139638223,0.5901299557917546,0.25,0.27,True,True,True,True,True,True
8,54,0.3164048690927322,0.8190740581065563,True,0.6700218471661915,0.6412494208805087,0.8732307875824387,0.02,0.04,True,False,False,True,False,False
12,23,0.30333257024441435,1.599679290344234,True,0.3056631722992855,0.23739566238778972,0.9099251144603675,0.31,0.34,True,True,True,True,True,True
8,45,0.5672558029333532,1.2783532278001022,False,0.4565581516059707,0.4000574956007796,-0.5944481261652763,0.01,0.01,False,False,False,True,True,True
11,12,0.25830309365586346,1.7142824859501484,True,0.01292926258328353,0.002748165003864452,0.9191349945849321,0.09,0.63,True,True,True,True,True,True
6,66,0.5219020073948109,0.6503692860309399,False,0.7561547852443735,0.7350716230245398,-0.35182741784079563,0.01,0.01,False,False,False,True,True,True
7,52,0.2339793603893816,0.6763240516279783,True,0.1429735717337708,0.11102476561959286,0.9335321526487497,0.68,0.58,True,True,True,True,True,True
6,23,0.42442676861805484,0.7450292004999477,True,0.5312120605099598,0.45142336443078007,0.7339533486947686,0.93,0.91,True,True,True,True,True,True
6,76,0.05644041496588067,0.5212878572595547,True,0.7626085018889389,0.7560241378040268,0.9959635844745565,0.46,0.54,True,True,True,True,True,True
10,39,0.5966582808552487,1.9779738628753494,False,0.7359145392072616,0.6954090999839238,-0.21969220016233182,0.01,0.01,False,False,False,True,True,True
10,28,0.0636788212024812,1.352646314639512,True,0.07128935112908141,0.04753384966287907,0.9953785238785139,0.64,0.58,True,True,True,True,True,True
8,55,0.45865706525625266,0.5031496693546379,False,0.043117163015597426,0.03323129269685203,-0.7607226312454223,0.01,0.01,False,False,False,True,True,True
6,41,0.10999306984386703,0.8951511675539121,False,0.9097237429464755,0.9007120968900211,-0.27610417217924543,0.01,0.01,False,False,False,True,True,True
12,21,0.1393273587288278,1.6740985815643097,True,0.2902229818769073,0.22259941029380675,0.9772451960331898,0.25,0.39,True,True,True,True,True,True
12,49,0.19989870729081788,0.6608902701973031,False,0.43553962897848175,0.366080961677602,-0.2415364490880041,0.01,0.01,False,False,False,True,True,True
10,14,0.2546313822796067,0.4613470752082245,False,0.9937271713305182,0.8658599559573306,-0.08610680101707402,0.01,0.01,False,False,False,True,True,True
11,28,0.15369897483509448,1.2395554652027139,True,0.31759942582830714,0.24375204056670285,0.9704841199681459,0.03,0.06,True,False,True,True,False,True
5,21,0.31530007354924644,0.6081611488956029,True,0.986517849206049,0.9164412065225687,0.8421629910700824,0.28,0.29,True,True,True,True,True,True
10,27,0.22505772273125596,1.6219097516061445,False,0.8742985472585086,0.8536594534174299,-0.2091272247266569,0.01,0.01,False,False,False,True,True,True
9,60,0.15709689557111772,1.4502137566822948,True,0.9325786274024994,0.9314406064032489,0.9706737473858614,0.46,0.57,True,True,True,True,True,True
9,13,0.45296613704236105,1.554497366313606,True,0.2580835843662185,0.17634306310954073,0.7960979207616046,0.74,0.63,True,True,True,True,True,True
4,28,0.3504647056991089,1.792056587128475,True,0.8593282832556617,0.8360035511655108,0.8755649116674694,0.05,0.07,True,False,True,True,False,True
5,35,0.20233562434353153,1.170670296501592,True,0.02739421635108319,0.015097383779096859,0.9576548638903849,0.01,0.18,True,False,True,True,False,True
7,46,0.29087288457497534,1.6816743659490423,False,0.1329799985385377,0.10289430494151919,0.09836035653687458,0.01,0.01,True,False,False,False,True,True
7,60,0.5243070520214151,0.6535527428561059,False,0.8527269256655761,0.8471894352553991,0.11607026998412551,0.01,0.01,True,False,False,False,True,True
3,50,0.4500468881484265,1.768533887857796,False,0.5137593755286236,0.4670852992978376,-1.6405041335828727,0.01,0.01,False,False,False,True,True,True
9,25,0.5299736824841208,0.35021184885555995,False,0.5430637822116224,0.457317471587866,-0.1205897713366002,0.01,0.01,False,False,False,True,True,True
5,73,0.41577525893975537,0.5565541490525714,True,0.9858379742872675,0.9746806608569714,0.8444042352334066,0.39,0.5,True,True,True,True,True,True
10,14,0.11929658098363889,1.2348205271091603,True,0.4004933141509558,0.33220191054137876,0.9793023702688431,0.28,0.34,True,True,True,True,True,True
9,76,0.21754047069634047,1.383279471794014,False,0.6010960369310967,0.5772762949353858,-0.3787096790855189,0.01,0.01,False,False,False,True,True,True
4,68,0.2263218293668124,1.2455149077035885,False,0.5587037622539401,0.5469621388979263,-0.8862716524327623,0.01,0.01,False,False,False,True,True,True
11,34,0.17188898407045788,0.3562672988310881,True,0.4963628736760033,0.4413944134408742,0.9656410544746028,0.02,0.01,True,False,False,True,False,False
3,72,0.5133662570944528,1.1112736899164413,True,0.5818291852742062,0.5696257036221566,0.7100772042107242,0.89,0.86,True,True,True,True,True,True
3,43,0.4100512983258359,1.3044229298174648,True,0.6212806294859402,0.6431615751740029,0.8128760721992352,0.43,0.53,True,True,True,True,True,True
5,34,0.4019446023523512,0.6965432683685681,False,0.4761290923896624,0.43286435189522027,-0.7209243840047053,0.01,0.01,False,False,False,True,True,True
10,65,0.05676080703944255,1.095983202428273,False,0.23795761016203631,0.18828065418455983,-0.21443100505526425,0.01,0.01,False,False,False,True,True,True
12,24,0.45472968062466046,1.7858063050364887,True,0.6808645309532043,0.5982642539276667,0.7718683668949062,0.03,0.05,True,False,False,True,False,False
7,43,0.4912026819390035,1.2171414494472803,False,0.06258122790329013,0.047369097438335096,-1.2597153970624362,0.01,0.01,False,False,False,True,True,True
4,14,0.25166401065316735,0.8894919130715409,True,0.06500548117956806,0.04073758261650411,0.9491160021069157,0.26,0.37,True,True,True,True,True,True
5,18,0.19972981506152,1.2552600285783748,False,0.1303920657108223,0.063303961946128,-2.0572206339602195,0.01,0.01,False,False,False,True,True,True
10,71,0.12269054147306388,0.6627654157684297,False,0.5640362905914234,0.536228028454036,-0.23028494469769467,0.01,0.01,False,False,False,True,True,True
5,26,0.09298250488252505,0.310020033545614,True,0.7063786090379186,0.6708296920151791,0.9888208834011445,0.24,0.31,True,True,True,True,True,True
6,65,0.41972869099732746,1.792261197816597,False,0.8342916794097812,0.8080648074178266,-0.41726956160950457,0.01,0.01,False,False,False,True,True,True
6,42,0.2632391814069103,0.4812597981821757,False,0.6547673090877598,0.6391586782328447,-0.2544493701404169,0.01,0.01,False,False,False,True,True,True
4,60,0.49734562531741466,1.1844202129360166,True,0.654656903903925,0.6256756209744528,0.76979011625443,0.94,0.89,True,True,True,True,True,True
6,11,0.5965057857094129,1.0703456146021437,True,0.07149469181706547,0.030946097515260968,0.7162320464912413,0.4,0.35,True,True,True,True,True,True
4,38,0.5963488108510866,1.346989259881689,False,0.989082238762349,0.9633125560342047,-0.7646054217307248,0.01,0.01,False,False,False,True,True,True
7,22,0.05808147541720472,0.5276613490745292,True,0.5710102517479222,0.52806546912421,0.9953340375206705,0.04,0.11,True,False,True,True,False,True
3,59,0.21352338280110406,1.804665015110474,False,0.1523636396768927,0.1304226087108971,-2.8413022813230455,0.01,0.01,False,False,False,True,True,True
7,79,0.3864103930102066,0.4015612955455753,False,0.1454526146756323,0.11313060426094712,0.24662476120373877,0.01,0.01,True,False,False,False,True,True
4,72,0.28228029807396343,1.4580810853434265,False,0.30387613729984553,0.2670242718952904,-2.466336201730938,0.01,0.01,False,False,False,True,True,True
3,76,0.5693356194465163,0.45721700743537036,False,0.1225129851002964,0.11177433678689579,0.4868169604639828,0.01,0.01,True,False,False,False,True,True
6,51,0.5902968707949336,1.0669828879956003,True,0.35139966006041234,0.2915970216315953,0.7009368231052364,0.92,0.83,True,True,True,True,True,True
4,55,0.5352254308509966,1.9352337890604934,False,0.014173267722020544,0.0029944067434305795,-2.721161478064243,0.01,0.02,False,False,False,True,True,True
5,36,0.2593630321034956,0.7023271976764938,True,0.4114157302171759,0.3346549654466778,0.9002392107559491,0.27,0.31,True,True,True,True,True,True
11,61,0.13245731588706716,1.0255913806990185,True,0.04769272010089576,0.035328605468423896,0.9808945705885261,0.19,0.29,True,True,True,True,True,True
7,24,0.14727668967198398,0.9856257000022581,True,0.15004764894014555,0.11390688567438134,0.9764965135693457,0.91,0.9,True,True,True,True,True,True
10,34,0.23463068156463696,1.5257739469576805,True,0.8232058398748469,0.7864625790463434,0.9375882289989986,0.71,0.69,True,True,True,True,True,True
10,62,0.19138539516014375,1.8606969386099639,True,0.5354339440469378,0.49138441318377885,0.957621450368223,0.16,0.22,True,True,True,True,True,True
6,39,0.5837207836404747,1.0201460840415446,True,0.2480343661946388,0.19348492362895078,0.7102318001257194,0.61,0.7,True,True,True,True,True,True
12,11,0.4948677335913501,0.5530291907239939,True,0.25170508338939956,0.17193893622724565,0.7573336122082859,0.89,0.86,True,True,True,True,True,True
11,13,0.4290037766643276,0.7423402928208112,False,0.8089629389232118,0.753027868792459,-0.12365715754048123,0.01,0.01,False,False,False,True,True,True
3,17,0.23431338629850934,0.7579813526658263,False,0.06492951078413767,0.02768032017129528,-1.4870390257552266,0.01,0.01,False,False,False,True,True,True
6,36,0.39054253900391445,0.8834320507793905,True,0.658813595219134,0.5937618929541533,0.835718637424963,0.12,0.16,True,True,True,True,True,True
3,66,0.42933219485960006,1.9530086996918912,False,0.8086946048384219,0.8370135890239981,-1.305610960309862,0.01,0.01,False,False,False,True,True,True
6,61,0.39742356259358325,0.806515761002754,False,0.7204013119662985,0.7158702938058099,-0.3809229982510358,0.01,0.01,False,False,False,True,True,True
5,24,0.5066741833006229,0.42376204412989094,True,0.7085366329579169,0.6735812654124721,0.7501796662066939,0.99,0.98,True,True,True,True,True,True
9,46,0.38928610473446557,1.3471312953527768,True,0.09564228550407572,0.0695767491126823,0.8294089693262002,0.01,0.04,True,False,False,True,False,False
12,64,0.43337718696890815,0.5726736733826856,True,0.43209447315848315,0.37535982331954476,0.8086461479280564,0.88,0.77,True,True,True,True,True,True
10,76,0.3374506516638958,0.9706915217849159,False,0.2772951195562583,0.22563812153363877,-0.16311052046450714,0.01,0.01,False,False,False,True,True,True
11,55,0.09222339015365641,0.4805262913495289,True,0.145054018452895,0.11140214603694429,0.9913750929294018,0.07,0.05,True,True,False,True,True,False
5,57,0.3843194089162284,0.38567052781493044,True,0.7520071783222504,0.7386656277115404,0.8485483153384227,0.67,0.59,True,True,True,True,True,True
9,11,0.11535293052868223,1.799740525869187,False,0.93677598575809,0.7867890861923347,-0.2667643036551284,0.01,0.01,False,False,False,True,True,True
11,60,0.24251028479836323,0.36219789575385375,False,0.8477361983624899,0.8338440449272215,0.12760088838264838,0.01,0.01,True,False,False,False,True,True
11,11,0.57908741078398,1.339135362605869,True,0.6458859382294359,0.4855696121028891,0.7230235225764119,0.31,0.36,True,True,True,True,True,True
10,64,0.47809846422843744,0.7369386531514441,True,0.3699568600082903,0.3126082163155077,0.7617394559340233,0.7,0.57,True,True,True,True,True,True
12,22,0.5435152211561907,0.6393767847846816,False,0.25018505577136696,0.18219814721048078,-0.09264400589555666,0.01,0.01,False,False,False,True,True,True
3,17,0.5053274041483589,0.9529106499801367,False,0.5403574286564753,0.5158122116217015,-1.9446240618500572,0.01,0.01,False,False,False,True,True,True
11,15,0.14193203563410878,1.5345082326586141,False,0.4116422112232564,0.325294916714377,-0.2926578605993928,0.01,0.01,False,False,False,True,True,True
12,23,0.5916351207858789,1.1550898350524648,False,0.7711360051190036,0.7497771962044004,-0.20685517717165025,0.01,0.01,False,False,False,True,True,True
12,59,0.5188529766284525,0.8939919984158222,True,0.22861558818240413,0.17750036691141777,0.7632803560163051,0.8,0.75,True,True,True,True,True,True
5,71,0.5062995015942402,0.9769662910860244,False,0.8716847005140111,0.8793765962277444,-0.35926293870800574,0.01,0.01,False,False,False,True,True,True
4,22,0.48765814512123773,1.5465236413607761,True,0.20400868350445067,0.15841599395724854,0.718926466755623,0.06,0.16,True,True,True,True,True,True
3,30,0.3183670507946423,0.5959192831882862,False,0.21931438464900999,0.18100686942081276,-3.7439709940893424,0.01,0.01,False,False,False,True,True,True
4,74,0.37501341952805284,1.0710367103293785,False,0.949043999933974,0.9375712897980404,-0.742574951472974,0.01,0.01,False,False,False,True,True,True
12,38,0.17403295608571762,1.0245437628682696,True,0.7969352391986904,0.775781313609616,0.9627516375218218,0.59,0.64,True,True,True,True,True,True
7,71,0.35578965543059254,0.3505768425449619,True,0.5912638459454743,0.5740734344749185,0.8453941818716497,0.28,0.36,True,True,True,True,True,True
4,63,0.3868690482370898,0.4201393315088817,True,0.8917548396128645,0.8726996981932532,0.8307235710806,0.25,0.39,True,True,True,True,True,True
8,78,0.16724367263965226,1.0456344865725962,False,0.5182253238105635,0.4753852672437651,-0.5403081322632861,0.01,0.01,False,False,False,True,True,True
11,61,0.3643244014981431,1.1354333010086712,False,0.2872360621563288,0.2307265042519058,-0.3233641562164997,0.01,0.01,False,False,False,True,True,True
5,59,0.4214189769325641,1.289651496493598,True,0.8589093708867197,0.8411615134886189,0.8145039005136613,0.37,0.45,True,True,True,True,True,True
6,35,0.10291925741750929,1.2984764331257699,False,0.7182052542281359,0.6802519523738909,-0.3446760714947119,0.01,0.01,False,False,False,True,True,True
11,74,0.3956194598871322,0.7731843896253119,True,0.6763871451427539,0.6578967829203257,0.8275057673576148,0.36,0.4,True,True,True,True,True,True
12,10,0.48046274764809777,0.852732133173659,True,0.8314673961091557,0.7349170659642147,0.7357636471355733,0.6,0.56,True,True,True,True,True,True
9,70,0.5457212211217464,0.8594346066805973,True,0.001303324190212396,9.406252735287825e-06,0.7702467955053413,0.65,0.37,True,True,True,True,True,True
3,45,0.5071132855014415,1.1454933291656477,True,0.021093727204499202,0.006929525334647517,0.7727058089627057,0.66,0.81,True,True,True,True,True,True
10,65,0.418056397028133,1.0925988345333446,False,0.9175692922214983,0.9075023564604658,-0.11754136759953937,0.01,0.01,False,False,False,True,True,True
4,55,0.5094116869152087,0.6725178355790037,True,0.16825234219671037,0.13792462690076399,0.7487330559061284,0.66,0.5,True,True,True,True,True,True
6,13,0.42960522222959835,1.7201648193465762,False,0.942489655178826,0.7952064954932564,-0.4025885707156316,0.01,0.01,False,False,False,True,True,True
5,50,0.34802052985686344,0.4714097050921754,True,0.1252998844745683,0.10045043425597817,0.8722706896188617,0.28,0.29,True,True,True,True,True,True
10,73,0.51080320036608,0.6727722213984303,False,0.6569627998842391,0.6273449577891167,0.0035013837749640064,0.01,0.01,True,False,False,False,True,True
8,24,0.5379536550812049,1.4049012702243049,False,0.042048260896503376,0.0245100430195322,-1.149495575602284,0.01,0.01,False,False,False,True,True,True
12,58,0.12077388409794336,1.7073306758720173,True,0.28939045371343086,0.23598716741159168,0.9819543521809961,0.34,0.44,True,True,True,True,True,True
10,24,0.5288035876457154,1.0142859916883433,False,0.8454734793442642,0.8133543292766906,-0.13640811878341474,0.01,0.01,False,False,False,True,True,True
12,42,0.4645826856140989,1.8562187254415012,True,0.9295722877719403,0.905191058520165,0.8124992990822208,0.73,0.81,True,True,True,True,True,True
3,34,0.17799593677087977,0.4800743717600767,False,0.2913724544883358,0.26898092117028366,-0.2967405488219408,0.01,0.01,False,False,False,True,True,True
7,48,0.49227103519880305,1.3156811061262663,False,0.9348964552638352,0.9060600246151713,-0.28589778423990997,0.01,0.01,False,False,False,True,True,True
6,43,0.1859117529370805,1.5890292804582549,False,0.5654135244473545,0.480526775637493,-0.6431433698475744,0.01,0.01,False,False,False,True,True,True
6,70,0.41930164833443667,0.7377860457438583,False,0.672626292983132,0.6539850931590282,-0.27890681165092435,0.01,0.01,False,False,False,True,True,True
11,18,0.2395793424142551,1.35517472289065,False,0.2015750716397311,0.13916056397835275,-0.5476740388889476,0.01,0.01,False,False,False,True,True,True
3,51,0.2172388290257118,0.3619759123958069,False,0.8850007344885298,0.8781194400826924,0.2767819912099956,0.01,0.01,True,False,False,False,True,True
11,33,0.32860097919082665,1.243178803061036,False,0.9537256271904677,0.8990655542831621,-0.22650575957198638,0.01,0.01,False,False,False,True,True,True
4,63,0.08676313713037745,0.37847745009605865,True,0.746119251361239,0.7185490247990142,0.990643787338294,0.19,0.23,True,True,True,True,True,True
11,36,0.47329972556252586,0.38929847392614264,True,0.09118012893890626,0.06478427323383958,0.8189537756090988,0.96,0.72,True,True,True,True,True,True
8,39,0.41358367793584827,0.6921925096297804,False,0.34238024808201983,0.28031809072724845,0.17919941948936013,0.01,0.01,True,False,False,False,True,True
8,73,0.5892642676816363,0.5534559800615287,False,0.6645221296589464,0.6425240958086439,-0.08426053508249476,0.01,0.01,False,False,False,True,True,True
5,70,0.3777543649291202,1.2542745025931459,True,0.6455510660476381,0.6157119797785824,0.8220618433754403,0.75,0.72,True,True,True,True,True,True
8,56,0.25256646679954303,1.674647201833039,False,0.3790087273551058,0.3155834575039592,-0.4238837034904328,0.01,0.01,False,False,False,True,True,True
3,74,0.11920629914511248,1.9594011599035348,True,0.03599193845399096,0.015462560288889045,0.9824399937434064,0.01,0.16,True,False,True,True,False,True
11,78,0.3409856979485331,0.5673551041663663,True,0.10092619117340074,0.07411114477036869,0.8842759777325524,0.69,0.77,True,True,True,True,True,True
12,62,0.285898924132665,0.7612813155731051,False,0.6063228263709984,0.5810466148105441,-0.23425231938574864,0.01,0.01,False,False,False,True,True,True
6,21,0.05049743025607854,0.957577006592669,True,0.2015614104229294,0.14200784555648926,0.9968769459605652,0.72,0.66,True,True,True,True,True,True
12,41,0.13972014234815158,1.068223428517908,True,0.6981681147456433,0.6686504153214287,0.9727203462467572,0.71,0.73,True,True,True,True,True,True
3,59,0.5880492382974545,1.6120059208177304,True,0.7401251734415644,0.7206819517939266,0.6478682278437751,0.91,0.82,True,True,True,True,True,True
5,32,0.25313150652247324,1.8526432716768189,True,0.7588721639815129,0.7422993582579012,0.9042050949385938,0.33,0.37,True,True,True,True,True,True
12,10,0.17161022031923256,0.4560972444343039,True,0.6720058764005473,0.5402093009536038,0.9655846515374684,0.01,0.03,True,False,False,True,False,False
6,62,0.38183963904478047,0.46109997042095807,True,0.5653726627289566,0.5348737252799122,0.800020850862425,0.49,0.45,True,True,True,True,True,True
3,38,0.17927616798462342,1.1751035058403523,False,0.29386133435469075,0.2596074225292743,-1.8689772947990444,0.01,0.01,False,False,False,True,True,True
10,71,0.4577306739340008,1.0820689444247082,True,0.550137011033022,0.5114780857051853,0.7830466182538264,0.05,0.09,True,False,True,True,False,True
8,30,0.4765814459923682,0.818372642087237,False,0.8720885682072913,0.8553942547526984,-0.12938867315545166,0.01,0.01,False,False,False,True,True,True
11,43,0.29881131800653166,0.3138153112680505,True,0.1329791163545978,0.09461662173558662,0.9156590700183533,0.59,0.45,True,True,True,True,True,True
10,43,0.13164041656501707,1.102147577022993,True,0.7477106770395409,0.7231200714184229,0.9781448873182,0.64,0.74,True,True,True,True,True,True
9,28,0.20386752426068,0.45328011689595804,False,0.7732152787156968,0.7274840921522406,-0.15699373031833908,0.01,0.01,False,False,False,True,True,True
11,78,0.21179239490942792,0.32816017959373,True,0.5560176053304049,0.5205888590325274,0.9411195339830241,0.87,0.84,True,True,True,True,True,True
12,16,0.12353447481832719,0.8167564616924041,False,0.5914726917154026,0.5087601707152091,-0.18854935182089227,0.01,0.01,False,False,False,True,True,True
11,43,0.0939101624080926,0.8544587589228874,False,0.6930732159952443,0.6630855026790572,-0.02338125291228743,0.01,0.01,False,False,False,True,True,True
7,42,0.25928433011385404,0.30545949473640105,True,0.5472802455031301,0.5131315908652847,0.9076501708553473,0.04,0.02,True,False,False,True,False,False
8,52,0.21356236244329374,1.0958839906456987,False,0.1886981325027257,0.14657722075231397,0.07657151275429241,0.01,0.01,True,False,False,False,True,True
5,10,0.5599961302051367,1.1816770874160614,True,0.3667300080690945,0.2846131435373125,0.7572382794218854,0.92,0.82,True,True,True,True,True,True
3,75,0.533531026063744,1.2424818543875857,False,0.6694153473337645,0.6650379261421774,-0.9466628826900456,0.01,0.01,False,False,False,True,True,True
7,43,0.5507613257875281,1.911924623778782,False,0.6725986975681788,0.6347878207733122,-0.471092698736733,0.01,0.01,False,False,False,True,True,True
9,25,0.36345070559702364,1.7897988172766623,True,0.5159647214060318,0.44596140944825635,0.8616620780209246,0.48,0.37,True,True,True,True,True,True
7,19,0.5430179889009953,1.4246299423068716,True,0.011042452977817252,0.0004445262443466041,0.7343174157008524,0.21,0.58,True,True,True,True,True,True
9,73,0.4904351413668974,0.7242065343449937,False,0.04533080804859002,0.03687680742539581,-0.23162291973461957,0.01,0.01,False,False,False,True,True,True
10,75,0.38317283310445555,0.7544671057158595,True,0.16909907975721195,0.13317300578570293,0.8643866558927265,0.65,0.56,True,True,True,True,True,True
5,39,0.11933462293223969,0.6911923440605701,False,0.5934606854860797,0.5601165143704439,-0.5209203833614804,0.01,0.01,False,False,False,True,True,True
9,52,0.20155971717045335,1.8424849925598321,False,0.9438604829498997,0.9245428819928259,-0.2653018366522779,0.01,0.01,False,False,False,True,True,True
3,44,0.31241074874270064,0.43450496540172456,True,0.1329390019445994,0.11955303959819415,0.8905712011381055,0.07,0.13,True,True,True,True,True,True
5,40,0.16412440688596258,1.072538984217461,False,0.06882321092195975,0.055715338636118064,-1.4156706713491234,0.01,0.01,False,False,False,True,True,True
8,14,0.2915982336404191,0.46495996771527875,True,0.5579604686004597,0.4675828093797719,0.8978540093996689,0.87,0.88,True,True,True,True,True,True
12,77,0.28196566908934173,0.4056076729953404,True,0.8629966586923229,0.840237640279407,0.9170850521971623,0.82,0.84,True,True,True,True,True,True
5,64,0.3044687173837902,0.470708195921615,True,0.21469271278147462,0.174156701604613,0.9155033219391584,0.99,0.98,True,True,True,True,True,True
7,13,0.31385080227082796,1.770188272034903,True,0.30028346942210604,0.20474608155959376,0.8652027447180153,0.08,0.18,True,True,True,True,True,True
6,71,0.33332206018653926,1.0497093185835455,False,0.6058406024052091,0.5847537116282917,0.041957633944870176,0.01,0.01,True,False,False,False,True,True
10,44,0.10684359009427727,0.8416786448738396,True,0.11457345060855706,0.0808483638001973,0.9870363483117209,0.12,0.19,True,True,True,True,True,True
4,53,0.4247445532545327,1.292693474135768,True,0.31952781844082956,0.2866284844549613,0.7971599901022596,0.99,0.92,True,True,True,True,True,True
7,13,0.18785590316458795,0.9491024643045434,False,0.3867542806921045,0.28464864738956597,0.0868588092757121,0.01,0.01,True,False,False,False,True,True
11,33,0.38580184799472517,1.5178151235646933,False,0.8726162561937008,0.8329485715233419,-0.10220596637941504,0.01,0.01,False,False,False,True,True,True
7,25,0.2531002162964508,1.4727125191588795,True,0.04113556678835539,0.023410599901328565,0.9297716774739686,0.03,0.32,True,False,True,True,False,True
7,36,0.4712246020284502,0.4703852835303463,True,0.1570108842281721,0.11535375486063681,0.802467613901023,0.01,0.05,True,False,False,True,False,False
6,12,0.5772346079892635,1.0919406459676546,True,0.4628210719669573,0.34954229787653934,0.678319322691745,0.63,0.5,True,True,True,True,True,True
7,65,0.505202037349716,1.7764383319669381,True,0.9266517069508773,0.9296382270339976,0.7737920071564682,0.46,0.66,True,True,True,True,True,True
9,56,0.5372225257485969,1.3438568186366346,False,0.5741011989841882,0.5210247498572953,-0.5176486132573521,0.01,0.01,False,False,False,True,True,True
10,11,0.3025297399262136,0.4552757327612355,True,0.23098191127474976,0.14103311806378474,0.9211780918254417,0.65,0.53,True,True,True,True,True,True
7,62,0.5658721405000022,0.8249359122161508,True,0.3749029062693111,0.32216209776986193,0.6704432168964991,0.11,0.12,True,True,True,True,True,True
11,10,0.408989054519406,1.2993384129321435,True,0.7837794694416704,0.6559359304428211,0.7780945938655464,0.43,0.42,True,True,True,True,True,True
4,27,0.595247968803125,1.6229081901412292,True,0.5627953019031522,0.5414764958995019,0.7680855509383997,0.3,0.56,True,True,True,True,True,True
8,78,0.13337609350136742,0.7858401264861199,True,0.9382437055328983,0.9310647867021654,0.9807557989778856,0.31,0.42,True,True,True,True,True,True
12,44,0.32425114942198924,1.4291392210447278,False,0.6009530951210905,0.5650688362214441,-0.16937678155201774,0.01,0.01,False,False,False,True,True,True
12,65,0.06591638776959036,0.735400398107583,True,0.7974444087336453,0.7819471884495603,0.9949578909878194,0.23,0.37,True,True,True,True,True,True
11,26,0.1556251774884513,1.320985617520388,False,0.08951179600971837,0.0607790359808793,-0.6198803796557215,0.01,0.01,False,False,False,True,True,True
6,28,0.16456841504180708,0.9703524217950992,False,0.24607956726796276,0.17807076438897523,0.030034648897186433,0.01,0.01,True,False,False,False,True,True
10,34,0.35794879699660115,1.1408173712820517,True,0.08129885087684519,0.0555258887859767,0.8473131757965433,1.0,0.98,True,True,True,True,True,True
11,22,0.27064367212262597,1.3840632670381003,True,0.2848534195402054,0.22040962197781563,0.8906718594103347,0.54,0.42,True,True,True,True,True,True
6,27,0.3161977872534958,1.1502625857363082,True,0.30323149824128015,0.2399771594663685,0.8828766016443326,0.01,0.02,True,False,False,True,False,False
6,51,0.2693277986152317,0.6476767838354406,False,0.8624699351252869,0.8550515960899189,-0.356587816022502,0.01,0.01,False,False,False,True,True,True
12,35,0.30022883506276854,0.3902380151703941,False,0.21070082634749232,0.15957476349072136,-0.030781523401433253,0.01,0.01,False,False,False,True,True,True
7,66,0.23655156187314486,0.9589377027783403,True,0.9443219942824371,0.9413730510284376,0.934688532113773,0.89,0.82,True,True,True,True,True,True
9,49,0.2633093802332095,0.3083478260259279,False,0.7625733880917528,0.7451380028494663,0.3539460967294976,0.01,0.01,True,False,False,False,True,True
10,11,0.5640494760436571,1.691127105607758,True,0.36015400728442293,0.2647574813582887,0.7534918868214823,0.2,0.22,True,True,True,True,True,True
6,68,0.5360578229222859,0.7134755247771016,False,0.10600902754688435,0.08422261025557533,-1.1356530717550726,0.01,0.01,False,False,False,True,True,True
9,73,0.5527511414767832,1.1870313460658033,True,0.9371435505323228,0.9325103082229307,0.7457945741125505,1.0,0.97,True,True,True,True,True,True
9,22,0.1562758752281587,1.244135907656751,True,0.400002346441481,0.31632800418716633,0.969428218894656,0.29,0.36,True,True,True,True,True,True
10,42,0.5849656334195978,0.4133882145617982,True,0.5323775949851205,0.47780187787918843,0.6820310398182307,0.87,0.86,True,True,True,True,True,True
3,38,0.2321942911655248,1.7821557445377394,False,0.26319177456989395,0.2189867773196191,-5.149261130319992,0.01,0.01,False,False,False,True,True,True
12,33,0.49190810147961805,0.6492557650591294,True,0.5944324194267656,0.5429905754643063,0.7705846079358298,0.58,0.44,True,True,True,True,True,True
7,29,0.33586793212186195,1.3536766963355302,False,0.1348320640645514,0.10231535126864012,-0.40031882855703094,0.01,0.01,False,False,False,True,True,True
8,60,0.1796860883625957,1.573947662542625,False,0.8162612775319462,0.7944654987700046,-0.2994031165856854,0.01,0.01,False,False,False,True,True,True
11,30,0.2568664561968208,0.8550508842522566,False,0.596462058496582,0.5441483124373603,0.07811557705037864,0.01,0.01,True,False,False,False,True,True
4,58,0.13783434051842494,0.6586625730860718,True,0.11907213251604665,0.09639223709107526,0.9770958948821941,0.02,0.13,True,False,True,True,False,True
11,10,0.507268939107096,0.5193340179374639,False,0.6438066022805934,0.5489313780878131,-0.2492067960785984,0.01,0.01,False,False,False,True,True,True
7,64,0.5830134818213124,0.6363349896731518,True,0.754405454456763,0.7374301941173919,0.6905582688832044,0.82,0.76,True,True,True,True,True,True
4,37,0.44996830909394314,1.810694132664638,True,0.5929253232483626,0.5817765431470547,0.8002634132128472,0.25,0.29,True,True,True,True,True,True
4,58,0.33544098326789246,1.7644861117175616,False,0.1573884195191455,0.128747712143614,-2.1002653456002194,0.01,0.01,False,False,False,True,True,True
11,30,0.2539041856898597,0.658412921986708,False,0.2382374179107435,0.17731820081823865,-0.415613813084051,0.01,0.01,False,False,False,True,True,True
5,79,0.07691055206375867,0.6190833331212253,True,0.18783432273990341,0.1537332930475151,0.9925293299138641,0.16,0.23,True,True,True,True,True,True
3,64,0.5288830007886388,1.5308758664758715,True,0.9461570526889961,0.9521247168108294,0.7843569659929542,0.02,0.02,True,False,False,True,False,False
7,61,0.43884911758997835,0.5411271288870754,True,0.8300376530302734,0.8259869655122781,0.778141053756335,0.71,0.67,True,True,True,True,True,True
4,51,0.2234757401123681,1.2518924047629085,False,0.9217093595910667,0.9173128822116375,-0.824964444846128,0.01,0.01,False,False,False,True,True,True
3,14,0.39875331267004377,1.6463710478938096,False,0.9234974024076587,0.8403930673506211,-0.032662487445854316,0.01,0.01,False,False,False,True,True,True
5,70,0.17174844387972893,0.8256929448852277,False,0.3724281139634903,0.3274623825915805,-0.4460162965694783,0.01,0.01,False,False,False,True,True,True
12,62,0.1320250581806905,0.7291655871238676,False,0.9307180256320585,0.9255092096768442,-0.10223463712642222,0.01,0.01,False,False,False,True,True,True
10,62,0.5353512199274282,1.0325693053759906,False,0.18854465842588342,0.14939684130465616,-0.3093641560123388,0.01,0.01,False,False,False,True,True,True
11,75,0.2077127583702198,1.888355048616544,False,0.23956180394077975,0.19064862682605838,-0.48079136825311863,0.01,0.01,False,False,False,True,True,True
4,33,0.10661171573927514,0.8395640787996501,True,0.9058024943053461,0.8926704885946868,0.9878965633553115,0.52,0.52,True,True,True,True,True,True
6,73,0.33477691332235837,0.39124965054444305,False,0.6587004640155765,0.6460251858678556,-0.44734226676602185,0.01,0.01,False,False,False,True,True,True
8,39,0.3187864372631003,1.5747170657867513,False,0.34346469045308914,0.27766460037308244,-0.4597937462021944,0.01,0.01,False,False,False,True,True,True
6,55,0.4194849615452883,1.3292248516186582,True,0.0065180950069041454,0.0008763875286601018,0.8255515696950753,0.06,0.39,True,True,True,True,True,True
8,61,0.49948717825480976,1.0697859760991566,True,0.7468179715605766,0.7309526832508638,0.7470573899786733,0.83,0.77,True,True,True,True,True,True
12,36,0.36043242178266577,0.5486678067147641,False,0.6105483671211959,0.5497999609212317,-0.21118893244185766,0.01,0.01,False,False,False,True,True,True
5,46,0.5611364250821933,0.35146593092564654,True,0.8136421629636099,0.8137920230282635,0.677807843717386,0.41,0.42,True,True,True,True,True,True
9,39,0.06806676776457651,0.5695165336461618,False,0.28014193680292776,0.2198619927305464,-0.20280937024574897,0.01,0.01,False,False,False,True,True,True
7,20,0.1002023370900049,1.0706695980781193,True,0.37426979817643313,0.30427799546727086,0.9823075481014611,0.68,0.76,True,True,True,True,True,True
3,37,0.11879195576939373,0.9045971611246026,True,0.5208895058339389,0.46854458275913874,0.9832036769683093,0.08,0.2,True,True,True,True,True,True
12,67,0.34231435474972266,0.39565675813171164,True,0.5697627526126311,0.5313082294365528,0.8565116519066565,0.93,0.92,True,True,True,True,True,True
9,60,0.05434578737505665,0.944852761321094,False,0.9290833426988515,0.9295803173376336,-0.18071546133365213,0.01,0.01,False,False,False,True,True,True
9,35,0.42866747884450995,1.0155247676863024,False,0.5766833151728423,0.5208268037292669,-0.23775714539784176,0.01,0.01,False,False,False,True,True,True
9,35,0.4477663091599645,1.253492913994701,True,0.016696890416161847,0.007445652888767184,0.8226698659712284,0.46,0.83,True,True,True,True,True,True
11,77,0.23002174641090062,0.349526945926701,True,0.474418012137643,0.42103429133441833,0.9331923074269606,0.74,0.73,True,True,True,True,True,True
9,46,0.5287441509896398,1.1231594435905676,False,0.9563587485376085,0.9422123589658542,-0.21011528526582657,0.01,0.01,False,False,False,True,True,True
11,27,0.21764915510019933,1.301995152460651,True,0.06557950056408313,0.04474453552843694,0.9462035056129605,0.33,0.34,True,True,True,True,True,True
3,13,0.42368702959284976,0.7009422471156199,False,0.9481630495908606,0.8787626094345065,-0.2975234209867419,0.01,0.01,False,False,False,True,True,True
7,73,0.2466311635243611,1.4075980732833606,False,0.19874274513792312,0.15624457177811116,-0.6567882474039632,0.01,0.01,False,False,False,True,True,True
10,54,0.2526303797827606,0.8926022238392934,False,0.852010147752714,0.8488175688185972,-0.2355537490931161,0.01,0.01,False,False,False,True,True,True
5,77,0.2043692865672378,0.976091797223495,False,0.48985209815120756,0.46312853907132945,-0.6739102045022409,0.01,0.01,False,False,False,True,True,True
3,16,0.11125422667770105,0.422562756691345,True,0.9961912159746781,0.934094123273926,0.9918521312086249,0.01,0.02,True,False,False,True,False,False
7,72,0.3664118864676564,0.3327402436472836,False,0.702735337692951,0.6890728869248647,0.3728378256309791,0.01,0.01,True,False,False,False,True,True
6,30,0.2954090084618278,1.6940876963006892,False,0.028636360808729666,0.014195127604450368,-1.7379817076502087,0.01,0.01,False,False,False,True,True,True
8,44,0.10678568708621658,1.1087286262712337,True,0.0021832875489650183,0.00024544291934771494,0.9897878671957379,0.8,0.78,True,True,True,True,True,True
9,49,0.3223932608414048,0.9374388149714032,True,0.9679377907070961,0.9369941554690853,0.8748376186023571,0.05,0.09,True,False,True,True,False,True
9,21,0.4677802892355904,1.5705782163671496,False,0.7777767253768143,0.7039454877804224,-0.30090484953440266,0.01,0.01,False,False,False,True,True,True
12,79,0.18249191404271103,0.33006808424087875,True,0.040411349632460736,0.03227448248937802,0.964391396124387,0.06,0.56,True,True,True,True,True,True
12,72,0.46115762736466637,0.4249041837292813,False,0.28242250126946966,0.2282895896429208,0.15541275014387623,0.01,0.01,True,False,False,False,True,True
10,62,0.3549414317963053,1.6288728066602356,True,0.6090459917234385,0.5772874600088007,0.8420021798144384,0.94,0.88,True,True,True,True,True,True
3,21,0.3682390861472065,1.1566456087533759,False,0.6634873956938481,0.5937911550089012,-1.470068072130291,0.01,0.01,False,False,False,True,True,True
8,79,0.44827066054520326,0.7855807029500644,False,0.9158980141206029,0.9123801406140423,-0.24683935250168343,0.01,0.01,False,False,False,True,True,True
11,16,0.05071523353383936,1.5185085840936439,False,0.8807133528466934,0.8035368737234713,-0.22572668827825804,0.01,0.01,False,False,False,True,True,True
6,27,0.3561287958275572,0.7459862733677759,True,0.361401877940997,0.30715556821618545,0.8482714371304352,0.07,0.11,True,True,True,True,True,True
7,67,0.08461956049822117,1.4578680603392,True,0.9434765967518823,0.9156019225514175,0.9916124800076764,0.43,0.39,True,True,True,True,True,True
3,52,0.10119862187901849,0.60007294741237,False,0.40781129113976367,0.38874673590293973,0.4223251674876154,0.01,0.01,True,False,False,False,True,True
5,66,0.5619923017213776,1.7782345402290523,False,0.5289499505098413,0.49207717935428485,-1.2679443738314147,0.01,0.01,False,False,False,True,True,True
7,71,0.32627809494925863,1.5118188987830423,False,0.34619331758520366,0.2851046732408106,-0.5366436748149839,0.01,0.01,False,False,False,True,True,True
12,67,0.48167083221274454,0.4555094753949127,True,0.7634820535940502,0.7543323070058521,0.7618069829411263,0.23,0.19,True,True,True,True,True,True
5,47,0.49718328859101696,1.3710994129014096,False,0.8042207910648804,0.7808249499805758,-0.5368619355788598,0.01,0.01,False,False,False,True,True,True
6,39,0.2746717506098468,0.5607766384173135,True,0.4746990960785584,0.42444251804835864,0.8975657727135269,0.16,0.16,True,True,True,True,True,True
4,19,0.40671181309967175,1.975192385835053,False,0.37579353221895917,0.2531296908866632,-1.6130984963748993,0.01,0.01,False,False,False,True,True,True
4,56,0.20959479761956368,1.8280778636044062,True,0.8181945775510997,0.7952664672823008,0.9543557519858246,0.11,0.19,True,True,True,True,True,True
10,37,0.5529208348374797,1.323870243840084,True,0.3437254582985464,0.2785030993418258,0.736556446592203,0.13,0.26,True,True,True,True,True,True
5,24,0.4303009906666099,0.4742357486532893,False,0.6090693061695471,0.5727688612699495,0.2588284830682632,0.01,0.01,True,False,False,False,True,True
10,11,0.5442322305421918,1.3815982944003131,True,0.07006187233851091,0.029900909696609506,0.7004140476348035,0.06,0.09,True,True,True,True,True,True
4,78,0.31396802041970134,0.9928983040285737,False,0.26637077173349244,0.22591296172650818,-1.8205114865226548,0.01,0.01,False,False,False,True,True,True
3,72,0.4348862070736774,0.7559275423210023,False,0.7325491946290933,0.751741597069004,-1.0404445481315312,0.01,0.01,False,False,False,True,True,True
9,11,0.0603276890199156,0.47087503157810534,False,0.6087643392589293,0.47213932401503644,0.4335574838206365,0.01,0.01,True,False,False,False,True,True
11,60,0.09936476187693304,1.877922615177266,True,0.7497881778150237,0.7303503566629876,0.9874145291390855,0.48,0.36,True,True,True,True,True,True
12,35,0.5234465645121565,1.2630722934613503,True,0.16089618887754986,0.11928323212231469,0.7575449881087941,0.4,0.44,True,True,True,True,True,True
3,79,0.43983699497515494,1.9756165698403534,False,0.03543624327716077,0.030338648598698198,-5.352835913619263,0.01,0.01,False,False,False,True,True,True
3,61,0.49193432771970835,0.9916295728824438,False,0.934741733197078,0.9184226342440717,-1.0638882722595926,0.01,0.01,False,False,False,True,True,True
12,24,0.28375299316531644,1.6292937509280083,True,0.23411658172641703,0.17947348622449116,0.909992570636606,0.03,0.11,True,False,True,True,False,True
7,23,0.5176112656695577,1.732120287457549,True,0.23065188775857604,0.17583897127374903,0.7703490137889837,0.32,0.51,True,True,True,True,True,True
8,34,0.35817900509575656,1.6551061015079704,False,0.8113475002315645,0.7773053814162164,-0.3328327920537093,0.01,0.01,False,False,False,True,True,True
4,17,0.458555262950831,1.755670200031387,False,0.247388139734124,0.17545253175955,-1.767783037149861,0.01,0.01,False,False,False,True,True,True
12,30,0.5347512318720029,0.7434584641832744,False,0.735617069685575,0.6920529016860926,0.04032425158907571,0.01,0.01,True,False,False,False,True,True
10,38,0.230912850935038,1.3140254420665813,True,0.05497127779869804,0.038802521369138095,0.94348776492413,1.0,1.0,True,True,True,True,True,True
10,73,0.30020667499302706,1.4329271593315098,False,0.09981523074147924,0.0751959092039523,-0.06891839996999871,0.01,0.01,False,False,False,True,True,True
3,62,0.23592446045435161,0.9576234300312976,True,0.6886369557984,0.7092280298172221,0.9191131421414843,0.51,0.46,True,True,True,True,True,True
6,76,0.5346223367424195,1.2051777132298649,True,0.5377607157545322,0.5062703581647567,0.754711274804826,0.95,0.86,True,True,True,True,True,True
5,62,0.14461789518088924,1.9135128340135517,False,0.08459368950236534,0.0662508217307935,-2.289359163819647,0.01,0.01,False,False,False,True,True,True
4,18,0.11773925887343416,1.2503936035535879,False,0.2418793188483087,0.1777421608011589,-0.8150713647071537,0.01,0.01,False,False,False,True,True,True
8,15,0.5222834753398966,0.9334978153698239,False,0.6456369609969569,0.5634775520880774,-0.3191392420932857,0.01,0.01,False,False,False,True,True,True
10,61,0.16332008660468444,1.7087276361697612,True,0.6660278607681116,0.6294538659840496,0.9656199542698982,0.83,0.88,True,True,True,True,True,True
5,63,0.5629979303346969,1.222882425027167,True,0.11074513670145902,0.0892439434298187,0.7449294360604398,0.09,0.12,True,True,True,True,True,True
12,78,0.5974437538498861,1.8650016385244743,False,0.06615764898744092,0.04946001385923901,-0.46380702488818226,0.01,0.01,False,False,False,True,True,True
9,73,0.17710696585204122,1.0525228402403854,True,0.9261812832767776,0.9196006244075152,0.9692624669805281,0.88,0.84,True,True,True,True,True,True
10,36,0.10136335342000405,1.5453641859083314,True,0.4382287269094951,0.36956758793046773,0.9864428685878823,0.25,0.21,True,True,True,True,True,True
9,47,0.14711576342076493,0.869704975889255,True,0.7059390389394566,0.686401983319105,0.9709047687729302,0.93,0.91,True,True,True,True,True,True
12,72,0.4860425722679194,0.7829590548446668,False,0.4531543558960911,0.39353624256866465,-0.2989300752302526,0.01,0.01,False,False,False,True,True,True
11,72,0.11865071258789923,1.7321775905259678,True,0.2881430699130739,0.23729870866447358,0.9847526104281767,0.91,0.91,True,True,True,True,True,True
5,17,0.38859359827448303,0.7424998134979768,True,0.6064884871471818,0.5338560926858138,0.7278656861179877,0.56,0.44,True,True,True,True,True,True
7,24,0.44244295244839826,0.9791140218695353,True,0.23560482889259582,0.16339306204425164,0.8132550304016636,0.38,0.43,True,True,True,True,True,True
7,41,0.33915212583944243,1.0695401515892384,True,0.5377432929250812,0.48704804400777235,0.8864637044757917,0.49,0.53,True,True,True,True,True,True
11,61,0.2827829369333196,1.4180087998852933,False,0.014444761804949136,0.011198985272853923,-0.09669724114781775,0.01,0.01,False,False,False,True,True,True
9,50,0.14587084269281742,0.704324567620653,True,0.3623936597596289,0.30401215953669675,0.9715852893463416,0.21,0.28,True,True,True,True,True,True
3,72,0.1739506148077857,0.8918328653078034,False,0.07763308166268679,0.06438210764979652,-2.3083389850412894,0.01,0.01,False,False,False,True,True,True
11,64,0.4632022695422964,0.5810740953176043,False,0.06984849436326945,0.05210706111371789,-0.04812632281051066,0.01,0.01,False,False,False,True,True,True
11,69,0.4633226869163872,0.5490658111826767,True,0.544776549598963,0.5149119642543446,0.7543654332568174,0.1,0.12,True,True,True,True,True,True
6,74,0.08423187777924028,0.8185559692115294,False,0.3719268401938377,0.31494576542153224,-0.7480010839140447,0.01,0.01,False,False,False,True,True,True
11,76,0.07503820482003762,0.6949548580160674,True,0.7683275776883483,0.7579919466425517,0.9923495992612483,0.68,0.62,True,True,True,True,True,True
8,55,0.18363776111331542,1.7734077947693832,True,0.8846143736692716,0.8617863152519536,0.9537300139155805,0.53,0.53,True,True,True,True,True,True
10,47,0.492317544206811,0.9060423175385919,False,0.5765902052432232,0.5413352276393004,-0.18673059452715068,0.01,0.01,False,False,False,True,True,True
12,20,0.5651482006315103,1.8168314284952738,False,0.04442814253961758,0.028160464301953986,-0.290580206871635,0.01,0.01,False,False,False,True,True,True
5,33,0.28490595019542364,1.368097659231474,True,0.040510920724450394,0.023184584913042518,0.9149470625934786,0.95,0.76,True,True,True,True,True,True
4,69,0.17710470987510363,1.2473444611557236,False,0.13336310452672573,0.11498982876524282,-1.4844636155136168,0.01,0.01,False,False,False,True,True,True
9,13,0.4365993895476136,1.3555026941603,False,0.7135842899000628,0.6375403207539918,-0.3542007051201084,0.01,0.01,False,False,False,True,True,True
10,55,0.09241173355318905,1.561347665425258,False,0.8218006911958087,0.7984904109448185,-0.2226080783148936,0.01,0.01,False,False,False,True,True,True
7,60,0.3122017853710242,0.4617101008727522,True,0.4107906095302264,0.354413763534562,0.8909204782975892,0.88,0.67,True,True,True,True,True,True
5,10,0.1534703650996122,1.2870871792389713,False,0.7801945237428788,0.6584451024842478,-0.3844088785575339,0.01,0.01,False,False,False,True,True,True
9,58,0.2212422984568656,0.8908517649866408,False,0.07871811257319361,0.05879783968000555,-0.5355539288982858,0.01,0.01,False,False,False,True,True,True
11,71,0.07257815971590106,1.3525738844464867,False,0.4086178182050796,0.3499531840034129,-0.41357181706311996,0.01,0.01,False,False,False,True,True,True
8,30,0.0787638887006187,0.5547086383455113,True,0.8633227908421421,0.8264882784550093,0.9924388683260842,0.63,0.52,True,True,True,True,True,True
8,56,0.06726982778523452,0.4195800758517752,True,0.21130855431491014,0.16537116282624303,0.9949278084524913,0.27,0.29,True,True,True,True,True,True
7,20,0.19387464088130718,0.3562707555007856,True,0.546434464163158,0.4642204018011352,0.9437691126319158,0.08,0.19,True,True,True,True,True,True
10,74,0.5997915728280545,1.1350169816669333,True,0.12849259671007118,0.0990201178058003,0.7019994590019061,0.33,0.18,True,True,True,True,True,True
4,58,0.08202427920879254,0.3730360338632691,True,0.9396361735989192,0.9365668581314273,0.9927163934794883,0.68,0.55,True,True,True,True,True,True
7,34,0.07756390424966816,1.7918935546369363,True,0.11462330064958026,0.08222721625501836,0.993200257154137,0.99,0.92,True,True,True,True,True,True
12,47,0.20373564008017608,0.3602754734744473,True,0.13071835158846834,0.09733829923985345,0.9609448574141195,0.9,0.74,True,True,True,True,True,True
12,46,0.16774064009222617,1.6391854890462896,False,0.1969785544271483,0.14416570533338124,-0.3112139917580219,0.01,0.01,False,False,False,True,True,True
9,79,0.24529075829677777,1.2702607233179208,False,0.8329611840282571,0.81559093391568,-0.12244704979711507,0.01,0.01,False,False,False,True,True,True
10,22,0.5495935496853802,0.6924607957630524,True,0.592700930747593,0.5374514680678053,0.6983331018707826,0.83,0.77,True,True,True,True,True,True
4,48,0.5225995941023687,0.8870074433598027,False,0.2045027725032268,0.1654156857742409,-1.6919974626601975,0.01,0.01,False,False,False,True,True,True
6,35,0.3041296115074126,1.7600372557669437,False,0.42267240459057076,0.36561963076575876,-0.5082518306299235,0.01,0.01,False,False,False,True,True,True
3,34,0.10243163928373397,1.0531600637047462,False,0.5597557175947467,0.44593272656254285,-0.8368266947563474,0.01,0.01,False,False,False,True,True,True
7,62,0.27196894125983206,1.5796727854615582,True,0.8065715342059468,0.7967866487210757,0.9179392218485343,0.52,0.67,True,True,True,True,True,True
12,64,0.09117624153905915,1.3236373828032033,True,0.765927984030694,0.7470362298062457,0.9881000655896018,0.35,0.32,True,True,True,True,True,True
12,41,0.21021986048341135,1.5705653190205804,False,0.9517809003469252,0.911842298403549,-0.15362750942099912,0.01,0.01,False,False,False,True,True,True
11,27,0.4737090765888869,0.9897604385775389,False,0.07301776698952933,0.049468676141023876,-0.09693676642668025,0.01,0.01,False,False,False,True,True,True
8,63,0.1410737775824772,1.6230958752682552,False,0.03692667163042762,0.030301020762956193,-1.350869702273914,0.01,0.01,False,False,False,True,True,True
9,65,0.5957543546381147,1.5590398174783937,True,0.13236303897492419,0.0980685747341487,0.7101737323082747,0.12,0.41,True,True,True,True,True,True
7,47,0.19051802601992196,1.1791602935774772,False,0.10026318652161592,0.07686046392517379,-0.5420340182177736,0.01,0.01,False,False,False,True,True,True
4,38,0.23710792926804286,1.703367284177155,True,0.17657071355259513,0.14722233956405134,0.9223706095669032,0.01,0.04,True,False,False,True,False,False
6,71,0.324402401001764,1.3791349156430355,True,0.9069917363346985,0.8962624813685932,0.8915048058544845,0.6,0.67,True,True,True,True,True,True
9,44,0.4447768881392,1.3453088086986584,False,0.9579820960832225,0.9484971987330992,-0.2459238293858148,0.01,0.01,False,False,False,True,True,True
5,54,0.5166064638302705,1.3605357502657014,True,0.25311133581151146,0.21540642582620606,0.7330669311809104,0.02,0.06,True,False,True,True,False,True
12,63,0.5568518094271739,1.367153876203092,False,0.42557798724600493,0.3592619209971271,-0.26853167017350743,0.01,0.01,False,False,False,True,True,True
12,72,0.2828773880041935,0.3761814007093788,True,0.21686297296381207,0.16787411601390467,0.9109461329257171,0.17,0.25,True,True,True,True,True,True
8,14,0.5395067196288148,0.7780019833203118,True,0.8756485129392529,0.7992918141813957,0.7400108692150039,0.11,0.07,True,True,True,True,True,True
7,22,0.0929285525896876,1.106157247076932,False,0.5855904260732775,0.5520984492210262,-0.477871235200795,0.01,0.01,False,False,False,True,True,True
9,11,0.20525678384783552,1.7151230915092552,False,0.6341990858613399,0.5288250347580792,-0.4434922061179598,0.01,0.01,False,False,False,True,True,True
7,51,0.5935890057519863,1.5834247325925601,True,0.14778578707654322,0.10688386124793975,0.7050152799307765,0.07,0.22,True,True,True,True,True,True
9,59,0.22073187837114605,1.1096263901727033,True,0.21573395074016866,0.1741261082324812,0.9519709273392211,1.0,0.98,True,True,True,True,True,True
10,49,0.33831954919814544,1.7973953374855083,True,0.5412733842124221,0.4982941335062466,0.8741905601873455,0.83,0.81,True,True,True,True,True,True
3,12,0.06922781082991615,1.610320150787578,False,0.5270870713659267,0.5741104773569554,-1.4397487654099126,0.01,0.01,False,False,False,True,True,True
11,57,0.47855653569525386,1.68009567137169,False,0.7412122828678404,0.7170418607814101,-0.24273017280035458,0.01,0.01,False,False,False,True,True,True
5,30,0.300383174373582,1.5450718141030133,True,0.793047510560426,0.739675061380668,0.8548430421814941,0.36,0.4,True,True,True,True,True,True
9,65,0.08200523439348109,1.7211912059123908,True,0.8262038917017878,0.8037270070198705,0.9917629204326757,0.75,0.72,True,True,True,True,True,True
5,30,0.11509873288103302,0.34824702748742287,False,0.9142664846648577,0.8970912788047765,-0.4120223170796671,0.01,0.01,False,False,False,True,True,True
9,48,0.47057661687290986,1.9170488317781444,True,0.6014901750927169,0.5826805580050222,0.7789687057474981,0.53,0.58,True,True,True,True,True,True
11,36,0.10666429466130214,1.724118156124797,True,0.9963042060995637,0.9675864526885549,0.9887270479164086,0.5,0.46,True,True,True,True,True,True
5,76,0.5739216371693712,1.969939654636485,True,0.33375149721676367,0.294786120381918,0.6589028876624405,0.76,0.57,True,True,True,True,True,True
6,76,0.3718899425659385,1.1229523628693554,True,0.25065187720542537,0.20943877887304116,0.8643697986697002,0.86,0.76,True,True,True,True,True,True
10,11,0.08588084955885095,1.023997200106202,True,0.7379061329401965,0.6860827419176605,0.9878591385854333,0.86,0.86,True,True,True,True,True,True
7,32,0.06210256572069401,1.8054107172584606,False,0.20696815353996723,0.15627028053284683,-0.6034915650505885,0.01,0.01,False,False,False,True,True,True
9,75,0.3000442351372639,0.304911464774241,True,0.5768232676262,0.5500233158835294,0.8963627539979975,0.05,0.07,True,False,True,True,False,True
11,40,0.570782444209527,1.6838347807349494,False,0.4741888879727697,0.41267233084761284,-0.38521314420884845,0.01,0.01,False,False,False,True,True,True
6,19,0.5560230863174364,1.2335640873998868,True,0.5438065960276318,0.47542347703408894,0.7063223101737688,0.71,0.65,True,True,True,True,True,True
7,63,0.20849991961562747,0.5872019980107215,False,0.2988245156993564,0.2393427415382821,-0.23606794017127752,0.01,0.01,False,False,False,True,True,True
5,50,0.5291489599042699,1.3885640861206638,True,0.4920684970444916,0.45410776061578356,0.7576701049073095,0.78,0.82,True,True,True,True,True,True
9,29,0.5097317935448225,1.4863812063482826,True,0.8673109975442793,0.86150542797001,0.7461071704466818,1.0,1.0,True,True,True,True,True,True
10,75,0.4163924370201837,1.4898459190742777,False,0.7764362233477758,0.7725946384582089,-0.2697588811905658,0.01,0.01,False,False,False,True,True,True
3,22,0.1115720425043159,1.463243188919877,False,0.5139780813857963,0.4960217591207077,-1.4488939090865602,0.01,0.01,False,False,False,True,True,True
11,41,0.35611180230300193,1.4692663040697116,True,0.43836521753407753,0.3605496187428403,0.8747357330748229,0.95,0.88,True,True,True,True,True,True
4,18,0.07165186307592815,0.8701571021161467,True,0.09889040217418699,0.05577931091437982,0.9941717297461321,0.71,0.54,True,True,True,True,True,True
11,43,0.2031798502663768,1.0256765598948614,True,0.8517211671312237,0.8179501094389763,0.9500014045095425,0.33,0.35,True,True,True,True,True,True
12,34,0.5733437890436804,0.6139764382968553,False,0.6651984138052884,0.6383336872001824,0.057499598554815345,0.01,0.01,True,False,False,False,True,True
8,45,0.06735104439494713,1.8495874242134382,True,0.8025577795126358,0.7879084821036928,0.9945380565465559,0.77,0.69,True,True,True,True,True,True
7,67,0.2613036636921051,0.4764341699633071,True,0.4773021299457546,0.4378427892895997,0.9026132805091618,0.04,0.22,True,False,True,True,False,True
5,45,0.22771851265494253,1.6319914076556878,True,0.8240671863886005,0.8314524008954443,0.94350219932189,0.47,0.52,True,True,True,True,True,True
4,45,0.21832371884036222,1.2452928125497673,True,0.7466231184428985,0.6899074172745401,0.9475554300108457,0.23,0.26,True,True,True,True,True,True
5,25,0.2335095500106677,1.9459511322065803,True,0.649898495178308,0.5994622443960876,0.9295643045228422,0.42,0.35,True,True,True,True,True,True
5,72,0.4789306498389504,0.3001289911951623,True,0.5633329017537063,0.5537097694650018,0.7548620551700452,0.19,0.32,True,True,True,True,True,True
8,37,0.13485746978496416,1.3094631907904366,False,0.44435005114887716,0.38477907460375305,-0.27145074914407963,0.01,0.01,False,False,False,True,True,True
9,79,0.5444657715433593,0.5894637158398308,True,0.5363674297436507,0.5039726227254433,0.7062133030776081,0.35,0.29,True,True,True,True,True,True
7,23,0.3591918753584641,1.4373353549806396,True,0.5775271640898069,0.514735705927537,0.8317733146044064,0.93,0.94,True,True,True,True,True,True
5,36,0.3580104163211687,0.529068821435549,True,0.8722822380375534,0.813396053161951,0.8567598689736657,0.43,0.43,True,True,True,True,True,True
7,58,0.5698636390164047,0.7571012155137855,True,0.6269710986262197,0.6132778102993618,0.67308730583495,0.86,0.81,True,True,True,True,True,True
3,33,0.3762816064160022,0.5843980176869226,False,0.08542788352368391,0.0610819887779362,-6.011257085085126,0.01,0.01,False,False,False,True,True,True
6,47,0.09705213240534749,1.8920059146637034,False,0.9868352441716797,0.9180941099766632,-0.4446965952031614,0.01,0.01,False,False,False,True,True,True
6,41,0.46391521589792944,0.7497239360578003,False,0.5769527493576606,0.538907212849121,0.46949600438284067,0.01,0.01,True,False,False,False,True,True
12,75,0.5506125946558031,0.9799412988069647,True,0.6302542248441384,0.6084305153204779,0.6804703891824055,0.47,0.39,True,True,True,True,True,True
8,64,0.4813869742044622,1.6143638900298019,True,0.8130079499256504,0.8011654500724249,0.7634349844848626,0.64,0.68,True,True,True,True,True,True
7,55,0.32816744977607465,1.772543196943245,True,0.796993853135235,0.7773127082199213,0.8727312075322926,0.32,0.32,True,True,True,True,True,True
8,50,0.3381036026787113,1.4061361620139499,False,0.636478154205917,0.6049590794226664,-0.3833171085265279,0.01,0.01,False,False,False,True,True,True
3,71,0.4856407174402502,0.34835385163111776,True,0.7347248933733128,0.7499797336383733,0.7304996466150111,0.43,0.42,True,True,True,True,True,True
12,50,0.40445746063967536,1.5665238123452132,False,0.16108654215698148,0.12172966259589794,-0.48463237450638164,0.01,0.01,False,False,False,True,True,True
11,61,0.3293011480820896,0.42403026965039736,True,0.7108721129507323,0.6930904874837535,0.850981395288425,0.07,0.09,True,True,True,True,True,True
12,67,0.08812426414247265,0.4719172135334282,False,0.7075018774331473,0.677415958631138,0.029485718335199196,0.01,0.01,True,False,False,False,True,True
10,39,0.2576679892131736,0.683670867686513,True,0.5035700070808495,0.45133424602887534,0.9152375090575311,0.01,0.03,True,False,False,True,False,False
9,26,0.13074351995113467,1.8954040348190726,True,0.7902382975266108,0.7619423777512613,0.9778822024211583,0.98,0.97,True,True,True,True,True,True
10,68,0.498226698720467,0.5157162183736589,False,0.7560918185134721,0.748924545179199,-0.07952233803087805,0.01,0.01,False,False,False,True,True,True
9,71,0.312041693573371,0.7058614288302305,True,0.019754216935394475,0.01606087527637316,0.9071895059297127,0.01,0.04,True,False,False,True,False,False
6,43,0.19207870560324702,1.070215017853313,False,0.4066895951653259,0.34361739368606475,-0.7490018970290626,0.01,0.01,False,False,False,True,True,True
11,78,0.5487873909506502,0.8563133369078242,False,0.5889662024934563,0.563232291440629,-0.34149215286974477,0.01,0.01,False,False,False,True,True,True
6,46,0.20062086347145297,0.6039640402813911,True,0.46622396604941085,0.41523533768999626,0.9392516866907006,0.49,0.42,True,True,True,True,True,True
9,16,0.5918644643479163,0.8519235979907918,True,0.5717300399927001,0.5164870924134286,0.6055196777041464,0.76,0.77,True,True,True,True,True,True
11,37,0.16462090374486216,1.7218676229684056,False,0.9008847568868787,0.8867123768102071,-0.18613320354631946,0.01,0.01,False,False,False,True,True,True
5,74,0.4090712127582136,0.997066579568709,True,0.9443922363851128,0.939981526122347,0.8466900057624595,0.32,0.21,True,True,True,True,True,True
10,77,0.3628462227317402,0.38029458054581267,True,0.6902738928592578,0.6653866998160157,0.8490098769385261,0.45,0.52,True,True,True,True,True,True
12,77,0.05276396071133643,0.407444764337621,True,0.06874708848039435,0.05090957512724764,0.9967694821539892,0.98,0.96,True,True,True,True,True,True
6,14,0.15981597207319892,0.5832171010427543,False,0.976241334145789,0.8015520110602302,-0.2656806905697391,0.01,0.01,False,False,False,True,True,True
3,56,0.17478207446014368,0.3967005598001068,True,0.6991132623794759,0.6699277636110988,0.9554975342414679,0.6,0.6,True,True,True,True,True,True
12,32,0.3239947894772255,1.6642454199662242,False,0.08831191965808449,0.06049876454078315,-0.3665883122582081,0.01,0.01,False,False,False,True,True,True
11,49,0.17197601569358523,0.5305490806970539,False,0.6272547120786434,0.5985192457254634,-0.04053006568392847,0.01,0.01,False,False,False,True,True,True
10,64,0.5329963394404093,1.3268137531842108,True,0.17419837483482448,0.13599501664611063,0.7513964776228004,0.82,0.72,True,True,True,True,True,True
9,14,0.27444163178637476,1.644310939406642,True,0.9596169785142326,0.8426248957242516,0.9212862426583216,0.65,0.6,True,True,True,True,True,True
12,77,0.25139955463306035,0.5899576937222734,False,0.4455969808541974,0.3782333119512035,-0.23605316666579879,0.01,0.01,False,False,False,True,True,True
11,53,0.3715832500616887,1.5192050219625006,True,0.7210735885106886,0.6972147902898425,0.8364220865482641,0.11,0.08,True,True,True,True,True,True
12,64,0.19717364176457658,0.5190020746229036,True,0.5493969018310709,0.5039780076639502,0.9517371362594776,0.04,0.1,True,False,True,True,False,True
12,16,0.20301158534178526,1.351611869809989,True,0.867463519307434,0.7829081968872398,0.9519883170153832,0.58,0.55,True,True,True,True,True,True
5,68,0.3110577492096701,0.6062335326042569,True,0.08363358373894081,0.07347095610752766,0.8949172207130307,0.02,0.07,True,False,True,True,False,True
7,28,0.4100126152786713,1.7981811650607935,False,0.6436755859159841,0.5823521115231763,-0.16925093445875694,0.01,0.01,False,False,False,True,True,True
4,60,0.5644885296754028,1.9615747620102613,True,0.685410709579416,0.6637051834073563,0.6891838745447534,0.11,0.16,True,True,True,True,True,True
5,73,0.28057669269509156,1.375444827197414,True,0.2859187439515979,0.24349847308362643,0.9076811705409347,0.99,0.95,True,True,True,True,True,True
11,73,0.3136636180168464,0.8237226429871809,True,0.863397858554594,0.8500112854915576,0.8953192328059146,0.42,0.4,True,True,True,True,True,True
11,34,0.21352622580146524,0.5540255447911888,True,0.1887528376642411,0.13360150670947724,0.9521170102708626,0.1,0.19,True,True,True,True,True,True
8,37,0.21816983621198632,1.4686175731909412,True,0.5969720097111532,0.561461928717019,0.9412690234849331,0.97,0.92,True,True,True,True,True,True
10,54,0.36698720986469074,0.9051923295135336,True,0.2778835857909735,0.22072809904606439,0.8655337859995543,0.82,0.94,True,True,True,True,True,True
9,27,0.05329012394463853,0.5117283991415318,True,0.28301161859548896,0.2219251695618322,0.9957782514633995,0.01,0.05,True,False,False,True,False,False
10,50,0.5014954615807602,1.733943366947781,True,0.4521782592120507,0.38648170734299353,0.7736583611133153,0.79,0.69,True,True,True,True,True,True
12,64,0.512663578885967,1.265029421232476,False,0.9073595362238298,0.8793567833303798,-0.19711942767687884,0.01,0.01,False,False,False,True,True,True
7,46,0.40831239476394626,0.4195107853978258,True,0.5024026126863234,0.45124540743596675,0.8009307925439496,0.47,0.44,True,True,True,True,True,True
9,63,0.18437381554540228,1.3039202844970235,True,0.5816676108170145,0.553293710774819,0.954402543276924,0.32,0.44,True,True,True,True,True,True
5,77,0.43743474754170114,1.8087666331189662,True,0.17075030970963156,0.13430408017637044,0.8362722658916723,0.99,0.84,True,True,True,True,True,True
4,55,0.5542064246252939,1.9215824458348922,True,0.12067919337146649,0.10077230582224143,0.6968321016407177,0.04,0.31,True,False,True,True,False,True
9,26,0.43494115530414745,1.826298131645869,True,0.5476995258825678,0.4820483762591922,0.8121642495493557,0.96,0.98,True,True,True,True,True,True
7,71,0.4537564147200347,1.1745945525680548,False,0.7226453491215635,0.6989631396233731,-0.38471462030332937,0.01,0.01,False,False,False,True,True,True
10,41,0.3501068458010307,0.37910846056499914,False,0.29504359271891933,0.23959071885371774,-0.18743270978128357,0.01,0.01,False,False,False,True,True,True
10,73,0.5657386793127015,1.1299179541513336,False,0.5318417681292865,0.4868177714379022,-0.20985553103847288,0.01,0.01,False,False,False,True,True,True
3,49,0.19713072152883654,1.251864081595575,True,0.5948020729685329,0.6150515414383781,0.9518614064442924,0.25,0.29,True,True,True,True,True,True
4,67,0.24332162710928384,0.9493410242883442,False,0.5786896461616877,0.5772143636427699,-1.0453047231289352,0.01,0.01,False,False,False,True,True,True
10,44,0.20579420911786017,1.72155405072276,True,0.17776100861180033,0.1389761261428242,0.9527737596870024,0.97,0.92,True,True,True,True,True,True
12,38,0.545429507327896,0.8511141817968859,False,0.45461791646812233,0.3894643189718589,-0.2540832820455765,0.01,0.01,False,False,False,True,True,True
10,17,0.3381426397772328,1.2021284773282048,True,0.22611695253633113,0.16434705504388317,0.8756913046090735,0.04,0.36,True,False,True,True,False,True
4,35,0.08505264809439671,1.6701117456507915,True,0.24942826805350227,0.20303132482088895,0.9889436756396812,0.17,0.17,True,True,True,True,True,True
5,41,0.12668272433208683,1.2328852839800917,True,0.2940304860402406,0.24489528942881428,0.9752584730343974,0.01,0.13,True,False,True,True,False,True
12,42,0.5653217139597151,1.851064199445568,True,0.5002903683131418,0.44109511103920485,0.74280146227228,0.16,0.21,True,True,True,True,True,True
8,65,0.5745328476721743,1.0829592125865,False,0.18917677632395724,0.14738475626767403,-0.3635358393055148,0.01,0.01,False,False,False,True,True,True
7,70,0.553303663266969,0.9107801373369337,True,0.08126499850395164,0.06406210966321732,0.7300046685170074,0.01,0.01,True,False,False,True,False,False
5,76,0.4199188090998337,1.2119873494456834,True,0.9378853796702465,0.929696332058921,0.8475951303033922,0.56,0.51,True,True,True,True,True,True
11,75,0.1268716215952715,0.9172586132211302,True,0.0006529497502130166,1.3264468875570669e-05,0.9831956571238603,1.0,0.85,True,True,True,True,True,True
5,46,0.3993497359078189,0.8551002284720255,True,0.5778329881088784,0.5471237184639017,0.8140074099806975,0.01,0.01,True,False,False,True,False,False
5,42,0.27048744047771395,1.6906991867540209,False,0.8795182140913248,0.8779141695849205,-0.5610339793650889,0.01,0.01,False,False,False,True,True,True
4,36,0.22081609020768972,1.41659543539482,True,0.8670794039017549,0.8120635936835936,0.9421171380613984,0.42,0.36,True,True,True,True,True,True
10,28,0.1286520534801597,0.6447212680111936,False,0.553586963166039,0.4880866337088145,-0.2637233044505003,0.01,0.01,False,False,False,True,True,True
9,46,0.46944264024631593,0.3404739148640166,False,0.8993787534476088,0.8913096855750777,0.4379531568926467,0.01,0.01,True,False,False,False,True,True
5,24,0.57751979000788,1.6457021382848394,True,0.4560431904819674,0.4225735993373091,0.658251133579109,0.8,0.66,True,True,True,True,True,True
5,49,0.3958144781963872,0.6462098935643846,False,0.7740057008020311,0.7644135809423032,-0.5493218822057504,0.01,0.01,False,False,False,True,True,True
10,28,0.3479680557326783,1.3171838102952405,True,0.6433272339816076,0.6034012834470072,0.8327380307283632,0.06,0.08,True,True,True,True,True,True
5,38,0.4974460597812623,1.2461822735193488,True,0.6808458710171794,0.6426721660681289,0.7178982623470345,0.16,0.19,True,True,True,True,True,True
6,17,0.1725738701223835,1.479399610678723,False,0.8907228350955939,0.850946215296489,-0.3932862065565059,0.01,0.01,False,False,False,True,True,True
6,21,0.34477375137171207,1.2652741322622907,False,0.2850614341310094,0.2406397609354291,0.14981580004443573,0.01,0.01,True,False,False,False,True,True
10,44,0.32790276032664445,1.1256780285804615,False,0.6767832475912267,0.655390219116768,-0.10011439548749301,0.01,0.01,False,False,False,True,True,True
12,52,0.13412509432908049,1.3586367323292305,False,0.032102370133853975,0.025631053843106065,-0.2789221205378636,0.01,0.01,False,False,False,True,True,True
6,65,0.14784720335222185,0.6454320039416348,False,0.08358681851945338,0.06941047597547619,-0.7116366974303725,0.01,0.01,False,False,False,True,True,True
10,18,0.34114727671550615,0.727964451366161,False,0.6831572645419183,0.6051921789648512,-0.21717889931135903,0.01,0.01,False,False,False,True,True,True
8,71,0.4360130043199996,1.426246439837227,True,0.7725556817662553,0.7685099086636678,0.7820208488428964,0.09,0.09,True,True,True,True,True,True
9,68,0.22956988609176926,1.6485943838709776,False,0.23140597820637088,0.1863770809982845,-0.2388961095942752,0.01,0.01,False,False,False,True,True,True
5,55,0.055907860107860724,1.8366453533698794,True,0.43125589155349797,0.3833342552219293,0.9954306199312924,0.51,0.49,True,True,True,True,True,True
10,43,0.20297560547900306,1.651300302561333,False,0.5010802070604694,0.44690344876071514,-0.15897273620090546,0.01,0.01,False,False,False,True,True,True
9,75,0.06977076268712881,1.3527973133140874,True,0.2827989745316434,0.22974058545998638,0.994735225464074,0.25,0.22,True,True,True,True,True,True
6,19,0.09203887528637839,0.33660496979662496,True,0.7741622320514969,0.703031261008132,0.9879132668072658,0.66,0.66,True,True,True,True,True,True
7,40,0.4561094912902575,0.8055231393839402,True,0.7334070867663834,0.7144231236032256,0.8046573658727508,0.11,0.2,True,True,True,True,True,True
6,64,0.1822838952500579,1.4117499126616715,True,0.7016541429091834,0.6985158286072656,0.9652051810552157,0.95,0.96,True,True,True,True,True,True
5,70,0.49396588999401253,1.2619424356580318,True,0.1895570284265502,0.1408445137183021,0.7591367475975015,0.98,0.92,True,True,True,True,True,True
6,66,0.08213156735054179,0.3516059773366352,False,0.16842786165483847,0.13462234800003142,0.19369009147991478,0.01,0.01,True,False,False,False,True,True
10,43,0.4907983479037831,0.362430149008413,False,0.9150994539690216,0.8825440986463763,0.19589038640103051,0.01,0.01,True,False,False,False,True,True
8,27,0.07629271270010574,0.6023682675092807,False,0.7384709596275291,0.6883511896757492,-0.08101217117510306,0.01,0.01,False,False,False,True,True,True
5,39,0.08894831077278112,1.6775746751487974,True,0.35637248683017897,0.29991429654310653,0.9903871170299012,0.99,0.96,True,True,True,True,True,True
9,41,0.12649220197348846,0.6858830248055159,True,0.6146929589546918,0.5628986042440711,0.9784862765939417,0.9,0.8,True,True,True,True,True,True
7,36,0.5535092298125867,1.1868478644872835,False,0.47270063961238207,0.4091781152162594,-0.7113976479214559,0.01,0.01,False,False,False,True,True,True
6,39,0.2487975955698632,1.5049398277426207,False,0.5433195127111395,0.48672659699455423,-0.7108289318194101,0.01,0.01,False,False,False,True,True,True
8,55,0.1382103846358249,0.9345406212841851,True,0.4449202498144569,0.36801305333189804,0.977296140109545,0.83,0.63,True,True,True,True,True,True
11,34,0.10776258735876992,1.6193909113719318,False,0.9930216021066315,0.9495256707813046,-0.1948755221012668,0.01,0.01,False,False,False,True,True,True
8,51,0.17375965230257842,1.454963439727715,False,0.3422994259603688,0.28546972725582476,-0.6064806318245191,0.01,0.01,False,False,False,True,True,True
6,65,0.2058814689632144,1.753506689161036,True,0.6533119304254197,0.6183333657284016,0.9410302800313352,0.95,0.92,True,True,True,True,True,True
12,74,0.4420480930114028,0.9665388696628796,False,0.135544281604145,0.10454275885758282,-0.5142724687088753,0.01,0.01,False,False,False,True,True,True
12,16,0.05554901100664353,1.4465879599179905,False,0.3244352679229109,0.24221016162583162,-0.3765787654296482,0.01,0.01,False,False,False,True,True,True
8,62,0.18529635126546,0.45896688499663885,True,0.1274176713163101,0.09565706277288684,0.9640355823362403,0.98,0.9,True,True,True,True,True,True
9,46,0.16080844668800967,1.8531688497299426,True,0.34848929739438383,0.28993067322749333,0.9695302332462163,0.64,0.64,True,True,True,True,True,True
3,63,0.32443956707229266,1.0137264045500316,True,0.7011614067732056,0.6875454146230293,0.8665909362899048,0.44,0.34,True,True,True,True,True,True
3,36,0.24631947639499885,0.3175646669549114,True,0.4403865583996085,0.3986237359567628,0.9116208010914171,0.63,0.52,True,True,True,True,True,True
7,17,0.40317074663581826,1.3447712334984667,False,0.03194372819803337,0.008711036097758265,-0.9712203344567827,0.01,0.01,False,False,False,True,True,True
9,60,0.07601898079467481,1.4822525538403757,True,0.2774833271711983,0.2176514728444285,0.9935015688387666,0.94,0.86,True,True,True,True,True,True
10,43,0.3372164128595848,1.7330579925891219,True,0.4236010094049103,0.3665195337563736,0.8823495908563128,0.23,0.31,True,True,True,True,True,True
9,12,0.23632489448928484,1.7638085816228415,False,0.0608750813035307,0.03805325414218092,-0.8555445826973616,0.01,0.01,False,False,False,True,True,True
9,20,0.05371214862572729,1.7619588916883862,True,0.9083725549092223,0.9006625877201498,0.9956502357532245,0.72,0.69,True,True,True,True,True,True
8,46,0.4789119983594967,1.6875785895992865,False,0.10498598449622842,0.0748157561017719,-1.0082452297482924,0.01,0.01,False,False,False,True,True,True
10,58,0.533085213853742,0.40330948551431306,False,0.19068590980811773,0.14911020740402692,0.017974391148056656,0.01,0.01,True,False,False,False,True,True
6,45,0.3156223630265519,1.173902295435492,False,0.5006284535825788,0.45791849163046255,-0.28414145119445466,0.01,0.01,False,False,False,True,True,True
7,50,0.17155614846336925,1.4840402541584292,False,0.6975885189619895,0.6670355289901355,-0.41670488830082997,0.01,0.01,False,False,False,True,True,True
4,43,0.2756114828874261,0.503712647101791,False,0.4291181529925112,0.40362365260398186,-0.38041726764441397,0.01,0.01,False,False,False,True,True,True
8,28,0.3053540455360742,1.3360629624428617,False,0.1566351733354039,0.11406096854119682,-0.3097419809340056,0.01,0.01,False,False,False,True,True,True
3,49,0.3889729173910379,1.0000269939494817,False,0.37790062698109494,0.370210758824329,-2.509845550422853,0.01,0.01,False,False,False,True,True,True
9,60,0.34217211911808176,1.8741121435408716,False,0.4548916926420944,0.4046456895211973,-0.27377091202413717,0.01,0.01,False,False,False,True,True,True
3,35,0.4525690666275273,1.5012089242342008,False,0.1205285990160071,0.08802293874648366,-5.773264566519284,0.01,0.01,False,False,False,True,True,True
12,31,0.11666269732636478,0.4360696022292553,False,0.415904188137347,0.3481055829881778,-0.012670312661873018,0.01,0.01,False,False,False,True,True,True
9,27,0.42434130528749275,1.8163510610056077,True,0.32270082274370415,0.24220089958781207,0.8091497445121466,0.2,0.17,True,True,True,True,True,True
9,41,0.2786185864871153,1.2342412988264737,True,0.8792428838971642,0.8707983188615385,0.9088866931102582,0.32,0.25,True,True,True,True,True,True
10,44,0.445817656967224,1.431264620630883,True,0.17621644183688756,0.1363363175171297,0.7732500782646365,0.82,0.96,True,True,True,True,True,True
12,12,0.20469962965250643,1.9723840773166885,True,0.18718626230473956,0.1114252215752606,0.9623186018291457,0.04,0.1,True,False,True,True,False,True
11,22,0.4274516040491786,1.558951236809784,False,0.6836253370930092,0.6241674007544341,-0.2909189728914867,0.01,0.01,False,False,False,True,True,True
4,44,0.1343053322669429,0.5361001218667291,False,0.5702606471154686,0.5582726871136042,-0.604040607373937,0.01,0.01,False,False,False,True,True,True
12,53,0.05088686864140022,1.91414570665671,True,0.32918131353857083,0.27491382972843653,0.9964502108402905,0.49,0.53,True,True,True,True,True,True
7,68,0.35022986742489315,0.9567569373587672,True,0.9446794002649855,0.9287973839070544,0.8713036729981425,0.98,0.97,True,True,True,True,True,True
4,39,0.5185909717773278,1.7843214636944376,False,0.4560442389122631,0.43251163312165186,-1.0896244176227006,0.01,0.01,False,False,False,True,True,True
8,53,0.5704392946427871,1.1169875964341132,True,0.3734474043880782,0.3167816391332602,0.73174081358247,0.38,0.4,True,True,True,True,True,True
7,36,0.11495950163867572,1.7626255045029875,False,0.7553004166050893,0.719195683709694,-0.42326542805707645,0.01,0.01,False,False,False,True,True,True
7,21,0.25517225269779553,1.5311216303421062,True,0.11562497479276268,0.0801299765067384,0.9286437005668416,0.84,0.75,True,True,True,True,True,True
3,13,0.3263201214808359,0.9375958312453734,False,0.3725545442546694,0.3133426829030987,-1.482172731792836,0.01,0.01,False,False,False,True,True,True
8,77,0.17362229055933404,0.3799001761917258,True,0.46352635871757664,0.4131518945417402,0.96613878755288,0.87,0.75,True,True,True,True,True,True
6,41,0.2968826192514838,0.9120777004510114,False,0.2761868003972575,0.2258769646884937,-1.1619774079202618,0.01,0.01,False,False,False,True,True,True
12,45,0.35587390498558497,1.7481281509845592,True,0.2053054481831822,0.15876102399574976,0.8755143030319124,0.01,0.18,True,False,True,True,False,True
9,33,0.4556040176738045,1.4447625228633492,True,0.017894194517507178,0.012797504298522255,0.8185982911852134,0.35,0.84,True,True,True,True,True,True
4,23,0.3242644237689571,0.9152647187837883,False,0.7720369606177601,0.7486440394333863,-0.17881233993145274,0.01,0.01,False,False,False,True,True,True
4,37,0.2628790060252783,1.9833338886198506,False,0.9849930876525312,0.9386583737665624,-0.5624802686927932,0.01,0.01,False,False,False,True,True,True
7,63,0.0672149130210313,0.8916910314709465,False,0.5597103871006168,0.5408496466526076,-0.4530885440691512,0.01,0.01,False,False,False,True,True,True
5,40,0.46066050643491624,1.4539018142231197,False,0.47487553263050464,0.4286408934605744,-0.7415427012640414,0.01,0.01,False,False,False,True,True,True
8,47,0.4535881882339514,0.8185263172218775,False,0.5894327871492858,0.5548743673970208,-0.4539806674720799,0.01,0.01,False,False,False,True,True,True
7,36,0.07412072578002599,0.509005178943292,True,0.1733525105148872,0.13265797437298185,0.993636092479339,1.0,0.96,True,True,True,True,True,True
12,75,0.38088171931956527,0.7246180362533414,False,0.29217783344254,0.24033980074906014,-0.1241112712882877,0.01,0.01,False,False,False,True,True,True
12,18,0.13924023609467356,1.4948840073514515,False,0.409223874034665,0.3223273372611624,-0.39348695055735483,0.01,0.01,False,False,False,True,True,True
7,54,0.46944118583940436,0.995917920704541,True,0.8972381521190371,0.9001007390751073,0.7639696654730062,0.22,0.32,True,True,True,True,True,True
11,61,0.2690032507875994,0.9987355888008331,True,0.3472969981942946,0.2882516952623232,0.9141060688077747,0.11,0.22,True,True,True,True,True,True
9,22,0.3384536781278735,0.9847871846676466,False,0.47736599040683214,0.3935974391844316,-0.36081559067341273,0.01,0.01,False,False,False,True,True,True
5,25,0.1635626953658541,0.9018657841657345,False,0.3312674715549605,0.28084363736100426,0.2548486469040273,0.01,0.01,True,False,False,False,True,True
6,74,0.5774483326706328,0.40578610772723667,True,0.10195386893386305,0.08128368897818872,0.7447850092651067,0.73,0.6,True,True,True,True,True,True
5,50,0.5799272581848388,1.778971419755145,True,0.04203029552402393,0.03309230202899055,0.7240814473932713,0.26,0.17,True,True,True,True,True,True
9,18,0.5156112397600264,0.8885094722315594,True,0.48089814379993245,0.36949250950721146,0.7063223029017174,0.55,0.56,True,True,True,True,True,True
8,17,0.34283639880676137,1.9186383487535925,False,0.9629333627277614,0.8864372567228765,-0.2590791136077326,0.01,0.01,False,False,False,True,True,True
6,13,0.5116115973395982,0.5756763080676153,False,0.20822142519398146,0.1300602025890711,-0.3686381172761355,0.01,0.01,False,False,False,True,True,True
11,52,0.3655443925863687,1.2468667731108958,True,0.2737729649646926,0.22330053201776523,0.8612936241904903,0.59,0.55,True,True,True,True,True,True
9,16,0.14098512554854636,1.3097475144537971,True,0.9876596392693575,0.866827728029056,0.9746605647736231,0.27,0.31,True,True,True,True,True,True
3,77,0.3309468336314731,0.31688440039856963,False,0.13776063357838375,0.11786189806238175,0.617809135672152,0.01,0.01,True,False,False,False,True,True
4,68,0.3209809193133395,1.0874425593178056,False,0.19527498387107212,0.1638491397092593,-1.909684944220686,0.01,0.01,False,False,False,True,True,True
4,18,0.2648328157431507,0.5989466394619807,True,0.8999437287576065,0.9070949662740387,0.9124732217723261,0.55,0.57,True,True,True,True,True,True
10,16,0.14151163907217107,1.583152071757032,True,0.13990763710258813,0.08344639276928632,0.9807392304999693,0.27,0.76,True,True,True,True,True,True
7,32,0.5182456007456876,0.8577980564434549,False,0.5756693976921315,0.5215225387170092,-0.5169748849005871,0.01,0.01,False,False,False,True,True,True
12,37,0.19093907462986315,0.760407844027206,False,0.030251896573844972,0.02061333922748344,-0.1655144549452654,0.01,0.01,False,False,False,True,True,True
10,76,0.15046235927568719,0.5689669168585557,False,0.947920190534873,0.9320543885505413,0.04590560533339105,0.01,0.01,True,False,False,False,True,True
8,22,0.08145379622890336,0.39209663918735516,True,0.6140903395608424,0.5534672606759534,0.990353834836333,0.39,0.47,True,True,True,True,True,True
9,61,0.4171639955440596,1.029443913894431,False,0.47061762575174015,0.4105928580982676,-0.4235114312038988,0.01,0.01,False,False,False,True,True,True
8,47,0.4171020088836751,1.2925930028870656,False,0.9250022760080837,0.9038882553641325,-0.10610528930158103,0.01,0.01,False,False,False,True,True,True
11,33,0.4179476568756666,0.5976121198764474,False,0.5789717043115901,0.5161825600130117,0.09274285629746315,0.01,0.01,True,False,False,False,True,True
6,20,0.5673145028278296,0.999477502326918,False,0.3165641323023477,0.2278669962220866,-0.5585090171449285,0.01,0.01,False,False,False,True,True,True
9,52,0.2122905267088312,1.1700930512453598,False,0.3212938894809705,0.26514999260553523,0.1395118321650577,0.01,0.01,True,False,False,False,True,True
5,69,0.2224781093511355,1.1442818682647813,True,0.17021226121192523,0.13449847061894538,0.9351054457799386,0.01,0.07,True,False,True,True,False,True
11,39,0.5335933873175683,0.9664438340169879,True,0.5582841446558386,0.5135119970468173,0.7102479430268034,0.49,0.54,True,True,True,True,True,True
4,77,0.10486278582615143,0.3941994728489172,True,0.213014096370033,0.17239985685488032,0.9855561021280317,0.96,0.89,True,True,True,True,True,True
6,44,0.06632046651251047,1.7612508983287707,True,0.5441484440865962,0.49370701509200593,0.9946035702297261,0.4,0.46,True,True,True,True,True,True
9,20,0.166216584891703,1.7982533293524314,False,0.672317655727932,0.6140206501500942,-0.052839513972756436,0.01,0.01,False,False,False,True,True,True
3,32,0.4953655906305898,1.236251002970575,False,0.5642727204097684,0.5585226879181514,-1.0779934392031065,0.01,0.01,False,False,False,True,True,True
6,76,0.38449643855673693,1.8842953525720232,True,0.1579935647747518,0.12663809298491208,0.8643267102559132,0.76,0.6,True,True,True,True,True,True
3,34,0.48443514795323755,0.8626258663650797,True,0.1621336391689696,0.1495329780566841,0.7396199813088946,0.58,0.39,True,True,True,True,True,True
3,57,0.08743313984828113,1.3518706004804812,False,0.39306004528777305,0.3783909278675104,-1.8536121562948389,0.01,0.01,False,False,False,True,True,True
7,32,0.5427412708704331,1.2229371076770363,False,0.9350763861365706,0.9340980123557993,-0.2746912793101366,0.01,0.01,False,False,False,True,True,True
4,39,0.12371529990614442,0.3254588227528174,False,0.3664550277624842,0.33641913603136436,-1.9296801431867237,0.01,0.01,False,False,False,True,True,True
9,66,0.594055793556328,1.1444699702024435,True,0.3866378412912511,0.3358135610106221,0.6770741837673742,0.36,0.45,True,True,True,True,True,True
10,77,0.5979041341954645,1.322984263207932,False,0.9402687247513852,0.9248387932008849,-0.2168228592782151,0.01,0.01,False,False,False,True,True,True
8,58,0.5308295390250983,0.4143323690152844,False,0.06473480373359575,0.048588425115942725,-0.17069050931197682,0.01,0.01,False,False,False,True,True,True
5,53,0.13570973911796397,0.5234792524171489,False,0.4487578156262624,0.40288243591809253,-0.3153903785293153,0.01,0.01,False,False,False,True,True,True
3,69,0.5334009105126336,1.331673510559722,False,0.934762462558679,0.9418267618074054,-0.3496094251559634,0.01,0.01,False,False,False,True,True,True
11,64,0.4145717957104113,1.0603416994299806,False,0.150930031513416,0.11554951051967623,0.011361596575461763,0.01,0.01,True,False,False,False,True,True
11,64,0.4472415232182084,0.6457954453936627,False,0.8629170290863151,0.8476947252449649,-0.1509069156954117,0.01,0.01,False,False,False,True,True,True
11,37,0.47948313043528207,0.3586279618097024,False,0.5534045671031707,0.4999373140686915,0.04432925167755575,0.01,0.01,True,False,False,False,True,True
4,42,0.17970048359034296,0.9472384729667667,True,0.7900237856781902,0.7781387099695096,0.9562531311243279,0.07,0.06,True,True,True,True,True,True
8,41,0.5605232483214281,0.5521200053527775,False,0.9245940135716948,0.8712678590232599,-0.13304534562150994,0.01,0.01,False,False,False,True,True,True
3,44,0.454505943928987,0.7943822323149669,False,0.6422830115120653,0.6351257212143784,-0.18612371245756587,0.01,0.01,False,False,False,True,True,True
5,56,0.22559947476753495,1.5401773456267793,True,0.38419604631455906,0.3366879189037437,0.934876626537861,1.0,1.0,True,True,True,True,True,True
3,39,0.07261586692185065,0.6643875190946765,False,0.03532741787235316,0.011531560268570879,-0.394687390447096,0.01,0.01,False,False,False,True,True,True
8,24,0.4817265667472089,0.5779063464273164,False,0.7696490453731226,0.7016143652101433,-0.1353478123227405,0.01,0.01,False,False,False,True,True,True
7,46,0.39246658001853757,1.6537342527031342,True,0.8290825313108784,0.8393024392901685,0.8603211871048568,0.19,0.14,True,True,True,True,True,True
4,49,0.054957585714766145,0.5124808854638551,False,0.03211371847781985,0.02313064618883282,-1.8855484961250895,0.01,0.01,False,False,False,True,True,True
11,49,0.21683721573411208,0.8414175862905331,True,0.5778613261412762,0.5332399076587704,0.9424616946798302,0.21,0.33,True,True,True,True,True,True
11,36,0.05152658059329984,1.0540973317460938,True,0.13065387678898843,0.09762703018830163,0.996916629748019,0.04,0.22,True,False,True,True,False,True
7,61,0.4353252330528682,1.3382341373193078,True,0.6851295339982215,0.6681401967014369,0.8206976149381972,0.96,0.85,True,True,True,True,True,True
4,26,0.23453927117833606,1.8782231569737904,True,0.8303614933230564,0.7908076900698556,0.9488438875527085,0.76,0.72,True,True,True,True,True,True
5,63,0.32118600449911533,1.4056082082968964,False,0.9362072487474169,0.9377074363049284,-0.4403502460815478,0.01,0.01,False,False,False,True,True,True
10,45,0.5947044952850294,1.207938125816913,True,0.5169415572620395,0.4693584459375581,0.6505052685611814,0.25,0.21,True,True,True,True,True,True
12,16,0.3553999826937712,1.1263056964929823,False,0.20539054292935022,0.14503454660571358,-0.4914947119412483,0.01,0.01,False,False,False,True,True,True
5,75,0.2834072798858399,1.2998904406776908,True,0.4908859081861564,0.4614087969154423,0.8868299186058592,0.02,0.02,True,False,False,True,False,False
9,47,0.05971028229168055,1.8309582798958557,False,0.473389180230657,0.4233692001287372,-0.4697087249512648,0.01,0.01,False,False,False,True,True,True
11,15,0.1638128711575343,1.7350327865276611,False,0.8983695959492585,0.8649426320708737,-0.1615918543945225,0.01,0.01,False,False,False,True,True,True
11,55,0.11820891833606044,1.620564705023032,True,0.37620749206102444,0.3127258366962594,0.9799108483550336,0.3,0.4,True,True,True,True,True,True
11,71,0.5997663833082313,1.587018708433207,True,0.4921655223780539,0.4493221495252517,0.6729387158494968,0.04,0.21,True,False,True,True,False,True
3,32,0.5021390310053782,1.987857969054202,False,0.07802956590021404,0.05650487537230058,-1.8960183337019711,0.01,0.01,False,False,False,True,True,True
10,37,0.209444826876013,1.4490257865120422,False,0.38956015185892046,0.32465000564300256,-0.3127604349544828,0.01,0.01,False,False,False,True,True,True
8,23,0.5978124793207877,1.4228416818494443,False,0.6926872752681509,0.6290884214347896,-0.45730024785370693,0.01,0.01,False,False,False,True,True,True
10,68,0.41184513872475753,1.8867555737276582,True,0.8810306673828892,0.8728156376121005,0.8610227498706883,0.16,0.16,True,True,True,True,True,True
11,46,0.3434011227648593,1.1545560431857573,True,0.4789742541506623,0.4264197264274779,0.8561490181702156,0.25,0.31,True,True,True,True,True,True
10,72,0.23959410624114003,1.4529614536066933,False,0.4641158994288984,0.403861572789969,-0.39243033795070903,0.01,0.01,False,False,False,True,True,True
9,79,0.2603238213589278,1.0305216759652678,False,0.2590165475194188,0.20786151102027622,-0.23704892774278963,0.01,0.01,False,False,False,True,True,True
3,36,0.32840215198659867,0.3376916820660946,False,0.3495943929047636,0.3133476101378601,-1.8924460663138456,0.01,0.01,False,False,False,True,True,True
3,64,0.2015678688492819,1.4570128333201269,False,0.9041787750675505,0.9226636260674795,-1.1971724055250594,0.01,0.01,False,False,False,True,True,True
9,35,0.11608627230801609,0.8788489848457623,True,0.04741974641031632,0.030177359730750506,0.9857008554565715,0.48,0.6,True,True,True,True,True,True
10,75,0.21100427388700566,1.3294161519248147,False,0.8791799650910297,0.8578104196637197,-0.21388909703304293,0.01,0.01,False,False,False,True,True,True
11,66,0.5557086311491194,1.3543001170459472,True,0.908854634276399,0.8971022059869128,0.7217666062128845,0.95,0.99,True,True,True,True,True,True
11,40,0.4327361142202953,1.407077027575637,True,0.4876779935613854,0.42968634447625803,0.7747853732093056,0.34,0.31,True,True,True,True,True,True
3,67,0.2180093729153595,1.2483394406698343,False,0.3393445249727869,0.3232761673967704,-1.5191171547081663,0.01,0.01,False,False,False,True,True,True
11,47,0.263465612970966,1.7601420815922701,False,0.48643362625020947,0.43129946193802715,-0.08233874779641459,0.01,0.01,False,False,False,True,True,True
5,26,0.3046804131380098,0.5847259443612145,False,0.026183035327519755,0.009746184562061954,-1.0418503439400792,0.01,0.01,False,False,False,True,True,True
7,45,0.17899617799953366,1.6585283662132988,True,0.9924931381235645,0.9688113414833214,0.9677868014476949,0.69,0.71,True,True,True,True,True,True
5,72,0.0799923889106425,0.7910214648239804,False,0.32320574994830176,0.27455343444437974,-0.9936248378036396,0.01,0.01,False,False,False,True,True,True
6,41,0.5772686637855443,0.7751511705496781,False,0.09225305486050239,0.074218318272881,-1.2034524506260156,0.01,0.01,False,False,False,True,True,True
4,55,0.3844342116941875,1.5470189663222598,False,0.5792598334143555,0.564025745262755,-1.044717623374063,0.01,0.01,False,False,False,True,True,True
7,33,0.5797254257029675,0.7098030453684292,True,0.1488013514671983,0.10561484667566777,0.6956213029530562,0.27,0.26,True,True,True,True,True,True
6,73,0.37857116499037063,0.7183585369201169,False,0.5637920051583254,0.543020670067507,-0.753176125792532,0.01,0.01,False,False,False,True,True,True
3,73,0.3343553389648579,1.3332384794368892,False,0.4618139752131042,0.459076053452204,-0.9088542498201742,0.01,0.01,False,False,False,True,True,True
12,72,0.1832296400454556,0.7679978933282486,False,0.14836743814691022,0.1143043894048947,-0.42790008771145494,0.01,0.01,False,False,False,True,True,True
9,21,0.17498036677833478,1.1667538495964282,True,0.9466942319297841,0.8954053083535647,0.9729994936710014,0.79,0.73,True,True,True,True,True,True
5,28,0.14397706285224063,1.429328607868957,True,0.05579874646187488,0.034780334124138564,0.9775048648949044,0.81,0.65,True,True,True,True,True,True
12,69,0.18651518365893283,1.8663624251118196,True,0.8816440214587771,0.8605773750840489,0.9564197027542167,0.46,0.47,True,True,True,True,True,True
3,35,0.5003574046361852,1.5474146442090875,True,0.6928096268984428,0.7085907390065226,0.7716899957801349,0.04,0.09,True,False,True,True,False,True
5,51,0.3420865555057028,1.0009806583486178,True,0.73657058749794,0.6995903625264487,0.8422374401443569,0.17,0.21,True,True,True,True,True,True
10,30,0.3630008861175266,0.8648804493137683,True,0.5155873377814417,0.46078805880590995,0.8518339062942747,0.47,0.57,True,True,True,True,True,True
11,35,0.33746606533245166,0.5379611646615559,False,0.06998711726313878,0.045583818059104865,0.05853009575294521,0.01,0.01,True,False,False,False,True,True
9,16,0.15732232231290447,0.5484538640269867,False,0.9000807298949558,0.8331665965382827,-0.17318238675245268,0.01,0.01,False,False,False,True,True,True
4,51,0.170710264277099,1.9532192999781806,True,0.27861568650283364,0.23013889129445797,0.966417847762319,0.17,0.14,True,True,True,True,True,True
7,47,0.4254412042936532,1.7667898057581846,True,0.5945276845898188,0.5857487872107516,0.8093891487389469,0.64,0.71,True,True,True,True,True,True
9,32,0.5666424319481148,1.8665870116841035,False,0.4822500971280488,0.4078925885381949,-0.5091675893239112,0.01,0.01,False,False,False,True,True,True
8,57,0.14935439330788408,1.9802266281227254,True,0.7269283269465325,0.7173765919317702,0.9686844040395626,0.8,0.77,True,True,True,True,True,True
10,19,0.5959180761609064,1.5840016618396986,False,0.29668455218240475,0.2332136456220518,-0.4957511460150743,0.01,0.01,False,False,False,True,True,True
3,75,0.44042115144173966,0.7677498416186004,True,0.4967202758062381,0.5059212285799598,0.7817191403534683,0.07,0.16,True,True,True,True,True,True
9,22,0.39896762556801696,1.8146549611129124,False,0.7327110106208458,0.6743181094510738,-0.38498905784858684,0.01,0.01,False,False,False,True,True,True
5,39,0.21141919504212442,1.5388093188587737,True,0.4497607649292322,0.40506822062278375,0.9523259178830176,0.89,0.84,True,True,True,True,True,True
12,67,0.19831072697662927,1.5777578467316975,True,0.5457607693973454,0.4997465015550388,0.943589757772556,0.08,0.16,True,True,True,True,True,True
6,64,0.5873129338985487,0.4018051413996794,False,0.7863499117636673,0.77824442122385,-0.16006630041180192,0.01,0.01,False,False,False,True,True,True
7,56,0.5246850481530595,0.7600701843356725,False,0.19249437973528039,0.150438696768671,-0.2065573319886782,0.01,0.01,False,False,False,True,True,True
4,12,0.21128653248071488,1.9475255420593904,False,0.09852137863657673,0.04169530084285097,-1.6443265094738564,0.01,0.01,False,False,False,True,True,True
11,47,0.54779790362248,1.323209740200366,False,0.13842841350298096,0.10435096605983601,-0.522676266086489,0.01,0.01,False,False,False,True,True,True
9,28,0.573395647871218,0.7759306641047126,True,0.8494058198199274,0.8015314091488932,0.6572934143732743,0.46,0.49,True,True,True,True,True,True
6,65,0.46441575330550644,1.514849344748922,False,0.7312540594891535,0.7206421779695321,-0.3969779409521026,0.01,0.01,False,False,False,True,True,True
12,36,0.19802696499109695,0.596081060335659,False,0.8691548735613341,0.8397935486871578,0.022892544544996563,0.01,0.01,True,False,False,False,True,True
10,48,0.5462081125875526,1.0154617452465065,False,0.9583546419708345,0.9496974291206671,-0.11894613216268612,0.01,0.01,False,False,False,True,True,True
7,43,0.32857721839206827,1.580046651701778,True,0.5409516035845623,0.5118242899255184,0.8665549974804615,0.4,0.43,True,True,True,True,True,True
8,12,0.12513295555651371,0.9240439909717648,False,0.6855419624457432,0.6262716812880227,-0.2678866268537321,0.01,0.01,False,False,False,True,True,True
7,40,0.5723471943539128,0.705742835588056,False,0.7843124141622345,0.746712206862488,-0.2026099795809293,0.01,0.01,False,False,False,True,True,True
4,53,0.2445761142754464,1.6291871743981006,False,0.5960626200762769,0.6042685398049085,-0.5707799688607043,0.01,0.01,False,False,False,True,True,True
10,21,0.49173386212755005,0.4284478459916329,True,0.6408905621216375,0.5902122602336645,0.7304364295774635,0.82,0.84,True,True,True,True,True,True
9,50,0.21155915991408186,0.8137328507197057,True,0.10000959607287929,0.07445929402584982,0.9507605607396609,0.79,0.97,True,True,True,True,True,True
11,57,0.5001886238041454,1.0477468823036191,True,0.14005462320276374,0.10510807274478177,0.7953545833594052,0.3,0.21,True,True,True,True,True,True
12,59,0.4682746716601425,0.9542316798460861,False,0.5681700709733402,0.5308291318508848,0.04112605989829943,0.01,0.01,True,False,False,False,True,True
4,43,0.5107748151635443,1.1459791172304894,True,0.9046149903265982,0.8848625136901678,0.7837090358431463,0.61,0.58,True,True,True,True,True,True
7,67,0.3857420072799966,0.544321098440695,False,0.07097395962544883,0.055249249653616286,-1.3592588029118962,0.01,0.01,False,False,False,True,True,True
10,64,0.4493483593375497,1.7478284713181467,False,0.4235689195348966,0.3694388378582833,-0.3918215569010586,0.01,0.01,False,False,False,True,True,True
5,55,0.468844482173948,1.7746395044398713,True,0.23560286489052829,0.1906113038036728,0.776602467063908,0.9,0.85,True,True,True,True,True,True
10,22,0.5045986286573253,1.4643588373460315,False,0.13009916900857688,0.08854207554897561,-0.5129586280795391,0.01,0.01,False,False,False,True,True,True
7,74,0.3732721382687455,1.914119401739358,True,0.08737410272638213,0.06912567974384261,0.865695628327422,0.69,0.69,True,True,True,True,True,True
3,18,0.48227863824294487,0.455978043879523,False,0.9343903052752153,0.859210342508956,-0.557235311659831,0.01,0.01,False,False,False,True,True,True
6,42,0.3949510971189331,1.6646725837705325,True,0.9208583089103778,0.8989402712821801,0.8472406950083493,0.28,0.33,True,True,True,True,True,True
12,21,0.07988795654249581,1.1090045837433653,True,0.9629882294694448,0.919268602261438,0.9926229520980804,0.08,0.08,True,True,True,True,True,True
12,68,0.050007574804994626,1.6459773517506882,False,0.4078591342967217,0.34748283557343534,-0.3299139763382415,0.01,0.01,False,False,False,True,True,True
11,79,0.4406243695333377,1.4660898683351844,False,0.7298402610912538,0.7215117963768787,-0.24445313924153256,0.01,0.01,False,False,False,True,True,True
8,46,0.14415573221149042,1.7197726338791115,False,0.9524466599199227,0.9415469781512404,-0.32442247509918065,0.01,0.01,False,False,False,True,True,True
12,71,0.07305785217923735,1.5143867918288776,False,0.9899459126097258,0.977024168748794,-0.14310889548232053,0.01,0.01,False,False,False,True,True,True
5,21,0.050280484099576486,0.6723933986938002,True,0.19080995904074693,0.14584870950168127,0.9968389747424219,0.13,0.21,True,True,True,True,True,True
7,72,0.26208892491403274,1.2871539336774442,True,0.9251351792603403,0.9134585040472564,0.9273666510585777,0.78,0.72,True,True,True,True,True,True
9,29,0.45055956320038376,0.8822465809473283,False,0.4166790648998907,0.3449431026939014,-0.5415800079250597,0.01,0.01,False,False,False,True,True,True
5,62,0.08458825539571271,0.36154058025508184,False,0.7663070767142188,0.759665721257601,-0.3196069892936264,0.01,0.01,False,False,False,True,True,True
10,51,0.5848426701514864,1.7877863295063412,True,0.9168693500341633,0.9120136978701816,0.7230533963319373,0.56,0.34,True,True,True,True,True,True
8,13,0.270303903677783,1.0334463755784542,False,0.9598223506665947,0.8521640527022879,-0.27233012566974124,0.01,0.01,False,False,False,True,True,True
8,27,0.2695068819710178,1.502710749377707,False,0.35835430846583816,0.2902586100375615,-0.480921740816483,0.01,0.01,False,False,False,True,True,True
7,34,0.4099232840662202,1.4081675431553837,False,0.22715065768263598,0.17973790576096949,-0.8177835381514518,0.01,0.01,False,False,False,True,True,True
8,32,0.11696037309045301,1.905686405457634,True,0.7281180966516309,0.7173121641187507,0.9811484929008718,0.89,0.84,True,True,True,True,True,True
7,60,0.5292521508721273,0.9395220556742017,True,0.9957899518240871,0.9678218935863461,0.7771883834572687,0.05,0.04,True,False,False,True,False,False
8,22,0.576424051456012,1.2256105952135417,False,0.4103161047275903,0.3148212730351867,0.12504137579258778,0.01,0.01,True,False,False,False,True,True
3,16,0.4757702740671131,1.7215783618107177,True,0.6409702409602568,0.6064610178035431,0.5856619540318505,0.49,0.4,True,True,True,True,True,True
12,13,0.391321315543742,0.6256979266562779,False,0.7475208465964575,0.7174588592554227,-0.14889190722869694,0.01,0.01,False,False,False,True,True,True
3,44,0.44555717812052265,1.2199080293584872,True,0.2076631533257175,0.18189340445515892,0.7557098782570051,0.82,0.87,True,True,True,True,True,True
5,62,0.10507205261128189,0.5222800077938635,False,0.5934428609630428,0.5714693087826499,0.3731509556697187,0.01,0.01,True,False,False,False,True,True
8,45,0.34344361127571954,0.8986676040529451,False,0.6004270502533468,0.56125139573465,-0.3020962729297647,0.01,0.01,False,False,False,True,True,True
3,23,0.4031679752998894,0.5796656745233577,True,0.6019099166696708,0.6056873170905884,0.7917734319976056,0.49,0.45,True,True,True,True,True,True
4,71,0.42550054538874976,1.552827908266262,True,0.22829084283204015,0.18193008074059813,0.8118966296659867,0.6,0.53,True,True,True,True,True,True
7,14,0.2958766026186374,0.4572526155411243,False,0.4381826268959288,0.3606558971545838,0.20004155149275993,0.01,0.01,True,False,False,False,True,True
10,47,0.3496360659713653,1.1600473308958272,True,0.9912409367164893,0.9578427004389487,0.8927030948444952,0.71,0.78,True,True,True,True,True,True
12,48,0.4029452060110281,1.5814832788866993,True,0.9871082235154226,0.964318980566064,0.8533928082493771,0.59,0.65,True,True,True,True,True,True
5,29,0.12150126641144257,1.8829566119913463,False,0.06440607600395476,0.04645833580594484,-0.581812775837496,0.01,0.01,False,False,False,True,True,True
8,72,0.052453186440214704,1.753322775191424,True,0.07616029046407757,0.060422485800672235,0.9969697963953676,0.63,0.78,True,True,True,True,True,True
8,61,0.4048188409578761,1.657822430521119,False,0.022474326641937825,0.016375246311066897,-0.35917916275539974,0.01,0.01,False,False,False,True,True,True
7,51,0.11098000607730404,0.3946617593882603,True,0.05157509636239388,0.04009468246507408,0.987561953506917,0.69,0.41,True,True,True,True,True,True
5,29,0.36099931860590156,0.9251953613684298,False,0.2718952250176274,0.22464662923946746,-0.9738694854543974,0.01,0.01,False,False,False,True,True,True
11,79,0.12945908568167178,0.9147475096234086,True,0.7702960459547874,0.7566397230062585,0.9784075570113451,0.25,0.24,True,True,True,True,True,True
8,26,0.21704605379445802,0.6888725567781384,False,0.16032068015939682,0.11844213006434624,-0.24449142737411123,0.01,0.01,False,False,False,True,True,True
5,78,0.4740539943698181,1.621273408179972,False,0.31557247984034653,0.272561329874384,-1.0839407742962583,0.01,0.01,False,False,False,True,True,True
11,32,0.452252507715311,0.46370600025483777,False,0.41702376097721405,0.33509448221830895,0.7095693659563697,0.01,0.01,True,False,False,False,True,True
8,39,0.47393705319412766,0.37587288214186904,True,0.4065358220384597,0.34518038052255845,0.7615841423138836,0.01,0.01,True,False,False,True,False,False
10,73,0.22342160249247178,1.1369225259681337,True,0.8647454945501367,0.8621939369051155,0.947228396389048,0.51,0.52,True,True,True,True,True,True
11,16,0.5016248687802253,1.602423091058201,False,0.8106516326114228,0.733433435513686,-0.16273435492316812,0.01,0.01,False,False,False,True,True,True
8,17,0.1695374812117672,0.8786826963551668,False,0.9202018181802967,0.9055020525919676,-0.24659433681037157,0.01,0.01,False,False,False,True,True,True
4,33,0.48149741434752424,0.31663684403207937,False,0.8715968038572025,0.8544504599581605,0.35705957071821115,0.01,0.01,True,False,False,False,True,True
9,73,0.14800968903541512,1.6783794441299185,True,0.1699728286905947,0.1335925723772726,0.9763499160243513,0.34,0.33,True,True,True,True,True,True
7,31,0.31206334647186845,0.5810744765207847,True,0.5896311340818355,0.5438942448050793,0.851191825346247,0.79,0.86,True,True,True,True,True,True
8,44,0.18733877357384054,0.684928776443409,False,0.8314384451045195,0.771383492928707,-0.22543193663144523,0.01,0.01,False,False,False,True,True,True
7,51,0.4774881033419012,1.1662153696157949,True,0.5824330659255313,0.5498130219958405,0.759517210025285,0.85,0.85,True,True,True,True,True,True
10,18,0.5806244611520867,0.4531430049172881,False,0.07640529652472061,0.042282563496285716,-0.08650736218648558,0.01,0.01,False,False,False,True,True,True
5,69,0.5010548643762559,0.8668250637711512,True,0.6510365712564423,0.6372382883895962,0.7483000614658724,0.38,0.39,True,True,True,True,True,True
12,71,0.343240329103446,1.793092451056153,False,0.3089994040118563,0.25367591653934507,-0.3789215807742805,0.01,0.01,False,False,False,True,True,True
10,72,0.2810871880860443,1.2347819322061107,True,0.05269555445183338,0.041854216924043015,0.919525101959968,0.01,0.34,True,False,True,True,False,True
12,39,0.31321192363026695,0.7018883177353923,False,0.24624083131898766,0.19427968495521505,0.06970642074214817,0.01,0.01,True,False,False,False,True,True
10,51,0.12538474939955419,1.3925093734853984,False,0.1980420450719027,0.1575848558837391,-0.6412239261335122,0.01,0.01,False,False,False,True,True,True
7,75,0.5112887246746982,1.930327533943596,False,0.6025294373557701,0.5853295492390533,-0.005462692815492387,0.01,0.01,False,False,False,True,True,True
10,68,0.36829336597001366,1.632589762059291,False,0.5397426318946076,0.504782699877511,-0.22986984095122076,0.01,0.01,False,False,False,True,True,True
9,24,0.36017746801631656,0.6733636519818289,False,0.11961515019780777,0.0848657715670769,-0.38501274410652386,0.01,0.01,False,False,False,True,True,True
11,38,0.401015942590502,1.9708329364445432,True,0.6612245102077732,0.6220126073845629,0.805984387207006,0.03,0.09,True,False,True,True,False,True
12,67,0.1468737112386715,1.7215172468754905,False,0.5473128705130867,0.5033230836145014,-0.16060719382717226,0.01,0.01,False,False,False,True,True,True
6,59,0.43009537952159793,1.8110943035495597,False,0.7125806722624872,0.7039655134530687,-0.574958259523705,0.01,0.01,False,False,False,True,True,True
11,62,0.12343704517301136,1.7726518149857373,False,0.19857059471355099,0.15066222149915734,0.15284167950805194,0.01,0.01,True,False,False,False,True,True
5,68,0.47650485329052245,1.4880093402584926,True,0.5848295965427799,0.5608903200091147,0.7958750620032788,0.88,0.82,True,True,True,True,True,True
4,64,0.4414568720304388,1.6491602053338044,True,0.694846851763154,0.6742782703439149,0.8144584799033527,0.09,0.09,True,True,True,True,True,True
3,38,0.14305581404840134,1.9568283439187002,False,0.5571395588424903,0.5573904075095933,-2.3063159952101584,0.01,0.01,False,False,False,True,True,True
7,28,0.36852907687813535,1.8414399858625559,False,0.07271016943017894,0.053131244486344355,-0.5823434856203205,0.01,0.01,False,False,False,True,True,True
4,54,0.4148346377520822,1.1443400254317506,True,0.7839082151683684,0.7706633434686031,0.8305654070804405,0.48,0.58,True,True,True,True,True,True
6,74,0.32844073487554143,1.7952509896432414,False,0.324393960083884,0.28242345985916406,0.32854671344180986,0.01,0.01,True,False,False,False,True,True
10,51,0.46152315056011317,1.789672787985814,False,0.833806167878234,0.8234088190422343,-0.21734368408567217,0.01,0.01,False,False,False,True,True,True
10,78,0.5553238753991463,1.090141433479742,True,0.3683792023061455,0.31552725960990685,0.713626756879219,0.99,0.99,True,True,True,True,True,True
7,15,0.5448947689857732,0.535811924052426,False,0.6073777719485266,0.5390291238019053,-0.5391531852976725,0.01,0.01,False,False,False,True,True,True
5,45,0.1822855692625499,1.8189639644412232,True,0.7376409283220525,0.704930841879946,0.95623982628742,0.99,0.95,True,True,True,True,True,True
7,27,0.29532118993566414,1.9730791245218262,True,0.9043209303006163,0.8735033566257675,0.9154546977790523,0.35,0.43,True,True,True,True,True,True
3,48,0.2161256998871095,0.9394921929409443,False,0.2114322557213072,0.1809501477691341,-0.7347954824293081,0.01,0.01,False,False,False,True,True,True
6,33,0.415180157083479,1.1582201886520962,True,0.9837306556242054,0.9271622172689811,0.8662768033493952,0.26,0.27,True,True,True,True,True,True
6,62,0.41103924754760274,1.2954539567629586,True,0.8836312538271421,0.8648497865640421,0.8260701801917236,0.08,0.09,True,True,True,True,True,True
6,67,0.0865524851975022,1.329682084418653,False,0.25946552617230767,0.2145828629799496,0.12192683864265264,0.01,0.01,True,False,False,False,True,True
9,15,0.1311680413255113,1.2329814578088412,False,0.2817463746747614,0.18464147692089514,-0.26792455460096076,0.01,0.01,False,False,False,True,True,True
10,54,0.4083655926607707,1.4872674415024558,True,0.7017254056891791,0.6722160674727158,0.8033203722582027,0.72,0.55,True,True,True,True,True,True
11,46,0.5721778515305586,1.1539586012678877,True,0.6898224549806428,0.6646289292583148,0.7137541107541191,0.62,0.61,True,True,True,True,True,True
4,34,0.31226639740864115,1.067815815374131,False,0.1696143826253459,0.131744297921036,-1.849679921531557,0.01,0.01,False,False,False,True,True,True
5,65,0.5563383155244797,0.9426613144486289,False,0.6681912349514006,0.6505271413233868,-0.739549778719498,0.01,0.01,False,False,False,True,True,True
4,15,0.3265637874387135,0.3904860597668731,False,0.6323725403571402,0.4231839617690054,0.7625560711538848,0.01,0.01,True,False,False,False,True,True
10,72,0.1463423713970557,0.5774163423706824,True,0.5999527241062795,0.5701904616915927,0.9717183781355737,0.48,0.61,True,True,True,True,True,True
11,28,0.06680147848623831,1.4315988034488492,False,0.21932303409382392,0.16340821921527504,-0.2557202859313972,0.01,0.01,False,False,False,True,True,True
10,44,0.5592697705112138,0.4324584984226163,False,0.9442087343709289,0.9095638263503065,0.0063959856931213865,0.01,0.01,True,False,False,False,True,True
11,63,0.05907739861672401,1.1631863376261176,True,0.40298412118836335,0.3398409278163357,0.995035866267107,0.29,0.32,True,True,True,True,True,True
8,49,0.45938717401050366,0.4677837334117875,True,0.13041331550206303,0.09554590788055628,0.8078167439043666,0.11,0.3,True,True,True,True,True,True
3,38,0.5259976746248037,0.8923483119597306,False,0.8407341398238506,0.8212145088032415,-1.187109135574861,0.01,0.01,False,False,False,True,True,True
7,13,0.06779634199544653,1.8067317648391168,False,0.30084584349735255,0.2023247960386196,-0.759127522697679,0.01,0.01,False,False,False,True,True,True
4,17,0.31374021299387006,0.7699738286331742,True,0.7073345454562645,0.5952743330033718,0.8562913801119962,0.09,0.23,True,True,True,True,True,True
11,29,0.5218503055107937,1.587272955038691,True,0.5619822302619029,0.5214233591256342,0.6836196992261925,0.02,0.02,True,False,False,True,False,False
8,76,0.52326720163757,0.5414437734189939,False,0.6601490033693339,0.6400294468632446,-0.36163511625222555,0.01,0.01,False,False,False,True,True,True
5,19,0.38143189123525695,1.5657191893523097,True,0.9072242979182191,0.8711997406069953,0.8279044845995589,0.55,0.59,True,True,True,True,True,True
5,13,0.17414076280058183,1.6784558144590163,False,0.8539169866449239,0.764675105097839,-0.584196972012055,0.01,0.01,False,False,False,True,True,True
10,53,0.1756968992777077,1.143322892681685,True,0.19877686680104845,0.1537794140989033,0.9646554638058348,0.01,0.07,True,False,True,True,False,True
8,45,0.07135647811368032,1.8478553551107313,True,0.845912044644047,0.8255124690408272,0.993741355475585,0.7,0.61,True,True,True,True,True,True
4,33,0.3900086717091522,1.9305712143133786,True,0.12664417272700879,0.08799460842212664,0.8402732998859348,0.88,0.82,True,True,True,True,True,True
12,71,0.4001497726806867,0.536375178058163,True,0.254025988603536,0.20419634198366696,0.8426198603378332,0.35,0.31,True,True,True,True,True,True
10,30,0.5258909740891107,0.7252326759076322,False,0.8857614720593142,0.8496184128642451,-0.17825993848775346,0.01,0.01,False,False,False,True,True,True
11,37,0.3398133239424951,1.0825760620190663,False,0.35326697514478433,0.2916275924925063,-0.33208217263126305,0.01,0.01,False,False,False,True,True,True
6,40,0.15688559103209376,1.830976907447919,True,0.010920604807666545,0.004068642045674578,0.977812603220074,0.08,0.14,True,True,True,True,True,True
5,14,0.5737012897570287,0.441204026641252,False,0.10664882231942352,0.07478391160684332,0.7074045382883988,0.01,0.01,True,False,False,False,True,True
11,68,0.5027315049858031,1.9691403524526851,False,0.2533339009628003,0.2051442486204297,0.06493129471122894,0.01,0.01,True,False,False,False,True,True
7,40,0.42110137072941306,1.0789074547933917,True,0.34966617907252484,0.2822262739542706,0.8261371771883844,0.01,0.02,True,False,False,True,False,False
12,45,0.5307844611333263,1.3913554717310554,False,0.6781576649150066,0.6509702529633917,-0.1328087546639103,0.01,0.01,False,False,False,True,True,True
10,62,0.20742558343130796,0.4086186010858504,False,0.6270151265551892,0.5925621756677759,-0.05657774281140582,0.01,0.01,False,False,False,True,True,True
6,42,0.4200060148313114,1.8840658151045977,True,0.31928004361178663,0.26420332135764124,0.8335206540094238,0.16,0.19,True,True,True,True,True,True
4,24,0.31236731988328464,0.49396484534718876,False,0.9190893768939247,0.912156692765573,-0.5411046671453494,0.01,0.01,False,False,False,True,True,True
6,16,0.5069745217570585,1.255752043773875,False,0.8107141708954394,0.7302034261387648,-0.34142591063759853,0.01,0.01,False,False,False,True,True,True
6,14,0.20035730658816303,1.0091222544079492,True,0.21440783096807614,0.15667636099523882,0.9595002228332307,0.18,0.42,True,True,True,True,True,True
3,46,0.34956615378299377,1.4845007883178276,True,0.13165083612107498,0.10165584177465155,0.8727052015176502,0.77,0.54,True,True,True,True,True,True
7,51,0.12758871422834672,0.3427437771276534,True,0.19795643715745836,0.1557618668443111,0.9802125771904142,0.39,0.45,True,True,True,True,True,True
12,43,0.25606721911805996,1.703012090889759,True,0.7558765556564125,0.7162516273902232,0.9212988382936654,0.11,0.15,True,True,True,True,True,True
9,16,0.09008806347573292,1.2051209076780993,True,0.5137882101182794,0.442843694957473,0.9888467193845227,0.58,0.67,True,True,True,True,True,True
9,23,0.1925784422644618,0.5193746680858561,True,0.5696939440445976,0.4996403222855457,0.9446240804777728,0.02,0.04,True,False,False,True,False,False
5,47,0.5746941218671751,1.4566060463750716,True,0.19975656309442213,0.16292687071280748,0.6742138891428063,0.07,0.2,True,True,True,True,True,True
8,68,0.07279426229086049,1.5289927177013405,False,0.6048110680892198,0.5722202013634964,-0.2643223726455157,0.01,0.01,False,False,False,True,True,True
8,66,0.18008329690070263,0.6623177597579142,False,0.7100738132490522,0.6799290327093609,-0.2971654328412361,0.01,0.01,False,False,False,True,True,True
7,71,0.2962169768606411,1.2049293239239172,False,0.18043804710796962,0.14400376762709716,-0.614286668233704,0.01,0.01,False,False,False,True,True,True
11,76,0.3784519898708766,0.9387564859502988,False,0.7871886204614745,0.7700202337915706,-0.21647448284015192,0.01,0.01,False,False,False,True,True,True
11,53,0.5251937371478326,1.8391822537797107,True,0.7056548667607048,0.6699755847508416,0.712879599295998,0.97,0.93,True,True,True,True,True,True
10,72,0.32764325618113316,1.9137851095696368,True,0.9586702632793115,0.9453299602203094,0.8926817122578423,0.04,0.06,True,False,True,True,False,True
8,20,0.3676078010352412,1.2034725122592977,True,0.9316100279620269,0.8983978425646134,0.8817563144406244,0.25,0.32,True,True,True,True,True,True
3,22,0.3460994929196953,1.682223525767304,False,0.09848480583865338,0.04383256629424226,0.5403674873560951,0.01,0.01,True,False,False,False,True,True
10,65,0.26483116951369673,1.243792378453276,False,0.624248245144169,0.5943257562119193,-0.2920098836940028,0.01,0.01,False,False,False,True,True,True
6,65,0.19191959438019213,1.665547792447167,True,0.45782395001737886,0.4135254262545448,0.949412813861242,0.59,0.62,True,True,True,True,True,True
12,14,0.32921464242720644,1.060384871893864,False,0.2639975898639857,0.19273092256918506,-0.21240826545811453,0.01,0.01,False,False,False,True,True,True
10,13,0.5490068910884771,1.442150223686977,False,0.18758948848083046,0.10694427054507302,-0.4653496695809436,0.01,0.01,False,False,False,True,True,True
5,64,0.1296537631178967,1.8509539157916872,False,0.0867496948720835,0.07129607829065028,-1.2084999383229609,0.01,0.01,False,False,False,True,True,True
9,35,0.45998730538582905,0.6905677210394994,True,0.3951193927092185,0.33097288575513906,0.80780912313545,0.07,0.11,True,True,True,True,True,True
12,78,0.2574869700603134,1.4131228802849403,True,0.19922181534183458,0.1554880710863564,0.928829646758278,0.64,0.6,True,True,True,True,True,True
5,47,0.4263385290037964,1.4829584409980443,True,0.006719018151641332,0.003012744485543695,0.8432228206017794,0.29,0.65,True,True,True,True,True,True
11,55,0.13907575553879525,0.7520587361896591,True,0.9793115217159967,0.9487939276831497,0.9795231686257622,0.46,0.48,True,True,True,True,True,True
5,35,0.15298638115637223,1.5058129319071236,True,0.11921070893234131,0.09255053351528199,0.9773772415872847,0.12,0.24,True,True,True,True,True,True
5,44,0.33219520819346304,0.6311002287134724,False,0.9023820349599083,0.876591160834826,-0.06582956605549439,0.01,0.01,False,False,False,True,True,True
11,36,0.20969832843623748,0.363851534306314,True,0.5071939393723144,0.44186240834623747,0.9451653878599966,0.06,0.13,True,True,True,True,True,True
12,35,0.2559951953660959,1.689827817670786,True,0.3422172597191747,0.28358727186315885,0.9273218607329039,0.76,0.79,True,True,True,True,True,True
5,59,0.1497648095036225,0.5593327716303956,True,0.03880585000461623,0.02904650893559223,0.9722993208682331,0.96,0.85,True,True,True,True,True,True
10,11,0.43107741553879964,1.652430657197701,False,0.44085798305671575,0.2979052245680638,-0.35255634947281367,0.01,0.01,False,False,False,True,True,True
12,18,0.48509704006151066,1.5874551209110404,True,0.7445157958322112,0.6940551248097542,0.700463440181721,0.09,0.11,True,True,True,True,True,True
8,12,0.24627435832670008,1.8718083023962606,False,0.022452265480736644,0.007896206445993228,-0.4741688954381462,0.01,0.01,False,False,False,True,True,True
10,20,0.5515741249150556,1.6832182501694095,True,0.05668807847789992,0.03646471554753027,0.7025756187555332,0.04,0.13,True,False,True,True,False,True
4,53,0.3421458805544779,0.3554308955044832,True,0.5933192858739577,0.592945891274038,0.8721932357307371,0.92,0.87,True,True,True,True,True,True
6,59,0.1310288266751122,0.5532541118316783,True,0.07807483599792608,0.05950316979067884,0.9822809630458891,0.8,0.93,True,True,True,True,True,True
4,31,0.3221963714695226,1.1702104365513901,True,0.8828895755263908,0.8651367276408513,0.8914426270097774,0.7,0.75,True,True,True,True,True,True
9,45,0.43831206909320525,1.7164711119880187,True,0.8594727158983101,0.8164887272343107,0.819190537653748,0.43,0.34,True,True,True,True,True,True
7,43,0.2437038556652109,1.1006379088012148,False,0.5769128129791474,0.5376005454931903,-0.4083371316753377,0.01,0.01,False,False,False,True,True,True
7,11,0.5743454548562438,0.4904432294605503,True,0.8406396399185319,0.6342086608723078,0.7300150856284349,0.51,0.51,True,True,True,True,True,True
12,56,0.3478171489621169,0.6323141044290826,False,0.9790195253052144,0.959596343713326,-0.033348805129088666,0.01,0.01,False,False,False,True,True,True
12,25,0.1654417516450306,1.4368885201546424,True,0.6512394780625843,0.5959058714346179,0.9595402455242518,0.99,0.92,True,True,True,True,True,True
10,79,0.2067580232769322,0.44320828450857674,False,0.759788677619092,0.7390568441484899,-0.09006079197834804,0.01,0.01,False,False,False,True,True,True
4,31,0.5840586556419405,1.7800569591956144,True,0.29723436604721387,0.2394446047898493,0.6843340904315942,0.78,0.78,True,True,True,True,True,True
9,28,0.28004450304032974,1.5806503656584379,False,0.3792565532375868,0.3005239856796211,-0.24368611239840887,0.01,0.01,False,False,False,True,True,True
4,16,0.06800747706530647,1.3977812887957188,False,0.22779733973704552,0.16085792457823603,-1.388611334505029,0.01,0.01,False,False,False,True,True,True
3,37,0.5612213981764088,0.8249300249062652,True,0.7056007259732798,0.7281126523735058,0.7126906759610832,0.99,0.98,True,True,True,True,True,True
9,60,0.28996030497330266,1.1179869094489843,False,0.8799875966556407,0.8762740766017345,-0.2668300722567323,0.01,0.01,False,False,False,True,True,True
7,10,0.13866673250724554,0.7563179857653988,False,0.055234303374291804,0.02731322736370744,-0.3497519016705011,0.01,0.01,False,False,False,True,True,True
6,72,0.5612543450532963,1.3666946881857247,True,0.9073267432982663,0.8976647853643607,0.7639142613598386,0.8,0.78,True,True,True,True,True,True
4,63,0.46986783365552065,1.1639705650696142,True,0.3298697111529961,0.3046795040899379,0.7302928135997995,0.51,0.59,True,True,True,True,True,True
7,56,0.4263820405156918,0.8417637006397491,True,0.7805340731657594,0.767045696386585,0.8044286020064122,0.74,0.84,True,True,True,True,True,True
5,77,0.4133833645746222,0.6918331446031707,True,0.48997719571900156,0.46535497358833233,0.8326579807088628,0.09,0.16,True,True,True,True,True,True
9,65,0.5361433850552565,1.1017715289798868,False,0.7763648380545848,0.7598149616301487,-0.26893636621254036,0.01,0.01,False,False,False,True,True,True
10,71,0.40583798506679314,0.3847590008188746,True,0.8808893651104595,0.8605560543039805,0.8385609687968856,0.38,0.39,True,True,True,True,True,True
7,60,0.5565138223591792,1.5329493747026184,True,0.3359432486957308,0.281073474420056,0.7333856585327667,0.01,0.05,True,False,False,True,False,False
12,28,0.1959594504492651,0.535389684771332,True,0.7212011782428152,0.69378982712399,0.9461369074357466,0.7,0.66,True,True,True,True,True,True
10,37,0.46865067665149346,1.6162266747476706,False,0.30994231405173545,0.24511226238732683,-0.26666736034696226,0.01,0.01,False,False,False,True,True,True
10,45,0.05507586762687858,1.4005324118198943,True,0.20511691399859722,0.1603678183560902,0.9970658515720598,0.67,0.63,True,True,True,True,True,True
10,23,0.3402031424578679,0.9835365387755757,False,0.11420858669862222,0.08015827430661282,-0.45182682164238774,0.01,0.01,False,False,False,True,True,True
6,69,0.5822521031701559,0.5850135395741163,True,0.5522658359880878,0.5133744700011362,0.70634173699365,0.32,0.35,True,True,True,True,True,True
7,74,0.3471357122040383,1.0025720385595338,True,0.7809275558705503,0.7775895116489722,0.8640716287598385,0.66,0.59,True,True,True,True,True,True
4,17,0.44183201070263944,1.32597776453497,False,0.5611569331144952,0.5053828603709821,-0.21177736917330292,0.01,0.01,False,False,False,True,True,True
3,15,0.278945688126024,1.8927951414126636,False,0.07472458711135821,0.0,-1.1464420727089344,0.01,1.0,False,False,True,True,True,False
6,53,0.252038558970125,1.6260233155470565,False,0.6985994175061088,0.6775031498482308,-0.388863318719735,0.01,0.01,False,False,False,True,True,True
4,42,0.1427951307843478,1.1203944327925448,False,0.8859021767033128,0.862875622364515,-0.6716302248856132,0.01,0.01,False,False,False,True,True,True
9,30,0.13198706127601967,1.045036402320482,True,0.3912061454033938,0.32315144565879056,0.9775629984857247,0.51,0.62,True,True,True,True,True,True
3,11,0.4336600516905929,0.42143255039958827,False,0.23565966198255484,0.15723113269671665,0.6079910247011313,0.01,0.02,True,False,False,False,True,True
3,11,0.16248801495842252,0.5062823597314126,True,0.27434192349355846,0.0794405473464606,0.9811774347227401,0.35,0.39,True,True,True,True,True,True
4,49,0.3346689098322534,0.9440372793364082,False,0.0862118010119669,0.06911143238673752,0.645671583054898,0.01,0.01,True,False,False,False,True,True
8,17,0.32685704777066893,1.811812753638321,True,0.16363952184883002,0.11054827837805414,0.8927458805984233,0.02,0.46,True,False,True,True,False,True
5,10,0.45476914997130213,1.3866532851844626,False,0.9174967315856227,0.7484866713998141,-0.6244432402512263,0.01,0.01,False,False,False,True,True,True
6,70,0.27306702678748945,0.9934230076705659,True,0.536717245756317,0.5119185643280464,0.8993664809563321,0.71,0.61,True,True,True,True,True,True
6,54,0.5821137344433658,1.3024817211387683,True,0.7813353283944392,0.7771167912558711,0.6855383406589768,0.01,0.02,True,False,False,True,False,False
4,63,0.456298963963277,0.9622871254378813,True,0.4902453500216495,0.4765816690206944,0.8154698054998,0.65,0.58,True,True,True,True,True,True
9,53,0.4292956608789992,1.095593966981967,False,0.30889409843091176,0.25289285118416216,-0.33141948139780886,0.01,0.01,False,False,False,True,True,True
5,52,0.4509153552897915,1.8538485936388602,True,0.7293450228942404,0.7071362468945375,0.7921998731517161,0.18,0.25,True,True,True,True,True,True
11,47,0.44883537041144306,1.8259468713746596,False,0.0857813309113239,0.06054789456628945,-0.6854442502716733,0.01,0.01,False,False,False,True,True,True
9,46,0.06624039585952606,1.892544821336473,True,0.3623699083915467,0.30340792790593524,0.9943256539221811,0.4,0.38,True,True,True,True,True,True
3,33,0.07705837391592406,1.1076614408733148,False,0.37161737921199345,0.3546687793603685,-0.1653249351414634,0.01,0.01,False,False,False,True,True,True
4,78,0.05897527996044654,1.6835465376732108,False,0.599981393484531,0.6011817441758717,-0.5693360996817765,0.01,0.01,False,False,False,True,True,True
10,35,0.2242677595950806,1.2051443852318473,False,0.09971231859893748,0.06986049060076095,-0.1782597697342878,0.01,0.01,False,False,False,True,True,True
8,66,0.2909930369803222,1.3043428763071947,False,0.017238185351058366,0.013021761947514877,-0.7600758186883043,0.01,0.01,False,False,False,True,True,True
3,78,0.29281177588446244,0.7349158946431289,True,0.3780138525797522,0.3732175768363342,0.8878827045792946,0.08,0.12,True,True,True,True,True,True
4,24,0.5931452916207546,1.0240028508729877,True,0.5520964890234658,0.49547019165000217,0.6029525869685276,0.26,0.26,True,True,True,True,True,True
4,23,0.1455995919997624,1.371821520148333,True,0.7439736558632566,0.7099872432241474,0.9690920688753738,0.49,0.54,True,True,True,True,True,True
11,11,0.2293941633450871,1.86805752521022,False,0.7058926237926075,0.6149384842309326,-0.3544929768705478,0.01,0.01,False,False,False,True,True,True
9,61,0.2523537790480455,0.6268020938360408,False,0.4128193394045264,0.3603190725815286,-0.6568308963589302,0.01,0.01,False,False,False,True,True,True
11,79,0.36880911406062883,1.3528206993294642,True,0.1254903087723076,0.09605115106707503,0.8656132047508017,0.58,0.56,True,True,True,True,True,True
4,43,0.20942377862474643,0.9550957072599551,False,0.7999016615567079,0.7871507412201358,-0.8813387896094196,0.01,0.01,False,False,False,True,True,True
4,21,0.5664823995828692,0.8290690296547971,False,0.38421319495388573,0.36247865290971,-0.7249105773178401,0.01,0.01,False,False,False,True,True,True
4,38,0.5812454090736336,1.8228847011610225,True,0.698331771827611,0.6678796869555179,0.6459910874742154,0.99,1.0,True,True,True,True,True,True
8,51,0.22906614001688047,1.2864460518086789,True,0.9856266307682169,0.957653538487757,0.9371015495697869,0.48,0.49,True,True,True,True,True,True
3,26,0.43789185501433703,0.8123360953253265,False,0.7027495843855699,0.6720950971298815,-1.3943597889969883,0.01,0.01,False,False,False,True,True,True
12,29,0.3213584090919855,1.7838522345369563,True,0.5128806824308376,0.4574959205631808,0.8698867501769397,0.12,0.25,True,True,True,True,True,True
11,23,0.1426491294401716,1.9977075792752452,True,0.47867924559516895,0.40615474258844897,0.9742973918096742,0.94,0.91,True,True,True,True,True,True
4,22,0.1500874391865208,1.7171853456572646,False,0.6610887630329525,0.6527536808839428,-0.2357999813237568,0.01,0.01,False,False,False,True,True,True
4,16,0.08407713137615905,1.6090586143610186,True,0.26245810544428705,0.18655150769506576,0.9859959328381428,0.3,0.32,True,True,True,True,True,True
6,46,0.4324617221786576,1.59916161818125,False,0.5272163105946237,0.5003523878880636,0.05932810149122747,0.01,0.01,True,False,False,False,True,True
5,36,0.07930661453767872,1.0548471986071979,False,0.033994910506989995,0.021167111630093167,-0.5842384523848849,0.01,0.01,False,False,False,True,True,True
11,21,0.2811856615335283,0.4598752415294629,True,0.31694104699731096,0.24044518072385807,0.9014197450016117,0.14,0.19,True,True,True,True,True,True
6,10,0.3592988228858355,1.3450393438101267,False,0.9843028059271015,0.7631343611350769,-0.4730507127843677,0.01,0.01,False,False,False,True,True,True
10,62,0.15778036303169618,1.3872655459263536,False,0.6316313095790629,0.6089709371273024,-0.33946952940699027,0.01,0.01,False,False,False,True,True,True
9,30,0.4384798982845233,0.7871671080195087,True,0.07336343879302687,0.05219620874104006,0.8333365894575995,0.06,0.17,True,True,True,True,True,True
10,19,0.45023307134392043,1.3701887939218347,True,0.516911739990293,0.39407930723853357,0.8071606670075029,0.85,0.7,True,True,True,True,True,True
8,61,0.333767372568284,1.573480608057776,True,0.09303433241690218,0.07089215698014269,0.8907158780585808,0.54,0.48,True,True,True,True,True,True
12,43,0.5988614113927981,1.6566517102181872,True,0.5101517185693175,0.4602206115208789,0.6534197849690384,0.47,0.49,True,True,True,True,True,True
5,22,0.20975055710344376,0.5531880182612505,True,0.4834887000291054,0.3891797977699186,0.9385491700008339,0.74,0.75,True,True,True,True,True,True
12,48,0.22395143539022228,0.9098208555023066,False,0.21440600474318539,0.1660811963604707,-0.27122565702206036,0.01,0.01,False,False,False,True,True,True
10,71,0.3936000294713495,1.1606530854791903,False,0.3231568021879898,0.2693155241263513,-0.5804221659498461,0.01,0.01,False,False,False,True,True,True
11,36,0.3975901513638087,1.9037865158436271,True,0.5217331809754159,0.4712909224150791,0.8505490283896795,0.06,0.11,True,True,True,True,True,True
11,26,0.44162307262990436,1.9388617200154767,False,0.44609837147486886,0.37042627054011434,-0.3112455379928134,0.01,0.01,False,False,False,True,True,True
8,68,0.3990245782123881,1.4954665565567178,False,0.4857353759200853,0.431602748613944,-0.11106954564565319,0.01,0.01,False,False,False,True,True,True
12,63,0.111319208189824,0.9220332976584331,True,0.3989584604475246,0.3423127908593027,0.9837256320735913,0.46,0.42,True,True,True,True,True,True
10,20,0.4501137172484713,1.8025422477685111,False,0.08083704241508827,0.05611316722515371,-0.4656973107763289,0.01,0.01,False,False,False,True,True,True
5,32,0.12014305383799015,0.8160934613233697,True,0.4221410961776041,0.37045923665543107,0.9807646612499766,0.01,0.04,True,False,False,True,False,False
10,34,0.18456008122649747,1.8689691569513933,False,0.897577470490433,0.872551666547293,-0.21248381652878412,0.01,0.01,False,False,False,True,True,True
5,47,0.46604820580904394,1.3239974093619988,True,0.6548979293628835,0.6287997039340347,0.7892052711444817,0.83,0.78,True,True,True,True,True,True
10,63,0.47179157783676706,1.9228342795399667,False,0.031906187764715765,0.024807189012116475,-0.4606702189254912,0.01,0.01,False,False,False,True,True,True
11,15,0.3946508529148146,1.3430673801442097,False,0.10977775100946174,0.0698078957976654,-0.4309874212696523,0.01,0.01,False,False,False,True,True,True
4,31,0.23029048928685392,1.3347032019508787,True,0.30098427774474634,0.21795041325854522,0.909621873721915,0.01,0.01,True,False,False,True,False,False
4,57,0.45107782109107614,1.0309398827211298,False,0.017029177375911253,0.005913857645673791,-1.9677744659389353,0.01,0.01,False,False,False,True,True,True
3,54,0.5328652260272899,0.640202697939903,True,0.6060396275110077,0.61443463677822,0.7523829345676045,0.66,0.68,True,True,True,True,True,True
5,71,0.5805149039989772,1.2987289582558925,True,0.6734854093285889,0.6640785098789934,0.6978880824879772,0.78,0.78,True,True,True,True,True,True
5,31,0.34053046906634143,1.3108355466824022,True,0.0311815199624097,0.01608574680043716,0.8703755304921502,0.01,0.06,True,False,True,True,False,True
6,61,0.19554015377425604,0.3168340709989333,True,0.8361395455894557,0.8105323100847939,0.9600799741508559,0.41,0.35,True,True,True,True,True,True
3,69,0.26995510874447315,1.7626252023829747,False,0.7509878423678751,0.7660357299672965,-1.1350316095652904,0.01,0.01,False,False,False,True,True,True
7,52,0.26655371395521665,1.9396374569328263,False,0.04274558581035859,0.029300085131667698,-0.8854798878469889,0.01,0.01,False,False,False,True,True,True
11,47,0.11586163174055258,0.903571999788507,False,0.8827883092973977,0.8671367550403294,-0.12190706495256465,0.01,0.01,False,False,False,True,True,True
10,50,0.2901252525950834,1.4491149650176438,False,0.7988407867857772,0.7801952146248562,-0.30874615184069043,0.01,0.01,False,False,False,True,True,True
5,49,0.19654189805470357,0.47742163471112675,False,0.9635184448368653,0.9636054106762393,0.033319777985541865,0.01,0.01,True,False,False,False,True,True
4,69,0.47531808478937115,1.5733553033555108,True,0.32783667351769796,0.28097345474908236,0.7438833947384,0.01,0.01,True,False,False,True,False,False
7,63,0.4483805267571388,0.5231764192048355,True,0.5023059891835315,0.46982497482345775,0.7621307000995254,0.97,0.86,True,True,True,True,True,True
3,54,0.07154437094466531,1.0750930722317713,False,0.11466226616609154,0.09384007996745362,-1.9607984058855124,0.01,0.01,False,False,False,True,True,True
11,27,0.31795132907631696,0.31275724684100414,True,0.693955239336663,0.6489169394322541,0.8728269749461601,0.46,0.38,True,True,True,True,True,True
11,41,0.5403101000320357,0.9335297261872235,False,0.28900817243782784,0.22877573774166576,-0.12036381230775417,0.01,0.01,False,False,False,True,True,True
5,69,0.5359299660148839,0.9061551083310975,True,0.3457344841618595,0.2916277196521926,0.6745562120476083,0.44,0.46,True,True,True,True,True,True
7,50,0.5694111528186273,1.0485879946604304,False,0.186328351530485,0.14654019970667853,-0.6347718434910341,0.01,0.01,False,False,False,True,True,True
9,61,0.43539639019902193,0.35986248009819966,False,0.763897765110663,0.7441655912551628,0.11828569198593497,0.01,0.01,True,False,False,False,True,True
8,63,0.30088137054693315,1.461586633034737,False,0.7128166101967763,0.6947853337561286,-0.33884062055113184,0.01,0.01,False,False,False,True,True,True
6,68,0.32046619598082726,0.9901629305992197,True,0.15163076500533268,0.12059411014479508,0.887238178210946,0.73,0.58,True,True,True,True,True,True
10,10,0.2159084922418093,1.1588038644115222,True,0.23553736543874615,0.13840621699088668,0.9479020143549675,0.94,0.8,True,True,True,True,True,True
6,24,0.5318000832619908,1.3798956052063387,True,0.8295292625625877,0.7491292774746799,0.8058153409697332,0.72,0.63,True,True,True,True,True,True
11,53,0.09642196313788798,1.6709227229644519,True,0.9079794338391715,0.895217661096971,0.9893751440482235,0.46,0.46,True,True,True,True,True,True
9,35,0.38022889770711077,0.3725771590870776,True,0.5321068916172934,0.48092635232241665,0.8358393916064168,0.84,0.72,True,True,True,True,True,True
9,13,0.08614819482943994,0.9942099368905271,False,0.10341055425749468,0.06270046141502733,-0.549351187107008,0.01,0.01,False,False,False,True,True,True
3,73,0.309980805526491,0.35445639410228896,True,0.041161367469482735,0.02646696026910947,0.873410805560132,0.98,0.9,True,True,True,True,True,True
11,66,0.24803814072447916,1.1065453849517068,True,0.3404633801799509,0.2828852252299688,0.9269589884045886,0.78,0.74,True,True,True,True,True,True
11,26,0.350385614162877,1.8562798827592115,True,0.054595827673095454,0.0374731922763621,0.8797099110590826,0.88,0.72,True,True,True,True,True,True
12,63,0.18636555946849498,1.9584417724226137,False,0.8939571941631744,0.8832289067228821,-0.19687042104925445,0.01,0.01,False,False,False,True,True,True
8,59,0.35217797694987873,1.7774924600483069,False,0.9679319907741095,0.9437022948696601,-0.268838262662181,0.01,0.01,False,False,False,True,True,True
9,45,0.08229365218751022,1.3349967108491816,False,0.1431695027733968,0.10657345851711907,-0.45581476905246876,0.01,0.01,False,False,False,True,True,True
8,43,0.4303694969537777,1.8290523008719124,False,0.8003469684862062,0.7464972280566944,-0.3120324533430985,0.01,0.01,False,False,False,True,True,True
9,39,0.0744224731882426,0.3912725051952898,True,0.3560849158123063,0.28451139285030114,0.9931364842986602,0.46,0.39,True,True,True,True,True,True
6,58,0.3773334784942505,1.4747069509184203,True,0.027544991959291387,0.023156020786815914,0.8496546560317575,0.3,0.56,True,True,True,True,True,True
10,73,0.14561818630039952,0.8536896621884205,False,0.3733023782936723,0.3167580915724806,-0.42306651425446296,0.01,0.01,False,False,False,True,True,True
10,69,0.38411075588381455,1.901105718640329,False,0.2104266053148297,0.16646065257153017,-0.480102485628054,0.01,0.01,False,False,False,True,True,True
6,28,0.574469669961646,1.3050038232056702,False,0.08686335382883259,0.06317292600516228,-1.342706739494738,0.01,0.01,False,False,False,True,True,True
10,42,0.34151443236834117,1.7396581645117193,True,0.6647944968258112,0.636060092825179,0.8672070900216852,0.19,0.28,True,True,True,True,True,True
6,68,0.17946751981776787,0.7985275878777497,False,0.8960519093359303,0.8741464413873324,-0.4151277383756815,0.01,0.01,False,False,False,True,True,True
9,79,0.5122652133852016,1.9149402526983013,True,0.6228534286967372,0.6016107709139766,0.7439156133620354,0.66,0.59,True,True,True,True,True,True
7,25,0.340917444061095,0.5519914114852051,False,0.8115157491982782,0.7806421233141717,-0.01805401514472904,0.01,0.01,False,False,False,True,True,True
9,47,0.49737023660478563,1.9489624744490373,True,0.04184140622651655,0.03243217494897123,0.793003037507733,0.07,0.29,True,True,True,True,True,True
6,50,0.20379246242076637,1.741424779100071,True,0.10655168289363814,0.08421869101865281,0.9574453283631712,0.96,0.86,True,True,True,True,True,True
10,13,0.16969267972920346,1.5762756697927955,False,0.7613734058176,0.6837693031552378,-0.32454884463843725,0.01,0.01,False,False,False,True,True,True
4,23,0.5655685732948231,1.543363682796117,True,0.6786391268250722,0.5811945629134962,0.734152727926665,0.72,0.77,True,True,True,True,True,True
7,72,0.5770744681583114,0.5824090743565163,False,0.7032370492275063,0.6882389387518013,-0.39200120641074854,0.01,0.01,False,False,False,True,True,True
3,30,0.14588349121877348,0.9543210713931922,True,0.6499250363440643,0.616086904035465,0.9768255818034572,0.38,0.39,True,True,True,True,True,True
4,39,0.3368159411073059,1.0322068514449179,True,0.3332912051171627,0.28853239319670393,0.837982800287414,0.01,0.03,True,False,False,True,False,False
10,74,0.08169511773556998,0.6843727556395527,True,0.8743451657363605,0.8667919802058233,0.9915764876010243,0.64,0.53,True,True,True,True,True,True
10,59,0.5882395132697438,1.2951425565154053,False,0.5392344619140378,0.5034237681002206,-0.25178216929016406,0.01,0.01,False,False,False,True,True,True
7,78,0.5942885663942582,1.1545200944436373,False,0.3329775556808766,0.27983143661554494,0.37985360133003765,0.01,0.01,True,False,False,False,True,True
12,73,0.47919365209744486,1.7664921862635266,True,0.619111082014032,0.592042453424655,0.7607051833777898,0.94,0.89,True,True,True,True,True,True
6,65,0.2290915386168324,1.3319038009463182,False,0.6721389449513674,0.6521299521175358,-0.5839889063575103,0.01,0.01,False,False,False,True,True,True
12,45,0.27108340509583123,0.7654987187204361,True,0.7614235473428159,0.7470432764249038,0.9112048722963989,0.29,0.22,True,True,True,True,True,True
6,65,0.4290461004791617,1.0024075917387785,True,0.5229594186469264,0.4990197228040826,0.8069222385572213,0.91,0.97,True,True,True,True,True,True
4,75,0.13072932815614557,1.7587171519392173,False,0.24815129910837086,0.20632799803559268,-1.1104782640156206,0.01,0.01,False,False,False,True,True,True
3,55,0.10190842499640648,1.0654022409969293,True,0.6257658479511211,0.638296728179003,0.9878475460081855,0.58,0.52,True,True,True,True,True,True
3,17,0.38563299130287193,1.3615958997190827,False,0.16576317521887896,0.11581887363552525,-1.6663698866233765,0.01,0.01,False,False,False,True,True,True
12,25,0.5404026549908049,0.9056765179383282,False,0.29920934152420087,0.2405612415447543,0.2535472596024162,0.01,0.01,True,False,False,False,True,True
5,54,0.10723614025855807,0.3284870374167596,True,0.28315902684259164,0.23170820056039396,0.9845854057305,0.01,0.01,True,False,False,True,False,False
12,11,0.4472584281326937,1.2892786817622173,False,0.6864991170282855,0.5699303063457863,-0.09098652568081889,0.01,0.01,False,False,False,True,True,True
3,64,0.47090339939632514,1.3722643365284113,True,0.13299405583856683,0.11998770807968624,0.7810256969588454,0.01,0.05,True,False,False,True,False,False
11,19,0.24560086863623443,1.3913855054739286,False,0.2938389269948638,0.22438395154268653,-0.002038326554346437,0.01,0.01,False,False,False,True,True,True
3,33,0.5567306103824001,1.7136380640418418,False,0.6040555219551177,0.5987556999105904,-1.2962495728485521,0.01,0.01,False,False,False,True,True,True
11,40,0.39236484308935116,0.9541015498532726,True,0.04266516060071768,0.03164800170282862,0.8529391319410904,0.97,0.77,True,True,True,True,True,True
12,37,0.37111952908402157,1.1457515981447821,False,0.474169343710786,0.4197985638526644,-0.014175745467109868,0.01,0.01,False,False,False,True,True,True
12,74,0.44612862670394465,0.5739449676536401,True,0.9685208431184997,0.9554990881900571,0.8268425613445801,0.62,0.53,True,True,True,True,True,True
9,22,0.32909320584689894,0.5765378447640088,False,0.00214864836877271,0.0,-0.4337079616245627,0.01,1.0,False,False,True,True,True,False
10,63,0.11684414457315978,0.867959502013121,True,0.3016148745886841,0.24927071594629505,0.9839391182869391,0.49,0.52,True,True,True,True,True,True
12,71,0.21149824693576413,0.5565782120066074,True,0.7070756578943104,0.6895012665690577,0.9402496785044181,0.11,0.15,True,True,True,True,True,True
8,34,0.18298794191162093,0.620099032604188,False,0.7995203972881483,0.7854678065995812,-0.3424970522664874,0.01,0.01,False,False,False,True,True,True
7,40,0.31528177743177,1.3560815566208722,True,0.4314684727373834,0.3496860669349861,0.8773006543477122,0.02,0.09,True,False,True,True,False,True
10,25,0.15140479930807843,0.6155180296179916,False,0.8961070344025335,0.8711116314576813,-0.1106042439938908,0.01,0.01,False,False,False,True,True,True
4,24,0.44971985948573395,1.6390268023925323,True,0.8845816397043516,0.7937037797156204,0.7506917482552856,0.58,0.59,True,True,True,True,True,True
6,57,0.2299945587068581,1.2958792679041367,False,0.8554939551900509,0.8328813961409655,-0.4070281942368068,0.01,0.01,False,False,False,True,True,True
3,36,0.41432234800461,1.1530722318019524,False,0.18573758411208108,0.1499738842580711,-2.5101973544134455,0.01,0.01,False,False,False,True,True,True
6,42,0.07693748238641504,0.6212483068103365,True,0.6727978112218458,0.6427832350913244,0.9912983453649434,0.96,0.87,True,True,True,True,True,True
10,41,0.2826885742168143,0.9715384848928543,True,0.16837923885454975,0.1306290521639329,0.9174065648122229,0.15,0.21,True,True,True,True,True,True
4,64,0.5137390158538254,0.9670011876940787,True,0.10027752414360647,0.0780544741853809,0.7713307091293999,0.98,0.86,True,True,True,True,True,True
4,40,0.20587528693878449,1.606896781605799,True,0.25425608958616774,0.21244628617258468,0.9289447488473414,0.68,0.84,True,True,True,True,True,True
3,50,0.43415136748860156,0.8351750587194604,True,0.9913102920960482,0.941575840838814,0.8441274905859407,0.85,0.8,True,True,True,True,True,True
5,16,0.39960685062022183,0.46531785464491016,True,0.45050104977766736,0.39798629402288477,0.8374426006412976,0.63,0.71,True,True,True,True,True,True
9,25,0.33750757378533874,1.9434273846847887,True,0.5650458977482721,0.5255177691014603,0.8677366096202708,0.45,0.46,True,True,True,True,True,True
8,17,0.25433669573783785,1.9558425115179192,False,0.06877256373254015,0.04594181080826122,0.4632796111162313,0.01,0.01,True,False,False,False,True,True
11,11,0.5709224449966374,0.41378121421934755,True,0.20489249242735408,0.1400305371680339,0.7325985130572547,0.28,0.21,True,True,True,True,True,True
8,19,0.4857565299992014,1.9225781402448312,False,0.8438658304056293,0.8266023230721776,-0.27394356327451064,0.01,0.01,False,False,False,True,True,True
3,13,0.5955933007975976,1.3417605079566324,False,0.18918276090084685,0.020522816603121094,-4.494410422787401,0.01,0.01,False,False,False,True,True,True
12,56,0.20856236983941384,1.0840779104312648,False,0.21112518993961782,0.16496950876231486,-0.1421327526660643,0.01,0.01,False,False,False,True,True,True
9,40,0.09130742963066815,1.8925147629915777,False,0.6648527521122604,0.6363211595164712,-0.4172897724897273,0.01,0.01,False,False,False,True,True,True
10,70,0.08024631559483386,1.8761428941204006,True,0.4460389724325968,0.3906007849159231,0.9915385304921785,0.95,0.91,True,True,True,True,True,True
5,57,0.4922076352706532,0.39282329018112755,True,0.1742651642564309,0.13090659300402446,0.7484504042556761,0.39,0.36,True,True,True,True,True,True
6,37,0.05473245174427137,0.9568817579087245,True,0.04758055002785999,0.0340347401533986,0.9969843262327664,0.99,0.9,True,True,True,True,True,True
10,47,0.5841151902002377,0.5552355698432252,False,0.7966122330324826,0.7726733737772498,-0.18950848505454232,0.01,0.01,False,False,False,True,True,True
8,23,0.29553718046629457,1.7491674481396395,True,0.5436207633310506,0.49352882621957306,0.8970729379553789,0.85,0.83,True,True,True,True,True,True
8,25,0.5878367451681374,1.6278324100955637,True,0.9019233338014631,0.8568422505365871,0.6452740592015516,0.17,0.19,True,True,True,True,True,True
5,13,0.0807294611367639,1.0763970868370274,False,0.9844901041378143,0.8298348399197015,-0.14851740456106732,0.01,0.01,False,False,False,True,True,True
4,30,0.4191867192273465,1.6114032424690923,True,0.7816631527767981,0.7073070373099051,0.8363414231627295,0.03,0.05,True,False,False,True,False,False
10,62,0.4689601497128977,1.445395309293539,False,0.44173018258039476,0.3781149437329506,-0.3881359303097167,0.01,0.01,False,False,False,True,True,True
6,54,0.44194656309910285,0.5436889839260703,True,0.32985801301440665,0.27596107306971973,0.8248147469397653,0.09,0.22,True,True,True,True,True,True
9,36,0.5676232494493682,0.6793955925047896,True,0.21194115240509082,0.16200976564224914,0.6815795190546854,0.15,0.3,True,True,True,True,True,True
4,47,0.554259616329594,0.7744051289133278,True,0.29792357816608683,0.2544615934631875,0.7482867336508574,0.12,0.28,True,True,True,True,True,True
8,32,0.5846813209738132,1.5616931602760862,False,0.3694919958273515,0.30294067296265903,-0.7236935522791459,0.01,0.01,False,False,False,True,True,True
6,61,0.1139681420679501,1.0077203825924257,False,0.5351902363482973,0.5064778440142825,-0.6949763316383923,0.01,0.01,False,False,False,True,True,True
3,21,0.3569548363312724,0.7089953434310182,False,0.1614507286958735,0.0897899613094026,0.4154376309582688,0.01,0.01,True,False,False,False,True,True
6,17,0.38625829691376434,1.4692073276626791,True,0.06657888052541949,0.044563891020715785,0.8441035720866056,0.73,0.75,True,True,True,True,True,True
7,52,0.5257184124283183,0.44864849508560994,False,0.35053571590134447,0.28329119207571907,-0.29947506969189,0.01,0.01,False,False,False,True,True,True
10,50,0.29511138452418295,1.9895336435307132,True,0.8866932326580261,0.8735367523857611,0.9215528048421349,0.86,0.89,True,True,True,True,True,True
5,71,0.5559266767013304,0.9783094655644802,False,0.972029222070823,0.9544103134515737,-0.36094185894837616,0.01,0.01,False,False,False,True,True,True
9,50,0.22544647597474465,1.933071934428544,False,0.9584883363101139,0.9272478692005794,-0.278564252953706,0.01,0.01,False,False,False,True,True,True
3,64,0.08928028253333861,1.2557112982994985,False,0.9743527015617718,0.9530143026892063,-1.3165770168823143,0.01,0.01,False,False,False,True,True,True
6,10,0.1733093912619552,0.42196975885024324,False,0.1195404640213078,0.0741267617379246,-0.04421390482272791,0.01,0.01,False,False,False,True,True,True
4,60,0.26222383404043553,1.0885416100706495,True,0.8389591441993723,0.818010296061309,0.9158399000524893,0.19,0.23,True,True,True,True,True,True
7,73,0.23008129930745402,0.9774473952147855,True,0.5399830826968961,0.515206717124922,0.932320738417094,0.72,0.86,True,True,True,True,True,True
9,10,0.19469563334650392,0.5565085520676597,False,0.44114619538234245,0.30048204160200753,-0.037191701218968864,0.01,0.01,False,False,False,True,True,True
6,48,0.4895369099625578,0.6778869909720122,True,0.7228922680234312,0.7030353192423323,0.7563681899661396,0.53,0.43,True,True,True,True,True,True
8,53,0.5087521193262626,1.795680929420685,False,0.7842642565038334,0.754979481750872,-0.33221908383817866,0.01,0.01,False,False,False,True,True,True
9,16,0.47021140584201215,1.969573925865586,False,0.08160364169658552,0.051865259839403016,-0.2645340362302846,0.01,0.01,False,False,False,True,True,True
10,42,0.20114544469783047,1.5575828995654692,False,0.3081504877619603,0.2506037959156776,-0.4463851475329237,0.01,0.01,False,False,False,True,True,True
10,42,0.4932374443488237,1.589402540363424,True,0.9839320257712597,0.9565482385726909,0.7850193130084495,0.01,0.01,True,False,False,True,False,False
7,32,0.1818262843029474,1.318828885523816,True,0.9602698972604635,0.906960397344615,0.9711362040106625,0.88,0.85,True,True,True,True,True,True
5,55,0.5353930682311687,1.8263290204214595,True,0.10250367638811597,0.08403949627867482,0.7877733021324086,1.0,0.93,True,True,True,True,True,True
9,18,0.33219881082350977,1.8813887967258731,False,0.9296817715328101,0.8726068510338646,-0.14622195912047697,0.01,0.01,False,False,False,True,True,True
8,53,0.42218834770939717,1.417233117349668,False,0.02290798028413432,0.015424428400385529,-0.32469159973618567,0.01,0.01,False,False,False,True,True,True
3,56,0.5843232949200133,0.5023557872452759,True,0.8545899198560164,0.8589647570695246,0.692401246580781,0.27,0.22,True,True,True,True,True,True
8,47,0.06865668398366137,1.9418952894935335,True,0.16394108328763524,0.12417421521510039,0.9945248328970565,0.03,0.28,True,False,True,True,False,True
9,51,0.3807873138973441,1.1146204212382993,True,0.6005908082697561,0.5716937151231908,0.8252828481299539,0.39,0.38,True,True,True,True,True,True
5,30,0.434151891255938,1.0736678002901066,False,0.2815032290121804,0.22777637146226426,-0.5801404247409954,0.01,0.01,False,False,False,True,True,True
10,70,0.38114565509577664,1.0116744391168968,True,0.5507232467225466,0.5172410421167986,0.8447342054220769,0.49,0.45,True,True,True,True,True,True
10,12,0.4829124320620515,1.6910923066525345,False,0.34707899911783835,0.23218272524514844,-0.10738925931723808,0.01,0.01,False,False,False,True,True,True
6,75,0.2605070437814988,1.9153570705352536,False,0.9307893890759875,0.9110340452897693,-0.416733525619825,0.01,0.01,False,False,False,True,True,True
11,48,0.2831986167941663,0.8331637075907785,True,0.638116485536094,0.6075578286947592,0.8913137012899234,0.14,0.14,True,True,True,True,True,True
12,75,0.09283849817160161,1.2952882164297101,False,0.9095995946898456,0.9027953083742994,-0.1735348187055934,0.01,0.01,False,False,False,True,True,True
4,44,0.08782411215840275,1.457625000767004,True,0.3976705279445554,0.3692893748552071,0.9894961223750226,0.06,0.15,True,True,True,True,True,True
11,20,0.2158184464610045,1.6284398628447794,False,0.5609865199186884,0.4969241606368296,-0.33436132981092936,0.01,0.01,False,False,False,True,True,True
10,36,0.5959514811069727,0.7263527725698615,False,0.4753470920558154,0.397623863218386,-0.4421463273176731,0.01,0.01,False,False,False,True,True,True
8,43,0.0808465338316054,1.3354635056640718,False,0.8870119816384312,0.872360689320409,-0.30603652592312036,0.01,0.01,False,False,False,True,True,True
9,10,0.27159110900155564,0.44971252185558036,True,0.7899039264472877,0.7253172521149638,0.9221626869386846,0.36,0.35,True,True,True,True,True,True
11,62,0.4661411865662865,0.44312829767835327,True,0.8544176720514877,0.8261722349763498,0.8011157153867701,0.26,0.26,True,True,True,True,True,True
5,62,0.32511222570580117,0.771399200200367,False,0.7593605357889069,0.7422054589831821,-0.3704623241755842,0.01,0.01,False,False,False,True,True,True
12,56,0.32516363653240005,1.5966779572313512,True,0.27696506843642876,0.22407885768308566,0.8823738147551123,0.86,0.76,True,True,True,True,True,True
6,18,0.4620031342484313,0.6417946976430557,False,0.7570435828730259,0.7439531679105925,-0.348191789149207,0.01,0.01,False,False,False,True,True,True
9,28,0.4350070422848452,0.4178292124214326,False,0.9691030374490378,0.9153466048699627,0.15941313922118583,0.01,0.01,True,False,False,False,True,True
6,41,0.20760685651150512,0.327714994483039,False,0.8566652915781581,0.8304227626291538,0.08040566917787106,0.01,0.01,True,False,False,False,True,True
3,66,0.4031211545334456,1.3882370523821563,True,0.3949734108875822,0.38997067589093115,0.7445919621327548,0.01,0.01,True,False,False,True,False,False
7,27,0.5362940900764244,1.18445041477009,True,0.5108677057449094,0.45503323933142087,0.7488287763553064,0.8,0.63,True,True,True,True,True,True
5,30,0.26243436374415047,1.0305158019279024,True,0.6990993250207441,0.6720929862973483,0.9076665740831449,0.72,0.69,True,True,True,True,True,True
12,50,0.3100002384414767,1.1261295350353155,False,0.6369502941447112,0.6140897375300579,-0.217437350392377,0.01,0.01,False,False,False,True,True,True
10,74,0.0552981366311877,1.8464682933633898,True,0.2979324697813195,0.24391962387437893,0.9966331561378942,0.07,0.14,True,True,True,True,True,True
12,39,0.49724888996614364,0.7617760822576569,True,0.19196443119623374,0.1412605077173695,0.8044602993949747,0.19,0.14,True,True,True,True,True,True
9,62,0.12488774514899123,1.3224355795323353,False,0.24390045196333632,0.1940859162066722,-0.7039627966926858,0.01,0.01,False,False,False,True,True,True
10,57,0.25815271922796373,1.3035131916165215,True,0.9938755099413915,0.966460950262413,0.9336317000574244,0.46,0.39,True,True,True,True,True,True
4,55,0.5261423933874265,1.4602968678420738,False,0.230275222506651,0.1882009409999815,-1.2077731607409188,0.01,0.01,False,False,False,True,True,True
4,76,0.5107420353769976,1.4806067183064315,False,0.17936673734770492,0.14667929793721363,0.5676440391701103,0.01,0.01,True,False,False,False,True,True
9,21,0.4312311300498017,0.5643814283204298,True,0.9952275427300475,0.882222225291949,0.8262660330799942,0.96,0.96,True,True,True,True,True,True
9,70,0.1151178405930874,1.9443907499925261,False,0.07180791987993962,0.05477775325612401,-0.371816850764473,0.01,0.01,False,False,False,True,True,True
8,70,0.1613326944994031,1.4933126451300525,True,0.254344854058871,0.2047230106487783,0.9710899562904963,0.69,0.87,True,True,True,True,True,True
11,16,0.4403748097895451,1.2774696693524925,True,0.1926879641790623,0.1324418512995985,0.8085240993729568,0.09,0.27,True,True,True,True,True,True
11,73,0.4612833553584642,1.8921963497280496,False,0.1702884767734607,0.13204998667125212,-0.05007906925739136,0.01,0.01,False,False,False,True,True,True
10,10,0.11810273373548168,0.8643027495020725,True,0.8409619027435259,0.7116387181460313,0.9834895052589646,0.67,0.62,True,True,True,True,True,True
6,34,0.49715332664981593,0.971451789505255,True,0.009328250898623547,0.0033585049510779673,0.7936013641823821,0.11,0.84,True,True,True,True,True,True
10,66,0.34377051287851274,1.6679428596641621,False,0.3483071729401319,0.2899851642697173,-0.08091156792494436,0.01,0.01,False,False,False,True,True,True
4,19,0.4700944897527962,1.0541686720952872,False,0.30368390050605576,0.2523862289221163,-1.401376804643116,0.01,0.01,False,False,False,True,True,True
11,45,0.06896783904910618,0.8745528900548512,True,0.35490411312839265,0.2937282708050799,0.9936269557296733,0.21,0.31,True,True,True,True,True,True
5,38,0.22475856417077245,0.9145469261530894,False,0.963936860191564,0.9387088155449532,-0.4905789143622479,0.01,0.01,False,False,False,True,True,True
10,15,0.27315143288888916,1.700119171019099,True,0.30842373098622955,0.23021732100353784,0.905791819668783,0.84,0.76,True,True,True,True,True,True
3,62,0.2266240425916154,0.33835759766337736,True,0.5865846643114317,0.6018968130416438,0.9256483965620715,0.92,0.95,True,True,True,True,True,True
4,72,0.10460957648390437,1.3673889934213033,False,0.7898068466387544,0.7570544940201694,-0.9951849852893182,0.01,0.01,False,False,False,True,True,True
6,28,0.07128990928843021,1.826218577100427,True,0.35587727125115576,0.2939535142050215,0.9911273507877338,0.15,0.17,True,True,True,True,True,True
5,24,0.37440289751889055,0.6951862026165385,False,0.05436547925328217,0.034108142909549145,0.1562137046589479,0.01,0.01,True,False,False,False,True,True
3,63,0.21151880384696065,0.41274592170177615,True,0.19833290060472486,0.15894455743602842,0.9512299828957174,0.22,0.4,True,True,True,True,True,True
4,30,0.4408978849290611,1.245718112579787,True,0.8488823498336229,0.8279094677076975,0.839142762242368,0.47,0.4,True,True,True,True,True,True
12,48,0.09782527223548704,1.2108785121561978,True,0.3674249718025422,0.3112135854859268,0.9890281270167939,0.03,0.12,True,False,True,True,False,True
6,18,0.07756498826949161,1.6095905951766998,False,0.9820852602255236,0.9096910359270033,-0.3612266091532266,0.01,0.01,False,False,False,True,True,True
11,27,0.3391981630206255,1.0750220244127395,True,0.43679163084770534,0.36576417896731983,0.879636979551749,0.98,0.94,True,True,True,True,True,True
9,19,0.5595339938216639,0.8106153785532102,False,0.5889181026771346,0.5119022605711859,-0.26155892056139596,0.01,0.01,False,False,False,True,True,True
12,12,0.2814001026959438,0.7551380873830856,False,0.21711020619622357,0.14193146448233648,-0.32988309352109413,0.01,0.01,False,False,False,True,True,True
6,25,0.25582972920180985,1.830345320901962,False,0.49896514762891875,0.43155156176700954,-0.9982594407984711,0.01,0.01,False,False,False,True,True,True
10,28,0.38815590492482277,0.36455796965263626,True,0.1855429088358419,0.13967501337889102,0.8518426983822163,1.0,0.99,True,True,True,True,True,True
7,52,0.5323799553094569,1.671855192363978,True,0.5864153327102567,0.5696433866540018,0.7516226845236125,0.63,0.68,True,True,True,True,True,True
6,45,0.17774085396173928,1.8584622282680068,False,0.11239700304395983,0.08531719197116268,-1.41128060708782,0.01,0.01,False,False,False,True,True,True
8,44,0.050338256163826145,0.3161302166648904,False,0.7085921341852002,0.6740244281672101,-0.13819675197783954,0.01,0.01,False,False,False,True,True,True
12,37,0.25798191962523453,0.6782886586740862,False,0.2697134270635271,0.21072602956679326,-0.061325451707059386,0.01,0.01,False,False,False,True,True,True
5,33,0.09868726960679453,1.7085414751684067,False,0.8102775713139054,0.7689915045926895,-0.5068726540613162,0.01,0.01,False,False,False,True,True,True
4,58,0.15778093388789752,0.3364164445986104,True,0.44622978544403746,0.41548976250490083,0.9683482975503803,0.75,0.69,True,True,True,True,True,True
4,55,0.09721376064701999,1.003190523658149,True,0.5847273885900706,0.5861019600543534,0.9841568521954084,0.19,0.25,True,True,True,True,True,True
6,77,0.30983203588684666,0.5724751801476948,False,0.5759917543766919,0.5471440898190117,-0.3925766316933066,0.01,0.01,False,False,False,True,True,True
8,70,0.11749207782026105,1.5487822203885406,False,0.3464189335239448,0.2874532369646142,-0.5218288211860074,0.01,0.01,False,False,False,True,True,True
7,61,0.5686943918722794,1.3360709459393276,False,0.21278721910672405,0.16740817517441547,-0.406562946179412,0.01,0.01,False,False,False,True,True,True
12,33,0.5037453536283775,1.6899948196320391,False,0.35484929452412406,0.2929701913223663,-0.2264853102321367,0.01,0.01,False,False,False,True,True,True
11,53,0.4403963247351837,0.5037899687371855,True,0.9115189810505908,0.8981212460318515,0.8006910649169064,0.3,0.33,True,True,True,True,True,True
3,40,0.429420945052637,1.7849156799564208,True,0.09859194651139547,0.0787687155037356,0.8238098301406411,0.04,0.22,True,False,True,True,False,True
5,56,0.5753234906937146,1.4182875683106495,False,0.6290403521195261,0.5962639050276652,-0.6931857158696584,0.01,0.01,False,False,False,True,True,True
6,45,0.2569921617942783,0.7535930587112585,False,0.4560251445184189,0.402230985860406,-0.7149665158110787,0.01,0.01,False,False,False,True,True,True
10,78,0.17373239751645847,1.9077000633735584,True,0.8789356067302938,0.8689317166438457,0.9669114443791942,0.38,0.46,True,True,True,True,True,True
6,25,0.2716559703981431,1.2320730104843378,False,0.09287978818320675,0.06318066122762243,-0.6220231967942351,0.01,0.01,False,False,False,True,True,True
12,62,0.33614875271534916,1.6307078621284847,True,0.6653023003268684,0.636323251649097,0.8463575819574123,0.05,0.04,True,False,False,True,False,False
9,67,0.2731514133006894,1.7855356887690117,True,0.8426636466708489,0.8287584720491616,0.9114486645441656,0.83,0.65,True,True,True,True,True,True
5,70,0.050728588564591726,0.8781714487418102,False,0.6848429246302493,0.6652779807875818,-0.5625199723234113,0.01,0.01,False,False,False,True,True,True
12,45,0.07434722161889307,0.4968004039535424,False,0.287036600809886,0.23400036889375303,0.11982345840041064,0.01,0.01,True,False,False,False,True,True
8,21,0.49909039862886817,0.6989447898306476,False,0.733820486322322,0.6731270815809915,0.0681263982475967,0.01,0.01,True,False,False,False,True,True
8,28,0.33632315445665145,0.6084282197185704,False,0.09125232289024565,0.059798940952522535,-0.5557921257917164,0.01,0.01,False,False,False,True,True,True
4,39,0.37704835261636027,0.6901988741403812,False,0.553310490935424,0.5418551007882364,-1.1103567783081867,0.01,0.01,False,False,False,True,True,True
12,11,0.06740530693092564,1.8561206947958577,False,0.9537655015155664,0.8217967671058032,-0.16142848146913802,0.01,0.01,False,False,False,True,True,True
8,13,0.13219000439471235,1.9272961743221484,True,0.5380495903610971,0.49899996458449214,0.9747416586934351,0.24,0.28,True,True,True,True,True,True
3,14,0.4890843291266607,0.3500099858105413,True,0.8363937714530385,0.771270887127215,0.790728317933091,0.64,0.76,True,True,True,True,True,True
4,74,0.2881997068944185,0.8370442053196578,False,0.8206542081893722,0.805700412644831,-0.6506935873164983,0.01,0.01,False,False,False,True,True,True
6,21,0.45373637816132445,1.2529059494943993,False,0.7128124381471265,0.651155022015659,-0.366579844390299,0.01,0.01,False,False,False,True,True,True
9,77,0.4539577805645787,0.7419032346097296,True,0.13205573825699257,0.09798942666791219,0.7978789135759607,0.26,0.64,True,True,True,True,True,True
6,14,0.16520708092383554,1.2776880381212612,False,0.4600931403845079,0.3314270103432891,-0.892987944698566,0.01,0.01,False,False,False,True,True,True
10,57,0.5365936883312262,1.2758166079661608,True,0.9589046116180294,0.9288463173915229,0.7682069108506925,0.58,0.64,True,True,True,True,True,True
9,15,0.30314805453871657,1.470763342544524,False,0.2822545040464416,0.1878412230033335,-0.6072220614477537,0.01,0.01,False,False,False,True,True,True
5,46,0.45178753514785513,0.7935033251028123,True,0.036038977434166175,0.02468084459732414,0.7972822211202776,0.99,0.88,True,True,True,True,True,True
12,51,0.276511375298568,1.5787245371899417,True,0.7145941864160136,0.6971285356783122,0.913291873399122,0.14,0.17,True,True,True,True,True,True
9,77,0.5383404094715202,0.6543407024701722,False,0.4940294280814014,0.44146042283524634,-0.3201030380251024,0.01,0.01,False,False,False,True,True,True
5,43,0.08963748469004404,1.762623457818288,True,0.15295918715358536,0.12135339525187971,0.9925078288891682,0.3,0.48,True,True,True,True,True,True
12,46,0.24631905791131703,1.57936595671395,True,0.5679404345161481,0.5211593789422285,0.9240240672564278,0.94,0.89,True,True,True,True,True,True
5,50,0.2617691632845258,1.3783269565098542,False,0.5658787973071424,0.5379567109070917,-1.1458979621729206,0.01,0.01,False,False,False,True,True,True
5,55,0.45396713540677197,0.8519344390978016,False,0.39319400566041995,0.3555469976939613,-0.8262035826529803,0.01,0.01,False,False,False,True,True,True
10,44,0.3763517938149403,0.9837841136762411,False,0.964912528032325,0.9557739167645265,-0.16339145467408533,0.01,0.01,False,False,False,True,True,True
8,40,0.3681182490166905,1.766997951829265,False,0.5316289597413382,0.4946423731564527,-0.3778742302323428,0.01,0.01,False,False,False,True,True,True
7,59,0.43316288077105186,1.678355219980772,False,0.6200106464465852,0.5802125680663048,-0.39804234299479857,0.01,0.01,False,False,False,True,True,True
4,57,0.38235021524349144,0.6106386944006675,False,0.14546972509140665,0.12394567313917448,0.4714673131571173,0.01,0.01,True,False,False,False,True,True
10,43,0.5231257988689203,1.6763576629518473,True,0.7317787279441645,0.7148891738487069,0.7112803100999173,0.01,0.02,True,False,False,True,False,False
9,31,0.07757993896991819,0.33846365866957373,False,0.7398810481503952,0.6974058958399751,0.7298862524287429,0.01,0.01,True,False,False,False,True,True
3,12,0.28346016593893,1.1944577838344244,True,0.2443428573054608,0.17756834777923391,0.8749071229066505,0.57,0.63,True,True,True,True,True,True
6,37,0.5469573881658836,0.7398724608907996,False,0.7480881286540606,0.691425312396706,0.32218337358329174,0.01,0.01,True,False,False,False,True,True
5,50,0.44961232672736523,0.7798933892852342,False,0.9081327288597922,0.907037946246683,-0.06345853946505375,0.01,0.01,False,False,False,True,True,True
4,23,0.12113107456507873,1.754807361349009,True,0.867247668931997,0.8031144254393339,0.9715029003156279,0.01,0.06,True,False,True,True,False,True
8,42,0.1780765521989488,1.1220235368511136,True,0.3583306975072741,0.29540114121131317,0.952026605403719,0.54,0.49,True,True,True,True,True,True
6,51,0.06938391736533739,1.8621128099879931,True,0.783381365082739,0.7596740408164916,0.9936935062865064,0.17,0.16,True,True,True,True,True,True
12,26,0.20391643222839473,1.7318999574303748,True,0.9169101219424621,0.8497327359940119,0.9532561411143393,1.0,0.99,True,True,True,True,True,True
5,11,0.1057382826042976,1.9584690268800378,True,0.49476074557389405,0.30321023777449185,0.9773181083031073,0.21,0.27,True,True,True,True,True,True
9,71,0.1052879074508209,1.0844960827255183,False,0.6195513869168702,0.6009848686026251,-0.3306950350023483,0.01,0.01,False,False,False,True,True,True
11,58,0.3334099307543037,1.3206624407281986,False,0.46005193086937457,0.39804403681328143,0.28560984092936526,0.01,0.01,True,False,False,False,True,True
10,59,0.13965312794509893,1.062091586712041,False,0.38208062511971275,0.3237941492850397,0.31989147157747233,0.01,0.01,True,False,False,False,True,True
7,26,0.25782900370504147,0.3039274339222745,True,0.569885546692285,0.5104039239443309,0.9118762702734918,1.0,0.98,True,True,True,True,True,True
9,47,0.49680460933878506,1.1093684428486439,False,0.9474671720766441,0.9160877288229027,-0.23850082917229365,0.01,0.01,False,False,False,True,True,True
7,53,0.21147034227382627,0.6354925300827825,True,0.5846852232584817,0.533222276363217,0.9497297826165445,0.91,0.76,True,True,True,True,True,True
3,75,0.4627992816158591,1.200030586093981,False,0.6934191766545768,0.6909090502643719,-0.8336944555481145,0.01,0.01,False,False,False,True,True,True
4,16,0.20001070906522428,0.8869619406363052,True,0.7784620389195589,0.7614945853770942,0.9498081517228982,0.52,0.44,True,True,True,True,True,True
3,38,0.5717400220314793,1.5110033684179314,True,0.25001033369161774,0.1966997056023878,0.6847905240646872,0.07,0.31,True,True,True,True,True,True
6,53,0.5347767308533495,0.6842231146486399,True,0.2313168851674926,0.1924913125206867,0.7837868383610774,0.47,0.35,True,True,True,True,True,True
9,29,0.3871300351839046,0.49549074004503374,False,0.8313419553887882,0.8017978258476408,-0.021369284466874694,0.01,0.01,False,False,False,True,True,True
4,25,0.18147277532782136,1.162377098984205,False,0.16153447744488725,0.11496890328375982,-2.230742112499663,0.01,0.01,False,False,False,True,True,True
11,58,0.07829665354646462,0.8186839747800823,True,0.8538803262283822,0.8397197163842276,0.9935927368819327,0.44,0.45,True,True,True,True,True,True
3,57,0.2506036705894036,1.4475172303451753,True,0.7392331449646394,0.7492559729127571,0.9169076084374614,0.92,0.85,True,True,True,True,True,True
10,46,0.1516002897683195,0.49865716887445505,False,0.46594008746440796,0.40440653156836215,-0.05976086210845111,0.01,0.01,False,False,False,True,True,True
9,27,0.44412826719852344,1.065196437674696,True,0.5258962871128121,0.4460787705716965,0.8122933096227376,0.87,0.84,True,True,True,True,True,True
11,57,0.0725952486759826,1.5133963973252993,False,0.11214794013371565,0.07924564507110446,-0.3562689260012719,0.01,0.01,False,False,False,True,True,True
11,72,0.43249611816835876,1.656883563256778,True,0.5218332206024613,0.4811951109969024,0.7874813734486474,0.32,0.36,True,True,True,True,True,True
8,58,0.5611784961861118,0.4343857447098315,False,0.3894047830783439,0.3227227571399651,-0.17958589503940336,0.01,0.01,False,False,False,True,True,True
8,39,0.09988067018702601,1.853728086920897,True,0.6733452300615966,0.6493557258837025,0.9865050639412019,0.64,0.61,True,True,True,True,True,True
4,57,0.5366261834125545,0.3470041612192741,True,0.5157268342126561,0.5166763443196133,0.7312222097912524,0.26,0.31,True,True,True,True,True,True
8,62,0.2209473162543294,0.42063024409344923,True,0.5467562605089067,0.5132746677855043,0.9426293267374627,0.72,0.7,True,True,True,True,True,True
9,63,0.2034366488017328,1.2907482189439194,True,0.4153568837148236,0.35542346969915717,0.9500862332954116,0.8,0.62,True,True,True,True,True,True
11,49,0.49574931400828715,1.0585318595444213,False,0.933044822361702,0.9130326801890916,-0.10883521825774145,0.01,0.01,False,False,False,True,True,True
6,25,0.48508124529586344,0.9723763135649339,True,0.6961534958726754,0.6491352114994059,0.7009275458978729,0.34,0.31,True,True,True,True,True,True
7,34,0.051721029281233746,1.7063759230453308,True,0.9748927001326857,0.960594107302633,0.9965758074200142,0.6,0.73,True,True,True,True,True,True
8,75,0.5155334137534618,0.3209816678818504,True,0.3012125227804159,0.246585920099684,0.7689695259224114,0.31,0.3,True,True,True,True,True,True
11,24,0.12633547741357437,0.4424364368688264,True,0.268419854203383,0.20641217571044235,0.9815466069842003,0.17,0.17,True,True,True,True,True,True
4,14,0.40026792560617497,1.8639284689416276,False,0.9587404727285734,0.8813169827566041,-0.83618869894307,0.01,0.01,False,False,False,True,True,True
12,54,0.3556320987710535,1.8421555812926647,False,0.6655736282131257,0.6283700351773979,-0.2601061319624747,0.01,0.01,False,False,False,True,True,True
5,67,0.39974219684328366,1.096153514631902,False,0.849422585674081,0.8513479549584908,-0.586345235766452,0.01,0.01,False,False,False,True,True,True
8,28,0.3207764119478543,1.3618458751508613,False,0.4806339453863284,0.4145000169009109,-0.5952085490175143,0.01,0.01,False,False,False,True,True,True
11,11,0.28604326192171103,1.2479771715802066,True,0.2589185856725452,0.17224727928726125,0.9047369258442782,0.74,0.54,True,True,True,True,True,True
12,10,0.5376623039435531,0.5509626885709861,True,0.9055645216393702,0.7715907214329635,0.7461157770889278,0.49,0.46,True,True,True,True,True,True
6,32,0.13672474917887573,1.4584204884861116,False,0.4039980728624747,0.33515038112438283,-0.9487493046728495,0.01,0.01,False,False,False,True,True,True
7,68,0.5987855636853837,1.1716761201119748,False,0.7096496586605192,0.6936415291717838,-0.08408172260158508,0.01,0.01,False,False,False,True,True,True
8,73,0.36280963262193794,1.767589710357507,True,0.18471166528780936,0.1460734354228051,0.8658422434403936,0.25,0.53,True,True,True,True,True,True
5,39,0.5598209051540064,1.6353426537528806,False,0.8404714660745491,0.8199073063953974,-0.5227663322433596,0.01,0.01,False,False,False,True,True,True
5,37,0.3626964593391663,0.5197636496546887,True,0.5004476671063175,0.4369216193581161,0.8656527967528815,0.99,0.98,True,True,True,True,True,True
8,15,0.5444551696551205,1.0843348621850444,False,0.7332026154096969,0.6365897726556881,-0.20343407551848336,0.01,0.01,False,False,False,True,True,True
8,72,0.47869802781914766,1.2819011380206007,True,0.38935306523011404,0.3294520204594987,0.756237045509953,0.66,0.69,True,True,True,True,True,True
3,15,0.1764591677062181,1.8753429753691793,False,0.5775529126664545,0.6373873390906719,-1.3481230957096009,0.01,0.01,False,False,False,True,True,True
4,68,0.21552702283503983,1.5057812633729286,False,0.8548682770366717,0.8515972024198231,-0.6925210833124082,0.01,0.01,False,False,False,True,True,True
9,59,0.1116770836079703,0.387819944757483,False,0.9979472413959884,0.9666731316282795,0.3334083004692,0.01,0.01,True,False,False,False,True,True
4,13,0.5063220929144646,1.10594501457738,True,0.8718425615941373,0.8249890765901803,0.8205857427911726,1.0,0.97,True,True,True,True,True,True
8,72,0.22420198066427383,0.33072874394142465,True,0.07404490739387382,0.058316460107875036,0.9502735712197632,1.0,1.0,True,True,True,True,True,True
12,33,0.24712170146519802,1.7033242246069646,False,0.7106694289253473,0.6559474989187355,-0.2160587399353573,0.01,0.01,False,False,False,True,True,True
5,55,0.23501608199014684,0.59687496054118,False,0.17072548058233428,0.1345369947142812,-1.0405312483248794,0.01,0.01,False,False,False,True,True,True
8,41,0.1726654181001981,0.8494084955337835,True,0.7367132837331611,0.7206749155633273,0.9500266260082801,0.6,0.64,True,True,True,True,True,True
10,66,0.3294697953662754,0.6185486400762934,False,0.7521313242071297,0.7355211635606724,-0.21921873586933316,0.01,0.01,False,False,False,True,True,True
5,16,0.4761844174102809,1.3974712201058022,True,0.7229250893200924,0.659861969820011,0.8332720593366956,0.74,0.74,True,True,True,True,True,True
7,28,0.14829806386229852,0.5265033105551973,True,0.20954079066550235,0.16633426839978332,0.9733836409125391,0.45,0.42,True,True,True,True,True,True
12,37,0.22662736044660603,0.3772311501829679,True,0.8366086244327086,0.7871297482722542,0.9349762026044712,0.17,0.26,True,True,True,True,True,True
12,66,0.12263920814034157,1.8168738277589933,True,0.6092396612150092,0.5746020139671577,0.9786988945361754,0.72,0.75,True,True,True,True,True,True
6,51,0.08725987941869365,0.33103975862167867,False,0.19756448745957,0.15802961997397785,0.23016619165409513,0.01,0.01,True,False,False,False,True,True
8,27,0.525135046152155,1.3077969277978871,False,0.9393797235720917,0.9220484463346005,-0.24064429725522407,0.01,0.01,False,False,False,True,True,True
5,41,0.23031695144306158,1.1412826438331807,True,0.450847496310699,0.403454736064541,0.9211739361214795,0.05,0.18,True,False,True,True,False,True
5,74,0.2874651754142665,0.5016112106486075,True,0.3762116665869468,0.31914940125049684,0.9140023092701205,0.4,0.4,True,True,True,True,True,True
12,50,0.16777316317071472,1.461839131738895,False,0.32855263656034583,0.26941814312879736,-0.052613287674652565,0.01,0.01,False,False,False,True,True,True
3,22,0.3814060364615824,1.3475351953684533,False,0.374640209381072,0.35914240270828807,-1.5164418823100827,0.01,0.01,False,False,False,True,True,True
9,46,0.403622036023565,1.0344133821224204,False,0.5421403990066826,0.487423711222253,-0.14878801188420687,0.01,0.01,False,False,False,True,True,True
5,70,0.3808268599194766,1.3313379200802415,False,0.7583401754572779,0.757061359525806,-0.542283003732156,0.01,0.01,False,False,False,True,True,True
10,76,0.20632840404517266,0.36102411807497214,False,0.33579484813692684,0.2776508897568142,0.6018691750528355,0.01,0.01,True,False,False,False,True,True
9,24,0.5964229760629474,1.0937087666804481,True,0.1903987280588869,0.14063050252667988,0.7097613783175107,0.08,0.19,True,True,True,True,True,True
12,45,0.5871391881387349,1.568405265389718,True,0.65140085213281,0.6157971843297597,0.6535912231950877,0.95,0.98,True,True,True,True,True,True
4,54,0.4231585261189561,1.6476302204410573,True,0.9699579172757243,0.9562626226859723,0.8234076198754534,0.27,0.3,True,True,True,True,True,True
6,30,0.5002221297503785,1.6116673915083068,True,0.3619069001279518,0.29872167495598234,0.7624307712781997,0.6,0.5,True,True,True,True,True,True
6,76,0.4614123833678567,0.36228097186267855,True,0.7412317399603229,0.7274026953857952,0.789755979114557,0.68,0.69,True,True,True,True,True,True
9,45,0.2886454209833784,0.6689349865852281,False,0.6946698285755865,0.6724277421359853,-0.1644113910929137,0.01,0.01,False,False,False,True,True,True
11,79,0.24283729293338563,1.2847600170001858,True,0.44734077862256494,0.39332038194016744,0.9257033662846443,0.01,0.06,True,False,True,True,False,True
10,14,0.5627823106424186,0.3864947563050189,False,0.5968710318615477,0.45294715098746574,0.5090532450325416,0.01,0.01,True,False,False,False,True,True
10,23,0.12737377406772687,0.7290877603770722,False,0.7623541635311908,0.7368536716182573,-0.13073679203535904,0.01,0.01,False,False,False,True,True,True
7,42,0.4321496884705396,0.46578383475790597,True,0.2360431185460754,0.1817621995618967,0.8226643314935926,0.27,0.43,True,True,True,True,True,True
3,63,0.5151232942453294,1.03494772468576,False,0.06241997591979653,0.0458669768947866,-7.090166301378872,0.01,0.01,False,False,False,True,True,True
6,52,0.07465191423117465,1.4440214783046053,True,0.5791270831665222,0.5531536416082373,0.9924913763146246,0.19,0.27,True,True,True,True,True,True
3,65,0.2667269308092549,1.7850671519836607,False,0.25225932367510684,0.22219361530287177,-4.602872536609879,0.01,0.01,False,False,False,True,True,True
3,56,0.2105523871390944,1.3855257442203932,True,0.6000252710289666,0.6238915085799643,0.9460106083163913,0.74,0.7,True,True,True,True,True,True
5,59,0.3424633795587874,0.6031528663361185,True,0.47572155513632974,0.45054003578607754,0.8852276481687538,0.68,0.59,True,True,True,True,True,True
5,79,0.5592145805743799,0.7484500852220015,True,0.05904005154135139,0.051023354184436945,0.7546917812612721,0.04,0.03,True,False,False,True,False,False
8,10,0.4814735338556609,0.6563157224107115,False,0.3608418785241275,0.2411106158789873,-0.6447664863885696,0.01,0.01,False,False,False,True,True,True
5,13,0.4002278760157652,0.9297266540086673,True,0.23272285781847657,0.15248611825601993,0.8469966337558663,0.01,0.13,True,False,True,True,False,True
10,69,0.5086669337707149,1.9787356464776045,True,0.3421971383637409,0.2871264719044928,0.7416730542036454,0.8,0.7,True,True,True,True,True,True
7,72,0.4752539439063525,0.9833681161233472,True,0.20331048518302364,0.15976343433913115,0.7862357475693571,0.21,0.41,True,True,True,True,True,True
12,32,0.11888486810361308,0.5106387276605112,False,0.6968590198789612,0.6605983720624019,-0.05310125804722121,0.01,0.01,False,False,False,True,True,True
3,27,0.4828110507314551,0.4004394064103384,False,0.18943559677928712,0.15951933240680213,-3.726887367303295,0.01,0.01,False,False,False,True,True,True
4,78,0.30419923185980835,0.6499281275516713,False,0.6903297356459818,0.6719328816188345,-0.8821640531009083,0.01,0.01,False,False,False,True,True,True
8,21,0.5573080948650367,1.419265544645629,True,0.3050915188968679,0.22022180462195012,0.7168872548942926,0.96,0.9,True,True,True,True,True,True
11,51,0.28861803703604283,0.8001982984073726,False,0.36968333740146464,0.3141785080156837,0.32253950242029106,0.01,0.01,True,False,False,False,True,True
10,19,0.4198386713213659,0.3678390234111347,False,0.4935051484149321,0.390807275764429,0.324798239417487,0.01,0.01,True,False,False,False,True,True
10,18,0.2320720146271027,1.002670295579606,True,0.9085927556738808,0.7975208118848275,0.9467069132958789,0.84,0.84,True,True,True,True,True,True
3,18,0.30266358188000686,0.8065352994635739,False,0.12841981972597816,0.07589222757592978,-5.606224958652955,0.01,0.01,False,False,False,True,True,True
11,63,0.2122402966088961,1.3222000995853944,False,0.6656840791372556,0.6460813126920822,-0.2846757052203197,0.01,0.01,False,False,False,True,True,True
11,64,0.12970848603365837,1.655132668975045,True,0.031545576307622,0.02364452478125321,0.9822570359280001,0.06,0.64,True,True,True,True,True,True
7,34,0.17113034238678226,0.343281849236751,True,0.2524326287645091,0.19586806652641528,0.9661447787519808,0.95,0.83,True,True,True,True,True,True
8,30,0.4606633993999735,1.4235997100444577,False,0.0642478272792234,0.0482272096066577,-0.3737430862110156,0.01,0.01,False,False,False,True,True,True
9,76,0.40525896944953355,0.6429780002968799,True,0.27374403197709063,0.22188626830076258,0.8232215255623594,0.01,0.04,True,False,False,True,False,False
7,11,0.3938223155966783,1.3505102350986617,False,0.36987168832861095,0.26063309373702004,-0.8799178998891266,0.01,0.01,False,False,False,True,True,True
10,30,0.5876577628022153,1.4065477585903476,False,0.47932023631026455,0.4212987096698961,-0.38896631007189186,0.01,0.01,False,False,False,True,True,True
12,17,0.5219816511100187,1.6655626099543204,False,0.5317761674388592,0.45929053894136085,-0.30843872901093805,0.01,0.01,False,False,False,True,True,True
11,50,0.5896182161635213,1.6921985510807205,False,0.7675214800028348,0.7540343447556845,-0.2017202101083584,0.01,0.01,False,False,False,True,True,True
8,11,0.2864447884659047,0.9245922968690103,True,0.6390926633609686,0.563863395128531,0.8908869893667898,0.2,0.18,True,True,True,True,True,True
9,46,0.44471254834737567,1.0118339159739402,True,0.02155263194046031,0.016910778731034457,0.8169262222195972,0.94,0.99,True,True,True,True,True,True
7,61,0.14064873115200194,1.1297957124185032,True,0.8923327647090668,0.8764351051654254,0.9784730155430525,0.54,0.54,True,True,True,True,True,True
12,52,0.5284599141178469,0.8571158424740082,True,0.7510759402476801,0.711988046007344,0.693569277681712,0.01,0.01,True,False,False,True,False,False
5,23,0.10802250359233347,0.4461957003502918,False,0.8035761435641346,0.7755456423628693,0.002185000016987626,0.01,0.01,True,False,False,False,True,True
3,48,0.05041956266966319,1.4666829576468843,True,0.8349796505350862,0.8350940990032804,0.9967027109026053,0.56,0.62,True,True,True,True,True,True
9,17,0.07218375086341647,1.9178835821845415,True,0.5967100489622937,0.5425999199231804,0.9924888899833019,0.08,0.47,True,True,True,True,True,True
8,56,0.3440643818204212,1.6537016640278,False,0.5775780788395839,0.5465039318517109,-0.19565015815079856,0.01,0.01,False,False,False,True,True,True
11,22,0.239410671863292,0.3095569939877904,True,0.4288963935617002,0.35506385578553273,0.9206908922984168,1.0,1.0,True,True,True,True,True,True
7,72,0.3483741140531483,1.9731991704461456,False,0.3178390343995875,0.26429991137614345,-0.8594866652156596,0.01,0.01,False,False,False,True,True,True
7,17,0.39595628640791186,0.7993965486863146,False,0.459983898431928,0.3944691855213388,0.4792446251094843,0.01,0.01,True,False,False,False,True,True
12,46,0.40194055917155164,0.8273685114238081,False,0.2706794085845723,0.21337524848989378,-0.21184997401307104,0.01,0.01,False,False,False,True,True,True
3,74,0.27099365104161993,1.6803717042700492,False,0.22524503762050885,0.18502983887450533,-5.257602832286794,0.01,0.01,False,False,False,True,True,True
11,56,0.5316510373076817,1.8102654943252616,False,0.3507305231182609,0.2825950085378672,-0.4267245953008949,0.01,0.01,False,False,False,True,True,True
8,44,0.5950435068501722,1.4187280221696932,True,0.21811815111506705,0.16951380604743752,0.7061005081850584,0.02,0.06,True,False,True,True,False,True
9,78,0.32413253842610196,1.5759427202494842,True,0.5754015170978547,0.5449451526978998,0.8760681573568978,0.95,0.92,True,True,True,True,True,True
10,73,0.22840095442035468,0.7719709580725729,True,0.29096397933053764,0.23826560414750256,0.9444577324724817,0.63,0.63,True,True,True,True,True,True
11,16,0.5833221151909017,1.8990723576180744,False,0.08893603485042356,0.06196158333769623,-0.1186117449428783,0.01,0.01,False,False,False,True,True,True
8,13,0.32973910635301973,1.512857887227024,False,0.05646357056267848,0.03741692277995606,-0.5612038663094308,0.01,0.01,False,False,False,True,True,True
11,58,0.053672222033924605,1.2541883394659574,False,0.4286934699068963,0.36512079023175104,-0.3918648512800873,0.01,0.01,False,False,False,True,True,True
12,33,0.24720018917768682,0.36599784050409384,True,0.8168348239153663,0.784173510917709,0.9160943685783348,0.46,0.49,True,True,True,True,True,True
10,34,0.3804028855007977,0.9845169483093448,True,0.08637335618768904,0.060180397843830995,0.8423969544330051,0.47,0.53,True,True,True,True,True,True
10,59,0.14591948194589066,0.6358333869139092,False,0.15595829401196448,0.11945709711437656,-0.3842530298359965,0.01,0.01,False,False,False,True,True,True
3,38,0.29310837939498563,0.37669217945002664,True,0.7894351270536889,0.737576334969222,0.9034556127552477,0.37,0.26,True,True,True,True,True,True
3,73,0.3464154585967807,1.4274184634988145,False,0.8555168120818712,0.8827945463136332,-0.5867767232064534,0.01,0.01,False,False,False,True,True,True
9,39,0.49184141449179436,0.805420031871869,True,0.5872665725664523,0.5543792057249296,0.729776610485797,0.59,0.6,True,True,True,True,True,True
6,67,0.08342400763506819,0.7519642789630436,False,0.0817629674458038,0.06610603651985529,-1.1167154309617064,0.01,0.01,False,False,False,True,True,True
4,33,0.33052695894618317,0.35929099089325733,False,0.297590107050565,0.23175983658353813,-0.6218940064910328,0.01,0.01,False,False,False,True,True,True
9,16,0.12242824190218932,0.9015936292719404,True,0.9660401842424181,0.8404336332515426,0.9798584551383047,0.64,0.52,True,True,True,True,True,True
4,50,0.2424419999610522,1.3665840150089383,False,0.03663276155938888,0.02445358029060127,-0.17734080659968798,0.01,0.01,False,False,False,True,True,True
7,74,0.3501097028066082,1.405567639106585,False,0.8757432921308834,0.8655617488374985,-0.1817152555499575,0.01,0.01,False,False,False,True,True,True
4,33,0.0960086835724151,1.7349101954674397,False,0.5517046129314811,0.5432633371001812,-0.5440655225959967,0.01,0.01,False,False,False,True,True,True
9,13,0.5058639345380616,1.5870629043109374,True,0.8463663952895043,0.8324316572890859,0.7792009321715714,0.71,0.71,True,True,True,True,True,True
8,24,0.26654637820155697,1.0444936956697835,False,0.3544364600319806,0.28852621884546004,-0.7520947081064286,0.01,0.01,False,False,False,True,True,True
8,54,0.22405748304075523,1.2050319038800745,True,0.5526342100054424,0.5235046012814556,0.9379668796853868,0.55,0.69,True,True,True,True,True,True
7,68,0.4028253307128546,1.7681819734590458,False,0.833630670809087,0.8192325372733436,-0.35855361979203604,0.01,0.01,False,False,False,True,True,True
7,35,0.5185347444414354,1.418662482233331,False,0.6976547486275003,0.6853271985175136,-0.3869500814751483,0.01,0.01,False,False,False,True,True,True
5,31,0.2730003922814613,1.5263459984730126,True,0.9384084445171241,0.8917673494654783,0.9211953845411729,0.05,0.08,True,False,True,True,False,True
11,77,0.2514958531396048,1.1686966403985328,True,0.9915706494077814,0.9670492194781363,0.9425122524373126,0.08,0.12,True,True,True,True,True,True
3,46,0.4670270333748026,0.6482720410150212,True,0.8429259777992806,0.8628009525158308,0.7700330141749288,0.13,0.14,True,True,True,True,True,True
12,30,0.5236288964331556,1.2152905919948798,True,0.4855110932753163,0.4406479218983921,0.7097215473037648,0.03,0.05,True,False,False,True,False,False
6,43,0.29297000743680374,1.9180247051371526,True,0.6981377852673613,0.6963750912475225,0.8979261076738295,0.02,0.02,True,False,False,True,False,False
9,61,0.056440443613419336,0.3739785766898218,False,0.05028383475660503,0.03971609229927727,0.24861023675040206,0.01,0.01,True,False,False,False,True,True
4,36,0.49021170822941307,0.6275491331610479,True,0.32573577159169564,0.28303032485992735,0.7590104449175533,0.56,0.5,True,True,True,True,True,True
8,79,0.46131691153253784,1.0621016227297702,False,0.68804994169764,0.6722871704785779,-0.3629958866731591,0.01,0.01,False,False,False,True,True,True
11,78,0.39761033966020903,1.8242547029099616,False,0.36397080273296,0.3112727858418705,-0.4597330818016405,0.01,0.01,False,False,False,True,True,True
4,63,0.28963541987745073,1.930728444746731,True,0.4240524594436559,0.3835288909497449,0.8887068743566379,0.29,0.51,True,True,True,True,True,True
4,31,0.2852775753289679,1.6591625685619862,True,0.7948358665163953,0.7369526015080572,0.9260018099504537,0.56,0.52,True,True,True,True,True,True
8,17,0.32837550768539175,0.3916027598779944,True,0.7644106128213819,0.7555231899244459,0.8875829445504525,0.71,0.66,True,True,True,True,True,True
4,75,0.5816319459739612,0.6178593067621567,True,0.04002565276560599,0.03226869607467358,0.7208445533559862,0.89,0.6,True,True,True,True,True,True
10,75,0.0739782221438226,1.1380856131002688,True,0.8045522995479464,0.8061184343086836,0.9933493101735615,0.71,0.76,True,True,True,True,True,True
6,27,0.33927044034779724,0.6009415853411899,True,0.17947651644765106,0.1362486320668613,0.8654455744828184,0.1,0.22,True,True,True,True,True,True
12,29,0.40470349688020324,1.6848948664445091,True,0.38760033972433183,0.311546433716246,0.8254074051268924,0.51,0.69,True,True,True,True,True,True
6,23,0.35504020346168,1.5639866900498662,True,0.7179877271294226,0.6585781571784856,0.8571117599067822,0.14,0.1,True,True,True,True,True,True
11,34,0.4952966180184367,1.1585688844819706,False,0.6956499644184154,0.629476806803423,-0.22181801906543575,0.01,0.01,False,False,False,True,True,True
10,33,0.1168996157162237,1.8656924738116079,True,0.43597463831909966,0.36015512636939173,0.9820567537042467,0.46,0.49,True,True,True,True,True,True
12,27,0.5104958270503872,0.9163452846892384,True,0.3453182502870923,0.2761243342373044,0.7732668779194025,0.55,0.55,True,True,True,True,True,True
3,17,0.2645431248057417,0.6333637202085602,False,0.2364870715846794,0.18220192260244342,-2.91243845149842,0.01,0.01,False,False,False,True,True,True
5,75,0.11760068067974846,1.0773681027433188,False,0.8546214783286474,0.8435558586178388,-0.45790659794236754,0.01,0.01,False,False,False,True,True,True
4,72,0.12853737194698667,1.452096121344115,True,0.13202667165566495,0.11244751184552683,0.979762236480253,0.68,0.48,True,True,True,True,True,True
3,23,0.1307659594233307,1.633794592791445,True,0.17861812062703375,0.11876512749978389,0.9734824919985963,0.02,0.39,True,False,True,True,False,True
10,48,0.4588267462858457,1.3834417869816666,False,0.3817574165848445,0.3219336427331365,-0.3322295135404496,0.01,0.01,False,False,False,True,True,True
12,12,0.38305711828537636,0.8975238385400941,True,0.9744927949969521,0.7984195953998398,0.8320773304158654,0.72,0.79,True,True,True,True,True,True
7,72,0.40896724640046855,1.3497970535934471,True,0.6365568130038937,0.6084981560479901,0.8097918558480022,0.04,0.12,True,False,True,True,False,True
3,10,0.17018684032674128,1.105125709778605,False,0.3069267982053073,0.22816657667661885,-0.28446293891888197,0.01,0.01,False,False,False,True,True,True
9,25,0.481293056800744,1.8593925994565954,True,0.2684927244590093,0.20803390952882483,0.8037160715987751,0.63,0.53,True,True,True,True,True,True
6,39,0.14118673842498738,1.3069434913905358,False,0.27853086846402886,0.22773818908625898,-0.3759841685794829,0.01,0.01,False,False,False,True,True,True
11,32,0.06092693106250672,1.501723071978461,False,0.9532484724608625,0.9474062747250186,-0.19963213708750338,0.01,0.01,False,False,False,True,True,True
8,72,0.1306759851173821,0.9071071809908722,True,0.8916826349923078,0.8837626269836,0.9793742391380169,0.52,0.63,True,True,True,True,True,True
9,46,0.17723389093879666,1.3122048978718048,False,0.30468101896934485,0.2396724080860505,-0.5076530299960842,0.01,0.01,False,False,False,True,True,True
8,65,0.4515904094976841,1.869297029614771,False,0.9217015991139272,0.9105434901582947,-0.28469297969466134,0.01,0.01,False,False,False,True,True,True
9,57,0.1188055714086376,1.8295180482091788,False,0.3880277883771288,0.32497681386542066,-0.4459693469695891,0.01,0.01,False,False,False,True,True,True
6,58,0.3094263441329613,1.2610023496605796,False,0.3152612549622408,0.25963739347203457,0.4689054704098983,0.01,0.01,True,False,False,False,True,True
8,46,0.5398234260120466,1.8711039648314063,False,0.11231196593269355,0.08054361886599215,-0.7868786256546894,0.01,0.01,False,False,False,True,True,True
12,78,0.27363837816042474,1.8083882967573313,False,0.8957997685433596,0.8848928570369651,-0.12935104015906163,0.01,0.01,False,False,False,True,True,True
6,48,0.13368412132456436,0.38301058089753226,False,0.5036997594248525,0.4705453235927163,-0.3373914025767992,0.01,0.01,False,False,False,True,True,True
8,61,0.2009006558440602,1.904397374515869,True,0.6845842167323027,0.6544035142255663,0.9473405695229677,0.73,0.71,True,True,True,True,True,True
7,60,0.5897044548877309,0.7581554841543927,True,0.09349983319200006,0.07042250805482306,0.7283438401443241,0.67,0.64,True,True,True,True,True,True
8,29,0.5521421780634848,1.688317319840346,True,0.7253526703023092,0.6667427043999913,0.7289059733028496,0.86,0.84,True,True,True,True,True,True
7,16,0.5810660231474887,1.8077459831979907,False,0.47436333074516923,0.40594289359363406,-0.4529813208308864,0.01,0.01,False,False,False,True,True,True
9,59,0.5606444922442053,1.4224173348250846,False,0.2074309906545465,0.1670428949053048,-0.22858552484906203,0.01,0.01,False,False,False,True,True,True
7,69,0.23126616375154424,1.934792939639734,True,0.5580911574394973,0.5356781491071885,0.923309447993426,0.75,0.64,True,True,True,True,True,True
9,46,0.1597452487469167,1.4221842989454023,True,0.9002305229596992,0.88183034201384,0.9724161921894385,1.0,1.0,True,True,True,True,True,True
5,14,0.5744696912073372,0.9289412816084199,True,0.3974463762312346,0.3102801233725702,0.6287874363133819,0.42,0.5,True,True,True,True,True,True
8,70,0.4642142236118021,0.794872417593056,False,0.7031819862021106,0.6762878280913205,-0.4606901512553301,0.01,0.01,False,False,False,True,True,True
7,51,0.5188879764926347,1.9117474976926825,False,0.7922545187611063,0.7648651957483148,-0.3847364503540789,0.01,0.01,False,False,False,True,True,True
12,38,0.1582774617749108,1.2937496946761597,False,0.21184179180108653,0.16109665072586854,-0.2711427931437522,0.01,0.01,False,False,False,True,True,True
4,58,0.5822065089654901,0.5460056997039786,False,0.5842564233073467,0.5800069921403851,-0.1392877348375381,0.01,0.01,False,False,False,True,True,True
6,75,0.5053360534097174,1.3257408667760384,False,0.8929517342840901,0.8880417984702248,-0.40951451766305613,0.01,0.01,False,False,False,True,True,True
11,32,0.22386590254943944,0.7377788543515799,False,0.8550835463104393,0.813640163540453,-0.15592226528567665,0.01,0.01,False,False,False,True,True,True
6,52,0.5805420512925931,1.7303304454863686,False,0.869774502652974,0.8680200637624266,-0.45490660094770563,0.01,0.01,False,False,False,True,True,True
5,15,0.18505414287717742,1.3746194598333812,False,0.8654051173293433,0.8140514136879865,-0.6019102694136043,0.01,0.01,False,False,False,True,True,True
7,33,0.22394011669479358,1.6534807959522089,False,0.14281976244672456,0.10839955071353032,-1.2224811536980464,0.01,0.01,False,False,False,True,True,True
9,30,0.255793584327161,1.4726449823697783,False,0.6156863587918442,0.5679387813762249,-0.3105924001666789,0.01,0.01,False,False,False,True,True,True
8,68,0.3462428168876788,0.9121685163075519,False,0.2235268750861179,0.1812624969618671,-0.11526002735521024,0.01,0.01,False,False,False,True,True,True
4,59,0.2929645769883967,0.749913734933441,True,0.8198299551838945,0.789654720297535,0.9022826894586838,0.85,0.84,True,True,True,True,True,True
11,13,0.44553390601969906,1.7419923931315566,False,0.4827738664350588,0.36166403164527294,-0.2987454515502259,0.01,0.01,False,False,False,True,True,True
12,15,0.36751826621146866,0.313037927859541,True,0.027159877290189427,0.013054649754576743,0.8785660269796578,0.9,0.39,True,True,True,True,True,True
8,60,0.1921096774362699,0.988847678547615,True,0.22593527392075563,0.18397531621470434,0.9629274574540763,0.84,0.66,True,True,True,True,True,True
3,44,0.10095965029114756,1.5561901704281667,True,0.4753891853678963,0.46324217140232465,0.9877809111126883,0.12,0.23,True,True,True,True,True,True
5,56,0.1839065884425456,0.70361130417544,False,0.6770871120526984,0.6546080964849283,-0.5792758989268885,0.01,0.01,False,False,False,True,True,True
11,30,0.12778686374838746,1.2210619003821237,False,0.5901163161442781,0.5329594809224449,-0.2970534552165425,0.01,0.01,False,False,False,True,True,True
5,45,0.1572059769944813,0.46060078536985627,False,0.025829690800272642,0.019674848653640897,-0.8732869380862918,0.01,0.01,False,False,False,True,True,True
7,49,0.2997563070126797,1.4515686941899568,False,0.5885280715974697,0.5560596100901234,0.03961591131488851,0.01,0.01,True,False,False,False,True,True
12,61,0.43881028071924905,1.8333761437767118,True,0.5249518194884744,0.4802174235641611,0.8150402037157874,0.4,0.53,True,True,True,True,True,True
6,26,0.29794588015991313,1.9572756310991548,True,0.43746731861977917,0.37127652628578034,0.881902195348304,0.88,0.86,True,True,True,True,True,True
11,78,0.10502996837117076,1.9730536319161787,False,0.35199479128752476,0.30050276283163135,-0.45607327057863456,0.01,0.01,False,False,False,True,True,True
8,60,0.260090598919938,1.9879960216242933,True,0.6975254489428934,0.6754079417173499,0.9202346921457354,0.7,0.75,True,True,True,True,True,True
9,76,0.33051886804714903,1.4966475995626318,False,0.17808462061223318,0.14214824895855874,-0.5786044145055016,0.01,0.01,False,False,False,True,True,True
12,35,0.4599359706127233,1.4353281137316385,False,0.6481523268799277,0.6130774170586365,0.015046866657478564,0.01,0.01,True,False,False,False,True,True
9,15,0.10404098075802293,1.611775433622772,True,0.8701201165579235,0.8370379907054188,0.9872354310492133,0.15,0.12,True,True,True,True,True,True
3,68,0.4932471735022862,0.7007200052490432,False,0.10193764285992424,0.08664393858556359,0.0932936003981335,0.01,0.01,True,False,False,False,True,True
9,43,0.33665651105274014,0.581989210828771,True,0.38555974342168753,0.3175404453452246,0.8883984560533482,0.6,0.72,True,True,True,True,True,True
9,26,0.21011898345762792,1.7917429156140605,False,0.3282977877498633,0.26072826652569053,-0.4324318275190362,0.01,0.01,False,False,False,True,True,True
7,57,0.2881805736425144,0.43065617408459245,True,0.17125012981356325,0.13257046051573593,0.911374272044903,0.26,0.16,True,True,True,True,True,True
3,74,0.5869276657954969,0.6906700474151144,True,0.6369304013292687,0.639104387498536,0.6512138143577763,0.92,0.9,True,True,True,True,True,True
8,20,0.07059462874173858,1.4358593043732135,True,0.9252845809077457,0.8594360624479561,0.9923664617432306,0.81,0.75,True,True,True,True,True,True
5,58,0.5408988818978453,1.5470019448079662,False,0.9016135360593857,0.8836006627026605,-0.5607331613240398,0.01,0.01,False,False,False,True,True,True
5,37,0.2760059331206916,0.5677268403480891,False,0.01171785450537477,0.0011234720624719661,-2.5883423442297535,0.01,0.01,False,False,False,True,True,True
8,18,0.3946579985406525,0.30606325369506626,True,0.3848659526364432,0.30998444466346875,0.8276476123392991,0.24,0.37,True,True,True,True,True,True
11,18,0.05775495446853463,0.6737887032259735,False,0.5653114241927087,0.47027173237881215,-0.3211213146616596,0.01,0.01,False,False,False,True,True,True
8,22,0.3912863887159233,1.4299078642200045,True,0.13874305439678336,0.09380048603973115,0.8508095618713738,0.99,1.0,True,True,True,True,True,True
8,72,0.24203795371431486,1.3656421069996607,False,0.21998393592537713,0.171897732165701,-0.5070804041255164,0.01,0.01,False,False,False,True,True,True
11,10,0.17386292467656478,0.9719170746853165,False,0.9345296512510802,0.8268658824197814,-0.14288739697842634,0.01,0.01,False,False,False,True,True,True
11,72,0.18873250491743088,1.6882210188566513,True,0.37348275491943184,0.32007333147197903,0.9573403742242872,0.86,0.73,True,True,True,True,True,True
12,19,0.39079302246520986,1.2379665177991812,False,0.11230807100803564,0.06894763414257633,-0.38046455092833376,0.01,0.01,False,False,False,True,True,True
9,75,0.5913351438822544,1.2931958446590217,False,0.9234136279148928,0.9114275669062503,-0.26457958229612233,0.01,0.01,False,False,False,True,True,True
12,62,0.4238253222271766,1.8722336777439745,True,0.46767888537115865,0.4142765963388233,0.7987962832975027,0.17,0.19,True,True,True,True,True,True
6,13,0.521103993067021,0.7657381076222548,False,0.03335991088274137,0.010102361474363,-0.7060723340137129,0.01,0.01,False,False,False,True,True,True
11,41,0.21945894793620413,0.714448363808921,False,0.3917915299787651,0.31606612538253315,0.05630017380759211,0.01,0.01,True,False,False,False,True,True
11,22,0.20674297369128358,1.953989552472254,True,0.8877979580366243,0.8472293988085827,0.9501601544445893,0.27,0.24,True,True,True,True,True,True
11,13,0.456290238161155,1.2237830706103308,True,0.40190877999383734,0.3210611065168149,0.7688449913352895,0.27,0.31,True,True,True,True,True,True
7,32,0.2194087093131606,0.771978105228265,False,0.06516227189953672,0.04609185769302666,0.58315064805653,0.01,0.01,True,False,False,False,True,True
4,75,0.21488054884696722,1.6566107262488117,False,0.2327548628702154,0.19140376509725368,-1.1494644879226565,0.01,0.01,False,False,False,True,True,True
9,66,0.050670412279050996,0.34524677220316896,False,0.8608638906922007,0.8597969910594394,0.045984688416470076,0.01,0.01,True,False,False,False,True,True
9,18,0.569233481482313,0.6591025456525794,True,0.7840097095470625,0.6885800047202563,0.723623629930638,0.56,0.65,True,True,True,True,True,True
10,56,0.15775275278339232,1.398000533949391,False,0.7504540716886089,0.7400662187119723,-0.2204045208900085,0.01,0.01,False,False,False,True,True,True
7,31,0.3256561828981139,0.8250309456275542,False,0.6562232439259562,0.615136601270976,-0.13087337636773522,0.01,0.01,False,False,False,True,True,True
3,49,0.4920316450470085,1.8424081933395475,False,0.5343104708414576,0.5294799042157077,-1.6830284906980872,0.01,0.01,False,False,False,True,True,True
6,33,0.3434526454910767,1.9044642024938716,True,0.5715334812194051,0.5263832593851867,0.8613524699647142,0.19,0.26,True,True,True,True,True,True
9,25,0.18005159927411885,0.5879129725229821,True,0.6936962085150097,0.6661505169653734,0.9412055917496644,0.08,0.09,True,True,True,True,True,True
12,48,0.3131084044195001,1.3165339793021107,False,0.9776766604470274,0.9625167639792642,-0.1556679756312389,0.01,0.01,False,False,False,True,True,True
12,20,0.46756222781122686,0.5050598691280014,False,0.7049135833587914,0.6405518662789963,-0.1550920490249761,0.01,0.01,False,False,False,True,True,True
11,39,0.2968220957372977,1.745442544258086,False,0.4117052260952241,0.34280220791475857,-0.21676714659589358,0.01,0.01,False,False,False,True,True,True
3,38,0.5996326957479718,0.9813881057656735,False,0.2703911962565546,0.21997576310041936,-2.764773958198896,0.01,0.01,False,False,False,True,True,True
6,76,0.059241361139741384,1.2941053483549703,True,0.590735040974251,0.5707317117895033,0.9953933011645943,0.98,0.98,True,True,True,True,True,True
3,41,0.062164563106021684,0.4342046988479922,True,0.7192064987543765,0.7441579910706012,0.9939879328312573,0.8,0.82,True,True,True,True,True,True
8,78,0.37346855672540985,0.9227318568715153,True,0.7905971546262126,0.7844923813523536,0.845909244748816,0.55,0.7,True,True,True,True,True,True
12,76,0.24084064086341356,0.7862075144198493,True,0.06945549385326388,0.05117021746221398,0.9411018584449454,0.97,0.81,True,True,True,True,True,True
9,23,0.0746759623423007,1.207224228251005,True,0.9136485558736777,0.8620571006610284,0.9933430582647432,0.25,0.34,True,True,True,True,True,True
8,37,0.45791449856893235,1.210687433100385,True,0.5450484142854078,0.49635130780470177,0.735076214277661,0.95,0.94,True,True,True,True,True,True
9,41,0.23411532476644387,1.4800810630517436,False,0.5352603345381438,0.4822482074242392,-0.19645894937538344,0.01,0.01,False,False,False,True,True,True
6,38,0.27765787031610567,0.9328125840498924,True,0.9428846805350628,0.9243355077427489,0.8924340350367322,0.27,0.27,True,True,True,True,True,True
7,50,0.5653686044683139,0.3917687535299985,True,0.6541984087947669,0.6246650487290721,0.6642057716159091,0.43,0.43,True,True,True,True,True,True
10,44,0.20851635587821438,0.8691432360851243,True,0.6891945749855252,0.6710638671323986,0.9357176193535512,0.96,0.94,True,True,True,True,True,True
3,37,0.30030375913394236,0.5844224996878289,False,0.7631934316691259,0.7933074011424536,-0.9063805557391098,0.01,0.01,False,False,False,True,True,True
3,44,0.5649414900650646,0.6248124288469593,False,0.8976413150532078,0.8467335999903284,-0.8937099703627334,0.01,0.01,False,False,False,True,True,True
3,49,0.37533647427375666,1.9181979293934268,False,0.3671325739645436,0.3310895019361786,-1.9460798769910488,0.01,0.01,False,False,False,True,True,True
3,47,0.5357028600964919,0.3246656164635845,False,0.9226617553241523,0.9470554506455012,0.7083699724909539,0.01,0.01,True,False,False,False,True,True
6,12,0.5950632337749208,0.6385182391397605,True,0.5362317722838276,0.4545747267762537,0.718072072682032,0.95,0.93,True,True,True,True,True,True
6,72,0.37685992730144147,1.6003542619278048,True,0.33979525898502483,0.2972503106312054,0.8471480292944102,0.01,0.04,True,False,False,True,False,False
8,51,0.5266838819441476,1.4835405281541025,False,0.10792817307259439,0.07843954830207434,-0.6854834404790655,0.01,0.01,False,False,False,True,True,True
9,69,0.416826118369573,1.5947836544246567,True,0.32827464227825154,0.26783420972270305,0.8073732624065739,0.97,0.93,True,True,True,True,True,True
12,63,0.12799129612266347,1.093917266482113,False,0.02913655197991105,0.022211321367533187,0.013051177469921682,0.01,0.01,True,False,False,False,True,True
9,31,0.5950999082139006,1.971424511709418,False,0.7199265777426636,0.6332330776672102,-0.36376135751146466,0.01,0.01,False,False,False,True,True,True
6,33,0.29240894133581113,0.5288556634516999,True,0.4755559571907032,0.41795350776016205,0.9135137494574814,0.25,0.33,True,True,True,True,True,True
9,24,0.5345916482427565,0.5460811387365271,False,0.02809375055122465,0.015443059721724106,-0.0563275158457992,0.01,0.01,False,False,False,True,True,True
4,24,0.15229492765870223,0.4179117551036371,True,0.985764142795551,0.8281741779111588,0.9724853441797349,0.88,0.79,True,True,True,True,True,True
10,22,0.10702914499357744,0.37666727843329273,False,0.23584622958323842,0.17317636339718484,-0.28897772662167864,0.01,0.01,False,False,False,True,True,True
5,56,0.3383379809206445,0.6895554421050397,False,0.8958005116114172,0.901695945639112,-0.2895640623784279,0.01,0.01,False,False,False,True,True,True
3,44,0.2537948938435023,1.1603634238230005,True,0.3201820209143009,0.2709034951249583,0.9355564675009782,0.86,0.81,True,True,True,True,True,True
6,64,0.3285872008187013,0.8718269233153317,True,0.09137031658525319,0.07564495354876663,0.8779158912467261,0.64,0.81,True,True,True,True,True,True
12,10,0.07138535909801416,1.1861868440630656,False,0.9962297682111714,0.7572921308846938,-0.15642845619495405,0.01,0.01,False,False,False,True,True,True
7,33,0.4943267369498738,1.5905032551568992,True,0.8664884143832288,0.866672774837796,0.7746599359783819,0.03,0.02,True,False,False,True,False,False
4,24,0.5239067482019838,1.4123211331767813,False,0.8383869477331691,0.7568560385790378,-0.9037535248881627,0.01,0.01,False,False,False,True,True,True
8,76,0.21511317202043,1.1376800471694808,True,0.3404491819976456,0.2863744686743134,0.9375143781275105,0.02,0.09,True,False,True,True,False,True
4,53,0.4706060884079679,0.8075827369388797,True,0.21320106358243085,0.15799476153318506,0.7774271939226405,0.49,0.5,True,True,True,True,True,True
8,31,0.10195207736405286,1.368636077289602,True,0.740360785662338,0.6669919541846865,0.9872659573723465,0.02,0.04,True,False,False,True,False,False
10,13,0.3593015182687525,0.7306990982636989,True,0.3159614278666103,0.20362353104839798,0.8899363304076734,0.21,0.29,True,True,True,True,True,True
9,74,0.17997051698869504,1.1543056651181829,True,0.6495145335437627,0.6194787114762723,0.9560318590939927,0.12,0.23,True,True,True,True,True,True
11,15,0.061781355985652334,0.5433278112769129,False,0.009036203867169967,0.0020294388129114293,0.1701401214253151,0.01,0.01,True,False,False,False,True,True
4,59,0.3211514185463183,0.6495189938900354,False,0.3065530713262914,0.26003113543682915,-1.1143956389201315,0.01,0.01,False,False,False,True,True,True
6,22,0.1598360623645743,1.6318432585801772,False,0.45986237665038643,0.38176223085273586,-1.0746214581687936,0.01,0.01,False,False,False,True,True,True
5,61,0.266107311120344,0.6971778142089448,False,0.2794418355346092,0.23925415008597808,-0.5697905790474074,0.01,0.01,False,False,False,True,True,True
11,42,0.48768375086406807,1.9201243605735516,True,0.22333948931118774,0.1708541645059434,0.7637004069933202,0.04,0.42,True,False,True,True,False,True
8,33,0.5583670765979644,1.6752827104812276,False,0.4214206889857143,0.36831022735438773,-0.6154741854609822,0.01,0.01,False,False,False,True,True,True
7,57,0.06772308567527471,1.770196876584094,False,0.5283140079343579,0.49448356804076726,-0.3910372372048352,0.01,0.01,False,False,False,True,True,True
12,46,0.0521109658708106,0.9712687265903763,False,0.37010131753179254,0.3099035319079975,-0.3655782940385983,0.01,0.01,False,False,False,True,True,True
8,12,0.2315883203012813,1.6529318725782183,True,0.26337409602556683,0.1380325787900299,0.9226889155125562,0.06,0.14,True,True,True,True,True,True
12,51,0.1018846379004926,1.6890194110258376,True,0.10140526030982855,0.06966962872889304,0.9884456447443023,0.5,0.66,True,True,True,True,True,True
5,42,0.5416830581882657,0.766551468132881,False,0.5803772434346745,0.5455767425171347,-0.5542279579221574,0.01,0.01,False,False,False,True,True,True
11,51,0.4000410627598777,1.0229134340825297,False,0.5951066144622816,0.5630393763866915,-0.03581725426729587,0.01,0.01,False,False,False,True,True,True
12,78,0.5982410067896644,1.6056428730730585,False,0.2646298927863465,0.213980797038117,-0.256135157106806,0.01,0.01,False,False,False,True,True,True
3,18,0.1375036603142732,0.6710284078396651,False,0.5616653054074098,0.5427634817166118,-1.516787018795302,0.01,0.01,False,False,False,True,True,True
10,78,0.27090567332699494,1.4449565639654351,True,0.4346282479603565,0.3808633967400032,0.9145385124463579,0.44,0.61,True,True,True,True,True,True
7,76,0.28923085417568295,1.4945814886519622,True,0.5849652838818387,0.564032487990952,0.8927402604478496,0.3,0.36,True,True,True,True,True,True
6,59,0.07658702454640644,0.8762435799874313,False,0.7639447448791039,0.7517309900842157,-0.1491187880267657,0.01,0.01,False,False,False,True,True,True
6,16,0.33544897243096466,1.6758698059315986,True,0.45172668146742456,0.4006006699775797,0.8605344783154143,0.34,0.35,True,True,True,True,True,True
6,28,0.4254095557103669,0.8760718697870127,True,0.40965904697860744,0.30546216520872727,0.8203798204573346,0.52,0.65,True,True,True,True,True,True
8,28,0.4438357808255461,0.46218468023286774,True,0.9415214562429789,0.8518643504154424,0.8217644980493524,0.41,0.32,True,True,True,True,True,True
12,19,0.2557118602179171,1.912682550834342,True,0.9101926379596631,0.8823934623547199,0.9210026495233291,0.92,0.87,True,True,True,True,True,True
7,58,0.1798605378868514,1.876114421013682,False,0.29907339442613756,0.2464034397738017,-0.5260554807916147,0.01,0.01,False,False,False,True,True,True
5,79,0.1499326144044898,0.46703629136105684,True,0.5588464404569379,0.5299393115386848,0.9660434060659447,0.27,0.23,True,True,True,True,True,True
3,23,0.1968604051164427,0.5602907373852479,True,0.28036502680707387,0.23261318824452148,0.9397522375259341,0.3,0.33,True,True,True,True,True,True
12,26,0.10383399960939224,1.1275897309111107,True,0.2878700474102607,0.2254491409749255,0.9860247795137705,0.09,0.36,True,True,True,True,True,True
12,55,0.38666660518265267,1.3093471299702901,True,0.2621887671768247,0.2078828653123812,0.853223782223926,1.0,0.96,True,True,True,True,True,True
12,60,0.21763309679228016,1.6041589037490336,False,0.4000819664060684,0.3441691152914534,-0.263160248724148,0.01,0.01,False,False,False,True,True,True
6,52,0.47937197520135433,0.31618325609181946,True,0.0971586500553312,0.07538881892119201,0.8109423826499947,0.39,0.44,True,True,True,True,True,True
5,35,0.3546696815074826,0.5792382414175118,True,0.27618279980343485,0.21894099253560667,0.8489213786583829,0.46,0.54,True,True,True,True,True,True
8,63,0.45326149190398385,1.273803291710876,False,0.08993715794749857,0.0690977387762377,-1.0011058570574516,0.01,0.01,False,False,False,True,True,True
10,35,0.40888523342296745,1.9480280089610986,False,0.06965447501823219,0.05096687112740481,-0.6045512523950085,0.01,0.01,False,False,False,True,True,True
11,68,0.4561203916726181,1.3677732311878932,False,0.9349907671499661,0.9141323672346444,-0.118487459044047,0.01,0.01,False,False,False,True,True,True
10,36,0.46544710126160316,0.8399506787900091,False,0.1938481873525345,0.14644146890231252,0.0904145155468501,0.01,0.01,True,False,False,False,True,True
11,73,0.40068641873659344,0.6820843718322407,True,0.10487517176882055,0.0756177921365071,0.8418604263001737,0.07,0.25,True,True,True,True,True,True
12,11,0.3145634379603534,1.5038902720170793,True,0.46440742694418624,0.34792557163826754,0.8619108483152261,0.05,0.11,True,False,True,True,False,True
11,61,0.38677486100905256,0.7540649407203199,True,0.6164870082264603,0.5753275962984863,0.8094017234307023,0.58,0.66,True,True,True,True,True,True
4,54,0.38832432736777733,1.791181540871454,True,0.24162334930233909,0.20203957043548607,0.8659471524840229,0.66,0.65,True,True,True,True,True,True
6,24,0.5508895973538234,0.8621670339242573,True,0.5642773801184238,0.5250542258940694,0.7585251922514358,0.99,0.97,True,True,True,True,True,True
5,49,0.4919714339437574,0.6772129233417583,True,0.7971325997895714,0.7863402041557483,0.7380655278277056,0.72,0.78,True,True,True,True,True,True
12,29,0.28350110914725735,0.7841217390557707,False,0.4265941648693543,0.34908296732266275,-0.015404036576021518,0.01,0.01,False,False,False,True,True,True
4,64,0.4763938565469961,1.4416629622616322,True,0.7099373510376736,0.7048791956378428,0.7862164974798636,0.13,0.18,True,True,True,True,True,True
4,15,0.062364952933882625,1.928483398589724,True,0.32935914616796946,0.2829340817550356,0.9916276599814612,0.21,0.34,True,True,True,True,True,True
6,24,0.44571316789045234,0.968016216416534,True,0.784694078167399,0.7205805667698033,0.7678671313726265,0.76,0.68,True,True,True,True,True,True
8,70,0.14612649731436628,1.7550478420018572,True,0.83633120428651,0.8205458878611679,0.9745049535468447,0.12,0.13,True,True,True,True,True,True
11,15,0.42116226132296936,1.7359878208787365,False,0.8742646287581441,0.7760573664680491,-0.19022863678265822,0.01,0.01,False,False,False,True,True,True
7,22,0.5493623654761357,1.151894851035661,True,0.7077129432018089,0.651032545907065,0.7070241860905049,0.82,0.77,True,True,True,True,True,True
6,36,0.4473883245805642,1.5332322425293043,True,0.46415057383354785,0.42259384850305115,0.77410169587604,0.34,0.31,True,True,True,True,True,True
9,21,0.08933162928425312,1.4873687782830503,False,0.5201819420190462,0.4125371066418594,-0.4562750074431867,0.01,0.01,False,False,False,True,True,True
12,78,0.05341087250774146,1.1491471619616955,False,0.7869183512665101,0.7725888645839998,-0.1517097102935061,0.01,0.01,False,False,False,True,True,True
5,25,0.2159138509460637,1.7320591314021825,True,0.6333231008193985,0.6066228062711185,0.9229504444054214,0.55,0.68,True,True,True,True,True,True
8,32,0.08365964965059643,0.9981192287200387,True,0.5884849397777432,0.5317020189122533,0.9904756040982217,0.93,0.99,True,True,True,True,True,True
12,69,0.0697584908716888,1.2230277008930448,True,0.6777839039622016,0.6596927182841263,0.9932437137356889,0.45,0.33,True,True,True,True,True,True
3,61,0.17254863539588824,1.8546932151171691,True,0.8309518605661573,0.813043325070165,0.9600055410140007,0.28,0.26,True,True,True,True,True,True
9,21,0.19728076998040645,0.606575368118537,False,0.6965916526116602,0.6459974354676293,-0.18111709649956764,0.01,0.01,False,False,False,True,True,True
12,76,0.15256776513828046,0.6470718433713081,True,0.4689161817671188,0.41465054225314124,0.9718450606833052,0.8,0.77,True,True,True,True,True,True
11,20,0.388714855611175,1.1214054736452712,False,0.682133405980497,0.6187549477804406,-0.3572063470767952,0.01,0.01,False,False,False,True,True,True
10,54,0.5459280266467548,1.703339707408514,False,0.9938257401363272,0.9746003640135639,-0.2537693809097652,0.01,0.01,False,False,False,True,True,True
11,21,0.18323193836420565,0.7030480235015026,False,0.5548636352503663,0.47142333136705816,-0.2434238323496436,0.01,0.01,False,False,False,True,True,True
6,54,0.196665795032255,1.3598414086435398,False,0.13126004131342395,0.10241082692485785,-0.4846259357713767,0.01,0.01,False,False,False,True,True,True
9,34,0.17507104103544047,1.2300171918119749,True,0.39137780559642465,0.3153651024224792,0.962608628939577,0.82,0.78,True,True,True,True,True,True
9,73,0.2873252858169398,0.45195450194717157,True,0.26764169551635586,0.21676842567277207,0.9184064924849057,0.8,0.75,True,True,True,True,True,True
9,67,0.11552203184773961,1.1513900643719714,True,0.5353722559281656,0.49193693004805805,0.9816278985584377,0.76,0.62,True,True,True,True,True,True
10,60,0.10450974778294113,1.37855227218486,False,0.003945728596037146,0.0006927952110697667,-0.6435248354293057,0.01,0.01,False,False,False,True,True,True
6,47,0.2812815533053151,0.40358742453924634,False,0.39300522246926217,0.3399169684914679,-0.04113487559969764,0.01,0.01,False,False,False,True,True,True
7,74,0.12963652263608166,1.6219810239321444,True,0.02039267780913323,0.015265013600007775,0.9831254018191234,0.67,0.66,True,True,True,True,True,True
4,54,0.5336406069801359,1.0197872377584565,True,0.9806221646057192,0.9520815277870643,0.7514652017175639,0.46,0.32,True,True,True,True,True,True
11,79,0.39664579807157124,0.6262161936519379,True,0.2161651767180437,0.1691869933058581,0.8394683217627504,0.31,0.27,True,True,True,True,True,True
12,36,0.23697670156112155,1.2037578070796702,True,0.665096437964843,0.633465206940729,0.9299897312744592,0.23,0.41,True,True,True,True,True,True
5,29,0.36485585775176993,1.7635106709568191,False,0.18996380970279703,0.1250144776899109,-1.7457106057128113,0.01,0.01,False,False,False,True,True,True
12,75,0.13970336141937723,0.5744129895980052,False,0.9785580345825341,0.9689543883395149,-0.014666148322352468,0.01,0.01,False,False,False,True,True,True
6,19,0.2290139427718616,1.050875679854726,False,0.996245126715312,0.899603258186281,-0.2701116673561055,0.01,0.01,False,False,False,True,True,True
7,68,0.11986036167049718,1.6522455070555098,True,0.4913852717472912,0.45142024931574953,0.9824813807752477,0.25,0.22,True,True,True,True,True,True
7,44,0.10242294183484257,0.9405837172435176,True,0.6568852971056994,0.6243605175871428,0.9891136198152708,0.35,0.33,True,True,True,True,True,True
12,27,0.47117196149505797,0.37608945030386337,True,0.08036508679866816,0.05553076157744687,0.7767528765691252,0.11,0.13,True,True,True,True,True,True
8,20,0.5530104016160722,1.4332152852047517,False,0.47093722259764126,0.4031072394261587,-0.39416299792501586,0.01,0.01,False,False,False,True,True,True
10,71,0.26982614917302633,1.9614223935663069,True,0.22931976273996524,0.17840219619817171,0.9329117653311951,0.01,0.08,True,False,True,True,False,True
4,33,0.5804933929995741,1.317414023463311,False,0.4034799932482036,0.3665873965784601,-0.37352229582636665,0.01,0.01,False,False,False,True,True,True
10,37,0.11546044709449334,1.3363240396655909,True,0.037750929380351406,0.0278100794732374,0.9859101993527326,0.22,0.2,True,True,True,True,True,True
4,63,0.05545317389589139,1.4314337406910178,False,0.6467273507556256,0.628316295794945,-0.14815248920050994,0.01,0.01,False,False,False,True,True,True
8,25,0.4315868528302663,0.6929254126606814,True,0.8946726878944973,0.8633457186938702,0.7823507411266988,0.15,0.21,True,True,True,True,True,True
8,63,0.4791131912954903,1.5336424034553182,True,0.6481967448686183,0.6302519362513183,0.7753574555440343,0.6,0.45,True,True,True,True,True,True
12,36,0.14496895805901538,1.3926595324730209,False,0.3826364068584318,0.3115419988101714,-0.36303265280903396,0.01,0.01,False,False,False,True,True,True
5,58,0.347631822018861,0.9459401862557084,False,0.2154009550707806,0.1796637531967668,0.06819264407068981,0.01,0.01,True,False,False,False,True,True
6,19,0.3086483252038567,0.45876317647008125,False,0.249627772414023,0.1847867507843985,0.14482342468662668,0.01,0.01,True,False,False,False,True,True
8,69,0.38049755297318727,1.2676256133516843,False,0.8217999044911526,0.7940570596685869,-0.28456657602557445,0.01,0.01,False,False,False,True,True,True
10,27,0.4192145854570979,1.8778392383245117,False,0.7703664975434362,0.7431944160153577,-0.21674884821401919,0.01,0.01,False,False,False,True,True,True
6,22,0.38997404469439,0.8843824574182624,False,0.12183013369277929,0.08980953793444992,-0.7125323129330625,0.01,0.01,False,False,False,True,True,True
5,65,0.5374222111054187,0.6079617571417991,True,0.49310738693277456,0.4647601103472633,0.7711901887788232,0.85,0.83,True,True,True,True,True,True
11,22,0.24757763939943161,1.7694028242815654,False,0.5556009121836105,0.43926672649653237,-0.393389233318141,0.01,0.01,False,False,False,True,True,True
8,44,0.054868838134716574,0.8895091811510656,False,0.2409477395817229,0.1947357578706216,0.1152096460859946,0.01,0.01,True,False,False,False,True,True
7,30,0.4207279368295906,1.7073503795845153,False,0.8170631957304935,0.8020900853728536,-0.2739806127952922,0.01,0.01,False,False,False,True,True,True
9,50,0.06905014968182363,1.809582319655866,True,0.03457304316492704,0.027447175170832824,0.9948316756963985,1.0,0.7,True,True,True,True,True,True
9,51,0.35043508753288477,1.1210025815793516,False,0.1243339112876104,0.08931766721865836,-0.30857900733260757,0.01,0.01,False,False,False,True,True,True
5,60,0.4000983664058191,0.736028293246408,True,0.09440118229514083,0.07501695533265193,0.8340138971124545,0.07,0.25,True,True,True,True,True,True
8,55,0.12538493834239067,1.203994439634767,True,0.3029031197422968,0.23329961938311689,0.98246342393632,0.41,0.56,True,True,True,True,True,True
10,65,0.26056203995480565,1.0814467131084504,False,0.5155947371324854,0.4731354900254104,-0.10317688058113328,0.01,0.01,False,False,False,True,True,True
11,58,0.22812203491068928,0.930063006282666,True,0.2516453737497133,0.2008497789429925,0.9465093599632075,0.3,0.45,True,True,True,True,True,True
8,41,0.5160676426646864,1.09276680801168,True,0.1578066135244195,0.1124048211215354,0.7879747275283111,0.08,0.12,True,True,True,True,True,True
9,26,0.07909474010562209,1.2629620793935024,False,0.09103515537650742,0.060360799139969536,-0.1655479919308056,0.01,0.01,False,False,False,True,True,True
11,11,0.11868665843174879,1.5587181483856682,True,0.06281120495171555,0.03415009607850006,0.9864729459693946,0.95,0.91,True,True,True,True,True,True
3,67,0.47113828850215855,1.1233662064718213,False,0.8816205156774616,0.8879169513337736,-1.2654304732268584,0.01,0.01,False,False,False,True,True,True
8,36,0.3203773717761179,1.0683086092683574,False,0.19371353911661404,0.1483324427887251,-0.5919549250150191,0.01,0.01,False,False,False,True,True,True
7,14,0.29449456344130037,1.7081242679529516,True,0.1615621199552899,0.11279856101320597,0.9210311439831204,0.21,0.22,True,True,True,True,True,True
10,17,0.13096519139705914,1.307120243922185,False,0.7359214920073525,0.6898857576452697,-0.25759379880223854,0.01,0.01,False,False,False,True,True,True
8,32,0.090322719095426,1.4545549516394316,False,0.6177039956149981,0.5958732803434366,-0.3930778777867727,0.01,0.01,False,False,False,True,True,True
7,66,0.5519503780820901,0.6697827794324501,True,0.6632484229152221,0.6282724881499895,0.6447277500298993,0.91,0.91,True,True,True,True,True,True
9,65,0.06986582116587128,0.80528460671537,True,0.15068518344776416,0.11372689829109046,0.9946292730717511,0.4,0.34,True,True,True,True,True,True
11,27,0.10536370111517965,1.2177113729150844,False,0.5543739187209237,0.4907654134678694,-0.2859552445909508,0.01,0.01,False,False,False,True,True,True
6,72,0.43169349394724504,0.3384309663534723,True,0.9611656740873903,0.9458524880493667,0.8181662276382367,0.66,0.67,True,True,True,True,True,True
12,33,0.11343826611711853,0.48199994683290115,False,0.5063023882069237,0.4420410422021433,-0.18197826360532265,0.01,0.01,False,False,False,True,True,True
9,38,0.5562643074026621,0.7486071451504125,False,0.4346858067956114,0.3567232014477397,-0.5342688610319122,0.01,0.01,False,False,False,True,True,True
4,42,0.3617778581996304,1.7350079227968653,False,0.6729323178373668,0.633305156364412,-0.515457780340405,0.01,0.01,False,False,False,True,True,True
11,36,0.05677316795136769,0.7864497711331531,True,0.727457132787807,0.7011685386801088,0.9961494450869016,1.0,0.99,True,True,True,True,True,True
6,50,0.18772816792854685,1.7159741989307784,False,0.3977042974443875,0.3342852904023797,-0.8626427263054481,0.01,0.01,False,False,False,True,True,True
6,28,0.17890477398781862,1.3513378304328685,False,0.9763793152703806,0.9404423219578247,-0.3053820128160427,0.01,0.01,False,False,False,True,True,True
10,35,0.21193171106080017,1.6092550164283366,False,0.5361431903929791,0.4793726805294683,-0.33465116105862114,0.01,0.01,False,False,False,True,True,True
5,19,0.5749125281190588,1.379287453597421,False,0.748873425355993,0.7074461811650764,-0.5964401158145087,0.01,0.01,False,False,False,True,True,True
6,26,0.4130224774904557,0.9320551977192832,False,0.9342395102446548,0.8946500160118288,-0.15409123650537704,0.01,0.01,False,False,False,True,True,True
6,48,0.3001744125052366,1.9176995638828356,False,0.9279522449489513,0.9004683535478669,-0.405864741967211,0.01,0.01,False,False,False,True,True,True
8,73,0.5208305669293251,1.5428443781415564,False,0.6153691927692267,0.5844438741314845,-0.46292251957734876,0.01,0.01,False,False,False,True,True,True
6,57,0.4271600653831803,1.6613027050038536,True,0.7796074141229901,0.7652284698508303,0.8039430244409356,0.54,0.46,True,True,True,True,True,True
8,11,0.27006890778080506,0.4573590854931122,False,0.8351898839956817,0.778281108712922,-0.06006762788730757,0.01,0.01,False,False,False,True,True,True
7,41,0.13505430899864337,1.9681914314401157,False,0.10842038840637847,0.07762969548627756,-0.9730818720145316,0.01,0.01,False,False,False,True,True,True
9,67,0.45792666266496285,1.7509073793810066,False,0.19018618068135607,0.14861883869233858,-0.29479602633954904,0.01,0.01,False,False,False,True,True,True
8,43,0.17673641970576398,1.3211167950581344,False,0.017447890221696682,0.009723197585638946,-0.41328384587842515,0.01,0.01,False,False,False,True,True,True
5,65,0.4524510455581885,1.2989387358598083,False,0.5550479889293777,0.5237667950565363,-0.7812402356677086,0.01,0.01,False,False,False,True,True,True
11,64,0.3151553952487089,1.4583807837371574,True,0.1632045912128952,0.12818169505805446,0.9026875403976301,0.7,0.48,True,True,True,True,True,True
6,20,0.10936891146881614,0.3559654544347705,False,0.4930558629070043,0.4207443949947836,-0.4985217653347105,0.01,0.01,False,False,False,True,True,True
11,67,0.08703613232618554,1.2229086738704953,False,0.8598553615729418,0.8575568746219898,-0.1760818957156658,0.01,0.01,False,False,False,True,True,True
4,21,0.47048527841364096,1.6193409490587058,False,0.291463402769058,0.22426951093158184,-2.154245212369382,0.01,0.01,False,False,False,True,True,True
12,57,0.45137442234722625,0.6339505325374019,False,0.665301768184083,0.6403977578236023,-0.03764610247503786,0.01,0.01,False,False,False,True,True,True
12,42,0.16170883561385235,1.9353594421369245,True,0.8908474534083783,0.8785147189827219,0.9706150563379445,0.26,0.24,True,True,True,True,True,True
9,16,0.5556952345930098,1.8610450145133515,True,0.09778469109292531,0.07031279340112517,0.7171819790786256,1.0,0.9,True,True,True,True,True,True
10,13,0.30313052963634834,0.9146969577380788,True,0.780560596057109,0.6279889641892812,0.8932788140279825,0.98,0.9,True,True,True,True,True,True
10,41,0.43525217488294127,1.3309571847288941,False,0.5045421388354462,0.4570275115855103,-0.49320870840251163,0.01,0.01,False,False,False,True,True,True
8,44,0.10818727580629656,1.4403281874524914,False,0.8260861518985038,0.8011583359968963,-0.35984130957892013,0.01,0.01,False,False,False,True,True,True
12,52,0.16890784446358387,1.6543527635525772,False,0.6289224706515835,0.6084345202789634,-0.2676080640181029,0.01,0.01,False,False,False,True,True,True
11,12,0.32271130524213804,0.46511710918107607,True,0.3642458620335812,0.276002530867568,0.8897302931080855,0.45,0.53,True,True,True,True,True,True
8,69,0.06698573450629301,0.7050870153383662,True,0.8134656482997993,0.8034078629758877,0.9943817489319358,0.02,0.02,True,False,False,True,False,False
12,58,0.14238758619832845,0.5927309278006704,False,0.19050016534256697,0.14392951886806804,-0.15294231459351204,0.01,0.01,False,False,False,True,True,True
10,15,0.5504421916621222,1.1630494214861713,False,0.41414632560915265,0.3127257429104514,-0.08027222762845687,0.01,0.01,False,False,False,True,True,True
6,22,0.43868900017867707,0.9493194267496987,True,0.14375157312739073,0.09296701190591843,0.8183084318702756,0.35,0.65,True,True,True,True,True,True
5,20,0.2111297146563601,1.0584447172092255,True,0.5102593844642297,0.455556616201959,0.9607678040505718,0.93,0.83,True,True,True,True,True,True
8,37,0.2754873840776182,1.8533989246598073,False,0.19748358978715375,0.14595618216118342,0.2668333200330144,0.01,0.01,True,False,False,False,True,True
7,47,0.29464029303336026,0.8732604111325004,True,0.4056369616435975,0.3356287302694844,0.8867880075699094,0.71,0.64,True,True,True,True,True,True
5,19,0.3013829019163548,1.7879485630407055,True,0.31789369254406386,0.27279296695375527,0.8639749719772394,0.35,0.37,True,True,True,True,True,True
7,34,0.4192718887534476,0.5204577205369896,False,0.19008979990774977,0.13725327855544778,-0.5727578666370134,0.01,0.01,False,False,False,True,True,True
12,33,0.24052095631931514,0.4170518456241395,False,0.7709974108269163,0.7436019991797935,0.07076835220698574,0.01,0.01,True,False,False,False,True,True
7,23,0.08259634765510122,0.39538539703222486,False,0.29623795758416094,0.22162110163861246,-0.15241619889496882,0.01,0.01,False,False,False,True,True,True
10,49,0.39939556180781993,0.3544458783056483,True,0.9142213060516723,0.8899402496477508,0.8389657799977858,0.52,0.47,True,True,True,True,True,True
7,43,0.48090098026941386,1.103203471669951,False,0.3679756764425687,0.2945994330696112,-0.5103361537922384,0.01,0.01,False,False,False,True,True,True
7,15,0.34529945516043276,1.4813026857387237,True,0.7734762420111587,0.7106119222557895,0.8428932646601074,0.28,0.34,True,True,True,True,True,True
11,31,0.20035171992779494,1.6537801953542492,False,0.4519839157563901,0.38640224479926666,-0.09100448667622851,0.01,0.01,False,False,False,True,True,True
10,37,0.12713956940887666,0.7559957049412325,True,0.10373673147786677,0.07324758684301497,0.9819092990688133,0.03,0.18,True,False,True,True,False,True
5,25,0.401064882965847,0.5740797636134087,False,0.5040216910386944,0.43472457230445,0.16543997419726952,0.01,0.01,True,False,False,False,True,True
11,60,0.5720099914854708,1.144456863107424,False,0.8336685617102241,0.8193247125314836,-0.11446078008133531,0.01,0.01,False,False,False,True,True,True
3,62,0.09025181838587622,0.8994695158154544,False,0.6051780372292154,0.6240537978453101,-0.4926205584543961,0.01,0.01,False,False,False,True,True,True
11,23,0.38268995817302914,0.4617730510878895,False,0.37691713729657694,0.29060314189453107,-0.12244309845686674,0.01,0.01,False,False,False,True,True,True
7,59,0.35579304617489943,1.4591341724542854,False,0.6693288110023831,0.6405826640835967,-0.030243278942806873,0.01,0.01,False,False,False,True,True,True
11,14,0.31176824766291944,0.46699890162039054,True,0.9785022348405138,0.8747848143970476,0.9126901440146533,0.97,0.98,True,True,True,True,True,True
7,64,0.4334694128861374,1.713929239923364,True,0.32154376448373223,0.2706317572829298,0.786406052980836,0.91,0.93,True,True,True,True,True,True
12,30,0.22697213511577952,0.5912898323397955,False,0.5436318413424956,0.4728359885238225,0.295527587545093,0.01,0.01,True,False,False,False,True,True
5,14,0.597643114570213,1.4160004220561881,False,0.24423048065805997,0.14986362034649112,0.586925452707564,0.01,0.01,True,False,False,False,True,True
5,60,0.16886107475332013,1.2548800685286645,True,0.8975380446846737,0.8911785666011912,0.9730414654094195,0.93,0.94,True,True,True,True,True,True
11,18,0.20347039594158162,0.4235755405062346,True,0.6068332624513995,0.5539643506403479,0.9579722901013,0.66,0.59,True,True,True,True,True,True
12,56,0.1212381604698631,0.745632624010344,True,0.44564925030558367,0.3858478046742441,0.9786153521432132,0.2,0.18,True,True,True,True,True,True
11,73,0.12532076244497484,0.4751611486498858,True,0.6135252598588907,0.5799450593688488,0.9796600374853855,0.3,0.36,True,True,True,True,True,True
8,78,0.36405992079224,0.721911492951157,True,0.6319534343584585,0.5997854220453885,0.8628972042454874,0.7,0.65,True,True,True,True,True,True
9,70,0.20517034721808125,1.242740363419119,True,0.01675509480448978,0.012498239041144226,0.9560088220259629,0.02,0.02,True,False,False,True,False,False
12,70,0.4873160649302626,1.332177436726238,True,0.578305332041841,0.5425031755452424,0.7611264441991198,1.0,0.99,True,True,True,True,True,True
11,59,0.17485937015333716,1.36057403769381,False,0.9652716016920653,0.9504856585169131,-0.1557787728648996,0.01,0.01,False,False,False,True,True,True
6,23,0.5513207349801156,0.6823150930069755,True,0.48052730565399826,0.37641717008176945,0.7301790774460206,0.05,0.08,True,False,True,True,False,True
8,41,0.5186969763460216,1.698019633287891,False,0.31648844452016867,0.2502253401558253,-0.6874987012206832,0.01,0.01,False,False,False,True,True,True
12,50,0.5649874046896447,1.9910081399818906,False,0.7216063146572694,0.6889461391999778,-0.19439999815029796,0.01,0.01,False,False,False,True,True,True
7,38,0.3955943002218608,0.564937553042308,True,0.2899961199933664,0.2386100271214228,0.8205112687710856,0.36,0.52,True,True,True,True,True,True
5,10,0.27135405481851543,1.4459359297875032,False,0.9774112641987237,0.7492227793788789,-0.3612914538820007,0.01,0.01,False,False,False,True,True,True
3,47,0.23935635765670277,1.20451622641637,True,0.6218240841341264,0.6289207333308339,0.8887261526407048,0.72,0.66,True,True,True,True,True,True
6,66,0.489604139002834,0.8623862572226495,False,0.1878529789353306,0.14878716511139062,-0.21432922996138326,0.01,0.01,False,False,False,True,True,True
4,36,0.48307799463148465,0.48322764695781284,False,0.5237908370271942,0.48861136037117364,-0.8834905818482095,0.01,0.01,False,False,False,True,True,True
12,57,0.29530551942980593,0.8623984870111192,True,0.6211667354395515,0.5953769940290594,0.9044801066879363,0.01,0.02,True,False,False,True,False,False
6,43,0.5533560379446859,1.2095046256177169,True,0.7024602230480504,0.6808048828753507,0.6619355567837085,0.54,0.54,True,True,True,True,True,True
4,71,0.30891205143798683,0.8204708770092779,False,0.3501179378222419,0.3147043722737059,-0.5857241520177949,0.01,0.01,False,False,False,True,True,True
7,22,0.5484265365100389,0.6565187595991642,False,0.5049470661685234,0.42143090403489114,0.38357278861971156,0.01,0.01,True,False,False,False,True,True
7,67,0.4786619929673418,0.45884220405636356,False,0.6334263356706858,0.6063318445039316,-0.16051657020305066,0.01,0.01,False,False,False,True,True,True
6,65,0.2820379647873529,1.0169586525168823,False,0.2703521755770909,0.2194578861597477,-0.8359644770877637,0.01,0.01,False,False,False,True,True,True
5,76,0.3313116892742464,1.23484451768267,True,0.22028382789125422,0.18226519133437696,0.8906895601868672,0.95,0.87,True,True,True,True,True,True
12,64,0.4523434856054789,1.3589621598011885,True,0.14238390230983156,0.10768626012878728,0.821143841359201,0.03,0.07,True,False,True,True,False,True
11,17,0.5194026996978771,1.5392461559282793,False,0.8271920921647542,0.7469747237133252,-0.14149008243356742,0.01,0.01,False,False,False,True,True,True
11,67,0.49633175658363826,0.6504619200304208,False,0.20378237226282203,0.15836057970404468,-0.3403169634967991,0.01,0.01,False,False,False,True,True,True
6,38,0.319130419860123,1.5981410077512663,True,0.2583895315755903,0.2021243687250208,0.8855997611817702,0.22,0.37,True,True,True,True,True,True
9,69,0.3305948712957573,0.5392933024281573,False,0.6554416267014769,0.6366988100600829,0.0666398292792606,0.01,0.01,True,False,False,False,True,True
7,29,0.3266166938914077,1.7278339783543202,True,0.4955546195351749,0.4507008912032789,0.8297293604707486,0.7,0.66,True,True,True,True,True,True
10,48,0.3377164071560043,0.39266993094881464,False,0.869132467319413,0.8498459786122812,-0.15245177385269892,0.01,0.01,False,False,False,True,True,True
11,11,0.09269075795862305,1.5517462967372144,False,0.17584095103996988,0.11120892595549747,-0.3788303892849194,0.01,0.01,False,False,False,True,True,True
3,47,0.506512285407006,0.594941142429106,False,0.6227124109929599,0.6275179086190086,-0.6189014212941129,0.01,0.01,False,False,False,True,True,True
8,23,0.5610099595526712,0.5236744523069461,True,0.27457727743705096,0.2150448724344637,0.7126440434166128,0.13,0.17,True,True,True,True,True,True
3,62,0.49356768713630667,0.605577716139273,False,0.8069354514236919,0.7873122186916065,-0.24772414323926117,0.01,0.01,False,False,False,True,True,True
7,32,0.10874343926068081,1.5892786404238233,True,0.3459566699802502,0.2838532706370489,0.9845269403752751,0.62,0.57,True,True,True,True,True,True
12,15,0.1965466746267832,0.35763481257806456,False,0.30316799666113914,0.22423872420321528,0.16539508620920518,0.01,0.01,True,False,False,False,True,True
4,38,0.15657565546729518,1.7496163647078655,True,0.28472488229927884,0.2334034448401486,0.9647756172747367,0.43,0.4,True,True,True,True,True,True
9,71,0.34979550696399064,1.1509893308673007,False,0.15345299439263593,0.11930592587436367,-0.5065199032247252,0.01,0.01,False,False,False,True,True,True
8,52,0.5860077295815366,1.0413583002505875,True,0.0730356825408841,0.05707916753944999,0.74227298253187,0.01,0.04,True,False,False,True,False,False
10,48,0.41385145163580933,1.0172565735863037,False,0.2025798606133299,0.15851702574163576,-0.4448785655076779,0.01,0.01,False,False,False,True,True,True
6,75,0.05961525639798467,0.41270442413324515,False,0.30481887900100224,0.2628360100672148,-0.9500342130142729,0.01,0.01,False,False,False,True,True,True
12,31,0.47063040001064094,1.190966441896831,True,0.8940598605773581,0.87147223942132,0.7912097460054442,0.01,0.01,True,False,False,True,False,False
11,73,0.2997993219712036,1.1300686742103216,True,0.23230626263852794,0.18609519330308014,0.9026576966211599,0.06,0.17,True,True,True,True,True,True
4,73,0.48302090428887456,1.7141638299966038,False,0.7477298105593879,0.7439081363737675,-0.911486025769622,0.01,0.01,False,False,False,True,True,True
3,29,0.3620079695393006,1.4807465120516634,False,0.9414490661279573,0.9568801648010247,-1.3303254451926585,0.01,0.01,False,False,False,True,True,True
5,65,0.5816374713852273,0.516989200204439,False,0.6709741605099951,0.6446397344143052,-0.531495146241961,0.01,0.01,False,False,False,True,True,True
5,71,0.3570213676027279,0.7844625637316122,False,0.3060014088230357,0.2560292870559251,0.3829436812784076,0.01,0.01,True,False,False,False,True,True
7,60,0.4127478410946947,0.8124101215120958,True,0.9707462551291147,0.9481180265135891,0.8494644143692769,0.39,0.29,True,True,True,True,True,True
10,10,0.1106059276990019,0.5179837296637035,True,0.9469245487797016,0.8073834162422519,0.9844254695207811,0.75,0.78,True,True,True,True,True,True
11,54,0.37092463902060147,1.0245871346695332,False,0.6850028989531924,0.6570484768864454,-0.15252699331770447,0.01,0.01,False,False,False,True,True,True
7,35,0.30584915030133997,0.7385429660821021,True,0.7148896166952446,0.6949075321852526,0.8999230894507899,0.22,0.11,True,True,True,True,True,True
8,43,0.5851308506960934,0.8343365411480623,True,0.26019291873875783,0.2060794534225012,0.7125872734258302,0.41,0.62,True,True,True,True,True,True
10,52,0.48259958514221757,1.3352494363027396,True,0.6121184135643447,0.5813227232008256,0.7523732611567402,0.99,1.0,True,True,True,True,True,True
8,24,0.13828871961624617,1.1470011426752658,False,0.9369250631854753,0.8589320225013451,-0.2618042747174647,0.01,0.01,False,False,False,True,True,True
4,13,0.47585735341883795,0.6995887463784645,False,0.3734969894524437,0.24869257094104893,-1.1454333492366748,0.01,0.01,False,False,False,True,True,True
7,50,0.43668814031143655,1.9896075008855019,False,0.134730852067393,0.10531286506592563,-1.2311377697420443,0.01,0.01,False,False,False,True,True,True
11,72,0.05438702949020377,1.1689624982632165,True,0.13113406385298698,0.09726926784227738,0.9966451666118494,0.7,0.68,True,True,True,True,True,True
5,19,0.0500654693332518,0.9871607531229454,True,0.7109053651012752,0.6642984200747921,0.9961925361534636,0.36,0.4,True,True,True,True,True,True
3,26,0.21231252779135779,1.3059034337143673,True,0.6190832779871229,0.6489211094448857,0.9374083782556891,0.76,0.85,True,True,True,True,True,True
3,66,0.36540521676181675,1.0429023801404598,False,0.2645267654622421,0.23266413059984395,-0.6664743906458064,0.01,0.01,False,False,False,True,True,True
9,35,0.30782397767372,1.1359373864450188,False,0.03039671562413826,0.021038293961924536,-0.3714952024465803,0.01,0.01,False,False,False,True,True,True
5,56,0.4707532815061619,0.46105702571874957,False,0.941207117676217,0.9177668198148666,-0.300424503215758,0.01,0.01,False,False,False,True,True,True
11,69,0.12272097825352608,1.9084214739499656,False,0.13302377447226543,0.10107898181645916,-0.404640222148674,0.01,0.01,False,False,False,True,True,True
11,41,0.08252634832875375,0.9723351647238179,False,0.6828617641079961,0.6463664553734834,-0.26931348705637004,0.01,0.01,False,False,False,True,True,True
11,25,0.1461211391847251,1.5828437392093015,True,0.027486925452467892,0.021298083877507666,0.9747953868911748,0.03,0.07,True,False,True,True,False,True
4,47,0.35673752266849384,1.1669996431267469,False,0.2771090915561548,0.22326024384179197,-0.721986408194647,0.01,0.01,False,False,False,True,True,True
11,53,0.15596818603752088,1.2501085620004002,True,0.7730711514107073,0.7505194912804158,0.9732125010349629,0.26,0.33,True,True,True,True,True,True
9,36,0.1573452752723563,1.2224832947406894,False,0.03849372753815239,0.029635979604473815,-0.19189052991027222,0.01,0.01,False,False,False,True,True,True
7,32,0.1727949200558964,1.090655899804931,False,0.6454423067607912,0.6000715436652663,-0.33695357741520127,0.01,0.01,False,False,False,True,True,True
10,13,0.06995143613417461,1.851755450634535,False,0.8517633622435924,0.7403281146166845,-0.19381462686645534,0.01,0.01,False,False,False,True,True,True
7,72,0.29042741520626086,0.9457470978871343,True,0.6594207167329309,0.6330561253924176,0.9037140333924101,0.15,0.2,True,True,True,True,True,True
9,73,0.12663958838614203,1.9724543912653383,True,0.4780833745408901,0.4266716525685276,0.9757194624443188,0.55,0.48,True,True,True,True,True,True
11,31,0.1597516461733988,1.78974554140128,False,0.4021066230660528,0.33334103786215247,-0.3745524868061989,0.01,0.01,False,False,False,True,True,True
9,79,0.4386448142227509,1.2253324014872096,True,0.3113940106393357,0.26007298989477623,0.8167240157745395,0.98,0.92,True,True,True,True,True,True
11,49,0.2453444632617417,1.251217445763832,False,0.7910091730117995,0.7826132351636266,-0.1613005363076514,0.01,0.01,False,False,False,True,True,True
4,67,0.119034301491245,1.7050921854483614,True,0.024598606840329884,0.01809723030671313,0.984538495225326,0.01,0.08,True,False,True,True,False,True
6,17,0.32180723105775666,1.053232999570082,True,0.3710985273934304,0.2789238320088157,0.8736302789743756,0.06,0.1,True,True,True,True,True,True
3,43,0.17421904293344875,1.6390998903265952,False,0.6649976303581225,0.7076169547439376,-1.488589175358157,0.01,0.01,False,False,False,True,True,True
9,18,0.42531694539218995,0.8626082924844625,False,0.05761916562168501,0.03685620464117889,-0.6516274926716574,0.01,0.01,False,False,False,True,True,True
12,57,0.5005910043207679,0.7260242363455749,False,0.48339504931469346,0.42424834107559367,-0.2752394666584199,0.01,0.01,False,False,False,True,True,True
10,63,0.3214746585734157,1.4491647741113192,False,0.38197392476961445,0.32378852515373735,-0.1276600618204038,0.01,0.01,False,False,False,True,True,True
6,68,0.05969197935295824,1.9102591034208325,True,0.6038658161417022,0.5797061667815253,0.9940754369516017,0.46,0.58,True,True,True,True,True,True
4,57,0.30918528327904976,1.5530152986551296,False,0.47681733036404594,0.466426675388895,0.06565991620126255,0.01,0.01,True,False,False,False,True,True
12,38,0.5559678931314797,1.1282964312885435,True,0.8705578888418367,0.819133307212071,0.6920838204591432,0.93,0.94,True,True,True,True,True,True
11,18,0.05224355338680247,1.6735646985474866,True,0.3695712617894966,0.2904611825612573,0.9964259249750692,0.78,0.85,True,True,True,True,True,True
7,48,0.3999478935749894,1.4742636513909213,False,0.0019141841653933511,0.0002491015982608212,-0.48510044396908025,0.01,0.01,False,False,False,True,True,True
10,11,0.2555777432355318,0.4430185660398843,False,0.5688336703039236,0.4907231335622432,0.36528550940633897,0.01,0.01,True,False,False,False,True,True
10,41,0.3886345970424863,0.7781151806427542,True,0.5486199934986077,0.502208749128753,0.8321737846015271,0.97,0.95,True,True,True,True,True,True
6,17,0.17717813035609048,0.7878979989985117,True,0.10567142735219981,0.06024218675322748,0.9572051430644938,0.02,0.05,True,False,False,True,False,False
9,14,0.374177759623996,0.8462673542820476,True,0.19077063281989637,0.1119351617811098,0.868966235225325,0.63,0.41,True,True,True,True,True,True
8,35,0.1106642414228736,0.9524266911988692,False,0.1001736819190936,0.06983406066243897,-0.20442043116200148,0.01,0.01,False,False,False,True,True,True
6,59,0.16853296010316648,1.395928001398024,True,0.12923751711894416,0.0964149557351797,0.9664654270730372,0.75,0.67,True,True,True,True,True,True
4,26,0.2468583064679578,0.3545576593534142,True,0.6528336828966758,0.6121897978864088,0.9251807062960999,0.81,0.73,True,True,True,True,True,True
4,72,0.3332359124942534,1.7785386472590563,True,0.8135126034840606,0.8229261805237603,0.8615548071307487,0.82,0.79,True,True,True,True,True,True
5,16,0.35524760731437616,1.9869292876793712,False,0.31804697120976766,0.2517792500340647,-0.5488529771819446,0.01,0.01,False,False,False,True,True,True
10,69,0.18422679336074216,1.105716485595465,True,0.13022870256665708,0.09770768355794165,0.9596455243127748,0.25,0.72,True,True,True,True,True,True
4,73,0.4091192377121413,1.3899117378527055,False,0.5832954970251526,0.5840391454829258,-0.0798980986620983,0.01,0.01,False,False,False,True,True,True
7,19,0.4051399273556083,0.6874454867360698,True,0.7051608415110528,0.6114819814199014,0.8604143052699991,0.03,0.16,True,False,True,True,False,True
9,35,0.05293266312941422,0.9375892836256352,True,0.9459492260654068,0.9165947281412313,0.996428714324698,0.76,0.83,True,True,True,True,True,True
3,76,0.1634722088362436,1.0951288321411472,False,0.17202886753068558,0.1458535795094343,-3.788519208550949,0.01,0.01,False,False,False,True,True,True
5,10,0.5636025211103555,0.6327055396416776,False,0.25257651598687514,0.15393388458048687,0.23783198012292828,0.01,0.01,True,False,False,False,True,True
7,40,0.4288218753579801,1.522974530642625,False,0.18635506806447655,0.1409897041305313,-0.055637829149983276,0.01,0.01,False,False,False,True,True,True
8,33,0.44636126458183106,0.7310720099634579,False,0.6501380455914115,0.6181687102543544,-0.39531708907712826,0.01,0.01,False,False,False,True,True,True
10,66,0.21465852350679693,1.6646464512277563,True,0.4137124535391238,0.35230880323721037,0.9400514425435583,0.96,0.89,True,True,True,True,True,True
10,42,0.5384673046279645,1.5935243485409367,True,0.47948473670727854,0.4197193973907187,0.7086073448708329,1.0,1.0,True,True,True,True,True,True
8,71,0.2039696959833215,1.6761724892305387,True,0.07728246909380587,0.0596477298249732,0.9562663337828923,0.17,0.3,True,True,True,True,True,True
8,45,0.07965124381076134,1.6645238797564472,True,0.05439428742810215,0.040269995162931296,0.9934567534818699,0.01,0.1,True,False,True,True,False,True
8,30,0.09411516743956164,0.34666373893055136,True,0.28459009405533864,0.2255737820037023,0.9882446786015253,0.85,0.91,True,True,True,True,True,True
10,57,0.301841247513048,0.4267769171840343,False,0.36184486803344684,0.3002604878886305,-0.22206659089474878,0.01,0.01,False,False,False,True,True,True
4,23,0.0997123058852372,1.73798504614167,True,0.33830928985278375,0.2966750102814088,0.9867091602103448,0.93,0.94,True,True,True,True,True,True
4,49,0.41024751534708986,0.605158435194046,False,0.13290918216980885,0.10555093138596451,-3.383642963163494,0.01,0.01,False,False,False,True,True,True
8,79,0.47050690308868504,1.340509225759223,False,0.5049533368119313,0.471812003795027,-0.2576464042789004,0.01,0.01,False,False,False,True,True,True
11,74,0.33797499343126897,0.7485991083825203,False,0.10614649951177713,0.07723788440945581,-0.4867911760537058,0.01,0.01,False,False,False,True,True,True
9,38,0.39869905837981784,1.799490028219489,False,0.6924553176538037,0.6655685742863919,-0.33294614754650653,0.01,0.01,False,False,False,True,True,True
9,65,0.48434674910548825,0.5855782428323817,False,0.489981057770034,0.44512019898975935,-0.42396567424583465,0.01,0.01,False,False,False,True,True,True
4,36,0.387841191475375,1.0138743677763464,False,0.8852824989879727,0.8351050261446736,-0.5833183654990113,0.01,0.01,False,False,False,True,True,True
8,23,0.1567814830568176,0.3020860997568816,True,0.5127775128765825,0.4273754919573844,0.9597116420641796,0.44,0.49,True,True,True,True,True,True
8,60,0.12313337946683148,1.5379404501359852,False,0.41929263959530383,0.3622816944188422,-0.29528070360007885,0.01,0.01,False,False,False,True,True,True
3,15,0.16141896257542682,0.5711211698160387,False,0.1009122516281149,0.04564493154412974,0.3867257772899749,0.01,0.01,True,False,False,False,True,True
6,44,0.5346430774951834,0.7488417000476539,False,0.9264393351452044,0.9176467467627659,-0.379405323328744,0.01,0.01,False,False,False,True,True,True
6,34,0.38080665196028335,1.4651205615483214,True,0.24045141645288948,0.1917001027620607,0.8336585742813591,0.27,0.32,True,True,True,True,True,True
11,33,0.10162020753805362,0.5371753785524183,True,0.27625713870251156,0.22084302051709231,0.9875365452195901,0.95,0.91,True,True,True,True,True,True
9,77,0.0727493546063737,0.648716798217414,True,0.9380057091549924,0.9298054328744794,0.9938228577661801,0.39,0.43,True,True,True,True,True,True
10,63,0.3818887899812978,0.6380208911001795,False,0.6804108358195944,0.6495339711880687,-0.16544914828408586,0.01,0.01,False,False,False,True,True,True
5,13,0.13447464611338672,0.3257065727446509,True,0.35119364474118897,0.24133820594331815,0.9668213793618772,0.4,0.45,True,True,True,True,True,True
10,19,0.5152408449869134,1.3737771146360807,True,0.7076002162264351,0.6645975815678011,0.7304045230083503,0.24,0.23,True,True,True,True,True,True
10,70,0.3063391823867065,0.32900090705277946,True,0.4006238661007223,0.3396471274178299,0.8988347614097674,0.78,0.67,True,True,True,True,True,True
6,21,0.41242213774165853,0.4716121362123926,False,0.7837206214801328,0.7484882982527435,0.13237365163638204,0.01,0.01,True,False,False,False,True,True
6,74,0.3964116634722932,0.4445040761338167,True,0.9775031407228523,0.968399636063182,0.8610479900788662,0.67,0.71,True,True,True,True,True,True
4,15,0.464628629388815,1.9183650182880847,False,0.3821667274852095,0.3063257111078885,-0.7774393787736866,0.01,0.01,False,False,False,True,True,True
7,56,0.23235231123760902,0.9605207631530934,False,0.7310899365493027,0.7104816216011647,-0.3222255350712453,0.01,0.01,False,False,False,True,True,True
3,10,0.46671930088463764,1.4599085574146557,False,0.9807671575901916,0.7829667547645284,-1.1944457572419527,0.01,0.01,False,False,False,True,True,True
8,57,0.5335069970009937,1.1835757816154502,False,0.25008029590694636,0.20117449380799207,-0.15184013868406265,0.01,0.01,False,False,False,True,True,True
7,77,0.2369349419414173,0.48815113653645725,False,0.21535706516610464,0.17264207145867855,-0.16386691226465944,0.01,0.01,False,False,False,True,True,True
8,51,0.4410400908116125,1.8188478311996863,True,0.913159428659144,0.8852291131837939,0.8071426174657204,0.99,0.97,True,True,True,True,True,True
7,73,0.5436435571955736,0.7690237357296914,False,0.8232466777589663,0.8213112465777845,-0.010460704403130183,0.01,0.01,False,False,False,True,True,True
5,44,0.3103865987458233,0.5783418933826214,True,0.5196599574694317,0.4817549922701465,0.8879010142450983,0.41,0.43,True,True,True,True,True,True
10,20,0.2017565067675819,1.6775135147070999,False,0.7190162290366934,0.6884094963411326,-0.07374682805462585,0.01,0.01,False,False,False,True,True,True
7,66,0.05049974212448925,1.6653697293237053,True,0.5685244861719483,0.5406716012453027,0.9967779332278227,0.57,0.67,True,True,True,True,True,True
6,31,0.3867162457779126,1.280879305900052,True,0.578073997053488,0.5290502730361882,0.7727849022115185,0.03,0.06,True,False,True,True,False,True
7,60,0.08427424855742413,1.2025634747376845,True,0.6386789855722336,0.6080233474615648,0.9898662850655148,0.18,0.22,True,True,True,True,True,True
12,45,0.5211060484141489,1.2615500901196768,False,0.20157715143194643,0.15446390292926057,-0.17995853274538653,0.01,0.01,False,False,False,True,True,True
9,61,0.30996922463307214,0.7332955585504007,True,0.10120318209436441,0.07326584876783514,0.9079928129961137,0.88,0.77,True,True,True,True,True,True
9,30,0.09193062454010975,0.7140649248064771,True,0.7675163523917511,0.731743473229734,0.9897866381171325,0.12,0.04,True,True,False,True,True,False
11,41,0.470337207506255,1.767018552225517,True,0.4594853537026863,0.3916334430333434,0.7489287579759942,0.8,0.75,True,True,True,True,True,True
6,62,0.10479181270339122,1.4996977598740935,False,0.4451321913333369,0.3915672526408741,-0.8389314962391068,0.01,0.01,False,False,False,True,True,True
7,31,0.5829018961564042,1.7186556542248952,True,0.48273428384578665,0.43301107146467205,0.7011126671978765,0.09,0.1,True,True,True,True,True,True
4,18,0.25022640131081897,1.2488678358866578,False,0.18626487599686403,0.14227794217066422,-2.5768401877004234,0.01,0.01,False,False,False,True,True,True
12,49,0.0868282964306256,1.8697532950695193,False,0.6740015331262669,0.6392779041358568,-0.15252941319952007,0.01,0.01,False,False,False,True,True,True
3,57,0.3748755602080035,1.4451785896181837,True,0.6195397317927813,0.6332534888024033,0.8051722447910908,0.56,0.47,True,True,True,True,True,True
10,78,0.07945382658021977,1.638022556109266,False,0.879273985973182,0.8646012685449498,-0.111704800584141,0.01,0.01,False,False,False,True,True,True
4,57,0.35828788039805026,1.8268828975999667,False,0.1403912207194743,0.10701267814191835,-1.8097020129970156,0.01,0.01,False,False,False,True,True,True
9,44,0.07139645975674347,1.6437986280976273,False,0.43561180704651414,0.3778912603882583,-0.3229712210765925,0.01,0.01,False,False,False,True,True,True
8,29,0.0973260827898362,1.9621124069150115,False,0.7538769490906696,0.7145017987309468,-0.3488228887681102,0.01,0.01,False,False,False,True,True,True
6,74,0.1407306129907559,1.0302873356640532,False,0.08969929367050533,0.07199797846306726,-0.13040127862246464,0.01,0.01,False,False,False,True,True,True
8,40,0.33412659840162195,0.7730118377729103,False,0.12252536260903524,0.0903508992533887,-0.09424102924585842,0.01,0.01,False,False,False,True,True,True
3,57,0.1636237633089952,1.5742787998341996,False,0.573477912433122,0.5965859738169219,-1.4948255318738988,0.01,0.01,False,False,False,True,True,True
9,32,0.4446575008933082,1.0844504086704847,False,0.8905963100493933,0.873108926825204,-0.2665490739193399,0.01,0.01,False,False,False,True,True,True
11,37,0.33007116048144375,0.48554664912268497,True,0.7313776150221695,0.7104930302418273,0.880348972332736,0.35,0.5,True,True,True,True,True,True
6,68,0.3000469464752376,1.4041794770599736,False,0.8494491383705544,0.8512906998493115,-0.42212340602533516,0.01,0.01,False,False,False,True,True,True
7,27,0.17834470107006173,1.798032576096053,False,0.10504472490502548,0.07820332657303988,-0.7442979185931191,0.01,0.01,False,False,False,True,True,True
9,23,0.29144209701374607,0.858826243948879,False,0.37041825624866365,0.2958925710661315,-0.28358596637688405,0.01,0.01,False,False,False,True,True,True
10,42,0.1312282998314408,0.31081081551310646,True,0.4253650556790638,0.36102085202927314,0.979881082232197,0.29,0.41,True,True,True,True,True,True
4,38,0.5151288559977028,1.891342493120464,False,0.695078025398905,0.672421349407578,-1.005209457743629,0.01,0.01,False,False,False,True,True,True
3,19,0.2598578117994333,0.7081113753429276,True,0.7913720911908534,0.790971832235669,0.9329780169675093,0.95,0.97,True,True,True,True,True,True
8,30,0.17384916124890193,1.1727470822103527,True,0.872330727346833,0.8353686054409797,0.9656773789846498,0.84,0.88,True,True,True,True,True,True
12,79,0.595840101792989,1.7989059976549016,False,0.08964105999205163,0.06532891280033516,-0.2983350857897258,0.01,0.01,False,False,False,True,True,True
7,43,0.225649674939834,0.41085887706122076,True,0.512410543129214,0.4698872089410636,0.9197895109065202,0.01,0.01,True,False,False,True,False,False
5,56,0.3687072889183135,0.4849956651126252,True,0.3609484468765852,0.31603894961949963,0.8686085107720904,0.02,0.05,True,False,False,True,False,False
8,13,0.063581414589331,1.5077436774980406,False,0.11885632290265469,0.086040113406484,-0.38553641800850924,0.01,0.01,False,False,False,True,True,True
4,58,0.31166994656907976,1.0211560949626017,False,0.6562992316907548,0.6394161266892743,-0.028798106704422954,0.01,0.01,False,False,False,True,True,True
8,21,0.4664772092111094,1.051837726578363,False,0.9628408419186638,0.9191178844526587,-0.33310292527684227,0.01,0.01,False,False,False,True,True,True
4,12,0.35324154638857297,1.4766808252727555,False,0.0833549006740899,0.0433930236548233,-0.7710743763262069,0.01,0.01,False,False,False,True,True,True
6,55,0.4730590415377485,0.6950585341149598,False,0.25983873029308,0.20582997625048924,-0.45569426133222657,0.01,0.01,False,False,False,True,True,True
4,19,0.47583245148981557,1.7097454127233196,True,0.290160796754214,0.21561308119966616,0.7353771390482187,0.19,0.33,True,True,True,True,True,True
6,27,0.4704204934301682,1.0122462774106502,True,0.17759381733724977,0.1331724363713655,0.7926097062625679,0.85,0.77,True,True,True,True,True,True
9,28,0.10629698814059788,1.755843295156211,False,0.02860041333109442,0.020295160398780623,-0.7455414007052588,0.01,0.01,False,False,False,True,True,True
9,41,0.216870914883738,1.4491217113474064,False,0.691178923069627,0.6852672558916297,-0.07360716383971067,0.01,0.01,False,False,False,True,True,True
8,59,0.07053473609762849,1.8879257437427333,False,0.7320893325210578,0.7113090078624031,-0.38694753188304687,0.01,0.01,False,False,False,True,True,True
8,17,0.5235801404364685,1.8721367982512793,True,0.2988261167566276,0.22436877965078264,0.7739158885882388,0.07,0.44,True,True,True,True,True,True
9,54,0.16711037196358175,0.5300821456291214,True,0.32373845794119116,0.2672380275986034,0.9614957296905887,0.13,0.32,True,True,True,True,True,True
9,72,0.3579668642504181,0.549431819191617,False,0.08387355525573859,0.06335627410469014,-0.18625709713051908,0.01,0.01,False,False,False,True,True,True
9,51,0.1269199184583652,0.6656036825158549,False,0.501636511273455,0.4498583617751202,-0.39158076061531566,0.01,0.01,False,False,False,True,True,True
10,66,0.5148612562221511,1.089206896665326,False,0.4865711837666713,0.4295946819650742,-0.4078199953518906,0.01,0.01,False,False,False,True,True,True
8,59,0.27976955981623614,1.1437817863112152,True,0.3509857723027745,0.29528691339984453,0.9152177849167564,0.68,0.61,True,True,True,True,True,True
10,20,0.12981210090936274,0.8405813436768508,False,0.46398709302843166,0.3767500337509325,-0.23158069610774001,0.01,0.01,False,False,False,True,True,True
6,56,0.09250154089041465,0.8860691491476698,False,0.6626894647134863,0.642281926039413,-0.5903621447799134,0.01,0.01,False,False,False,True,True,True
8,54,0.3930734046121919,1.696517565753459,False,0.9047316385387464,0.889982051741378,-0.24435735770156453,0.01,0.01,False,False,False,True,True,True
11,75,0.5097132936111548,0.9974276441853316,True,0.5139868526371919,0.4694861884033266,0.7685555404391181,0.95,0.92,True,True,True,True,True,True
4,18,0.49690544578742585,0.7690313384125147,True,0.16970954637650204,0.13909259150551026,0.7348647714403003,0.82,0.56,True,True,True,True,True,True
5,64,0.5815645460653576,0.8702039840834082,False,0.6923610741626717,0.6675101568932283,-0.58540938064947,0.01,0.01,False,False,False,True,True,True
12,56,0.47547144267271196,1.8230030164159376,True,0.795870605634962,0.7874628783038172,0.7744154010525861,0.76,0.74,True,True,True,True,True,True
4,75,0.5268009321518746,0.6838803681910948,True,0.1439166403404818,0.11849101801197844,0.7232443815323495,0.35,0.27,True,True,True,True,True,True
10,11,0.06449729087032122,1.8262500561282924,False,0.4267526085545935,0.3137201082992962,-0.45860274757017083,0.01,0.01,False,False,False,True,True,True
11,39,0.4595356533372475,1.5099852340604074,True,0.9041622911093288,0.8670297828340859,0.7881791263477527,0.44,0.46,True,True,True,True,True,True
8,59,0.17805093798091992,1.3848434035661699,False,0.8553569848582693,0.8419596739923598,-0.2505335695764459,0.01,0.01,False,False,False,True,True,True
9,23,0.18305822906290264,0.5592296899208643,True,0.70436271855263,0.6574453230310935,0.9602623502036752,0.32,0.46,True,True,True,True,True,True
3,30,0.06336193530037156,0.5050345205252419,True,0.3442080752738511,0.3169956242692225,0.9938722634377631,0.61,0.64,True,True,True,True,True,True
4,23,0.07232979074729524,0.4527945947625277,False,0.09827377041856733,0.062325627830071804,-0.2729337027033196,0.01,0.01,False,False,False,True,True,True
3,19,0.5698293985079206,0.9560907758034753,False,0.16661350309016043,0.1293059086263031,-0.08247749032312313,0.01,0.01,False,False,False,True,True,True
7,13,0.18840566314064577,0.9344667423612707,True,0.9683016548728612,0.8962817084234758,0.9601156331070172,0.96,0.97,True,True,True,True,True,True
6,50,0.27801243696873285,0.8559059263152133,True,0.6287452485975198,0.5902354300148592,0.9137321139328922,0.74,0.71,True,True,True,True,True,True
3,75,0.5490922208265269,1.9891744958743345,False,0.9918536702805265,0.9477086603906736,-1.192821892856807,0.01,0.01,False,False,False,True,True,True
7,67,0.2676219728201984,1.3703070471643624,True,0.24692894904891227,0.2018968398170205,0.9262689222509872,0.98,0.94,True,True,True,True,True,True
12,35,0.43991025050298277,0.5074343811951212,True,0.44872169622281577,0.38895409958212857,0.770618759677741,0.01,0.04,True,False,False,True,False,False
3,56,0.36121940383364204,1.6916430251079084,True,0.9656463434879451,0.9503177819412665,0.8762063788234102,0.67,0.61,True,True,True,True,True,True
3,60,0.5908521668240465,1.477641735746077,True,0.36640306732473227,0.35376833767110955,0.6685858687835713,0.71,0.68,True,True,True,True,True,True
11,29,0.15885200143161538,1.0386438258608597,True,0.6428241351651789,0.6005269222899398,0.9599775235988606,0.79,0.76,True,True,True,True,True,True
5,25,0.4564394591588914,1.0043512018582241,False,0.07189483065619984,0.05289399650191744,-0.9643275011008927,0.01,0.01,False,False,False,True,True,True
5,18,0.11264283726943645,0.9383685209790951,False,0.32099423492697854,0.2600151807891019,-1.6296544556564503,0.01,0.01,False,False,False,True,True,True
5,72,0.25515512168183857,0.5747572407018585,True,0.22678302855112886,0.18636491793696214,0.930674022751108,0.08,0.12,True,True,True,True,True,True
7,44,0.064037065808308,1.9793565296829752,True,0.46377245388667154,0.40683175263259663,0.993461628584619,0.08,0.15,True,True,True,True,True,True
8,51,0.4556279384290971,0.7101640046729638,True,0.9749548838020524,0.9548906296236351,0.8083741206968,0.05,0.08,True,False,True,True,False,True
11,54,0.36036171578115067,0.5313851688721163,True,0.5766049097576722,0.5391223049634102,0.8548841806935326,0.65,0.68,True,True,True,True,True,True
12,75,0.47998147780136513,1.8200840473595135,True,0.5931959534109585,0.560642219049624,0.7545058247145348,0.32,0.36,True,True,True,True,True,True
11,79,0.34523139187492885,1.4524918274611662,False,0.8812362207027571,0.8694683428983192,-0.1655216676914144,0.01,0.01,False,False,False,True,True,True
9,70,0.23361592293222266,1.793358971934125,True,0.8495166317983338,0.8322401185419204,0.937809545499412,0.7,0.73,True,True,True,True,True,True
4,19,0.17388211964854322,1.5320819833688843,False,0.13051048724038794,0.08543213051251569,-3.2850796794774997,0.01,0.01,False,False,False,True,True,True
7,56,0.1175024668258982,1.1294986200872585,False,0.8089976406468811,0.7770930227947664,-0.2586457835687479,0.01,0.01,False,False,False,True,True,True
10,72,0.5421482561085935,0.732966721439535,False,0.27616880471839655,0.22439131928608913,-0.43180994868874545,0.01,0.01,False,False,False,True,True,True
5,60,0.33696314952041395,0.5611067525621286,True,0.35379126882229817,0.3076617488389793,0.8487679480446036,0.01,0.03,True,False,False,True,False,False
8,54,0.5789254057020894,0.7317518578983686,False,0.3454078889471933,0.29188913311593806,-0.2414710711587309,0.01,0.01,False,False,False,True,True,True
11,16,0.16699938614766663,1.5701796067061564,True,0.42261691934345635,0.307373946702261,0.9745585616796393,0.72,0.71,True,True,True,True,True,True
4,30,0.5989397760609211,1.034885551952863,False,0.1997031954383266,0.15133247916260328,-2.0413945465674437,0.01,0.01,False,False,False,True,True,True
7,55,0.11518539758432833,1.231116856111289,True,0.10366724856799625,0.0768256603218075,0.9855267976331393,0.92,0.67,True,True,True,True,True,True
5,29,0.4128698107763337,0.6379819909904778,False,0.3067170568062385,0.2626246671760499,-1.6941753763682992,0.01,0.01,False,False,False,True,True,True
12,35,0.08854849158473085,0.805943513432458,False,0.5210881512065395,0.4623084031413326,-0.267302516815608,0.01,0.01,False,False,False,True,True,True
11,58,0.5715732988382639,0.310036894234716,True,0.7030459345721292,0.6776070585605425,0.7118686306444373,0.02,0.05,True,False,False,True,False,False
4,24,0.4250757581140213,1.8908048439560214,False,0.9901073121812893,0.9403251950585697,-0.8121706206269854,0.01,0.01,False,False,False,True,True,True
5,52,0.5209544984761709,1.4730019660551172,True,0.20652541936837587,0.17026853114725848,0.7449609344655155,0.22,0.45,True,True,True,True,True,True
11,27,0.25623446391134636,0.49913691665025384,False,0.5325237437554176,0.4679791070095955,0.1550502738060825,0.01,0.01,True,False,False,False,True,True
10,71,0.15152850926088807,0.9353888198380655,False,0.685133869078871,0.667088431453837,-0.23462820266771645,0.01,0.01,False,False,False,True,True,True
12,40,0.20402517425952083,1.0247231098382181,False,0.8946735412828041,0.8824436579301365,-0.15693650118245417,0.01,0.01,False,False,False,True,True,True
5,47,0.3463279660140239,1.260660926588453,True,0.34542417643547874,0.28360161126823114,0.8435278427145305,0.93,0.91,True,True,True,True,True,True
12,52,0.5470399589621707,1.4208920484187348,False,0.8017662845111392,0.7846528644615715,-0.1827543937597973,0.01,0.01,False,False,False,True,True,True
9,15,0.16088171345181343,1.5699541592563038,True,0.7401419192658184,0.6858462525169255,0.9667424904299078,0.65,0.52,True,True,True,True,True,True
4,32,0.42201003796264097,0.8930807553573035,True,0.17224783271635047,0.1468458051019275,0.8120130364477985,0.96,0.86,True,True,True,True,True,True
11,28,0.29337337845652833,1.4802533363772217,True,0.6620445808605986,0.6044872507499564,0.8958076228635719,0.62,0.6,True,True,True,True,True,True
6,46,0.3182807780788139,1.5165284689390313,False,0.2786174165535714,0.22607079671835836,-0.7279492374729917,0.01,0.01,False,False,False,True,True,True
9,30,0.11395633903161564,0.5090658370106411,False,0.2943677674469771,0.23280308827954854,-0.2596154592579798,0.01,0.01,False,False,False,True,True,True
4,70,0.12583859619598992,1.9494011540356793,True,0.6667765531308054,0.6436079535790843,0.9806437871762811,0.09,0.24,True,True,True,True,True,True
4,10,0.4010146723992832,0.6944508948501384,False,0.13773058023972629,0.04284472530510166,-1.6562769680469671,0.01,0.03,False,False,False,True,True,True
12,14,0.1834384460322026,1.6882083592909751,False,0.4958358462082896,0.3985752309899324,-0.26039002575691383,0.01,0.01,False,False,False,True,True,True
10,10,0.2645623971935446,0.8006948101167997,False,0.6630658200375219,0.5561385580778965,-0.19108423821814835,0.01,0.01,False,False,False,True,True,True
7,70,0.36834780433479924,1.8460235519051136,False,0.07257189969092903,0.05996346237931586,-0.8880579373974369,0.01,0.01,False,False,False,True,True,True
11,16,0.5003371556767172,1.3720576336441965,True,0.1145927645804764,0.07048565944459724,0.7550346328371307,0.64,0.75,True,True,True,True,True,True
9,17,0.32357675462846675,0.4621556099822358,False,0.2532028755904223,0.1876209706219171,0.11559607480209566,0.01,0.01,True,False,False,False,True,True
7,61,0.3283979441269503,1.8374069678002418,False,0.46310224294116187,0.4157066099470005,-0.3986564059011928,0.01,0.01,False,False,False,True,True,True
12,24,0.4913686587656568,0.3393015085088752,False,0.8537741166205014,0.8272477586302377,0.1267393309683209,0.01,0.01,True,False,False,False,True,True
7,31,0.3351561938865841,1.6452211906423593,True,0.5129328040692779,0.46312080159792146,0.8730731781666323,0.14,0.18,True,True,True,True,True,True
10,68,0.3977951831379253,1.9180222631015729,False,0.4579656967009027,0.4049976809349139,-0.3178447694538069,0.01,0.01,False,False,False,True,True,True
4,38,0.3984899107711206,1.4703548971730231,True,0.33911620402470577,0.3006497964588975,0.8364255936178235,0.64,0.53,True,True,True,True,True,True
4,36,0.07251472851259848,1.3737077438270415,False,0.4044437373843427,0.38165755176733424,-0.2185310023963798,0.01,0.01,False,False,False,True,True,True
7,27,0.4065255170447589,0.4681439968098777,True,0.6013312649171879,0.5693790602172323,0.780665323150078,0.73,0.73,True,True,True,True,True,True
7,76,0.14702257229884017,1.6873720354599635,False,0.14059534425173703,0.10938164342810178,-0.29420643651088807,0.01,0.01,False,False,False,True,True,True
8,26,0.5529501418987258,0.6932177190858333,False,0.06962289168075553,0.05110857950126794,-0.4845810094410212,0.01,0.01,False,False,False,True,True,True
11,37,0.19660161968423961,1.7225647281277974,False,0.021939457313872146,0.015237890633888636,0.24675460587280396,0.01,0.01,True,False,False,False,True,True
8,48,0.506651302761098,0.9650844546349784,True,0.9241585612997925,0.9152596840084907,0.7681597546804365,0.16,0.22,True,True,True,True,True,True
3,14,0.4300783960653832,1.1101001764117093,False,0.10435578553245728,0.04891117680935241,-2.7148064664292044,0.01,0.01,False,False,False,True,True,True
12,44,0.5327402991450708,0.38370608527557876,False,0.2630319040086716,0.20490442726557848,0.5537392885062108,0.01,0.01,True,False,False,False,True,True
4,65,0.5151429280370281,0.6843547212020072,True,0.3035056355501521,0.26585807966124464,0.6838694928144613,0.01,0.06,True,False,True,True,False,True
12,25,0.14270248961705984,1.4002423973895997,True,0.9399485798276797,0.8781679314249407,0.9776822604136661,0.76,0.75,True,True,True,True,True,True
10,39,0.4772416096684605,0.7862013940413026,True,0.8178679273681642,0.8161550805855093,0.7739869850536052,0.05,0.1,True,False,True,True,False,True
4,13,0.1962213203995971,1.5294158225545305,True,0.3226937727376067,0.21270194628899186,0.9396202134964452,0.01,0.02,True,False,False,True,False,False
12,42,0.5372376619223191,0.9890779387927384,True,0.7655984111802336,0.7575559761064392,0.7550940910156587,0.44,0.37,True,True,True,True,True,True
5,69,0.4029340626183531,1.3830430779967384,True,0.09252923834489146,0.07683291589822845,0.8305481744175307,0.05,0.12,True,False,True,True,False,True
10,22,0.20376674398988137,1.3048324250403593,True,0.9907362697805193,0.9188675024434915,0.964850544153357,0.5,0.57,True,True,True,True,True,True
11,74,0.17279766544391273,0.32986523497585507,True,0.43588710681588194,0.37725114211887983,0.9595505996151561,0.13,0.16,True,True,True,True,True,True
4,79,0.5987938372365185,1.629371343027243,True,0.17375838622827844,0.14576801981114562,0.6726954173022912,0.27,0.63,True,True,True,True,True,True
5,15,0.3491450238939415,1.994506411991102,False,0.9641816188956628,0.8772375644339953,-0.4370429441385797,0.01,0.01,False,False,False,True,True,True
3,28,0.557675230126589,0.8036158111380245,True,0.38109117802791126,0.3076284215972506,0.6987197773225361,0.17,0.26,True,True,True,True,True,True
12,76,0.39278395011385125,1.4218408088636476,True,0.7151337610792522,0.6948632566782994,0.8299546961922504,0.98,0.97,True,True,True,True,True,True
10,33,0.11399700259996284,1.982154011183561,False,0.7751698398345559,0.7502135828544126,-0.25606120604118354,0.01,0.01,False,False,False,True,True,True
7,43,0.45630008063723265,0.7463407775671573,False,0.48902733494057826,0.44743822565363944,-0.3303481220979976,0.01,0.01,False,False,False,True,True,True
8,55,0.18744222587000098,0.6071458858020325,False,0.7461370313221691,0.7270431917458635,0.07574163401938772,0.01,0.01,True,False,False,False,True,True
6,12,0.19335205645092574,0.6522944705694649,True,0.45833538743776014,0.3757644320440381,0.9122127276363705,0.48,0.59,True,True,True,True,True,True
4,72,0.5543590114891251,0.6757362913815173,True,0.9958613361568285,0.955993501088896,0.7498407010988551,0.85,0.89,True,True,True,True,True,True
9,12,0.06267347658095324,0.8792616017691699,True,0.6594591328165785,0.5111142193989895,0.993920352324627,0.98,0.99,True,True,True,True,True,True
3,43,0.110689052589685,0.9578323324666562,True,0.5690726070957319,0.5806730119599531,0.9694561123967338,0.04,0.03,True,False,False,True,False,False
9,73,0.34320883390057566,1.2367032973902643,False,0.24940423991030858,0.20069325155195128,-0.41030622364849845,0.01,0.01,False,False,False,True,True,True
12,76,0.12051120189749487,0.7107943775339574,True,0.8229408793783264,0.8074965504639656,0.9811265825788624,0.05,0.04,True,False,False,True,False,False
5,39,0.16752925566076132,1.3315352903076052,False,0.20334620315052343,0.1575994709913732,-1.77533188132998,0.01,0.01,False,False,False,True,True,True
7,79,0.48140007670729873,1.5999361607817673,False,0.5768111405594847,0.557378471108795,-0.6555698012479783,0.01,0.01,False,False,False,True,True,True
7,66,0.508978063619102,1.8394973728081707,False,0.8159756974991115,0.7980262194225676,-0.35482636923761746,0.01,0.01,False,False,False,True,True,True
3,67,0.5112888111222549,1.9161667565868508,False,0.9875844361629845,0.9870178862753441,-1.3054719599090072,0.01,0.01,False,False,False,True,True,True
8,78,0.22158535081150682,1.367000301298155,True,0.35238095238140743,0.2952648778023562,0.9420368893255298,0.02,0.04,True,False,False,True,False,False
7,50,0.23627034936345703,1.4589310814720955,False,0.824474327213634,0.8125754663688916,-0.24592556517404462,0.01,0.01,False,False,False,True,True,True
5,44,0.2852071411445925,0.3134702540253877,False,0.8912075216590998,0.8623057108557841,0.03147322944758246,0.01,0.01,True,False,False,False,True,True
8,77,0.37419000283237197,1.795416413455436,False,0.733825965936447,0.7208903965382295,-0.3285832338619199,0.01,0.01,False,False,False,True,True,True
5,29,0.2873944337915912,1.659391737666758,False,0.35051573225856836,0.2915130514096327,-0.8479644449382926,0.01,0.01,False,False,False,True,True,True
10,50,0.5871840326010169,1.0111941287653627,False,0.8895066211894116,0.8774068358877102,-0.178783241325285,0.01,0.01,False,False,False,True,True,True
11,27,0.37322585268881675,0.3438272839597833,True,0.12911335554449233,0.09111944430512281,0.8794161902789502,0.61,0.49,True,True,True,True,True,True
12,14,0.4051368342725765,1.756353253499281,False,0.1722400880462327,0.11288515003777404,-0.2710310210490978,0.01,0.01,False,False,False,True,True,True
12,46,0.5956278724383953,1.235349565380018,False,0.2862362834099281,0.23296149442177086,-0.4367527047981308,0.01,0.01,False,False,False,True,True,True
3,31,0.13882143314513795,1.8642694149949082,True,0.4701930711553579,0.4702359530780246,0.9712304236420642,0.66,0.77,True,True,True,True,True,True
12,11,0.14918022930900798,0.9150482599949175,True,0.4828618433537971,0.3854443944713993,0.9556890529807599,0.32,0.26,True,True,True,True,True,True
4,78,0.4646712706396302,1.6947055478553965,True,0.9013923450020315,0.88262317816009,0.7980702989333759,0.74,0.7,True,True,True,True,True,True
8,26,0.5425293108271337,0.40992500305151913,True,0.13838797956508275,0.10002098195225881,0.7320859158823434,0.97,0.95,True,True,True,True,True,True
5,31,0.23877049913480253,1.5279984968226217,True,0.07847926119804638,0.0557161110674093,0.9296091875436922,0.11,0.42,True,True,True,True,True,True
7,65,0.07944715012793879,1.4061242986053506,False,0.775091186091155,0.7610459802890104,-0.3039724908352117,0.01,0.01,False,False,False,True,True,True
5,33,0.5604427639706988,0.8563827329636469,True,0.8116335792417263,0.746054259861799,0.6725962120805553,0.54,0.48,True,True,True,True,True,True
6,51,0.10422978499853691,0.8833881709432774,True,0.8917712809777615,0.8363702683942674,0.9869369981355959,0.66,0.64,True,True,True,True,True,True
9,11,0.13512365202890572,1.1792872301492658,True,0.11591478680093081,0.07118439230641627,0.9808051283466157,0.83,0.72,True,True,True,True,True,True
10,47,0.47987985998985333,1.1507867091369868,False,0.5655803621306402,0.5244644407670636,-0.3562216617231735,0.01,0.01,False,False,False,True,True,True
5,36,0.5431354073025885,1.253753140842378,False,0.5362422124031259,0.5013964613407537,0.07902638153091934,0.01,0.01,True,False,False,False,True,True
11,56,0.3910429553775344,0.5486292284762042,False,0.7109119219171907,0.6945941367268587,-0.09070088191103265,0.01,0.01,False,False,False,True,True,True
7,70,0.12872237881231058,0.6952415125564648,True,0.5386380765094372,0.511731939509853,0.9761129729974826,0.07,0.21,True,True,True,True,True,True
5,13,0.4890163679785723,0.853252475230164,True,0.9063425949200382,0.8352572682572411,0.8050965337667124,0.61,0.68,True,True,True,True,True,True
7,79,0.21616804759498126,1.3124339193910137,True,0.5002704324435572,0.45394811700846216,0.9298605738431801,0.78,0.71,True,True,True,True,True,True
3,42,0.30751087297183305,1.385907719451572,True,0.012545464767342751,0.001092645368724708,0.9163698418843329,0.61,0.47,True,True,True,True,True,True
9,43,0.08020363304524158,1.9227342551576294,False,0.904905042362703,0.8875068712666181,-0.21848598049267798,0.01,0.01,False,False,False,True,True,True
11,21,0.1676470643456311,1.4268689579932705,False,0.7064625413124906,0.6187136348704402,-0.23989999021579878,0.01,0.01,False,False,False,True,True,True
4,79,0.5054873472714408,1.9239770058650896,True,0.9974395916473784,0.9782642476097784,0.7853316118776392,0.83,0.83,True,True,True,True,True,True
12,25,0.3117915639868217,0.41246994957080463,True,0.8286954809359319,0.8059948197916318,0.8777380391092764,0.76,0.87,True,True,True,True,True,True
5,24,0.2342098554727201,0.8087822445204886,True,0.9413380614008656,0.8273423921812247,0.9382155140963351,0.35,0.39,True,True,True,True,True,True
4,49,0.3365723102885985,0.47027326774518596,True,0.6570154984598823,0.6453193520730672,0.8678207256821624,0.01,0.02,True,False,False,True,False,False
4,72,0.4271739019046,0.9659474581464202,False,0.7956629405544707,0.777575410551112,-0.1784247393371774,0.01,0.01,False,False,False,True,True,True
7,66,0.1808231036133382,1.7855817372091893,False,0.6780066712107798,0.651127534974772,-0.2775016554000984,0.01,0.01,False,False,False,True,True,True
10,25,0.17268057418695693,1.6836492638960903,True,0.5103137228934034,0.44618984988200916,0.9607522634695076,0.15,0.21,True,True,True,True,True,True
10,62,0.23132487654938705,0.361117121061554,True,0.5230663154732357,0.48496838967749184,0.9316372120683788,0.07,0.15,True,True,True,True,True,True
12,74,0.1859885539983177,0.6018150421905182,True,0.7060230114099855,0.6904622348545573,0.9550829301338851,0.08,0.1,True,True,True,True,True,True
6,37,0.3726611331934021,1.9381107335850922,False,0.5539681993511849,0.5208340680582734,-0.5124762441396717,0.01,0.01,False,False,False,True,True,True
5,11,0.10760932929809824,1.749122702039221,True,0.7017939586463139,0.669432477180891,0.9806980722696232,0.05,0.13,True,False,True,True,False,True
8,49,0.283449670420805,1.4822196051373235,False,0.3961614993555831,0.3338845373910089,-0.47595652074482175,0.01,0.01,False,False,False,True,True,True
5,26,0.4164645896621946,1.0300758400699577,False,0.8986805218666132,0.8945008065290031,-0.5845114181885724,0.01,0.01,False,False,False,True,True,True
7,63,0.4736095874809908,1.7812189458026744,True,0.23556384557346655,0.18826499275580671,0.7812264002225917,0.21,0.16,True,True,True,True,True,True
6,34,0.571313075002702,1.843424917220934,True,0.18790944302323487,0.14568315891328484,0.7566039910615661,0.91,0.89,True,True,True,True,True,True
7,37,0.4423187609225333,0.30709617964688607,True,0.32401077637563047,0.2589728788248934,0.8026075288688337,1.0,0.99,True,True,True,True,True,True
3,28,0.4288802067481821,1.4885864727491647,True,0.1578591090237197,0.14383622796956233,0.8029042144705874,0.31,0.33,True,True,True,True,True,True
9,31,0.5870874730736486,1.713868127424357,False,0.1350108359630552,0.09670292503785237,-0.5535985758909778,0.01,0.01,False,False,False,True,True,True
12,51,0.35387750285178365,1.456074458456276,True,0.9536938665007969,0.9311171295085375,0.8590598814656889,0.57,0.53,True,True,True,True,True,True
5,39,0.33386207551751906,1.435736308027883,False,0.504027178191797,0.45141348951447996,-0.563907297435587,0.01,0.01,False,False,False,True,True,True
6,69,0.46034644604236546,1.122442718913465,False,0.1671195281545088,0.13195686364061465,-0.7031929933301277,0.01,0.01,False,False,False,True,True,True
10,51,0.5218690208794955,1.720693606050375,True,0.000841469979232401,0.0,0.7734805543887009,0.92,1.0,True,True,True,True,True,True
9,60,0.08802411813120001,0.49299578642596914,True,0.2959218421408779,0.23443930378584202,0.9900676174651536,0.65,0.67,True,True,True,True,True,True
12,48,0.14343267902245777,1.3986339020365142,True,0.5385922063910251,0.47250446788142364,0.9734137866464715,0.13,0.12,True,True,True,True,True,True
12,76,0.3276035184179862,0.44977998440495126,False,0.11229405026848227,0.08371437141050822,-0.4094470379888935,0.01,0.01,False,False,False,True,True,True
3,14,0.26721669034493023,1.7746133957737709,True,0.9273359937387772,0.8309647678830702,0.9223020999179955,0.55,0.53,True,True,True,True,True,True
10,68,0.2682232305684516,0.7774233829333763,False,0.8217198980325279,0.8080126089840957,-0.2402897407399458,0.01,0.01,False,False,False,True,True,True
3,11,0.5328693070420353,1.325549196464472,True,0.17861884532454564,0.06349132326101457,0.5042074210351606,0.01,0.18,True,False,True,True,False,True
4,77,0.25464523552926277,1.855019273855847,True,0.808218986560623,0.7931498106643287,0.9191151768522727,0.9,0.93,True,True,True,True,True,True
6,62,0.21443289079561867,1.3196758552695111,False,0.5566291439082641,0.5309110832872895,-0.34473040371467967,0.01,0.01,False,False,False,True,True,True
4,64,0.1129862407999585,1.2072403321166372,False,0.0621988603704674,0.05531246267799641,-1.4969280466187422,0.01,0.01,False,False,False,True,True,True
8,62,0.4916756896532809,0.4581369612114442,True,0.4044754536273888,0.34042872352938053,0.7839928758014093,0.64,0.62,True,True,True,True,True,True
11,13,0.27902492805736506,0.5811413213350107,True,0.9777477114749772,0.8274786122490512,0.9251142300735049,0.64,0.59,True,True,True,True,True,True
10,69,0.2228722180971272,1.186783103704202,True,0.6801373067730057,0.6636226739862506,0.9338815426275942,0.23,0.25,True,True,True,True,True,True
7,57,0.5822383196961458,1.5113535690232731,True,0.20759677391622944,0.16322379856937083,0.679083361008445,0.01,0.03,True,False,False,True,False,False
10,65,0.49147549092747406,1.6171945043465736,True,0.1925968665269212,0.153860303351916,0.7657474638281192,0.04,0.14,True,False,True,True,False,True
9,41,0.269655445481968,0.3905280701865056,True,0.5685594993084729,0.5301124554291552,0.9072520649158123,0.88,0.83,True,True,True,True,True,True
10,74,0.2533764681037807,0.7108601506303858,True,0.9525651054051313,0.937864905154892,0.9300006783234517,0.86,0.89,True,True,True,True,True,True
4,32,0.198103443249682,0.5464736822948258,True,0.43829799831388405,0.3663904574612434,0.9603314189804821,0.16,0.15,True,True,True,True,True,True
12,19,0.542580105062637,0.6009301499831878,False,0.6909434164822141,0.6414966559330962,-0.0897971950160259,0.01,0.01,False,False,False,True,True,True
7,41,0.43623459532661,0.3133825125831446,False,0.646844588225191,0.6202917941438454,-0.1436051687706068,0.01,0.01,False,False,False,True,True,True
12,25,0.10296996553472673,1.4184102433698529,False,0.8636244933630228,0.8317516405477045,-0.1600999418353981,0.01,0.01,False,False,False,True,True,True
5,53,0.0750082880130085,1.1619939784476507,False,0.12700126785471022,0.10130340852666161,0.8219724027912716,0.01,0.01,True,False,False,False,True,True
9,20,0.3670075427511955,0.927751017052606,False,0.6155919199126746,0.5669521440589551,-0.34095433027533484,0.01,0.01,False,False,False,True,True,True
7,44,0.32549539328131943,1.3794686472165496,True,0.3536200026013405,0.28083675634123023,0.8979196227246957,0.09,0.16,True,True,True,True,True,True
9,76,0.41264039925442464,1.7188909665329932,True,0.8261372194454799,0.8064068184914701,0.8237224793448473,0.95,0.92,True,True,True,True,True,True
5,48,0.15916302138341692,0.4569429936857669,False,0.6314803363747294,0.6054990159250258,-0.6620623891715602,0.01,0.01,False,False,False,True,True,True
8,40,0.5382330842740375,1.82028400666203,False,0.6857411721662725,0.6554984048912532,-0.3752054392473061,0.01,0.01,False,False,False,True,True,True
8,68,0.19646211198979674,1.0545339975845693,False,0.06043419728278643,0.04681576613293724,-0.5910247857422186,0.01,0.01,False,False,False,True,True,True
4,66,0.4954572411557635,1.0752049529379193,False,0.7413768108649063,0.7337888191401598,-0.514468827568517,0.01,0.01,False,False,False,True,True,True
11,23,0.30686023791940126,1.5782511711978302,True,0.7882024939703407,0.7446989219859338,0.9044933352182163,0.73,0.76,True,True,True,True,True,True
10,21,0.34531442497225756,1.6377232594735016,True,0.179329028903772,0.12992750786930057,0.8916441601618371,0.77,0.85,True,True,True,True,True,True
9,18,0.5876735070776538,0.9902157546045498,True,0.7568003077615539,0.682971369619703,0.6273008475684012,0.21,0.24,True,True,True,True,True,True
4,31,0.05990808059136186,0.5004350783153053,True,0.860826769232678,0.8432327300553905,0.9958959180949815,0.7,0.72,True,True,True,True,True,True
5,11,0.09393195062282808,1.7183244139969167,False,0.9990536013430292,0.8031885565915777,-0.5803186334535242,0.01,0.01,False,False,False,True,True,True
8,72,0.37854175046207145,0.5251672635886376,False,0.7370215310970477,0.7140868218487572,-0.23307825364235235,0.01,0.01,False,False,False,True,True,True
12,33,0.38415192312266644,0.8729901763964927,True,0.3287510316319411,0.2668798016399355,0.8535454660726722,0.98,0.94,True,True,True,True,True,True
4,51,0.08768165241739621,0.9378267644223937,False,0.2855658590389145,0.2528783919047211,-1.4398332048555198,0.01,0.01,False,False,False,True,True,True
3,17,0.07511633782986,0.4951379107594424,True,0.7106902039792337,0.6730407681545986,0.9930259227897519,0.58,0.61,True,True,True,True,True,True
5,18,0.19359212969524997,1.5149136142538928,True,0.3429939843962255,0.2675245024967869,0.9425599582100986,0.03,0.05,True,False,False,True,False,False
8,28,0.46545181415838116,0.6000740676020078,True,0.5972387819261106,0.5536249793957909,0.756916718428543,0.26,0.43,True,True,True,True,True,True
4,18,0.4836786149857795,1.7568808280546588,False,0.31964124403555083,0.27796500436185784,0.3756836892986073,0.01,0.01,True,False,False,False,True,True
8,59,0.35635525099429965,1.3187159198344702,False,0.1821983929105263,0.14017393879503867,-0.31634471024597577,0.01,0.01,False,False,False,True,True,True
5,66,0.4231932648776783,1.2393525112871269,True,0.8125442917220759,0.8185975966330024,0.8233839332725922,0.35,0.46,True,True,True,True,True,True
5,32,0.4651998766599554,0.6198762920323753,False,0.5158623706318434,0.4520304705247817,-0.6432034273138962,0.01,0.01,False,False,False,True,True,True
10,20,0.25961463767104054,1.1409605309458222,True,0.3010561037556728,0.2266350847150514,0.9267736537457806,0.33,0.49,True,True,True,True,True,True
9,78,0.49659426894967307,1.6830250293063576,True,0.16398803050122135,0.12759130267862195,0.7683287001857795,0.81,0.57,True,True,True,True,True,True
11,54,0.4912663340438337,1.2450428920469423,True,0.30076187426606327,0.24423931110584587,0.7621862222650172,0.32,0.34,True,True,True,True,True,True
9,63,0.40228835557651577,0.9276003679697153,False,0.6101716644385622,0.5888636383575108,0.12336552492604114,0.01,0.01,True,False,False,False,True,True
11,22,0.11057764204578449,0.33903805445126367,True,0.3530918053648153,0.2729972478787176,0.9839274916451285,0.48,0.46,True,True,True,True,True,True
4,79,0.4442909264374446,1.4348900442107984,False,0.9454088132383578,0.9323696859224536,-0.3652380304184557,0.01,0.01,False,False,False,True,True,True
11,57,0.20219713033364695,1.2425000739986827,False,0.780116702154419,0.760650716926185,-0.19527253860401994,0.01,0.01,False,False,False,True,True,True
5,17,0.233118194640063,0.5707969407622557,False,0.8996132071158736,0.8369994189229043,-0.2816256708126379,0.01,0.01,False,False,False,True,True,True
3,54,0.05352450480438632,1.1386561441704885,False,0.3706264763439352,0.36526754391664085,-1.615982484887303,0.01,0.01,False,False,False,True,True,True
7,17,0.20911108912741444,1.7443459172414362,False,0.35909234770946974,0.28724594371621137,-0.6457911141813988,0.01,0.01,False,False,False,True,True,True
10,21,0.31968464251568535,0.8598571910395194,False,0.33083596882599686,0.2580851819901008,-0.45273583443057785,0.01,0.01,False,False,False,True,True,True
7,73,0.41146548774764846,0.3388878981738179,False,0.7158152425248626,0.7069626993966719,0.3919580948468041,0.01,0.01,True,False,False,False,True,True
9,14,0.3209024511862733,1.845698997034642,False,0.41158201214722023,0.3244907154894902,-0.3473263795144148,0.01,0.01,False,False,False,True,True,True
6,75,0.23938390681369043,0.42453607405259247,False,0.13482719452246728,0.10482898674094882,-0.26093464339333994,0.01,0.01,False,False,False,True,True,True
8,27,0.5328171893019887,1.2363533456660758,True,0.19774668841251397,0.14601260205213834,0.6738909205901784,0.68,0.77,True,True,True,True,True,True
6,20,0.48404799283502126,1.901772986510213,True,0.8580531633880596,0.7836117490494428,0.7642982303299052,0.65,0.64,True,True,True,True,True,True
12,67,0.3339435789922345,0.33258009710075426,False,0.010683987181883015,0.007427570861652515,0.5839762725717053,0.01,0.01,True,False,False,False,True,True
12,17,0.4129409607175509,1.383167116460998,False,0.5497642450311817,0.45913598481313816,-0.23615767399440246,0.01,0.01,False,False,False,True,True,True
9,73,0.16637909445100335,0.43620273060860737,True,0.11911388438199111,0.08544853534888561,0.9693423132675557,0.9,0.92,True,True,True,True,True,True
5,40,0.471919291764663,0.8509207479513257,True,0.38519479331541073,0.34377427104306196,0.8270952402534015,0.13,0.23,True,True,True,True,True,True
12,11,0.2721201977244459,0.3391524072478571,True,0.7399652678811486,0.6534572369882088,0.9014784544532852,0.23,0.26,True,True,True,True,True,True
8,21,0.5298959049998625,0.7375302876358534,False,0.44747638859864547,0.38158214103897065,-0.3678177417186721,0.01,0.01,False,False,False,True,True,True
11,62,0.2699937769347531,1.5707936990455604,True,0.7308509209974261,0.7197110643755701,0.9010038999528323,0.66,0.68,True,True,True,True,True,True
9,69,0.4750481053860743,0.9665330390849145,False,0.33317239522358133,0.27984226408204327,-0.5165153286515132,0.01,0.01,False,False,False,True,True,True
6,74,0.4969445578945571,1.746595082331313,True,0.324108953541971,0.282348852682461,0.7240991351850024,0.29,0.39,True,True,True,True,True,True
9,78,0.5859295445259606,1.0603521735649746,True,0.9372304536231584,0.9360139559427956,0.6941210337788255,0.06,0.03,True,True,False,True,True,False
10,11,0.3760448028724687,0.8132117258822691,True,0.030269794118861215,0.012553125892523508,0.8453609247675875,0.02,0.27,True,False,True,True,False,True
10,72,0.1666609888085101,0.8419475782210097,False,0.5827362417435245,0.5530292862518853,0.13847525034537722,0.01,0.01,True,False,False,False,True,True
4,67,0.08938810603752276,1.38568297701183,False,0.24760725504609216,0.20171104500285095,-1.8823462651769112,0.01,0.01,False,False,False,True,True,True
8,22,0.11846075480175672,0.8035162901893986,False,0.7043757641881381,0.6310209931323181,-0.42501662608858926,0.01,0.01,False,False,False,True,True,True
9,19,0.32815766070659136,0.9472542265395718,False,0.9590934414161217,0.882404374337105,-0.11802910786433474,0.01,0.01,False,False,False,True,True,True
5,47,0.47386014959724104,0.7342114427579133,False,0.309862129914387,0.2525784831944988,-0.7622775206903734,0.01,0.01,False,False,False,True,True,True
3,29,0.4698939790995457,0.4891703554614139,False,0.09126746607609892,0.0677091696283778,-5.032052744516604,0.01,0.01,False,False,False,True,True,True
10,79,0.14792658044824458,1.706054437012769,True,0.9890122730836991,0.9688618067744965,0.9782432940237953,0.06,0.07,True,True,True,True,True,True
12,15,0.06803822411755325,1.533930520456176,True,0.7512870255634959,0.7030240450489177,0.9934073353680274,0.5,0.42,True,True,True,True,True,True
11,55,0.3731159284065294,1.6569403079702458,False,0.6246479429528856,0.5801261830677447,-0.25633872892615583,0.01,0.01,False,False,False,True,True,True
10,35,0.5469348409629979,0.5017048823798429,True,0.44528088044174263,0.38028489979605035,0.7359269097775434,0.5,0.54,True,True,True,True,True,True
8,48,0.1721569794390316,0.4330491928384559,False,0.7861718328139295,0.7706260505858886,-0.2335367292513597,0.01,0.01,False,False,False,True,True,True
7,58,0.42071732477789414,1.778354530697554,True,0.9241052920533114,0.9212714430686472,0.8132179394617194,0.49,0.36,True,True,True,True,True,True
11,14,0.5236933509754819,0.7266940080114391,False,0.04124708408180622,0.024773261427701355,-0.5256770974918259,0.01,0.01,False,False,False,True,True,True
8,27,0.5278158056487257,0.671139822966968,True,0.6893995131255785,0.6402922403640375,0.6996571186087697,0.55,0.56,True,True,True,True,True,True
11,21,0.5202915389496781,0.5788794965309529,True,0.6864449658566985,0.6322090756216848,0.7064564229180401,0.16,0.35,True,True,True,True,True,True
5,30,0.5113529947101572,0.44002491991503245,True,0.6091064693320575,0.5626660252779582,0.7326155648111728,0.05,0.06,True,False,True,True,False,True
9,27,0.5176907295406553,0.5372681700266065,True,0.008493134046221651,0.002768972805038029,0.7879162689298835,0.01,0.12,True,False,True,True,False,True
11,67,0.12498919797731237,1.8206605372919158,False,0.46567126774487,0.40606944649916565,-0.4251996697827287,0.01,0.01,False,False,False,True,True,True
12,53,0.2274697776466097,1.3969859999643133,False,0.1704158496347642,0.13003941450074363,-0.5099392105561038,0.01,0.01,False,False,False,True,True,True
10,20,0.22372456085113418,1.7555108454769464,False,0.9033765048627068,0.8551323889685936,-0.2281295878541485,0.01,0.01,False,False,False,True,True,True
5,39,0.133656962848676,1.6885986052607995,False,0.654082227661761,0.6378156613035972,-0.492619075085831,0.01,0.01,False,False,False,True,True,True
4,54,0.3445395511975512,1.7785672286423198,True,0.16775357213895126,0.1354432127990198,0.8845812290215187,0.05,0.29,True,False,True,True,False,True
3,10,0.35102423347314393,0.5698137211049665,False,0.9656065507648944,0.8905959765730403,0.4104019078916328,0.06,0.01,True,True,False,False,False,True
9,37,0.2149959519863755,1.8305719158729294,False,0.8663509851519952,0.8177944883752747,-0.3078839025028499,0.01,0.01,False,False,False,True,True,True
9,32,0.5600516066883494,0.7275346790037405,True,0.2194594302528614,0.16843074571592037,0.7303720066366449,0.13,0.26,True,True,True,True,True,True
7,37,0.1465696205823977,0.8982153914370543,True,0.9795790225254162,0.9502504866843243,0.9778260354532987,0.93,0.88,True,True,True,True,True,True
5,44,0.1507043508243252,1.7873028874790606,True,0.1610641971349338,0.1224904094651614,0.9729339125632828,0.44,0.55,True,True,True,True,True,True
7,28,0.4804106131921362,1.41562360937691,False,0.9065565891158679,0.8702952073107343,-0.2054005539649073,0.01,0.01,False,False,False,True,True,True
8,43,0.07017568661348106,0.9578509817560439,False,0.6945122675580071,0.667249414092988,-0.2740814988733278,0.01,0.01,False,False,False,True,True,True
8,54,0.12534915306006142,1.8914816387174525,True,0.9171482239687719,0.9074071198236936,0.9843169130085194,0.73,0.68,True,True,True,True,True,True
4,13,0.4713306363851287,1.2760743936700274,False,0.5396744872915062,0.507553845935011,-0.8324552752412906,0.01,0.01,False,False,False,True,True,True
10,64,0.5033345134487274,1.576243542889822,True,0.020621045594015897,0.015720141938076925,0.8156450367232623,0.21,0.42,True,True,True,True,True,True
12,74,0.18341032251075984,1.1839042248757348,True,0.49500226371421696,0.4442652441344405,0.9567899272070397,0.56,0.39,True,True,True,True,True,True
9,59,0.19669610618707917,1.4233298818563265,False,0.804782056678641,0.7865965785463459,-0.3034200233634303,0.01,0.01,False,False,False,True,True,True
3,57,0.26584759443633044,1.8940908990124583,False,0.009345214512044842,0.0010224005472219031,-8.025003145362707,0.01,0.01,False,False,False,True,True,True
12,27,0.1894279865690563,1.239266221998571,True,0.014467723424611556,0.007576824614627444,0.9640388602281166,0.15,0.76,True,True,True,True,True,True
12,13,0.5229061287385663,0.6890232763117314,False,0.4201091282340753,0.3159036512146172,-0.05884030406310714,0.01,0.01,False,False,False,True,True,True
4,67,0.41581882731677705,0.5371832451694449,True,0.5669182961080818,0.5510275249202701,0.8229529665583071,0.88,0.93,True,True,True,True,True,True
12,67,0.4821215388627003,0.4245185715543513,False,0.8363037486200036,0.812092228958338,0.07007645649639538,0.01,0.01,True,False,False,False,True,True
5,56,0.2472193117260318,1.9962674785078338,True,0.9383915380966121,0.9221349520606268,0.9200584539152502,0.44,0.47,True,True,True,True,True,True
5,10,0.5920310096417942,1.6279774606063977,True,0.7369502232672553,0.7067692251043866,0.6704080841384434,0.98,0.96,True,True,True,True,True,True
4,30,0.3491517610880853,0.49193945445605713,True,0.8781974323095341,0.8813680649264217,0.8908969852842374,0.98,0.98,True,True,True,True,True,True
11,56,0.10623465246865657,1.2260152518553886,False,0.21150431002124126,0.16092974553431091,-0.37088720707073874,0.01,0.01,False,False,False,True,True,True
10,30,0.30747564390125565,1.5362628343577869,False,0.6680418006644846,0.631455857275632,-0.31251911508503705,0.01,0.01,False,False,False,True,True,True
4,67,0.17660333888869922,1.9928460101454593,False,0.7753498734962069,0.7625860423945672,-0.5707339198583161,0.01,0.01,False,False,False,True,True,True
4,57,0.47366777482919,0.8041663248274549,True,0.43307731194525234,0.4171292008643495,0.7332871347918397,0.45,0.37,True,True,True,True,True,True
5,70,0.15077922627143955,0.6267707505686408,False,0.21679036771734173,0.17014643512820948,-0.19208819941908528,0.01,0.01,False,False,False,True,True,True
9,76,0.29882808524776044,1.7713619888555383,True,0.14022101185979463,0.10740136183601626,0.9088720164544918,0.96,0.77,True,True,True,True,True,True
4,77,0.2747537744972835,1.8688140526042472,False,0.7048233674337874,0.6905467048540492,-1.0759146104525672,0.01,0.01,False,False,False,True,True,True
10,31,0.2844271828923655,0.692641754730157,True,0.5672495148985945,0.520129178774863,0.9161134841148751,0.75,0.68,True,True,True,True,True,True
11,75,0.16480173732470196,1.8730696226206551,False,0.2130057222478935,0.16886614970845942,-0.39399912212173405,0.01,0.01,False,False,False,True,True,True
6,38,0.3645327676992833,1.8149015150287018,False,0.5983762123321589,0.5541133428468383,-0.5585868912032657,0.01,0.01,False,False,False,True,True,True
5,41,0.1132830008511439,0.7393731705342226,True,0.5468271102431034,0.5049572463354215,0.9833238224426881,0.23,0.25,True,True,True,True,True,True
11,46,0.5504166166198642,0.8949281994496847,False,0.9797349977857872,0.9510694970030086,-0.08032838387218155,0.01,0.01,False,False,False,True,True,True
7,77,0.26430593664825597,0.8182574402522269,True,0.4010371297210462,0.3467728840430303,0.9224141308221986,0.99,0.97,True,True,True,True,True,True
9,76,0.49744923746932335,0.6364979987933874,False,0.038865172951343285,0.031420155040884336,-0.3196166718312172,0.01,0.01,False,False,False,True,True,True
4,77,0.2775551274813408,1.3657148831374604,False,0.35565468344753637,0.31655591656315,-0.07445115818863224,0.01,0.01,False,False,False,True,True,True
7,60,0.14265136453000873,0.6016930017571465,True,0.00441665843990624,0.0009369507693969996,0.9794222349019233,0.6,0.59,True,True,True,True,True,True
6,64,0.49637619164314284,1.294908818132996,False,0.7850603238909872,0.7667626208395928,-0.5071211204141364,0.01,0.01,False,False,False,True,True,True
8,70,0.14483694097113708,0.8903338783322452,True,0.10931294431821725,0.08378537129612992,0.9756083828318425,0.33,0.56,True,True,True,True,True,True
7,78,0.3727278481205352,1.2644265018036507,False,0.9554954188731324,0.946528661607424,-0.3003199619602379,0.01,0.01,False,False,False,True,True,True
8,10,0.224703507826492,0.7828909491495152,True,0.61303997579336,0.4725548626903629,0.918443748799249,0.78,0.8,True,True,True,True,True,True
11,12,0.33318849620048047,0.82597699378213,True,0.9573053386460981,0.8266774213482863,0.8759047415316823,0.28,0.29,True,True,True,True,True,True
12,41,0.19888872322914458,1.528003994436013,False,0.04539494842444214,0.03184086111536552,-0.2511544563348198,0.01,0.01,False,False,False,True,True,True
7,40,0.1864888962680168,1.5642572153008327,False,0.31052189764849225,0.2619059126259217,-0.8346108294478738,0.01,0.01,False,False,False,True,True,True
8,39,0.39104499325660597,1.5043761921313896,False,0.06379146835972827,0.04763824545066605,-0.7759772726110263,0.01,0.01,False,False,False,True,True,True
10,56,0.13567938482230613,1.072968694933537,False,0.3642594942381989,0.31172965177597006,-0.4505917352328128,0.01,0.01,False,False,False,True,True,True
3,30,0.24418697282149598,1.1105417290791408,True,0.885340404124362,0.8774384191441174,0.9355042821542761,0.67,0.7,True,True,True,True,True,True
7,79,0.5965285665660477,1.7875570970816699,True,0.4499589883693882,0.3974614390450294,0.6837420181406002,0.38,0.56,True,True,True,True,True,True
8,54,0.5501737693212768,0.725900322941216,True,0.5155385589090947,0.4871344213344897,0.6869225697976353,0.01,0.02,True,False,False,True,False,False
12,35,0.33967818602004374,1.371003661759276,False,0.3881376279320887,0.321340059474819,-0.17624288899871488,0.01,0.01,False,False,False,True,True,True
4,14,0.3422161813074736,0.6221818103979507,False,0.4843154031334602,0.44784159072436847,-1.6072748098776457,0.01,0.01,False,False,False,True,True,True
10,33,0.2995963733630092,0.9487111429373647,False,0.09281336876647661,0.06359295360861207,-0.6764567341902072,0.01,0.01,False,False,False,True,True,True
11,23,0.5028098348177873,1.2438302845980778,False,0.3386643717560812,0.2621284893287487,-0.2188028620937057,0.01,0.01,False,False,False,True,True,True
8,34,0.18720564201061562,0.8356983219834433,False,0.05501884873456164,0.03909333303060528,0.30671486354079947,0.01,0.01,True,False,False,False,True,True
6,74,0.5944597040733911,1.2962751368306091,True,0.8923963381536116,0.8902360261027945,0.6662212871249349,0.7,0.74,True,True,True,True,True,True
4,22,0.5978584584934572,0.9214320576786881,False,0.5282837084313599,0.4645435068194681,0.26712914368526963,0.01,0.01,True,False,False,False,True,True
4,12,0.3682123313136827,0.9701758082371374,True,0.14032838151271354,0.09357159510341079,0.7947841376336332,0.24,0.25,True,True,True,True,True,True
9,75,0.5423120669520373,0.8886718643197151,True,0.6479907930105969,0.6304390698772695,0.7408287888549163,0.1,0.06,True,True,True,True,True,True
11,36,0.1940050461742145,1.338282524755194,False,0.9151906636845245,0.8822750409840188,-0.20874210830236928,0.01,0.01,False,False,False,True,True,True
3,68,0.5025654742845047,0.8536865727990648,False,0.7460076715257143,0.7739973712784232,-1.2115825632498218,0.01,0.01,False,False,False,True,True,True
11,28,0.20539022489252562,1.182138898659517,True,0.7341404854106629,0.6889679895106824,0.9476896599274832,0.66,0.68,True,True,True,True,True,True
6,61,0.4599479806879451,1.6727026915642877,False,0.8442338842192446,0.8145992406981938,-0.44553010263470605,0.01,0.01,False,False,False,True,True,True
6,35,0.5249343275040074,0.5335607730736258,True,0.43060715478078304,0.3506567285411179,0.7667958645496821,0.69,0.66,True,True,True,True,True,True
5,54,0.0762911381686971,1.280206228620981,True,0.3920297355178509,0.3462768556256851,0.9913688517745557,0.92,0.85,True,True,True,True,True,True
7,25,0.09089130439147677,1.6024926716651828,True,0.8508604922743664,0.8197400028385244,0.9902213193713926,0.99,0.99,True,True,True,True,True,True
3,52,0.09520842614160907,0.8142931023308457,True,0.12875569838191758,0.11320928579547995,0.9886704959842664,0.25,0.35,True,True,True,True,True,True
11,60,0.5651020974488171,1.075239383201375,False,0.7718330980918499,0.7588629364557294,-0.1842760049591028,0.01,0.01,False,False,False,True,True,True
9,22,0.5833273448132291,1.8089223616275534,True,0.5647231938896206,0.4790393459731179,0.6704424542484451,0.61,0.58,True,True,True,True,True,True
12,68,0.09917901705271055,0.429787085514307,False,0.3948899143793262,0.3333171938661176,0.2452371548072595,0.01,0.01,True,False,False,False,True,True
11,41,0.3189970015522038,0.6489211231511111,False,0.09812616090443826,0.06921896548623732,-0.706864033753889,0.01,0.01,False,False,False,True,True,True
4,31,0.1475273099316357,1.7867832440889901,True,0.31498913581158516,0.2707946314250031,0.9689222481073314,0.55,0.57,True,True,True,True,True,True
3,11,0.4722305025711303,1.0926200836129667,False,0.11133431356065127,0.03630010260720589,-3.379260481882447,0.01,0.01,False,False,False,True,True,True
3,62,0.49004497576055,1.0582436604049585,True,0.7353294082895208,0.7729162224776132,0.716961186297397,0.47,0.48,True,True,True,True,True,True
12,20,0.3991089435164758,1.2828399077736086,True,0.12775468653355437,0.09000838477911936,0.8259931482563666,0.23,0.38,True,True,True,True,True,True
7,57,0.14150297941698897,1.4873918696833985,False,0.4453714783011161,0.3847892083276444,-0.6582070789074557,0.01,0.01,False,False,False,True,True,True
4,72,0.4807332769206302,0.41656924234941795,True,0.0961783001842792,0.07328406492171231,0.7459723258901567,0.02,0.12,True,False,True,True,False,True
12,37,0.278976878363718,1.350690569346225,False,0.5714733296997226,0.5381951568054396,-0.3060795784924908,0.01,0.01,False,False,False,True,True,True
8,38,0.11140758157618072,1.5940667638559605,True,0.17352674057329087,0.13247413832254953,0.9844356552229351,0.62,0.64,True,True,True,True,True,True
6,45,0.3988822549309725,1.7459078245076638,False,0.5136483784595722,0.47710891146785694,-0.5330587925423489,0.01,0.01,False,False,False,True,True,True
11,52,0.35163832123426036,1.362114533615076,False,0.32218588387705194,0.26452452157059075,-0.5135370410178242,0.01,0.01,False,False,False,True,True,True
10,49,0.36771249763274355,1.6611790282615275,False,0.5253962782855313,0.4854050512996598,-0.37973783500358294,0.01,0.01,False,False,False,True,True,True
12,13,0.4400954651795297,1.0449412321310032,True,0.40739368175922985,0.2923222292214731,0.8328013915991429,0.96,0.9,True,True,True,True,True,True
7,23,0.4394759429981636,0.712673822169576,False,0.14046118524531148,0.09664770332546915,0.00237675186576336,0.01,0.01,True,False,False,False,True,True
7,62,0.3138089178246371,1.3127709273753543,True,0.9239070589907273,0.9307858880888451,0.8803245083030152,0.54,0.55,True,True,True,True,True,True
12,24,0.5475564726673547,1.7243003173408857,True,0.2756551982635571,0.21849865155712037,0.7031760092647156,0.06,0.22,True,True,True,True,True,True
8,71,0.5747117842231673,1.9183397229700192,False,0.8199962440333963,0.807231506067846,-0.31404695437439,0.01,0.01,False,False,False,True,True,True
9,49,0.5956409755213132,0.594216133948329,True,0.2155503786390197,0.17084999885327323,0.7403930822153437,0.97,0.98,True,True,True,True,True,True
8,15,0.20643463143430013,0.8414584230619329,False,0.713169131497858,0.6325449555802337,-0.34027668946415046,0.01,0.01,False,False,False,True,True,True
8,12,0.388159340653998,1.1546349296952392,False,0.6003590390086297,0.43338431999860827,-0.2902091514016423,0.01,0.01,False,False,False,True,True,True
10,24,0.23450238701501602,0.834108195199202,False,0.5699397138081975,0.5190593341879641,-0.3495170576663926,0.01,0.01,False,False,False,True,True,True
11,32,0.5118672253952802,0.9002196575571297,True,0.638985056059303,0.6061826695640031,0.7405375611179901,0.23,0.26,True,True,True,True,True,True
6,78,0.07573303365138442,0.5117995677870575,True,0.4922846892010234,0.455754655814658,0.9935781998407552,0.74,0.75,True,True,True,True,True,True
12,69,0.5402607162974494,1.811142892754006,False,0.7896407543657241,0.7749058374029458,-0.21193722089822642,0.01,0.01,False,False,False,True,True,True
8,12,0.29322359734892767,0.7113222637216297,True,0.7307632050723856,0.6698502759720715,0.9136822006711415,0.67,0.7,True,True,True,True,True,True
8,36,0.18991259913368336,1.7665010695082317,False,0.14846590875189036,0.106655183486427,-0.6613100044202238,0.01,0.01,False,False,False,True,True,True
6,36,0.45506550496871584,1.7087017824189745,False,0.05804851760407381,0.044050087395919625,-0.4637311093621712,0.01,0.01,False,False,False,True,True,True
7,16,0.5922245886639278,1.9263808300998826,False,0.33701070061399485,0.25086057316279964,-0.5822363068277425,0.01,0.01,False,False,False,True,True,True
6,26,0.3208700943825504,1.3766234484667843,False,0.25650490138377124,0.19100830891661508,-1.0059811356903317,0.01,0.01,False,False,False,True,True,True
10,50,0.510234841436296,1.4131189535034567,True,0.38926097669528126,0.3254417576355147,0.7439538742002674,0.62,0.64,True,True,True,True,True,True
7,69,0.2683568048931155,0.41687041948930964,True,0.541532185336798,0.5011674360142873,0.921620030196269,0.31,0.33,True,True,True,True,True,True
3,60,0.3399103595920331,1.5083606146315514,True,0.8230012037411039,0.857083081978394,0.8729515619125068,0.17,0.17,True,True,True,True,True,True
5,26,0.08333427654714848,1.0366745660274368,False,0.501842498749795,0.47732014499572434,-0.5423762409496369,0.01,0.01,False,False,False,True,True,True
3,43,0.4020546769833022,0.4803830269981152,True,0.1816996427543277,0.15672863308043103,0.8440612845790056,0.31,0.57,True,True,True,True,True,True
4,45,0.07857172276970192,1.5161755659180174,True,0.5935269664443154,0.5894124539444341,0.9932901141451557,0.98,0.99,True,True,True,True,True,True
6,41,0.42260069272308537,0.700134608655725,False,0.8903621968761709,0.8208012807521867,-0.03930332169252404,0.01,0.01,False,False,False,True,True,True
4,66,0.27737383742958577,0.33940058982638527,False,0.5030507095144264,0.49000827577076844,-0.42023652930865296,0.01,0.01,False,False,False,True,True,True
10,23,0.147881079193457,1.7934065183170962,True,0.35100658158873765,0.2928670881443402,0.9735152549529873,0.9,0.86,True,True,True,True,True,True
8,13,0.17317487681045474,0.9741757425050166,True,0.25589704416294123,0.16674133983443706,0.9576850218447271,0.6,0.89,True,True,True,True,True,True
6,77,0.3728892377627012,1.4272065055975758,True,0.03632562992181976,0.027838434580388923,0.8632631102618034,0.21,0.49,True,True,True,True,True,True
4,27,0.1501903759522611,1.5302805697749866,True,0.6956915785356028,0.6633914841763264,0.9613409799450794,0.62,0.59,True,True,True,True,True,True
3,24,0.20630358366358198,1.6229706787081495,False,0.0003309559136561724,0.0,0.7362899591005752,0.01,1.0,True,False,True,False,True,False
10,71,0.2429012762998249,1.6853598503565377,False,0.4654581872826734,0.4113070686772966,-0.18451221687103514,0.01,0.01,False,False,False,True,True,True
10,13,0.2292899343656417,0.3569044322890294,False,0.9146801447135856,0.8041930486208447,0.037604996537975,0.01,0.01,True,False,False,False,True,True
5,36,0.5225343494874471,0.3094746351838612,False,0.9027651813093344,0.8970150062329594,0.04977124416216916,0.01,0.01,True,False,False,False,True,True
10,61,0.23306120645390965,1.4605444556300184,False,0.5133796431803249,0.46606640461956206,-0.027343760288818464,0.01,0.01,False,False,False,True,True,True
4,70,0.15121452736726043,1.2047594110186026,True,0.6732743186261416,0.6591789873609794,0.9711320116256714,0.88,0.83,True,True,True,True,True,True
7,17,0.5648632354418922,1.6249988875114734,False,0.17059242740184788,0.12681582796247046,-0.6638329491231816,0.01,0.01,False,False,False,True,True,True
10,39,0.18502790880747227,1.2856490124538165,True,0.08303946529000639,0.0584644517225249,0.9626624353560823,0.31,0.34,True,True,True,True,True,True
4,68,0.5136437524088229,0.7394549486068496,False,0.9814496868440418,0.9547562638597662,-0.5619623202986037,0.01,0.01,False,False,False,True,True,True
5,16,0.4921712469420751,1.8507038466231482,False,0.8447036284735959,0.8431783752698289,-0.5813190168148092,0.01,0.01,False,False,False,True,True,True
11,73,0.26426012788422837,0.5820067007766008,True,0.46412166534308785,0.41001106681382693,0.9126233310215655,0.18,0.21,True,True,True,True,True,True
10,47,0.1683109082032841,1.1720546686099271,False,0.6740263805668749,0.6497679875934526,-0.2900229286524163,0.01,0.01,False,False,False,True,True,True
7,46,0.25394201950963224,1.8224083363697716,True,0.44876511489173365,0.3934446136499898,0.9183446506612847,0.97,0.94,True,True,True,True,True,True
5,44,0.39347413455588365,0.514018585003972,True,0.17456893109370963,0.1335148784039829,0.8534639539512758,0.08,0.12,True,True,True,True,True,True
4,62,0.5262382154068096,1.452180567281462,False,0.6368894608066406,0.6143777618897331,-0.6644325478553361,0.01,0.01,False,False,False,True,True,True
10,56,0.335519149926767,0.6806917805522632,False,0.36188496638762113,0.2978723512922392,-0.0722475343111364,0.01,0.01,False,False,False,True,True,True
8,65,0.14621892006214587,1.5477611926066317,True,0.6994171040341665,0.6778906983323981,0.9731093065117448,0.53,0.51,True,True,True,True,True,True
10,60,0.17024430194728868,0.7276293319555945,False,0.6693486446278977,0.6441717077533776,-0.11023937608946865,0.01,0.01,False,False,False,True,True,True
12,50,0.24942948116228536,0.6581231965977805,False,0.9780017630658011,0.9561042327252003,-0.029898178957857846,0.01,0.01,False,False,False,True,True,True
12,43,0.26243677913031266,0.8741629961532855,True,0.13460017194557194,0.09884297697130053,0.9290678697966727,0.01,0.01,True,False,False,True,False,False
3,69,0.08951262846301591,1.3050379768441418,False,0.6614010468414231,0.6694916667457328,-0.464857865818634,0.01,0.01,False,False,False,True,True,True
8,64,0.5392229126854122,1.6606711806720869,True,0.15630451660497036,0.12071049498857302,0.7574624999475493,0.47,0.45,True,True,True,True,True,True
9,41,0.24043570197461983,1.6326492366882988,True,0.12187002594279883,0.09159773643720169,0.9390765483496751,0.25,0.29,True,True,True,True,True,True
9,45,0.32478449727452297,0.5032867917396429,False,0.6649770935846429,0.6428108092302564,0.005063582189292926,0.01,0.01,True,False,False,False,True,True
4,72,0.5013347899820066,0.9901026979361152,False,0.6969074618113297,0.6807009838488208,-0.5775642680447897,0.01,0.01,False,False,False,True,True,True
4,74,0.13027860470546232,1.1277883673057116,True,0.3058171917706568,0.2718856875886756,0.9827406097255103,0.91,0.88,True,True,True,True,True,True
8,46,0.06697816492510103,1.0482552647430137,True,0.8874866001159814,0.8477798975524732,0.9946785944476829,0.54,0.46,True,True,True,True,True,True
3,44,0.44850476106527554,0.899223554343304,False,0.5165573295749762,0.5164697040321361,-0.6846108860384461,0.01,0.01,False,False,False,True,True,True
8,10,0.3987814722347604,1.3248999115750122,True,0.4875104065155067,0.3718725695439585,0.8099775901649027,0.01,0.13,True,False,True,True,False,True
7,38,0.3945788294480616,0.9950893196196142,False,0.7257137759611348,0.6989849369904476,-0.34712888320967306,0.01,0.01,False,False,False,True,True,True
12,48,0.36312088303862206,0.9665365836795354,True,0.6016657121827413,0.5582169402861344,0.8446805954228966,0.92,0.87,True,True,True,True,True,True
9,69,0.2188525644120376,1.3109565378652581,True,0.8084209898387869,0.8010574659662703,0.9405304460129646,0.98,0.98,True,True,True,True,True,True
6,22,0.051321566188880764,0.8958343509230537,True,0.8218280168606792,0.7512405151952046,0.9974026005090731,0.96,0.95,True,True,True,True,True,True
11,27,0.12823749668147177,1.6595731587455522,True,0.09360522938144489,0.062032932340348006,0.9830062917790866,0.01,0.13,True,False,True,True,False,True
4,70,0.45605994965994245,1.108705922432903,False,0.5008907258882089,0.47327833085140897,-1.54777722657707,0.01,0.01,False,False,False,True,True,True
4,22,0.48783601723525993,0.41353423473207124,True,0.5835189360648474,0.549966566174676,0.7556476252362461,0.39,0.42,True,True,True,True,True,True
12,22,0.06696421019837907,0.8165206113904333,True,0.2382050044493368,0.1793224190824467,0.9942484474885104,0.51,0.48,True,True,True,True,True,True
4,61,0.3291857316254254,1.074440350306354,True,0.842347597590794,0.8512219063648566,0.8811488246269166,0.79,0.8,True,True,True,True,True,True
12,56,0.09871091956465078,1.156885605115747,False,0.4999303561790085,0.4514303506762659,-0.133825089598669,0.01,0.01,False,False,False,True,True,True
10,44,0.12757472720634502,0.9105149999567146,False,0.2598478803656602,0.2077577269367426,-0.24887624658715768,0.01,0.01,False,False,False,True,True,True
5,78,0.15654943316102152,1.106927567156137,False,0.010835460982699385,0.005521148477771543,-2.102615193608014,0.01,0.01,False,False,False,True,True,True
9,75,0.13986537995468773,1.5145242761432467,False,0.566253620385417,0.5279489854974443,-0.4076846851829432,0.01,0.01,False,False,False,True,True,True
5,28,0.3059424199497295,0.632500353105949,True,0.7677314383141665,0.7621540679057179,0.8752573065855318,0.32,0.26,True,True,True,True,True,True
3,19,0.38747657601078345,0.3607120900930285,True,0.26240362636200176,0.16766282740451596,0.7549359592424676,0.39,0.79,True,True,True,True,True,True
7,50,0.4878307544110131,1.628153452759098,True,0.2721968930850934,0.21583443465509985,0.7377241676324153,0.52,0.45,True,True,True,True,True,True
12,66,0.3681138507918706,0.5873788210389155,False,0.11623542260770536,0.08505551299277171,0.02980688545453547,0.01,0.01,True,False,False,False,True,True
5,13,0.30701787353526006,1.489581144669046,True,0.8823523587213093,0.7636292018619455,0.868030630897164,0.66,0.64,True,True,True,True,True,True
11,38,0.45326074499883756,1.1504737521334036,False,0.4484125127521683,0.3672965977850646,-0.22162982863604497,0.01,0.01,False,False,False,True,True,True
11,71,0.17803285170871708,0.5992466169930604,True,0.4077513290695468,0.34922654571110806,0.9541674436787916,0.95,0.91,True,True,True,True,True,True
10,38,0.22756382574933243,1.3917844930827046,False,0.2700314255912224,0.20864428886156855,-0.5279051870061509,0.01,0.01,False,False,False,True,True,True
9,59,0.33531785624349064,0.992246993722455,False,0.7736500460480384,0.7538040757785452,-0.27829140695846166,0.01,0.01,False,False,False,True,True,True
4,39,0.173598598603651,1.0670191489903615,False,0.5328617669256934,0.5209551420691918,-0.99750638807847,0.01,0.01,False,False,False,True,True,True
12,61,0.21030412497607148,0.6278526448429141,False,0.8157997775181683,0.7950780326847923,0.11055967650861265,0.01,0.01,True,False,False,False,True,True
12,73,0.09795370358740846,1.882213453324622,True,0.35688422258889707,0.3017395735015605,0.9899948649987075,0.37,0.29,True,True,True,True,True,True
11,67,0.5304593975206687,1.1414955999696037,False,0.8270313268712719,0.8150000545443623,-0.1958637947559254,0.01,0.01,False,False,False,True,True,True
7,37,0.5745396723937668,1.8926375921972147,False,0.15094441678526038,0.10709613316516829,-0.7192600284874657,0.01,0.01,False,False,False,True,True,True
6,10,0.05573692939026548,0.33802134863604494,False,0.22365263436344318,0.15642107586158058,0.0004268476127551324,0.01,0.01,True,False,False,False,True,True
3,72,0.37174118465140005,0.5095442273583509,True,0.63349598604374,0.6479141862882142,0.834836506183981,0.86,0.9,True,True,True,True,True,True
7,45,0.1642518328542015,1.7777502966406251,False,0.48972645382994984,0.4420466723253824,-0.014722857169866321,0.01,0.01,False,False,False,True,True,True
9,74,0.2229194637912652,1.892004458717668,True,0.17259533476854116,0.1321947305456407,0.9512049256154592,0.53,0.49,True,True,True,True,True,True
9,26,0.18631602211310438,1.884384090688512,False,0.2786900900564112,0.19897176165245584,-0.3571153514312473,0.01,0.01,False,False,False,True,True,True
8,60,0.2828580028351045,1.2510630233946283,True,0.8377667889770487,0.8136388667466762,0.9095699627915621,0.57,0.64,True,True,True,True,True,True
8,54,0.24355303150168744,1.4460130340432789,True,0.617446817214771,0.5837594958830691,0.9183875479131587,0.66,0.74,True,True,True,True,True,True
9,51,0.409977016555571,1.3908525364491937,False,0.9388327206917565,0.9261079534555964,-0.2130233894337974,0.01,0.01,False,False,False,True,True,True
7,74,0.44134007810377923,1.5352111723745827,True,0.08249227185251962,0.0660075192703914,0.8212363644972588,0.5,0.6,True,True,True,True,True,True
4,70,0.26531470877206353,1.6186125460703495,False,0.9430804774854877,0.8983891889811707,-0.7094609409471431,0.01,0.01,False,False,False,True,True,True
7,52,0.5746203943580707,1.0777293886423136,True,0.8893155121199564,0.858952720057732,0.7013966750775205,0.27,0.28,True,True,True,True,True,True
5,28,0.4261066714513953,0.48266368833547524,False,0.9967151663902909,0.9466590608594239,-0.36899027885864055,0.01,0.01,False,False,False,True,True,True
8,77,0.08830073626239934,1.473063570162751,False,0.9305514182506968,0.9066095157807491,-0.2375409069536769,0.01,0.01,False,False,False,True,True,True
8,54,0.27768832857570547,1.2734684857188172,False,0.6692374846550361,0.6245222625501047,-0.32378518689298597,0.01,0.01,False,False,False,True,True,True
9,63,0.2808247278471955,1.9213943679742798,False,0.9827882725499324,0.9525673846683769,-0.25001222448006866,0.01,0.01,False,False,False,True,True,True
3,20,0.19827426740337745,1.8078598139463344,True,0.7147763684062318,0.761047051925572,0.9242162007066612,0.98,0.98,True,True,True,True,True,True
6,78,0.11922044395992565,1.1191284616912145,False,0.2312389904797636,0.18910671668740756,-0.6768784399156851,0.01,0.01,False,False,False,True,True,True
5,36,0.5714549541573195,0.3068468465367252,True,0.29140579767845387,0.24263462228624952,0.7402443471399888,1.0,0.97,True,True,True,True,True,True
11,21,0.3262969981962477,0.9806839643452947,False,0.05122680335715546,0.035477590520475104,-0.42018308075890665,0.01,0.01,False,False,False,True,True,True
8,39,0.49489779225049074,1.672138138218898,True,0.5017466443080776,0.4570721808584521,0.7615027990458462,0.97,0.96,True,True,True,True,True,True
10,32,0.44482942429382877,0.5278020476707652,False,0.7474397207008008,0.7240729876006848,-0.10629957663545797,0.01,0.01,False,False,False,True,True,True
9,70,0.26987190307343917,1.681254605780032,True,0.3945752555532914,0.33411541458133986,0.9049885191753292,0.9,0.83,True,True,True,True,True,True
8,49,0.19005734981283162,0.7305903434211327,True,0.4517517929780148,0.3935889644387313,0.9545056804718856,0.4,0.61,True,True,True,True,True,True
12,23,0.23325168727042,0.556900216470613,True,0.6530803375675639,0.6063997252569479,0.93616108463152,0.47,0.39,True,True,True,True,True,True
10,42,0.2969479953392188,0.42163188079409547,True,0.26551409392998726,0.21367946173583957,0.9135997891580022,0.88,0.88,True,True,True,True,True,True
11,18,0.5611343324336129,0.6985416933149464,False,0.6428700524895544,0.5519301349960155,-0.18190358185510025,0.01,0.01,False,False,False,True,True,True
3,75,0.2759331233927751,1.9755889392287025,False,0.9660225817401301,0.9519184076037024,-1.0871717611928626,0.01,0.01,False,False,False,True,True,True
7,46,0.4110021878630736,0.8403720145381923,False,0.26305396179068374,0.21342308570868104,-0.47426999249278534,0.01,0.01,False,False,False,True,True,True
4,79,0.5497247929963939,1.1309701123466824,True,0.09569335935047096,0.08534003870000444,0.7566492747258019,0.11,0.09,True,True,True,True,True,True
5,58,0.0888816083099457,1.661504595164727,False,0.8691084625169564,0.864553942874897,-0.555642037790723,0.01,0.01,False,False,False,True,True,True
10,46,0.31657811176778394,1.5477911240282245,False,0.44306600314949107,0.37128311245337825,-0.47243133871225784,0.01,0.01,False,False,False,True,True,True
9,76,0.38210560531386845,1.4747271405882172,False,0.9552367702362053,0.9469407905763805,-0.2581715623895007,0.01,0.01,False,False,False,True,True,True
9,65,0.165149045322333,1.7990803402626683,False,0.5148894398675345,0.4624733988767433,-0.48578242929615323,0.01,0.01,False,False,False,True,True,True
7,36,0.11586226789354423,1.463970460533677,True,0.07077600511976168,0.053495698800081794,0.984394403683585,0.93,0.9,True,True,True,True,True,True
3,50,0.07532086532980087,1.2998677095076525,True,0.9299360630245301,0.921686565454944,0.994002939359999,0.88,0.86,True,True,True,True,True,True
3,57,0.4194868410952535,0.9705435679853924,True,0.7053658873406338,0.7184781907022414,0.8219705503813676,0.86,0.9,True,True,True,True,True,True
4,13,0.07121101427014212,1.6278256491376726,True,0.7187248080562528,0.7478466443150191,0.9933871139159376,0.38,0.38,True,True,True,True,True,True
11,34,0.08773355444471131,1.4842972247047412,True,0.8192986272407186,0.7705675861545196,0.9899470654033447,0.05,0.09,True,False,True,True,False,True
8,72,0.5453521241140402,0.7944309374879845,True,0.025750190627800706,0.0218251342982845,0.7585478256646478,0.77,0.46,True,True,True,True,True,True
6,41,0.21351221439681023,1.6734910855289595,True,0.3755689232567119,0.32162717922482237,0.9544232498395093,0.81,0.73,True,True,True,True,True,True
5,32,0.4912277799558167,0.9396311549991592,False,0.7602848256886289,0.7422208996442533,-0.7944007916180866,0.01,0.01,False,False,False,True,True,True
5,29,0.281357703736409,0.533428939516243,False,0.8565403414275524,0.8059280467150354,-0.024556622873759704,0.01,0.01,False,False,False,True,True,True
10,14,0.2584658282763082,0.6470618178302265,False,0.14006113904854867,0.10238537266697209,-0.38135253476354314,0.01,0.01,False,False,False,True,True,True
6,24,0.246693488341581,1.700588955174021,False,0.2928395613358734,0.24276445787212372,-0.4488299096817916,0.01,0.01,False,False,False,True,True,True
8,72,0.09709144942907985,1.8673663363793256,True,0.05121727601326498,0.04175311858559231,0.989605837857838,0.98,0.95,True,True,True,True,True,True
12,41,0.5441386718707663,0.9763334097247336,False,0.5878361384376788,0.5468121507971333,-0.007900113574742296,0.01,0.01,False,False,False,True,True,True
11,38,0.5751288732280596,0.395735233482276,False,0.8895867118954951,0.8867162577079639,0.289218245663143,0.01,0.01,True,False,False,False,True,True
5,49,0.2343052840268829,0.7631800217840088,False,0.821293475786306,0.7751887134778834,-0.36775088172246995,0.01,0.01,False,False,False,True,True,True
11,27,0.5949495747647254,0.5571092135321196,False,0.036894791329641574,0.0243603036716051,-0.37627383410388715,0.01,0.01,False,False,False,True,True,True
4,32,0.24538080556118763,1.007820263027951,True,0.296020518276508,0.2563970123783599,0.9249575117212017,0.15,0.43,True,True,True,True,True,True
7,60,0.2427795930762882,1.712610993176065,True,0.2702274737490158,0.2224659016930644,0.9296344495428599,0.86,0.81,True,True,True,True,True,True
7,42,0.5181130074874597,1.7571981329406032,False,0.7323264723359596,0.7213970212633253,-0.44923680083935835,0.01,0.01,False,False,False,True,True,True
6,47,0.27045871168101454,1.8105546855782662,False,0.6042651958291133,0.583796451830865,-0.6797062674663983,0.01,0.01,False,False,False,True,True,True
10,74,0.4656281820033454,0.34684347789292974,True,0.6789197140311257,0.6480904979482272,0.7653123844582685,0.78,0.75,True,True,True,True,True,True
5,29,0.06579131317834444,1.5120799248798915,True,0.6861549604918697,0.6516433068334422,0.9928861462959131,0.8,0.76,True,True,True,True,True,True
5,38,0.37234353288429123,1.1360951215481925,False,0.49876275163001293,0.46831990043572314,-0.5739642845909656,0.01,0.01,False,False,False,True,True,True
4,16,0.33816593035827514,1.2543472530039144,False,0.8299380970190962,0.8406556674168394,-0.775806529896464,0.01,0.01,False,False,False,True,True,True
4,16,0.2300133453382544,1.2689190041839422,True,0.49752055465472955,0.41278999364752916,0.8505752957617458,0.03,0.14,True,False,True,True,False,True
4,72,0.3066175761703791,1.6256342860974853,False,0.9921581441832434,0.9733113836313282,-0.838974583071239,0.01,0.01,False,False,False,True,True,True
5,72,0.5613297056875116,1.3504250056602862,True,0.15760994078368618,0.12309126009222018,0.6933362649924187,0.76,0.65,True,True,True,True,True,True
11,45,0.42659532859137395,0.5629255354829925,False,0.6973761404929173,0.6826138879084499,0.064042214638111,0.01,0.01,True,False,False,False,True,True
5,22,0.2775785988569005,1.2096058222419275,False,0.9786585857122844,0.9221995763649244,-0.654653878707937,0.01,0.01,False,False,False,True,True,True
6,38,0.05011763297246562,1.8109070497234672,False,0.4459982191022709,0.3794744788604408,-1.1487138326522741,0.01,0.01,False,False,False,True,True,True
3,67,0.5842217094732131,1.8959667612020545,False,0.14676588213444508,0.1315955536934785,-3.3279386002950684,0.01,0.01,False,False,False,True,True,True
6,18,0.3346317224941726,0.5064483437901808,True,0.45000530651513904,0.38025467137374963,0.8414859958460077,0.08,0.13,True,True,True,True,True,True
11,68,0.4349446420728747,0.5844095389169779,False,0.7143200884661762,0.6939227970800379,-0.2629620492991278,0.01,0.01,False,False,False,True,True,True
10,61,0.4395278692134245,0.4659401816811046,True,0.7480194875070434,0.7354280597089091,0.7756862758092297,0.7,0.69,True,True,True,True,True,True
11,28,0.06912192757100145,0.3565653596838159,True,0.3269513300399578,0.2697240769454866,0.9935603559475565,0.98,0.92,True,True,True,True,True,True
5,79,0.5335685490562083,1.4865249431472531,False,0.19949365482437809,0.1652666870794393,-0.6848838886608868,0.01,0.01,False,False,False,True,True,True
5,46,0.20772936295264127,0.5293268990632823,False,0.4213585528978261,0.3696302451323906,-0.29135903558315834,0.01,0.01,False,False,False,True,True,True
9,21,0.4384162073988763,0.9107358973328237,False,0.9304555974459531,0.9017510306090865,-0.10979164416080911,0.01,0.01,False,False,False,True,True,True
6,36,0.5917260063305518,1.2144021184473637,False,0.09662340467885622,0.07766499928222848,-0.9266765985456311,0.01,0.01,False,False,False,True,True,True
3,45,0.22425151719243092,0.7174089771238226,True,0.6659812251376833,0.6501514837597472,0.9365176627760413,0.26,0.36,True,True,True,True,True,True
9,59,0.21786761360838452,0.37939190991399313,True,0.7362785799200077,0.7149209752586615,0.9495145003665717,1.0,0.97,True,True,True,True,True,True
7,68,0.5664338882036956,1.2346002650909147,True,0.08873623333423752,0.07066585714770776,0.7422832756722996,0.81,0.97,True,True,True,True,True,True
10,69,0.10616868981228923,1.3484833207001028,True,0.8101222118183762,0.8068885779446153,0.986042597658389,0.3,0.33,True,True,True,True,True,True
7,71,0.2176718431825359,1.5930930136442387,False,0.2188588871952456,0.17718106346861326,-0.15631244845398085,0.01,0.01,False,False,False,True,True,True
9,26,0.30717217825691384,1.1571770740456628,False,0.34871844142841746,0.2813819872721055,-0.3346783495866259,0.01,0.01,False,False,False,True,True,True
7,69,0.5728289283092884,1.0046373946737277,True,0.5152660368162308,0.48072035123344703,0.6805404498555614,0.49,0.5,True,True,True,True,True,True
4,68,0.28576255042725035,0.9429711824675455,True,0.8715376186333029,0.8594511827901107,0.9117724291851008,0.75,0.81,True,True,True,True,True,True
5,71,0.42319481168927514,0.8565946559750273,False,0.2375332063407689,0.19659844020563536,-1.6061990715197707,0.01,0.01,False,False,False,True,True,True
9,79,0.13699279287423854,0.6507396229830738,False,0.7052744216329634,0.6932096554408337,-0.11595754928042346,0.01,0.01,False,False,False,True,True,True
7,65,0.2916521798848273,0.7981344780469948,True,0.5957414788436254,0.5731343884032439,0.8862510130344594,0.81,0.65,True,True,True,True,True,True
5,78,0.48315906662441815,0.7815555044207415,True,0.4449965163386401,0.4102345156299875,0.789810492659505,0.43,0.45,True,True,True,True,True,True
12,62,0.11321523207673884,0.6185662556205532,True,0.8352267333241444,0.8286316619305554,0.9839676054736782,0.86,0.81,True,True,True,True,True,True
8,60,0.4986726146683213,1.8720608363101283,True,0.7859061833317239,0.7613548454186859,0.7451684226225735,0.64,0.79,True,True,True,True,True,True
4,50,0.27887762326521864,0.8306051101941458,True,0.31236384325219047,0.2628688759337283,0.8844037035852362,0.47,0.59,True,True,True,True,True,True
6,41,0.28042162711334184,1.6976240823416875,True,0.6754203675212959,0.6678017365957197,0.90835632650354,0.53,0.51,True,True,True,True,True,True
11,26,0.5972361288800083,1.6840910007126504,False,0.31885375814166994,0.2442487293670811,-0.41650454186969754,0.01,0.01,False,False,False,True,True,True
12,39,0.12985115139238482,1.946570679257817,True,0.7176187591882401,0.6868819217805295,0.9762297796044529,0.59,0.59,True,True,True,True,True,True
5,31,0.564348689420656,0.43784691444478574,False,0.5031676921765206,0.47633704414501743,-0.5609038730027496,0.01,0.01,False,False,False,True,True,True
10,70,0.15869357914111493,1.9235186909961681,False,0.7426164330749159,0.7287090566275501,-0.13533650418022858,0.01,0.01,False,False,False,True,True,True
6,35,0.599478395511327,1.5103591607549678,False,0.9009039347478743,0.8550202780495082,-0.3359332094008367,0.01,0.01,False,False,False,True,True,True
4,70,0.3936287258900369,1.0901209419061724,False,0.7424346106145309,0.7252556282723285,-0.6430444868365228,0.01,0.01,False,False,False,True,True,True
6,32,0.4127823030773231,0.3597910197235155,True,0.7159529190998623,0.6739025958437471,0.8188501136401888,0.31,0.41,True,True,True,True,True,True
9,34,0.12603657207468272,0.7086238085339462,True,0.3786286671746637,0.3069654764514688,0.9814234777198446,0.91,0.72,True,True,True,True,True,True
8,20,0.3734300408688473,1.6670209573932036,False,0.2184471223301414,0.16798719529971334,-0.24526332257595196,0.01,0.01,False,False,False,True,True,True
3,17,0.3599330486765925,0.8092955828280761,True,0.12249084524867859,0.03861162502213897,0.8316834727798897,0.79,0.65,True,True,True,True,True,True
7,36,0.1442190162706044,0.4091568164091142,False,0.1275965150998809,0.09206386175397781,0.19121133274821955,0.01,0.01,True,False,False,False,True,True
11,73,0.3470192902429933,0.6871524133183566,True,0.3467275818593407,0.2942038318780592,0.866777638984759,0.85,0.73,True,True,True,True,True,True
11,76,0.24532871413913904,1.1426361006308132,False,0.5107083872055214,0.46535506708035845,-0.27345003402017576,0.01,0.01,False,False,False,True,True,True
8,62,0.06987561221873306,1.6208899497428155,False,0.40632552196267924,0.34534809754803747,-0.41411106475883286,0.01,0.01,False,False,False,True,True,True
9,69,0.319885655756157,0.3533246078136219,False,0.42129795858923447,0.3703222646468278,-0.2671949822055113,0.01,0.01,False,False,False,True,True,True
9,55,0.577024721041492,0.7137009587716674,True,0.28890095004416216,0.2183148055936018,0.7011600080936715,0.72,0.6,True,True,True,True,True,True
12,65,0.44150771959715845,0.9898530337900995,False,0.7968597243409046,0.7830655721232022,-0.18320571065667934,0.01,0.01,False,False,False,True,True,True
12,15,0.1796049209829524,1.9232831480378865,True,0.48650199672082883,0.39746983585762014,0.9593909163463556,0.71,0.71,True,True,True,True,True,True
3,39,0.5872725509908461,1.3831432230612473,False,0.31581868033887983,0.279163583177081,-2.559676997404036,0.01,0.01,False,False,False,True,True,True
3,36,0.0517018960250443,1.566331752806965,True,0.025549796144757164,0.011182904746996389,0.9968898236321211,0.01,0.57,True,False,True,True,False,True
12,13,0.331286755507942,1.570508416663358,False,0.8348025678540775,0.7425553938889049,-0.16256972372288558,0.01,0.01,False,False,False,True,True,True
8,66,0.19995478359208108,0.3016680535645248,False,0.18184675541678363,0.14090753474290157,0.3882926305683969,0.01,0.01,True,False,False,False,True,True
5,41,0.47436030479767577,1.0876030213163668,True,0.21090711220795888,0.16584326169721036,0.7592031745864459,0.29,0.39,True,True,True,True,True,True
4,32,0.3149655326090153,1.9385654768332234,True,0.6627929529535185,0.6309823953727878,0.8880617740295339,0.92,0.92,True,True,True,True,True,True
9,28,0.5291930551171278,1.1722888220595513,False,0.023973270629021548,0.01597182304005139,-0.6019323001754073,0.01,0.01,False,False,False,True,True,True
11,22,0.5883868576337815,1.2647925232229142,False,0.1224905582438851,0.08514260476954293,-0.5892849619882485,0.01,0.01,False,False,False,True,True,True
4,23,0.32648646678360294,0.735408780092473,False,0.2662667336893477,0.2047897416977722,0.5309086179246172,0.01,0.01,True,False,False,False,True,True
3,56,0.0783186664587567,0.9927636692961437,True,0.07483116141799351,0.05546598520780336,0.9927773109623045,1.0,1.0,True,True,True,True,True,True
11,62,0.38031987008740215,0.7361372677061874,False,0.27686502044851313,0.22292412174334816,-0.09799358426269111,0.01,0.01,False,False,False,True,True,True
10,52,0.4654591938516658,0.8862712474893666,False,0.8907481462843843,0.8752498463221872,-0.08707250452094728,0.01,0.01,False,False,False,True,True,True
5,34,0.08274973849783399,1.269428211319391,True,0.11463708980640008,0.0806497193076273,0.9924532653794503,0.93,0.67,True,True,True,True,True,True
7,67,0.5628917898047826,1.426845586123474,True,0.5032543835436097,0.459357212279068,0.7180287276878001,0.03,0.27,True,False,True,True,False,True
3,40,0.08113029198662858,1.2441818939104694,False,0.45156236894194657,0.4382186103484844,-2.5505235816548053,0.01,0.01,False,False,False,True,True,True
12,76,0.220303752236985,1.7625000146294372,False,0.936666976973256,0.9234975435207748,-0.16150695053505615,0.01,0.01,False,False,False,True,True,True
9,24,0.054546546918749654,1.7183879996884237,True,0.245566577738204,0.17642056507693965,0.9958402805878356,0.58,0.55,True,True,True,True,True,True
5,29,0.06237325813317725,1.099475878390279,False,0.8783406368279906,0.8823909904155179,-0.5667005108762686,0.01,0.01,False,False,False,True,True,True
3,67,0.10138970820463736,1.6864307144220885,True,0.2828891285553622,0.25268411233193655,0.9891405196696528,0.42,0.54,True,True,True,True,True,True
4,28,0.38266174927266317,0.6978897404482702,False,0.15335216307857025,0.12171964243711138,-0.5653561815107719,0.01,0.01,False,False,False,True,True,True
5,36,0.18436629411485522,1.840914970315521,True,0.8775474117697275,0.8885606671848315,0.9602348959965564,0.82,0.84,True,True,True,True,True,True
8,30,0.15452851224553188,0.3886111551522411,False,0.6112502931036582,0.5706090688932476,0.3419888848046526,0.01,0.01,True,False,False,False,True,True
4,42,0.15579749367809873,0.9856768615478682,True,0.7004855057044981,0.6954303779786195,0.973766784360461,0.74,0.83,True,True,True,True,True,True
8,61,0.45194116592746364,0.3222992201137011,True,0.0021698830033988203,0.00027994723686120427,0.8316381570006838,0.04,0.13,True,False,True,True,False,True
7,31,0.31718495124326,0.8344326782110716,False,0.5627504663089312,0.5099159905490065,-0.35467301079589,0.01,0.01,False,False,False,True,True,True
3,12,0.13213775002602576,0.8975520745538643,True,0.5552349670705639,0.44618567766938644,0.9884134294002139,0.81,0.66,True,True,True,True,True,True
10,46,0.5757184398559214,0.3608330643876155,True,0.16130113452501837,0.11746152287576096,0.7268070212450168,0.98,0.92,True,True,True,True,True,True
3,11,0.5465217588512052,1.483972569452943,True,0.6902116996719231,0.637290883792442,0.6157823747760829,0.83,0.87,True,True,True,True,True,True
4,24,0.4517476720180067,1.6577980210401528,False,0.23848202340050795,0.18226291583178336,-2.4542511442554327,0.01,0.01,False,False,False,True,True,True
5,43,0.429382697208589,1.0708068251608531,True,0.7305299636934179,0.720280096175586,0.7945825104212034,0.65,0.62,True,True,True,True,True,True
7,63,0.26522085312171817,0.44473481089248057,False,0.3598298302509625,0.30080341308767855,-0.8147981230137467,0.01,0.01,False,False,False,True,True,True
6,15,0.2918862773874761,1.0733479085969317,True,0.6129119222009823,0.5352745336495366,0.8990301885126238,0.64,0.63,True,True,True,True,True,True
10,65,0.24925899527882994,1.4347799932129175,False,0.7345903787851237,0.714355062739162,-0.2646448485350543,0.01,0.01,False,False,False,True,True,True
11,42,0.49002539731227507,1.6063314339204176,False,0.08760707667496581,0.05999477573026194,-0.360329840536332,0.01,0.01,False,False,False,True,True,True
4,49,0.2153821180994427,1.9900155544118987,True,0.054756121056771634,0.04170516632998072,0.9513704637607836,0.18,0.52,True,True,True,True,True,True
8,43,0.5952602636236047,1.1771678306515574,True,0.09430245087707034,0.06829770974329419,0.7055305024106167,0.95,0.79,True,True,True,True,True,True
5,51,0.15271026869397453,1.5255216712710806,True,0.09344618591647458,0.07462632194520931,0.9722216497993664,0.69,0.63,True,True,True,True,True,True
12,70,0.4865517188462692,0.7227196305058563,True,0.820553378698824,0.8124417285691442,0.7457433921172646,0.49,0.36,True,True,True,True,True,True
9,10,0.18504066726447638,1.8906371844633683,True,0.9587634521559139,0.779446802498832,0.966506798818125,0.93,0.9,True,True,True,True,True,True
8,46,0.22248136805253227,0.9936904224916094,True,0.8668342848435749,0.8620749674483755,0.9375662937523696,0.03,0.01,True,False,False,True,False,False
3,17,0.2814470822208632,1.56060492102278,True,0.058428259911234126,0.013213647844596227,0.9134293575169415,0.28,0.32,True,True,True,True,True,True
10,66,0.41163619235521065,1.9066651778156483,False,0.9933364031039638,0.9652338770736507,-0.13534146750740272,0.01,0.01,False,False,False,True,True,True
10,58,0.5380974175615786,1.6360464095222946,True,0.7493709334630639,0.7359771637920485,0.7238269347861592,0.49,0.52,True,True,True,True,True,True
7,17,0.24114217453455639,0.6162708928087037,True,0.16064830180558987,0.12148891632671897,0.9175190041026596,0.95,0.86,True,True,True,True,True,True
6,58,0.12658056923107736,1.4571586834028112,False,0.3244799427953726,0.27880673077866025,-1.1860380370147379,0.01,0.01,False,False,False,True,True,True
6,42,0.5771127104458177,1.2206060565536985,False,0.7557488547361245,0.7274859890853744,-0.10536620038039413,0.01,0.01,False,False,False,True,True,True
3,22,0.4677879118171723,0.8928351972029831,False,0.7036614754773227,0.6338965406149359,-0.9733002344314385,0.01,0.01,False,False,False,True,True,True
6,40,0.3723099521021586,1.5642925126952143,True,0.48606398494580194,0.4324338185884111,0.8336687590839755,0.45,0.4,True,True,True,True,True,True
8,40,0.3390296880695423,0.6024644558376835,False,0.91113371720171,0.9018927047444897,-0.24694570834500906,0.01,0.01,False,False,False,True,True,True
4,65,0.07776388280599517,1.3134706624246864,False,0.03489189481413646,0.024569278388011234,-0.6000770273424918,0.01,0.01,False,False,False,True,True,True
12,29,0.29147164786859947,1.6064374229009863,True,0.3838863105898348,0.31034199312899785,0.8889092285046301,0.23,0.42,True,True,True,True,True,True
4,21,0.35703354528152953,1.072764659120801,False,0.505800317176785,0.48680117701675135,-0.6983843975616797,0.01,0.01,False,False,False,True,True,True
5,51,0.257853849325297,1.4020362900687153,False,0.16504263126949759,0.13327476093796795,-1.5790870247138589,0.01,0.01,False,False,False,True,True,True
4,25,0.20734705358354955,1.5240143120370464,True,0.6693323445257343,0.6147143152638438,0.9375877392883483,0.75,0.86,True,True,True,True,True,True
3,64,0.3835733159617047,1.191428174963009,True,0.042693079090406205,0.029163626208416654,0.8660139521127594,0.01,0.03,True,False,False,True,False,False
3,15,0.4628458896938519,1.339415861464691,False,0.4208464080751685,0.3648981083886608,-1.3029845816853083,0.01,0.01,False,False,False,True,True,True
3,24,0.5965965174543488,0.978653294072521,False,0.4458301436257788,0.41157691034462934,-0.45583049855447677,0.01,0.01,False,False,False,True,True,True
12,36,0.3272978344624576,1.0980399518333677,True,0.46543839249491237,0.39306211880779757,0.8688817230400507,0.84,0.82,True,True,True,True,True,True
11,13,0.1516342749746071,0.6773406016501236,True,0.3210418068589297,0.2272588480644244,0.9702352783374603,0.44,0.35,True,True,True,True,True,True
11,31,0.5075762466693953,0.898356207235802,True,0.538914416701914,0.48032737246126,0.7606159690760946,0.75,0.79,True,True,True,True,True,True
12,43,0.15331971277133655,0.8499600574678712,False,0.21006346682325516,0.1622754177386947,-0.3597583721567672,0.01,0.01,False,False,False,True,True,True
10,41,0.49963998395516196,1.4965078758425456,True,0.7132239736241297,0.681865639976984,0.7711028529479582,0.34,0.33,True,True,True,True,True,True
8,39,0.43474421388372186,1.7876985443356022,True,0.32589396975591545,0.2598744948678335,0.8105828226775394,0.47,0.46,True,True,True,True,True,True
6,56,0.15632323074015736,0.8179625780414539,True,0.3688071898459807,0.3184735440960912,0.974312457906152,0.24,0.31,True,True,True,True,True,True
12,16,0.13054938823844064,1.2358234634307708,False,0.7928559388378221,0.7682105842148922,-0.10654210038074585,0.01,0.01,False,False,False,True,True,True
8,27,0.16124844180037332,1.070950790976081,False,0.11115751742270741,0.07996437694530115,-0.1372727138564338,0.01,0.01,False,False,False,True,True,True
7,54,0.3617122957059926,1.2337948489727248,False,0.03037086644496989,0.02495252520271272,-0.46020666484816375,0.01,0.01,False,False,False,True,True,True
12,59,0.5007332630766806,1.4494957637470718,True,0.9798328030254788,0.9545624180690321,0.7882187566259471,0.23,0.19,True,True,True,True,True,True
5,63,0.5781610069498283,1.2291263220347681,True,0.48173119911975326,0.4511647158027524,0.6786888116487839,0.79,0.81,True,True,True,True,True,True
7,66,0.5484409797172173,1.295225383446271,True,0.3524833427807261,0.2981234149313845,0.7570051691217519,0.75,0.64,True,True,True,True,True,True
10,50,0.5107757061624671,0.9981468449348283,True,0.3131634814506765,0.25786805285138625,0.7399157502822817,0.25,0.55,True,True,True,True,True,True
7,18,0.5556612096014724,0.5146394304874164,True,0.8510370990501065,0.7994507269293762,0.7940200370919628,0.86,0.82,True,True,True,True,True,True
6,77,0.41662229067955997,0.9841347326111289,False,0.8254218324995303,0.8190912333960362,-0.18665784351160175,0.01,0.01,False,False,False,True,True,True
9,73,0.5051320619728537,0.4815331829746229,True,0.5774973841473194,0.5473593626372661,0.7625129578175479,0.64,0.76,True,True,True,True,True,True
9,55,0.2080004065588294,1.0021919551993268,False,0.8841962233775722,0.8689879913664922,-0.10406786151032121,0.01,0.01,False,False,False,True,True,True
6,73,0.43781982511643486,0.40823039944670103,True,0.3786716006079941,0.3260744438557834,0.8082872934661983,0.27,0.31,True,True,True,True,True,True
6,30,0.14133798397574754,1.420461178980154,True,0.46064448479952247,0.4179886861726921,0.9784386446550336,0.7,0.61,True,True,True,True,True,True
8,14,0.4429288823021366,0.8496045566940758,True,0.48733605300360705,0.4051166245095657,0.7367717378448746,0.94,0.85,True,True,True,True,True,True
5,64,0.4832026571114614,1.6598743169311694,True,0.7424319078741174,0.7191565427755788,0.7366117602550044,0.63,0.62,True,True,True,True,True,True
6,21,0.1578986585571798,1.375296411516851,True,0.30459270500269575,0.24146272535935082,0.9593060085662835,0.01,0.03,True,False,False,True,False,False
9,26,0.3770831591300877,0.30172894854027366,True,0.8260416761496204,0.7808497731083728,0.8106804421767286,0.48,0.49,True,True,True,True,True,True
9,53,0.12100755939939287,0.7917480865807445,False,0.5731323680630882,0.542262010957733,-0.4333481849019549,0.01,0.01,False,False,False,True,True,True
4,76,0.24502492817164406,1.8781107891432358,True,0.20503822144962802,0.16805950208390388,0.9087654911788463,0.01,0.02,True,False,False,True,False,False
5,21,0.07559139389541078,1.5110222177815635,False,0.3836554484631267,0.32880025563067605,-1.0684678343241631,0.01,0.01,False,False,False,True,True,True
9,66,0.34928632802256754,0.384943343279876,True,0.3597819286648589,0.3038868756127657,0.8555389360594847,1.0,0.85,True,True,True,True,True,True
11,34,0.09268758611653277,0.9022607065712676,True,0.12777171344998972,0.08687242211452229,0.9888079993394479,0.83,0.73,True,True,True,True,True,True
4,72,0.45318452205568066,0.9451313131708481,True,0.3611753087524958,0.32842985881803677,0.787319890280182,0.96,0.92,True,True,True,True,True,True
12,40,0.5008108978586839,1.1999684697186785,False,0.8496541775008553,0.8287263405790615,-0.1176830905114783,0.01,0.01,False,False,False,True,True,True
10,19,0.353827289690617,0.3429190653434796,True,0.48155141145068714,0.407952049642887,0.8561752824236599,0.64,0.59,True,True,True,True,True,True
11,66,0.2668508346445175,1.6467433903299076,False,0.2087073460197647,0.16403056409070665,-0.4651910001136077,0.01,0.01,False,False,False,True,True,True
4,41,0.5165535993925539,1.2985927911916062,True,0.017079463679303686,0.0011638276601452656,0.8043998173104641,0.14,0.58,True,True,True,True,True,True
10,18,0.4478417136798939,0.6549200931126542,False,0.3420371183190637,0.2349037569686785,-0.38387915062621203,0.01,0.01,False,False,False,True,True,True
7,74,0.44268574535218513,1.6225458324396147,True,0.3103950188165491,0.263661486602893,0.7941090731667156,0.95,0.84,True,True,True,True,True,True
6,31,0.21203033820261935,1.6830724561640291,False,0.744648074321155,0.6744768550131938,-0.6426309534041243,0.01,0.01,False,False,False,True,True,True
8,28,0.22214067741089677,1.0294152705143211,False,0.6550890287159699,0.6206968337850315,-0.3445698309692349,0.01,0.01,False,False,False,True,True,True
12,58,0.2260707049654268,0.306553771393384,False,0.714300135119894,0.696914042673613,0.16142919679743528,0.01,0.01,True,False,False,False,True,True
6,17,0.576576591298459,1.0843742602502437,False,0.6034538082008056,0.5520351282003627,-0.45333072515961437,0.01,0.01,False,False,False,True,True,True
11,49,0.32049102921136163,1.490563956428093,False,0.3540675279220632,0.2882646303947524,0.03560702746901412,0.01,0.01,True,False,False,False,True,True
5,64,0.22750147338660642,0.8382110398910614,True,0.0096633817678754,0.004058109386874188,0.9473214255535901,0.17,0.69,True,True,True,True,True,True
7,22,0.266951290063926,0.9532880551381466,True,0.02194474345945907,0.010306873645986939,0.9271411630495301,0.04,0.48,True,False,True,True,False,True
7,66,0.25989550137381395,0.5867559064550163,False,0.11250232128613169,0.0845361920270867,-0.45743187714677735,0.01,0.01,False,False,False,True,True,True
4,44,0.4000588605846551,1.8632521459350666,True,0.5902146376606537,0.5955978593140536,0.8257281947879608,0.96,0.97,True,True,True,True,True,True
4,27,0.4419532756300469,1.7663971608996947,False,0.652467149802851,0.6353549770720907,-0.7451362632073277,0.01,0.01,False,False,False,True,True,True
5,76,0.597796815396537,0.6738593999544773,True,0.15696511705038874,0.12609742849053046,0.7168148990506892,0.67,0.67,True,True,True,True,True,True
4,71,0.49486643002639286,0.6011080689278915,False,0.9505927596469513,0.9566345150021595,-0.12414715364916673,0.01,0.01,False,False,False,True,True,True
9,29,0.19639383448054237,1.8311581647653883,False,0.4388860626294948,0.353651635360322,-0.2708817401997401,0.01,0.01,False,False,False,True,True,True
6,35,0.36324053672781365,0.5389389737542514,False,0.10652437154846106,0.07891727785603415,0.11294129482928783,0.01,0.01,True,False,False,False,True,True
5,52,0.27195283246332314,1.8657438180957298,False,0.857868889701537,0.8367751673048257,-0.5393136475073084,0.01,0.01,False,False,False,True,True,True
3,58,0.16806586713561888,0.368601730500321,False,0.7961442359662936,0.8144692401958474,-0.33281620917339416,0.01,0.01,False,False,False,True,True,True
9,73,0.21268176422392343,1.5766441327210474,False,0.725927574081031,0.7061897904833289,-0.3583915854443802,0.01,0.01,False,False,False,True,True,True
9,66,0.5280173166172505,0.32251909170428716,True,0.4263329990150738,0.3724592415777348,0.7204845462813338,0.74,0.72,True,True,True,True,True,True
7,50,0.36542607536649896,1.8583273937193476,True,0.7635890926004028,0.745418404566724,0.8460192189028037,0.71,0.79,True,True,True,True,True,True
8,47,0.33095395376560244,1.4994579714783485,False,0.743428792404996,0.700411093035081,-0.34493531483652684,0.01,0.01,False,False,False,True,True,True
7,75,0.3663800404237403,0.9573635465043149,True,0.2524036793821648,0.21237403114319528,0.8579603613453716,0.19,0.22,True,True,True,True,True,True
3,53,0.3262133839742401,0.984805273907245,False,0.8993324898733063,0.8881267802914753,-1.3257210309513865,0.01,0.01,False,False,False,True,True,True
10,29,0.424451460389923,1.2564715463093017,False,0.08876691463463371,0.06500723143426917,-0.7085728728428071,0.01,0.01,False,False,False,True,True,True
7,52,0.4719496294482294,1.3073690078608162,True,0.8018506450299087,0.7847890354789302,0.7657710832924565,0.68,0.8,True,True,True,True,True,True
12,55,0.29349702420191087,0.44570038306689824,False,0.6086973024791265,0.5606868958715475,-0.08975478380220991,0.01,0.01,False,False,False,True,True,True
6,57,0.09055621597952654,1.2131284711074224,False,0.6955491706258788,0.6619030917700329,-0.5562631043865296,0.01,0.01,False,False,False,True,True,True
11,36,0.36760976729550143,0.8759282170832916,False,0.059892998142653475,0.04167624199856879,-0.433381609198523,0.01,0.01,False,False,False,True,True,True
5,51,0.3717086228424555,0.654249362794973,False,0.18454930045859108,0.13544633927836378,-1.495344274038204,0.01,0.01,False,False,False,True,True,True
7,29,0.32761387158523225,0.627956546927975,True,0.0753143582147443,0.05235381047021174,0.8991167093500222,0.02,0.03,True,False,False,True,False,False
8,47,0.06726286341797491,1.5426995737288371,False,0.723872046081623,0.7179009377215647,-0.29415336516485246,0.01,0.01,False,False,False,True,True,True
3,35,0.0810132996594515,0.30063209196044394,True,0.6888076997500933,0.7038786502567431,0.9902376738000047,0.12,0.07,True,True,True,True,True,True
11,70,0.1889096471775747,0.766108004843506,False,0.4729016988981336,0.4154932679026397,-0.08803851879181535,0.01,0.01,False,False,False,True,True,True
12,55,0.583547296063195,1.5308912548643407,False,0.6963412933375815,0.6710544141268107,-0.1998168907396205,0.01,0.01,False,False,False,True,True,True
8,48,0.41171298472848933,0.7950488319064606,True,0.7741627707833111,0.7630797702324955,0.7924205783420297,0.2,0.21,True,True,True,True,True,True
11,42,0.2862174021638709,1.6468558615759314,True,0.37565493122579774,0.3173174579345012,0.9067854665738889,0.18,0.37,True,True,True,True,True,True
4,24,0.42907199050900807,1.237129497593143,True,0.5611380164897883,0.5344584060746933,0.8368335617667254,0.55,0.6,True,True,True,True,True,True
5,32,0.24435995121520393,0.7281549422696132,True,0.29890319994160386,0.24282246245127706,0.9156374849255465,0.58,0.45,True,True,True,True,True,True
10,63,0.09506035442799343,1.1676920877731336,True,0.024258562986901322,0.019762462237088767,0.9913127005170932,0.16,0.15,True,True,True,True,True,True
7,69,0.29255930379805395,0.9960896514353239,True,0.18959683714254794,0.14982419983497844,0.9107671648399115,0.33,0.31,True,True,True,True,True,True
4,26,0.22865015027553287,1.6009619763793548,False,0.5758283946818273,0.5244921120151512,-0.4874857666160173,0.01,0.01,False,False,False,True,True,True
3,14,0.5030881235517807,0.560914332062634,False,0.4692659789914104,0.47469884756660385,-1.4289555913770116,0.01,0.01,False,False,False,True,True,True
9,51,0.09387670849195077,0.6702775714933004,False,0.7417384430319314,0.7008511931019945,-0.19836418048750204,0.01,0.01,False,False,False,True,True,True
6,55,0.40091925712767507,1.6478656171463415,True,0.8074231088617568,0.7851786556622725,0.8312305642591744,0.2,0.16,True,True,True,True,True,True
5,38,0.1828832760990049,1.3684835101356254,True,0.423361609540157,0.3819511435938108,0.9639743546158641,0.99,0.98,True,True,True,True,True,True
7,79,0.2761871576626209,1.7000390961325214,False,0.26645889351204755,0.21123186914200578,-0.8956999405940789,0.01,0.01,False,False,False,True,True,True
5,62,0.5943222158887609,0.6531777431861606,True,0.7981969470750562,0.7920252889939924,0.6913392994731601,0.39,0.39,True,True,True,True,True,True
3,64,0.16495368495828133,1.9133775172956986,True,0.7113377935977522,0.7238793953799206,0.963304301671297,0.41,0.36,True,True,True,True,True,True
6,30,0.13587987470080654,1.892533806957995,True,0.4168830550782059,0.3467561087275923,0.9791803807037474,0.01,0.01,True,False,False,True,False,False
12,69,0.2308839147642074,1.6239601055013204,False,0.5278460948406609,0.4778462831122736,-0.01619508234399758,0.01,0.01,False,False,False,True,True,True
9,49,0.2863850430462578,1.8976806957762828,False,0.21819883143219954,0.1707841198941983,-0.36433256480085885,0.01,0.01,False,False,False,True,True,True
10,67,0.08033112366885964,1.7691395644895889,True,0.21418449723600852,0.16730178980089377,0.9929414627009026,0.2,0.27,True,True,True,True,True,True
9,52,0.2504798100128494,1.6117088824890478,False,0.9992214241744325,0.9452122496747081,-0.20567306711376454,0.01,0.01,False,False,False,True,True,True
12,36,0.3484325002125422,1.4466648479402597,False,0.408844494214599,0.3428803851407038,-0.17495087342961324,0.01,0.01,False,False,False,True,True,True
3,62,0.4667855006755307,0.9628443863917313,False,0.2424082406211402,0.21467715497919793,-3.8736628629209466,0.01,0.01,False,False,False,True,True,True
8,66,0.33343036496601497,1.9235853578502407,True,0.8136535003311283,0.8093760567464469,0.8712591284268648,0.22,0.24,True,True,True,True,True,True
4,12,0.4340519880778466,0.9541716832450653,True,0.9370040525138399,0.8272968447675503,0.8629836189852913,0.82,0.81,True,True,True,True,True,True
8,51,0.29077539562476956,0.7562646812971606,False,0.8159813159503261,0.785637857854471,-0.3727891947057811,0.01,0.01,False,False,False,True,True,True
3,68,0.17346889428569828,1.2952246237089569,True,0.15867226053713723,0.1447217928343116,0.963343618300162,0.57,0.41,True,True,True,True,True,True
6,69,0.11926156819420795,0.44494932065756276,True,0.8552969431805614,0.856007760252825,0.9837000656470218,0.66,0.7,True,True,True,True,True,True
4,23,0.16486719199906424,1.9723016094359864,True,0.6567743784261925,0.6049228891058057,0.9715481997247459,0.93,0.96,True,True,True,True,True,True
8,62,0.39312883512500946,1.5666027479411542,False,0.20599462933574786,0.167560691332016,-0.3406392789475825,0.01,0.01,False,False,False,True,True,True
5,21,0.21561595827714936,0.7643658257126471,True,0.554776945220843,0.4852125424074372,0.9365331976403125,0.8,0.76,True,True,True,True,True,True
6,72,0.17417880668921987,1.236741862412603,True,0.23631277817587604,0.1856699476198465,0.9624199057977861,0.28,0.61,True,True,True,True,True,True
6,68,0.13050955358780963,0.4343349506287062,False,0.0735955641981747,0.05823696503231481,-0.4591823259087051,0.01,0.01,False,False,False,True,True,True
11,72,0.281228838322281,1.2763669860492597,True,0.842993164744743,0.8175072517598029,0.9117332848558023,0.84,0.89,True,True,True,True,True,True
9,37,0.5592437032764112,1.2621103627627304,False,0.13649510946342847,0.09641576002557947,-0.40018393744681147,0.01,0.01,False,False,False,True,True,True
8,64,0.5677567365460464,1.6118378148759356,False,0.08483508316015875,0.06281771506186272,-0.3255118053996635,0.01,0.01,False,False,False,True,True,True
7,45,0.2835728986296677,0.6390223069173967,True,0.9352304817517302,0.9174375098261187,0.9188318394619387,0.9,0.93,True,True,True,True,True,True
5,17,0.3019383992643902,1.4774849104852656,True,0.6885877197542871,0.554843258046273,0.910389544734823,0.49,0.47,True,True,True,True,True,True
9,33,0.5672605627783512,0.488371096579995,False,0.06439963189739506,0.04627832777326675,-0.09274110050412387,0.01,0.01,False,False,False,True,True,True
5,40,0.22629667696010247,1.3398048056124345,False,0.597940711193917,0.5605648065209848,-0.687345986033076,0.01,0.01,False,False,False,True,True,True
10,32,0.5724113963731992,1.9889333136931875,False,0.3066342905037417,0.2475184626187139,0.11913657180303938,0.01,0.01,True,False,False,False,True,True
4,22,0.18651505485767966,1.6404822088524458,True,0.550944777774979,0.5228577049592243,0.9556071892622069,0.6,0.66,True,True,True,True,True,True
5,63,0.06759477829439588,0.7830368883093765,False,0.8800904757305147,0.8591639342246287,-0.5071073778341748,0.01,0.01,False,False,False,True,True,True
4,13,0.41531372230058244,0.4306906414642777,False,0.8998941153308476,0.7843285777613986,0.3236155853406053,0.01,0.01,True,False,False,False,True,True
4,16,0.5108371816268629,1.7759050765983118,False,0.2807113278757021,0.21534497151565868,-0.6503620384179378,0.01,0.01,False,False,False,True,True,True
3,73,0.39791644282561056,1.941667980625603,True,0.652163265463491,0.6240672063033271,0.8398008919019788,0.52,0.53,True,True,True,True,True,True
12,26,0.5889987415864801,1.5455452007983783,False,0.6807857926076935,0.6509614519419147,-0.21933600749219617,0.01,0.01,False,False,False,True,True,True
10,73,0.3049421982261202,1.9854682002564763,True,0.2572617260462712,0.21013877457741034,0.8971368104318653,0.2,0.28,True,True,True,True,True,True
7,46,0.38916730228280366,1.4845479702453768,False,0.5962875562628495,0.5626919595341372,-0.5145924641608968,0.01,0.01,False,False,False,True,True,True
9,39,0.44091435843121346,1.9666658482216868,False,0.965777672809013,0.9298513122968726,-0.26932417190514424,0.01,0.01,False,False,False,True,True,True
9,49,0.39124723338190165,0.6821032023704403,False,0.7865690555619248,0.7637739174485616,-0.14659934541170383,0.01,0.01,False,False,False,True,True,True
12,73,0.5608676146711753,1.4228845021354963,True,0.5508292936041033,0.5064260089980639,0.7119801037366709,0.7,0.67,True,True,True,True,True,True
10,56,0.3374895825985027,0.7861134531053577,False,0.12405818786761902,0.0894911308574656,-0.667081854748687,0.01,0.01,False,False,False,True,True,True
11,16,0.5448410577370617,0.9926616998836231,True,0.5627738716420431,0.4507613124380088,0.7605780781486975,0.8,0.73,True,True,True,True,True,True
6,20,0.4447440036089337,1.6749046329897768,False,0.886957707859737,0.8187578502781532,-0.3252012171955754,0.01,0.01,False,False,False,True,True,True
11,32,0.22488928472011172,1.9989782879713855,False,0.6295061495757072,0.5707483155131992,-0.03653481372663814,0.01,0.01,False,False,False,True,True,True
6,52,0.5838679222716041,1.6631945304181264,True,0.2959704063177474,0.25258062694870226,0.6805096115678176,0.96,0.93,True,True,True,True,True,True
8,74,0.10438171776235042,1.2306717833884075,True,0.08336823414535421,0.06504467149903749,0.9877468022403428,0.14,0.26,True,True,True,True,True,True
9,64,0.24091478864003657,0.744480936231405,True,0.7145353742067406,0.7015852894393475,0.9310021748758615,0.78,0.82,True,True,True,True,True,True
7,57,0.24066814670763925,1.1656128751581527,False,0.8605804269691998,0.867297355944818,-0.27426617705105794,0.01,0.01,False,False,False,True,True,True
11,18,0.34513460218177033,1.801722275127631,True,0.37328341744835025,0.29197262842565697,0.8689622501629863,0.47,0.51,True,True,True,True,True,True
5,24,0.12863614320849026,1.223497456665885,True,0.3260629321055294,0.2523597312157003,0.9820432041825675,0.11,0.35,True,True,True,True,True,True
9,19,0.08409790785426577,0.8448007913238496,False,0.1919061827702182,0.14590433953723247,-0.24519003013625573,0.01,0.01,False,False,False,True,True,True
11,77,0.5787315249930998,0.6419506677554384,False,0.007809237877921982,0.0053699835068816825,-0.26057548841193734,0.01,0.01,False,False,False,True,True,True
11,14,0.130981475517834,1.9552251212099054,True,0.46964031925196104,0.37749037897066323,0.9816910763438063,0.51,0.52,True,True,True,True,True,True
7,47,0.40999598948262284,1.6459340944637337,True,0.31480410053146546,0.2592904141871069,0.802884525299501,0.06,0.27,True,True,True,True,True,True
10,41,0.07789800511670042,1.4688100268875963,True,0.9841166027884718,0.9450588838448039,0.9939182291422929,0.16,0.14,True,True,True,True,True,True
3,24,0.5580456678959921,1.9483188779079672,True,0.013292990128230486,0.0013958824335096537,0.7583621754967795,0.49,0.78,True,True,True,True,True,True
8,77,0.050638881984750986,1.0573584669317697,True,0.1562176141682543,0.12205631790272475,0.997108684785488,0.71,0.64,True,True,True,True,True,True
5,49,0.4127904097604467,0.9811119746326471,False,0.08643566979675754,0.07485780990390727,-0.5439689120143498,0.01,0.01,False,False,False,True,True,True
5,42,0.4135363894574562,1.2568675216807605,True,0.777508037278467,0.7631917371127465,0.8162607225143795,0.38,0.25,True,True,True,True,True,True
4,65,0.5302658498493761,1.2498754433373949,True,0.19866008435556903,0.16113755733939164,0.7554873947962868,0.92,0.94,True,True,True,True,True,True
12,52,0.06420516019714617,1.546006486681138,True,0.33904843342142754,0.2835094883894076,0.9945483467087349,0.65,0.66,True,True,True,True,True,True
11,26,0.36906371696038553,0.41593666615030345,True,0.3350107389298139,0.27068309819092307,0.8433634417210789,0.07,0.23,True,True,True,True,True,True
4,72,0.08690147305214907,1.3052452334545535,True,0.8188931037389567,0.8021767169947247,0.9919937409673937,0.03,0.04,True,False,False,True,False,False
5,23,0.11549146888643452,1.6747694365208277,True,0.9235269191615927,0.9290626427103799,0.9837996165101225,0.96,0.93,True,True,True,True,True,True
8,12,0.26998059386505735,0.794029697552336,False,0.6229857581521183,0.5297570884236414,-0.5479518250551629,0.01,0.01,False,False,False,True,True,True
8,22,0.18744811983304072,0.3866573011252138,True,0.6983208863903404,0.6526334475698709,0.9546783835250284,0.78,0.74,True,True,True,True,True,True
8,51,0.26255798210159115,0.911546908728782,False,0.9712238108261639,0.9245901273295517,-0.26747156844427744,0.01,0.01,False,False,False,True,True,True
3,23,0.46675736513084587,1.3903555186202279,False,0.5539288435454569,0.5864736275029229,0.06560961847928126,0.01,0.01,True,False,False,False,True,True
12,18,0.2547467150972275,1.8165324099229876,False,0.4052718241913811,0.3246242749033598,-0.2591733446837272,0.01,0.01,False,False,False,True,True,True
8,52,0.1552635914567136,0.5802678511583262,True,0.16466912628072428,0.1251587398265001,0.9684315340271046,0.99,0.88,True,True,True,True,True,True
7,27,0.5082715745331547,1.0625413422269236,False,0.8510799951328605,0.8003333009743043,-0.3073910793174066,0.01,0.01,False,False,False,True,True,True
7,47,0.44583165625540366,1.351095466770749,False,0.3525195162930542,0.2821632010792191,-0.21903063460561234,0.01,0.01,False,False,False,True,True,True
8,48,0.45966666995522937,1.9578398346920756,True,0.6616528120944039,0.6290872537590391,0.7929524999975728,0.42,0.38,True,True,True,True,True,True
4,73,0.5933006275350219,1.7539974216535221,True,0.2374778133031923,0.1776389013810644,0.7272971573830682,0.57,0.64,True,True,True,True,True,True
10,79,0.44879316176431416,0.9061796568750158,True,0.7374326997438543,0.7208864207272657,0.792191471604095,0.27,0.38,True,True,True,True,True,True
10,64,0.42168539099543967,1.6375494202548575,False,0.2477469796016334,0.1965629472854359,-0.5095730964960483,0.01,0.01,False,False,False,True,True,True
6,77,0.08455374639514289,0.8938979051298301,False,0.7042828849611231,0.6897859275474361,-0.5078604649036631,0.01,0.01,False,False,False,True,True,True
7,73,0.28071499493766877,1.2451912376640413,False,0.3353123810812121,0.27917019867242704,-0.6679638320112717,0.01,0.01,False,False,False,True,True,True
3,49,0.4922326758598078,0.8249573693849335,True,0.33421494864365453,0.3111869850685068,0.7537931609586179,0.49,0.4,True,True,True,True,True,True
8,42,0.4233158416379909,1.0973947158608617,True,0.8046341140612392,0.7967355445823694,0.8087082958058855,0.58,0.58,True,True,True,True,True,True
6,55,0.46911184958977326,1.0519622520169831,False,0.35570734080719146,0.31076923964977127,-0.6754897923417826,0.01,0.01,False,False,False,True,True,True
11,23,0.43048781760222843,1.2914524388236281,False,0.3377515746486317,0.2734945396364183,-0.4307411201191831,0.01,0.01,False,False,False,True,True,True
3,62,0.5327004585692949,1.4841580827861232,True,0.7176922441315208,0.7200875170106037,0.6494567789980581,0.01,0.01,True,False,False,True,False,False
6,32,0.2853213976693234,1.7583437637743298,True,0.4405786122904991,0.36394911217821746,0.9059245272203172,0.96,0.94,True,True,True,True,True,True
7,16,0.12973346361400911,0.6455075524605072,True,0.3440380325158978,0.26014707391286807,0.9793751497365121,0.01,0.05,True,False,False,True,False,False
6,63,0.1602031734881297,0.7105888510846003,False,0.5549453509854473,0.5387180531021039,-0.6476344280605157,0.01,0.01,False,False,False,True,True,True
10,17,0.1847295752605172,1.021425749070378,True,0.16770520837058278,0.1251407804481467,0.9632601861948784,0.93,0.81,True,True,True,True,True,True
3,10,0.5284767387485816,1.8064240903838868,True,0.32520195160849896,0.25258308858516887,0.720318667947795,0.59,0.8,True,True,True,True,True,True
3,27,0.11088198327141266,1.5558777759324336,False,0.4077500539250478,0.38688691798310176,-0.3357095502688707,0.01,0.01,False,False,False,True,True,True
6,53,0.4743157239853692,1.487058399352177,True,0.28448121415771166,0.22843132740160224,0.7953267120312815,0.25,0.34,True,True,True,True,True,True
8,71,0.25191955973188407,1.037620866831127,False,0.16289675406922288,0.1243448452903668,-0.31682389723129334,0.01,0.01,False,False,False,True,True,True
9,56,0.2626606973739515,0.9721971570746679,False,0.9980060931426666,0.9655362369803063,-0.22321592720240635,0.01,0.01,False,False,False,True,True,True
4,67,0.17346552337084148,1.9698986141690882,False,0.555181851155187,0.5633360921898417,0.10476578036050155,0.01,0.01,True,False,False,False,True,True
8,74,0.20779306820326154,0.8643097139092788,True,0.7341383193544682,0.7263506604986812,0.9452011949778756,1.0,0.99,True,True,True,True,True,True
11,26,0.476152627277341,0.35508573819525535,False,0.6511065045087411,0.6253006344340098,0.05643003053240225,0.01,0.01,True,False,False,False,True,True
4,70,0.2828290410858695,0.8370331768460519,False,0.4659769705822334,0.446696250550447,-1.3903600468794073,0.01,0.01,False,False,False,True,True,True
5,25,0.4398277260729542,1.827614295247241,False,0.544902784810913,0.5068606942791767,-1.1206412946231432,0.01,0.01,False,False,False,True,True,True
7,68,0.2024442976650016,1.1117210274399505,False,0.12558058175881326,0.09466924921737985,-0.7685359046495455,0.01,0.01,False,False,False,True,True,True
12,19,0.15734559936301964,1.1985446540548161,True,0.6952390543412983,0.6361795006730688,0.9611485312033096,0.01,0.01,True,False,False,True,False,False
8,53,0.05000970721709082,1.8467331215102938,False,0.297965759711049,0.23450377563379976,-0.8205306390335843,0.01,0.01,False,False,False,True,True,True
11,49,0.4398426255039555,1.1453363667843652,True,0.771750998638831,0.7428886947907501,0.8135034197219864,0.45,0.49,True,True,True,True,True,True
8,11,0.448386810485627,1.9975679926613485,False,0.18447544968277507,0.10702530769576724,0.7066465611295967,0.01,0.01,True,False,False,False,True,True
7,34,0.06935252709723178,1.3111584730295922,False,0.970300576485955,0.9452215495856043,-0.24453711343597306,0.01,0.01,False,False,False,True,True,True
3,20,0.42932234893353227,1.0119583771652347,False,0.04345768326367605,0.0,0.8614703391772507,0.01,1.0,True,False,True,False,True,False
11,48,0.07943088202002524,0.6095791012465922,False,0.572207663486374,0.5209757501245263,-0.09722667322772871,0.01,0.01,False,False,False,True,True,True
7,66,0.11559417885451966,1.4150368416248247,False,0.6641014236937218,0.6306884421772884,-0.21908606266929098,0.01,0.01,False,False,False,True,True,True
11,44,0.27061592708948423,0.3285064971066135,False,0.937134058765703,0.9065117702690113,0.27131316846919795,0.01,0.01,True,False,False,False,True,True
7,22,0.1974874632195659,0.488312788575857,True,0.7444277525615948,0.7235010085110125,0.9480015598637994,0.8,0.77,True,True,True,True,True,True
6,48,0.11699468484158845,1.9655416916154431,True,0.7661772185086475,0.7450735662398028,0.9789682795141607,0.63,0.6,True,True,True,True,True,True
11,47,0.5697066019358085,1.9337138848210826,False,0.6602773384691252,0.6346202106677308,-0.2539141525149662,0.01,0.01,False,False,False,True,True,True
6,11,0.20187071467010176,1.5492385150969357,True,0.9778269563529014,0.8019987296456319,0.9689210873566224,0.74,0.77,True,True,True,True,True,True
10,12,0.22752372323491055,1.4835843634960604,True,0.38453867534353303,0.29820477171867943,0.9438048171246725,0.29,0.39,True,True,True,True,True,True
6,11,0.38592956874914724,1.8782351827690091,False,0.06135071199179165,0.028789012585852248,0.4838660293847459,0.01,0.01,True,False,False,False,True,True
7,71,0.3985827427412025,1.389836600894496,True,0.2779560726438055,0.23490833134975397,0.8282801932692276,0.31,0.34,True,True,True,True,True,True
6,17,0.26401887163158005,0.4029038036919348,True,0.9744690175790645,0.7960358467458023,0.91894583274107,0.31,0.27,True,True,True,True,True,True
10,23,0.39576297413853007,0.7252118367187599,False,0.02921040933459995,0.018488050341274452,-0.6407721773648574,0.01,0.01,False,False,False,True,True,True
9,21,0.12630315517658652,0.7727430124902172,True,0.9204581524346194,0.8421126833869262,0.9797463095902419,0.18,0.27,True,True,True,True,True,True
11,43,0.07864384207446892,1.9797476182514528,True,0.34255374599815946,0.2792407986391461,0.9918873350884772,0.45,0.44,True,True,True,True,True,True
12,34,0.4929185428784671,0.8577112507053628,True,0.9890732386329758,0.9176440404337498,0.7741500240146619,0.91,0.89,True,True,True,True,True,True
11,55,0.2579073338794806,1.1259846108602538,False,0.6559676220800879,0.6392207409934011,-0.294876166774098,0.01,0.01,False,False,False,True,True,True
10,23,0.2581737989338096,0.5050594548387514,False,0.6824243582048837,0.6308476518267474,0.06664728026287381,0.01,0.01,True,False,False,False,True,True
12,69,0.062145565999355536,0.7085012442193942,False,0.9483816271194097,0.9213983201939536,-0.019626741533369074,0.01,0.01,False,False,False,True,True,True
12,26,0.3896357174231246,1.8143017164777675,False,0.9105571469291363,0.8734219648482757,-0.19828747244922185,0.01,0.01,False,False,False,True,True,True
4,38,0.25069166541143995,1.989886363449092,True,0.4262487306256647,0.4111119953490448,0.9193474994705437,0.52,0.46,True,True,True,True,True,True
10,34,0.09501700548815606,1.0961915598527017,False,0.5140882113682417,0.44051758668113544,-0.3614098761366298,0.01,0.01,False,False,False,True,True,True
9,51,0.2384257573888401,1.1675022923706095,True,0.5752965655082846,0.541990095428496,0.9330416549109135,0.88,0.87,True,True,True,True,True,True
10,75,0.47670455838716375,0.7839254390919499,False,0.43134507447283,0.36972622817989537,-0.21414471728477302,0.01,0.01,False,False,False,True,True,True
12,11,0.48287218869328175,1.2818351884245578,False,0.03912012773123841,0.02380244468597081,-0.7386492890699881,0.01,0.01,False,False,False,True,True,True
10,44,0.0847681942440482,0.39926371468355426,True,0.007890940861193019,0.004747585632293093,0.9912578381361574,0.99,1.0,True,True,True,True,True,True
6,49,0.2234612110007156,1.7671146348853024,True,0.06447103498719464,0.05393888729610093,0.9473697905064481,0.08,0.13,True,True,True,True,True,True
8,46,0.1180417824380838,1.7906983770258322,True,0.9775195287048258,0.9424541888137645,0.9873892660970008,0.79,0.82,True,True,True,True,True,True
4,74,0.12309766656492327,1.6874735109851002,True,0.8970932585045143,0.8776079908744417,0.9808106809439087,0.79,0.78,True,True,True,True,True,True
11,11,0.3888941648752112,1.9688822565768016,True,0.5787295179801397,0.41104257464502875,0.8339362968005564,0.96,0.96,True,True,True,True,True,True
7,64,0.5289667752696043,1.0064565753023347,False,0.7624852807742106,0.7427353409646789,-0.22465309775941766,0.01,0.01,False,False,False,True,True,True
3,23,0.2456587278382638,1.9887559481598562,True,0.7217623335403622,0.6674758158463382,0.8999197974999329,0.04,0.03,True,False,False,True,False,False
10,30,0.12646664991224432,0.7023881333373871,False,0.2995802769683843,0.2400427625571264,0.03256718355477006,0.01,0.01,True,False,False,False,True,True
11,48,0.3192319467131064,1.016418857544637,True,0.9799731291175998,0.9570845582547667,0.8934164057561184,0.72,0.74,True,True,True,True,True,True
3,27,0.5231461374924155,0.3198511596296001,False,0.8128000095332608,0.8116159578144008,0.3421208433375572,0.01,0.01,True,False,False,False,True,True
11,49,0.2106954094183407,0.49398192724369594,False,0.7089206412409724,0.6706491068005273,0.22075111151990978,0.01,0.01,True,False,False,False,True,True
4,58,0.2289831654573164,1.618509691158187,True,0.6951708429682516,0.6848229714396549,0.9398846989116654,0.74,0.72,True,True,True,True,True,True
7,77,0.5367914528656978,0.5083191901184948,False,0.5413880461691869,0.5103223181173048,-0.002073934301457969,0.01,0.01,False,False,False,True,True,True
10,55,0.47651261544552803,0.5362935920591316,True,0.7967436215129372,0.7785104589510617,0.7500832876280734,0.67,0.62,True,True,True,True,True,True
9,57,0.5080858025169569,1.2254704882198475,False,0.30756000524838945,0.25236740001986296,-0.3963744028501479,0.01,0.01,False,False,False,True,True,True
5,30,0.15462672750997145,1.6353059498415852,True,0.16817850162558368,0.11946412880613125,0.9710580919496337,0.22,0.44,True,True,True,True,True,True
6,20,0.30602459156729483,1.088612507711949,False,0.4420241415929873,0.3685792062876835,-0.8039428350595714,0.01,0.01,False,False,False,True,True,True
3,64,0.21634978172465896,1.66444550012749,True,0.9894632016179934,0.9589605069663155,0.9457654459989424,0.16,0.18,True,True,True,True,True,True
8,14,0.06642474355244922,1.54053630658549,False,0.9786893532087236,0.8554194417184607,-0.2607483243644706,0.01,0.01,False,False,False,True,True,True
3,39,0.517615173290334,1.4512917280258593,False,0.3325764241433756,0.3197060981665039,-2.652821644039668,0.01,0.01,False,False,False,True,True,True
10,57,0.05300349602733617,1.7616517417282243,True,0.27238937817820175,0.22260157088428106,0.9966232516590166,0.02,0.11,True,False,True,True,False,True
6,67,0.17872147997429438,1.8893993994924245,False,0.21207273929625547,0.16945017249887886,-1.2051525271941883,0.01,0.01,False,False,False,True,True,True
4,68,0.184171005799724,1.3436336045135988,False,0.021589786884308904,0.007925169252289333,-0.17824545934333202,0.01,0.01,False,False,False,True,True,True
7,61,0.08890759328192424,0.8089332304659906,False,0.37024430806387376,0.30625539636526394,-0.4288387326360088,0.01,0.01,False,False,False,True,True,True
4,13,0.42124120267309884,1.7381057205370494,True,0.6120797673388864,0.5009645259856008,0.7854763002084523,0.56,0.44,True,True,True,True,True,True
9,34,0.12799534073263635,1.9525667334500576,True,0.9012190805139191,0.8634194243993112,0.9769787749878396,0.17,0.25,True,True,True,True,True,True
11,65,0.5498767685148834,1.0764477447725118,True,0.5226910589017617,0.48606779001394046,0.6865842340150267,0.93,0.89,True,True,True,True,True,True
12,18,0.16213413868312834,1.5562471457258322,True,0.7686030682783662,0.6919177895432211,0.9664763719873399,0.22,0.21,True,True,True,True,True,True
10,36,0.2310714105979178,1.4417878718603672,True,0.3665876944399249,0.2912973434180737,0.9238110542620945,0.1,0.26,True,True,True,True,True,True
6,62,0.33095202381763794,0.4114251602200864,False,0.11392115168508121,0.08916272142890257,-1.5625147200687866,0.01,0.01,False,False,False,True,True,True
6,69,0.20060682581726436,0.3002242889528927,False,0.7823165388334054,0.7677991139239615,0.22664401093829734,0.01,0.01,True,False,False,False,True,True
11,40,0.1374639348493305,1.419666549280265,True,0.7482788700435329,0.712158629644299,0.9767447783760514,0.84,0.85,True,True,True,True,True,True
12,52,0.42631492557962564,0.3130846024997554,True,0.4213524937218428,0.35628261462728306,0.8142972981380479,0.46,0.7,True,True,True,True,True,True
7,60,0.4271777829458906,1.0100070142597397,True,0.7842490625032134,0.7736989379906595,0.8068264735660707,0.81,0.69,True,True,True,True,True,True
4,76,0.5125290040176794,0.7549563054567809,False,0.15479672739614236,0.12943036108615258,-0.1264592891494345,0.01,0.01,False,False,False,True,True,True
11,77,0.19504419544412593,1.3168875122986412,True,0.8899374484744614,0.8789357514688898,0.9519133952493413,0.6,0.61,True,True,True,True,True,True
6,28,0.06746814958396369,1.527344777776406,True,0.35919308735029365,0.295168375964693,0.9902854393818625,0.07,0.18,True,True,True,True,True,True
6,19,0.46498868484736844,0.5273338258076801,True,0.03442952213561978,0.012639330239727064,0.8212752621570527,0.79,0.72,True,True,True,True,True,True
7,23,0.08979949731460647,1.8879474206442834,False,0.6558058164784429,0.6168442694940287,-0.5406255658849048,0.01,0.01,False,False,False,True,True,True
11,22,0.5538482356381575,1.692945600909102,False,0.2802634885531098,0.20633852382026066,-0.4980079076547974,0.01,0.01,False,False,False,True,True,True
12,14,0.09672224054024159,0.9280463402382564,False,0.8196681557287863,0.7654849567268506,-0.14900005066754707,0.01,0.01,False,False,False,True,True,True
8,24,0.44820128063404047,0.6273911131330254,True,0.46266417605015586,0.35644793740872105,0.7758016419077163,0.54,0.4,True,True,True,True,True,True
10,12,0.21740001572605672,0.48430091177545453,False,0.2146784268604892,0.14008222700970532,0.09682241058025487,0.01,0.01,True,False,False,False,True,True
7,35,0.34072713339322797,0.9744684862644888,True,0.7127361379445369,0.685011281660425,0.8440444023243082,0.7,0.75,True,True,True,True,True,True
4,43,0.15517619176293115,1.9737275401373,False,0.8890672457657501,0.8913286761834432,-0.8131630025711971,0.01,0.01,False,False,False,True,True,True
3,10,0.39476212558769275,1.6222276624970569,True,0.9634429128108208,0.8723795392411771,0.8473868638032497,0.22,0.15,True,True,True,True,True,True
3,19,0.41940764301371875,0.6702905706784734,False,0.5062609468378613,0.5594770233798475,-0.49624463834684285,0.01,0.01,False,False,False,True,True,True
3,76,0.35722976538940593,1.8264403275934518,True,0.6601005918884052,0.6630721543809935,0.8260463607320261,0.62,0.52,True,True,True,True,True,True
11,50,0.2555436345188549,1.1862814636813026,False,0.9170050478571027,0.8964805298450516,-0.017508763410919004,0.01,0.01,False,False,False,True,True,True
7,17,0.2973801047009656,0.32987125476164475,False,0.05202945132610903,0.02865536932188826,0.869744997379745,0.01,0.01,True,False,False,False,True,True
8,28,0.3430246225111947,1.5402835490598386,True,0.6488083788140707,0.6219454853720282,0.8622100822814307,0.95,0.94,True,True,True,True,True,True
8,57,0.5150209297189957,1.5659721770017967,False,0.1725392028872602,0.13529453068488495,-0.6662325090461392,0.01,0.01,False,False,False,True,True,True
5,51,0.3655526618234659,1.67719780528512,False,0.8499781272179956,0.8225538545478933,-0.5267044989569789,0.01,0.01,False,False,False,True,True,True
12,47,0.514197216704298,0.30766045445626833,False,0.6350294038067513,0.6082808476610794,0.12698191060457642,0.01,0.01,True,False,False,False,True,True
9,45,0.05532846501021557,1.7788057376141266,True,0.6020174707951217,0.5682259005650461,0.9960171700046277,0.46,0.43,True,True,True,True,True,True
11,54,0.4806066759362218,0.46913257204705594,False,0.6221597433834077,0.5952675311520378,0.03396184333487451,0.01,0.01,True,False,False,False,True,True
12,21,0.5663699450940222,1.209281975638356,False,0.7119001091536773,0.6375614249171628,-0.17195609396625255,0.01,0.01,False,False,False,True,True,True
10,76,0.25874931896287773,0.7836009418668411,True,0.8382822751190531,0.8354228826652186,0.91485513068715,0.64,0.61,True,True,True,True,True,True
3,50,0.5515044331845902,1.0973194491928064,True,0.1794071654947379,0.1324536349466182,0.7101417485167731,0.17,0.41,True,True,True,True,True,True
9,75,0.579009158356563,1.1263397752320339,True,0.2593564962325646,0.2114773269487057,0.7065935163974936,0.27,0.19,True,True,True,True,True,True
12,17,0.17009556295773365,1.746634492188414,True,0.03642053749067775,0.02192031801057541,0.9680555739264013,0.06,0.45,True,True,True,True,True,True
12,32,0.48657044272360417,0.7738538323433323,True,0.05875368499607003,0.0426074841199231,0.803638059271925,0.76,0.63,True,True,True,True,True,True
8,67,0.27860231215072434,1.9732305367808458,False,0.6362439726016534,0.6176027792436355,-0.3570104186607981,0.01,0.01,False,False,False,True,True,True
3,11,0.14092970381449166,0.3537303203542397,True,0.9718896142820761,0.737575837463711,0.979808285893623,0.6,0.55,True,True,True,True,True,True
4,35,0.08829495345123857,0.3093616793532814,False,0.4364204036525374,0.41065291242922,0.8014943184541113,0.01,0.01,True,False,False,False,True,True
4,60,0.4567058333795133,1.4254034930531538,False,0.6502171495667172,0.6194194720821623,-0.9557623212543456,0.01,0.01,False,False,False,True,True,True
4,76,0.40616857139599366,0.6582221355514342,False,0.4676172681054034,0.44676338675731087,-0.6198341222767731,0.01,0.01,False,False,False,True,True,True
3,57,0.32565423384563846,1.7188860127004606,False,0.677312453938763,0.6640615292373276,-1.6373758916214074,0.01,0.01,False,False,False,True,True,True
6,67,0.14014610991587512,1.63929803523865,False,0.729718468148043,0.7270431870823371,-0.5348508407988286,0.01,0.01,False,False,False,True,True,True
7,41,0.4676248508947224,0.5108235920369396,False,0.34041537737175476,0.264533034356146,-0.3615838878629536,0.01,0.01,False,False,False,True,True,True
8,36,0.3010181296069781,1.8324116014475398,True,0.7669800100200094,0.7038570299132217,0.9030719908378221,0.45,0.51,True,True,True,True,True,True
11,38,0.23298072761737065,0.6422057094480413,False,0.637280882782695,0.6138473141340873,-0.23229788794437334,0.01,0.01,False,False,False,True,True,True
8,38,0.5996842432929977,1.8064293703976535,True,0.9956039937828461,0.9320924838526651,0.7117452619000396,0.77,0.8,True,True,True,True,True,True
7,22,0.06568551432185511,0.9341955926326624,False,0.3172134279168263,0.22996087047007738,-0.723422880077004,0.01,0.01,False,False,False,True,True,True
11,59,0.3167513614249763,1.806601219714241,True,0.8441730649071189,0.8247410743922577,0.8846489702183936,0.02,0.03,True,False,False,True,False,False
8,51,0.534807154779325,0.40304550250631466,True,0.8414228342898143,0.8148794057279976,0.7049695024635552,0.81,0.73,True,True,True,True,True,True
12,25,0.43517079737899733,0.5550145139913654,False,0.14262554567288166,0.10374023427939585,-0.18784890677745136,0.01,0.01,False,False,False,True,True,True
11,14,0.08054418454584321,1.1023822355624446,False,0.019684262916879414,0.007356897682201731,-0.48010400354533966,0.01,0.01,False,False,False,True,True,True
3,20,0.5286958215168734,0.7675385526040719,False,0.18019244658731937,0.12790726544132666,-1.1356383281667641,0.01,0.01,False,False,False,True,True,True
8,50,0.42391912298683687,0.8145545715380376,False,0.9885633626834011,0.9789649101489629,-0.08717633734176666,0.01,0.01,False,False,False,True,True,True
7,37,0.24262186458574186,1.1790106342559488,True,0.30550540812438765,0.23461778405825426,0.9285498466572396,0.51,0.47,True,True,True,True,True,True
12,40,0.243402618410056,1.4297119434818832,False,0.29262646220360944,0.23533278170069083,-0.023401219427413134,0.01,0.01,False,False,False,True,True,True
11,73,0.5603353345431542,1.1147711611407576,True,0.7778096168907381,0.7578999253035316,0.7193210735723538,0.55,0.55,True,True,True,True,True,True
5,49,0.409446662947147,1.143662391394157,False,0.044737432786229325,0.030685839145280232,-2.805705435634445,0.01,0.01,False,False,False,True,True,True
10,31,0.13900147607526736,0.3269024494965078,True,0.7833038802640357,0.7267669489669147,0.9716242805465786,0.02,0.02,True,False,False,True,False,False
9,13,0.28756891800292744,1.0115812423434285,True,0.40908738846438764,0.31729676971457066,0.8942251606411559,0.32,0.4,True,True,True,True,True,True
10,45,0.4167397971492098,1.1106897276518686,False,0.1369175859049575,0.10018664710279737,-0.47196610843678033,0.01,0.01,False,False,False,True,True,True
4,15,0.37795412637438,1.631124007804734,False,0.21981537467255385,0.1479529296928106,-2.478172562285659,0.01,0.01,False,False,False,True,True,True
8,18,0.32146893056974946,1.783475193887243,False,0.3699935461092053,0.29207171443616164,-0.7893588767385393,0.01,0.01,False,False,False,True,True,True
3,13,0.4184212450570135,0.9544528271795611,False,0.9522269353500161,0.8294608535891618,-0.1756532527710033,0.01,0.01,False,False,False,True,True,True
12,28,0.33534806387359656,0.37337559051519403,False,0.3763474604441148,0.3055566721797803,-0.002403366066388246,0.01,0.01,False,False,False,True,True,True
10,71,0.4122173590409179,1.564957427940052,False,0.033167850019857115,0.026839725241300204,0.06936360724786839,0.01,0.01,True,False,False,False,True,True
8,75,0.20251726178802332,1.6329662327527803,True,0.9906051763214775,0.9628353826456504,0.9557307884226013,0.09,0.06,True,True,True,True,True,True
3,60,0.42437841507271834,0.9999521384755647,True,0.5807402823731067,0.5939784503251485,0.7496359655781164,0.29,0.19,True,True,True,True,True,True
4,58,0.26712240552332706,1.5660723180931757,True,0.32487275025393303,0.2854980011916683,0.9114050566626268,0.01,0.07,True,False,True,True,False,True
7,64,0.3579851211326974,0.7245660460860202,False,0.6151257880775997,0.5943715868611615,-0.4215370168872552,0.01,0.01,False,False,False,True,True,True
8,15,0.5407196122571446,0.5104214190370975,False,0.19014287391678653,0.14947367404182593,0.03246115449736475,0.01,0.01,True,False,False,False,True,True
8,15,0.47836567249909073,0.399118527629453,False,0.8916928524516297,0.8137105423170544,-0.0650305729567704,0.01,0.01,False,False,False,True,True,True
3,30,0.30580673076747955,1.1077062412620315,True,0.1012011586349153,0.06322690976965757,0.802242493876066,0.01,0.01,True,False,False,True,False,False
7,74,0.23863990469206003,1.2331796871560556,True,0.9698544925161171,0.9531636140411666,0.9487768575288823,0.51,0.44,True,True,True,True,True,True
8,48,0.40616261673700144,0.5364552376780208,True,0.6397296981297383,0.6083717627220244,0.802776805953475,0.73,0.6,True,True,True,True,True,True
8,38,0.5743742826705363,1.7352985756728976,True,0.32083215405207777,0.2509498855493495,0.6917008364490427,0.21,0.27,True,True,True,True,True,True
3,34,0.2708534012687731,1.5731980610689065,True,0.08074872600080818,0.06615930688307119,0.9273474393130949,0.04,0.07,True,False,True,True,False,True
7,53,0.3254971587501861,1.9377975300891588,False,0.9376492292499761,0.9274746936896575,-0.40901076255453317,0.01,0.01,False,False,False,True,True,True
3,48,0.19403846273654046,0.8121869837601923,True,0.3336889757381305,0.3111367654068057,0.9469682598216849,0.75,0.7,True,True,True,True,True,True
12,40,0.3859445298091159,1.8144866156026485,False,0.7936838794055667,0.7511575533482171,-0.11600283723499416,0.01,0.01,False,False,False,True,True,True
6,28,0.16014111142293205,0.4522779733698147,False,0.8214391724137937,0.7642682547091634,-0.10204834425363485,0.01,0.01,False,False,False,True,True,True
4,48,0.3000484171113122,1.7397161345616952,False,0.7958630587802565,0.7717584782402938,-0.7923875136160787,0.01,0.01,False,False,False,True,True,True
7,75,0.13041368240706042,0.7721398426105206,False,0.6120605843704402,0.5973710592237372,-0.646556079701265,0.01,0.01,False,False,False,True,True,True
6,66,0.08491182500694558,0.4262391188976592,False,0.7662942310264316,0.7626260688028749,0.034949564840991654,0.01,0.01,True,False,False,False,True,True
12,48,0.2677365489585452,0.7734054397788523,False,0.9094383740479135,0.8788069497392954,-0.10569157449588973,0.01,0.01,False,False,False,True,True,True
5,76,0.37453711403609724,0.8579768163731867,True,0.9565430753661,0.9506536831716124,0.8616998131113524,0.3,0.35,True,True,True,True,True,True
9,28,0.45241511497201353,0.9244623782958235,True,0.5074150454250341,0.44837657656492297,0.7810586132686859,0.79,0.77,True,True,True,True,True,True
7,49,0.23000253540274057,0.9741471056686442,False,0.47245345071566835,0.4248553748174704,0.16889075251280838,0.01,0.01,True,False,False,False,True,True
8,36,0.3002563363967885,0.8757761274547435,True,0.21623759683645905,0.1679782282379078,0.920679916699866,0.79,0.84,True,True,True,True,True,True
5,40,0.15406654183933366,1.2883478870688843,False,0.32679893809986416,0.2744250140705313,-0.7828643124691728,0.01,0.01,False,False,False,True,True,True
3,75,0.3263602659497727,1.127204817289684,True,0.2958524923478716,0.27409956118060125,0.8817282985081506,0.16,0.15,True,True,True,True,True,True
3,56,0.2657105620440126,0.8115803496677614,True,0.699448464243052,0.7078277760945504,0.9207762188779969,0.23,0.32,True,True,True,True,True,True
6,36,0.43597748158944255,1.3133355329066054,True,0.3118303324856776,0.24932473093478424,0.8241854288172132,0.65,0.44,True,True,True,True,True,True
6,72,0.46566437448298137,1.5712773325073266,True,0.8473130740685192,0.8264674782264497,0.7791216998790411,0.78,0.77,True,True,True,True,True,True
9,64,0.42651463082967733,1.641804500828341,True,0.9695734942175988,0.9519105795299581,0.8070755511998684,0.77,0.81,True,True,True,True,True,True
3,55,0.3013128752038963,1.0442725159692214,True,0.5690665044081864,0.5792478265571576,0.8920000784115614,0.07,0.07,True,True,True,True,True,True
7,26,0.05952688958051385,0.7598687696945821,True,0.9427771455017305,0.8860966491585262,0.9962953251606734,0.28,0.26,True,True,True,True,True,True
7,27,0.1520131174365731,1.523529581680011,True,0.7008023561686072,0.6649249538808099,0.9684456165865817,0.22,0.24,True,True,True,True,True,True
11,75,0.34723371682398024,0.40896748021445406,True,0.06561667351806544,0.04827126757466146,0.88393578754475,0.26,0.11,True,True,True,True,True,True
9,58,0.38054091887391106,1.5051774268288065,False,0.8194271321678307,0.7940128616892461,-0.18115047383921512,0.01,0.01,False,False,False,True,True,True
9,40,0.3262257202918341,0.635878591527721,True,0.10899981779492196,0.07862699055653774,0.8911552068567272,0.99,0.96,True,True,True,True,True,True
11,57,0.0676776733226629,1.9374547695335915,True,0.1493458406312531,0.11553804157053936,0.9951130150417197,0.43,0.4,True,True,True,True,True,True
3,44,0.05944290578250496,0.4813923004644107,True,0.795971641682868,0.8266216749491654,0.9967598195284939,0.78,0.79,True,True,True,True,True,True
10,23,0.1177705688389075,1.2135077837907764,False,0.4458324684875876,0.34971459659363,0.1215961365941467,0.01,0.01,True,False,False,False,True,True
4,13,0.5941635542598002,1.1370375483575574,True,0.09132622225562514,0.040906262110003276,0.7799853854613857,0.49,0.7,True,True,True,True,True,True
11,10,0.5741209055569702,1.5720609718950904,True,0.19835889263336814,0.13274700187337019,0.70047607432648,0.21,0.28,True,True,True,True,True,True
4,44,0.1706315335759681,0.4121514593908183,True,0.3278849115843304,0.2901720567894315,0.9625516437601609,0.53,0.57,True,True,True,True,True,True
4,30,0.28867306876670024,1.5629326440080091,False,0.8143126265990143,0.7948038478657815,-0.6767696226126454,0.01,0.01,False,False,False,True,True,True
9,37,0.05509801725547532,1.4656697667336438,False,0.5095799035718136,0.4565036869460133,-0.2960119078667738,0.01,0.01,False,False,False,True,True,True
6,60,0.07982888125766487,0.6577022522415441,False,0.30291003286867224,0.250598541677408,-0.14605198065466962,0.01,0.01,False,False,False,True,True,True
7,34,0.5335656119498041,0.6728555466237456,True,0.8412653067987559,0.8319512065190864,0.7044442710760711,0.27,0.19,True,True,True,True,True,True
12,30,0.23872559345590583,0.3142216334917072,True,0.896195618184707,0.8739865383832327,0.9241634077438801,0.17,0.17,True,True,True,True,True,True
8,34,0.20693032384989052,0.41754804981565924,False,0.17667296894072693,0.1370295124995265,-0.6342802041446256,0.01,0.01,False,False,False,True,True,True
4,57,0.48782145907897134,1.4303241349958156,True,0.49886123933645354,0.48484353488378007,0.7377283411306801,0.67,0.78,True,True,True,True,True,True
9,14,0.18471281846460164,0.9132200472522207,True,0.7841278610817003,0.6941599060343902,0.954435688179624,0.07,0.11,True,True,True,True,True,True
11,17,0.27200200891232584,0.3153242655787229,True,0.7082255513337682,0.6755840064959231,0.9014910606913813,0.34,0.41,True,True,True,True,True,True
11,12,0.5572947513154023,1.3608072674107954,False,0.7903322984697113,0.6809816807377921,-0.20393594854945585,0.01,0.01,False,False,False,True,True,True
3,39,0.5426468315443606,1.3439241632264585,False,0.18359105263542785,0.15386148444831835,-4.510735351479832,0.01,0.01,False,False,False,True,True,True
10,35,0.5518909590110377,1.2198715422145487,False,0.23337127262613822,0.1744015850354939,-0.4620580669110306,0.01,0.01,False,False,False,True,True,True
10,34,0.19124198980189572,0.40643898385324173,False,0.41577429603998817,0.3450832999251836,-0.19609854212392697,0.01,0.01,False,False,False,True,True,True
12,44,0.2961025750213267,0.4764497434021756,True,0.6576813600520731,0.6359641740621367,0.9108502275842592,0.32,0.41,True,True,True,True,True,True
8,73,0.2709636357966042,0.8449228178907342,True,0.7854352265136652,0.7685561481886592,0.9246142108123703,0.29,0.25,True,True,True,True,True,True
10,65,0.4058795102206088,1.4562769515573035,True,0.35992764662340027,0.30279399788969397,0.8220751395849064,0.22,0.38,True,True,True,True,True,True
7,75,0.1478959960272897,0.9245520752153304,True,0.9044757106937032,0.8873534157623153,0.9744938984457708,0.27,0.37,True,True,True,True,True,True
7,73,0.268679085225388,1.3431062740945883,True,0.7869948706319486,0.7809755628391218,0.9005567612090447,0.24,0.25,True,True,True,True,True,True
4,38,0.15907247434222813,0.3803044545179805,True,0.17787191723456075,0.13969971027392114,0.9666689100024395,0.98,0.99,True,True,True,True,True,True
6,25,0.46774743863308643,0.49152065940472506,True,0.7405596590863291,0.7063729184860731,0.7654897110527967,0.51,0.47,True,True,True,True,True,True
11,25,0.509655960779243,1.505249387681229,False,0.7647220743175642,0.728781505459619,-0.2050119587246937,0.01,0.01,False,False,False,True,True,True
4,30,0.08330547969866553,1.8940952105190083,True,0.09902405343233567,0.07762262695717569,0.9902909464173436,0.01,0.01,True,False,False,True,False,False
7,15,0.20874585949607566,1.5051284170496222,False,0.579024522019973,0.5236625371729385,-0.5195008807828969,0.01,0.01,False,False,False,True,True,True
8,27,0.24102068826166656,1.1132562975753377,False,0.5691293194143381,0.5072807614547917,-0.43135915554737125,0.01,0.01,False,False,False,True,True,True
11,65,0.43187927450463043,0.3863841050665522,False,0.5118228767042815,0.47398343856745084,-0.1507475646707641,0.01,0.01,False,False,False,True,True,True
12,24,0.3229030786595774,0.659881004285986,False,0.540471670345539,0.4729729658261683,-0.307862793271958,0.01,0.01,False,False,False,True,True,True
3,61,0.16537311034686517,0.7938894213396881,False,0.4395735278777958,0.4182757748906017,-2.2517569462179585,0.01,0.01,False,False,False,True,True,True
9,36,0.18773186270227632,1.5278488117268605,True,0.29274788640867233,0.2292638475345166,0.9604346799501198,0.16,0.21,True,True,True,True,True,True
8,77,0.08255443992015826,0.9877949265053168,True,0.33178941727560907,0.27998599887913056,0.9921174408291078,0.19,0.14,True,True,True,True,True,True
12,76,0.14399953410634547,1.4119371606443312,False,0.8774620836252837,0.8625641345380022,-0.18536772132778556,0.01,0.01,False,False,False,True,True,True
7,18,0.584022511069808,1.4154557050188423,True,0.09771733036566155,0.06789651837763461,0.6075543195630685,0.01,0.26,True,False,True,True,False,True
11,51,0.5794175392629087,0.6801784518168833,True,0.18864251341405003,0.14477229606619144,0.7013309729694195,0.09,0.18,True,True,True,True,True,True
6,32,0.2684320217518412,0.6140683913380525,False,0.10319839354688909,0.07010373071855301,0.2698164561347217,0.01,0.01,True,False,False,False,True,True
3,50,0.07392038999721058,0.8759860564546185,False,0.13973393974335124,0.12591344248917108,0.0015386917453016347,0.01,0.01,True,False,False,False,True,True
6,27,0.08360553007211674,1.5244234860017256,False,0.3426270174978201,0.29334519998237896,-0.7317728163983863,0.01,0.01,False,False,False,True,True,True
8,49,0.5308925632337228,1.4261234448095508,True,0.95738098987668,0.9430289288858977,0.7451638723300789,0.32,0.34,True,True,True,True,True,True
10,53,0.07343994773795753,0.7415369610724658,True,0.2752738337689351,0.22521456880508203,0.9939680586376345,0.87,0.74,True,True,True,True,True,True
6,61,0.12695953007988744,0.550558107309382,True,0.976199328053005,0.9551793801618481,0.981376923245159,0.16,0.13,True,True,True,True,True,True
7,28,0.07406071656150179,1.6089420978558264,False,0.5710639564199522,0.52842823570163,-0.48060073286773886,0.01,0.01,False,False,False,True,True,True
5,28,0.31167281967885907,0.37282275020145705,True,0.6722349357511985,0.6650492380765934,0.8885136945573628,0.83,0.66,True,True,True,True,True,True
4,20,0.11768691221875505,0.3633334873567801,True,0.9692189182872267,0.9274181784464296,0.980152387815435,0.24,0.28,True,True,True,True,True,True
11,18,0.10409634103195592,1.7304122797897101,False,0.46103052928297195,0.37756202427984215,-0.43452056524806926,0.01,0.01,False,False,False,True,True,True
9,56,0.5449167392862134,1.2919823145074478,True,0.7336367527052197,0.6948579260220442,0.7248164278144134,0.64,0.56,True,True,True,True,True,True
12,50,0.4951840617416978,1.9273258018095096,True,0.438254240563131,0.3741623872215169,0.7328547229153035,0.81,0.8,True,True,True,True,True,True
7,36,0.5669744728481753,1.6945614206506046,True,0.9196758958360174,0.8554949009951537,0.6596138610668982,0.49,0.5,True,True,True,True,True,True
9,28,0.05111336380646857,0.4933427866699837,False,0.9045413353549205,0.8608924711876595,-0.0650001130788258,0.01,0.01,False,False,False,True,True,True
12,31,0.477417529184493,1.3279926544740794,False,0.8015116245666889,0.7573828607744055,-0.18616900958581328,0.01,0.01,False,False,False,True,True,True
7,40,0.17519587345923654,1.3645771708166947,True,0.20824098914536948,0.17112440855770325,0.962317240434387,0.66,0.46,True,True,True,True,True,True
11,39,0.18475116387477325,1.2026896639269362,True,0.7768326216118775,0.7580367853904765,0.9532664685870007,0.61,0.7,True,True,True,True,True,True
5,46,0.1169711058015159,0.9428409565358851,True,0.047683792565239136,0.036970025954029366,0.9856190321103273,0.49,0.76,True,True,True,True,True,True
6,16,0.32256926322104956,1.1134109343537248,True,0.3313460256585562,0.24390313079835252,0.831764881335592,0.03,0.04,True,False,False,True,False,False
6,41,0.3713003309742181,1.4424688037567177,True,0.8371184818848022,0.7894084428836307,0.831993431563167,0.29,0.28,True,True,True,True,True,True
10,59,0.5847800796779254,1.6504544991384507,True,0.891079209180508,0.8742487829403685,0.7001653167620165,0.59,0.49,True,True,True,True,True,True
8,68,0.5368949530861177,1.8959581611911083,True,0.8554299584697792,0.8341591864480719,0.7423793886862459,0.02,0.04,True,False,False,True,False,False
8,49,0.4301473386499926,0.41598831894082083,False,0.35454161737773915,0.29509724189955516,-0.30758240043630103,0.01,0.01,False,False,False,True,True,True
3,66,0.5109497699776675,1.8406155995086997,True,0.46986558729366823,0.4726201088956752,0.649363971103938,0.12,0.13,True,True,True,True,True,True
4,23,0.17192568119553187,1.3539803077842913,False,0.8250002235111977,0.7973950729468361,-0.5584175755146903,0.01,0.01,False,False,False,True,True,True
12,66,0.1377617125336743,1.5993042589109747,False,0.7093636974083394,0.691865186115471,-0.2401978607689652,0.01,0.01,False,False,False,True,True,True
11,39,0.5048496426056123,1.5660287729187228,True,0.8051327474363182,0.7846103625659236,0.7510277277788747,0.42,0.39,True,True,True,True,True,True
6,15,0.44890287350355634,1.8593166701298776,False,0.542785558139632,0.4749487583412987,-0.40762676394234476,0.01,0.01,False,False,False,True,True,True
7,39,0.5699160377790359,1.3346350216367777,False,0.42163356795138696,0.33024032151018234,-0.03426762595011068,0.01,0.01,False,False,False,True,True,True
9,20,0.5858870726245097,1.4381574033349784,True,0.07500704116017143,0.05086572056516991,0.7057263630685431,0.73,0.6,True,True,True,True,True,True
6,38,0.244128718477289,0.6894918124972821,True,0.140658891081487,0.1088942240724406,0.9413715712705588,0.36,0.24,True,True,True,True,True,True
9,40,0.4682744617126193,1.0794391686314824,False,0.6534445050065323,0.6340799881103679,-0.34230220110235887,0.01,0.01,False,False,False,True,True,True
6,38,0.3235598838824197,1.0367853240674143,True,0.5591086495300042,0.5298772757645097,0.8755130157184925,0.13,0.37,True,True,True,True,True,True
3,11,0.32411202855720916,1.0946408329343829,False,0.8422006792382675,0.7671750856679923,0.04679657300612161,0.01,0.01,True,False,False,False,True,True
5,62,0.06387203563294876,1.1470876585173126,False,0.7628872514278194,0.758961907337536,-0.6702505340307312,0.01,0.01,False,False,False,True,True,True
4,52,0.060388470589387344,1.3241957901472035,False,0.03493115335202268,0.021940828026221496,-2.1391720509379284,0.01,0.01,False,False,False,True,True,True
8,24,0.20907905005276362,1.4549543318741334,True,0.9653567867361215,0.8498771471324427,0.9584945992833568,0.74,0.75,True,True,True,True,True,True
4,34,0.5032999560388399,0.3978259552561082,True,0.1655686049442835,0.12961142679148194,0.719147132428491,0.01,0.01,True,False,False,True,False,False
6,79,0.370500856448473,1.1073582902411656,True,0.5040343541544363,0.4725810681688371,0.82327565694399,0.94,0.97,True,True,True,True,True,True
9,71,0.5255076594506983,0.30815857609652303,False,0.04025143556395927,0.03226582289789212,0.024557932565309804,0.01,0.01,True,False,False,False,True,True
3,76,0.3177815285062579,0.5411020717512864,False,0.5911510308292317,0.6080695590631682,-0.8429993722878981,0.01,0.01,False,False,False,True,True,True
9,77,0.19224503615125077,1.941349133211323,True,0.31752315226723715,0.26078741322488713,0.9565386128079573,0.11,0.17,True,True,True,True,True,True
8,52,0.5522553097857602,1.0979845191029696,True,0.03183830728384529,0.025428633556284545,0.7670417907148459,0.06,0.22,True,True,True,True,True,True
6,15,0.4843776021980923,1.8871356714995648,True,0.6451395397717556,0.5893320273533533,0.7481460038763803,0.47,0.52,True,True,True,True,True,True
3,53,0.4510925879338196,1.107349319586182,False,0.14822578100667594,0.11132343679676648,-5.870165040830956,0.01,0.01,False,False,False,True,True,True
10,54,0.4671399101333021,1.5565793117205478,False,0.6209804327542054,0.5939424542740077,-0.32469700915147093,0.01,0.01,False,False,False,True,True,True
8,31,0.2773733382597461,0.6620067277759852,False,0.3661211185587403,0.3045156568193136,-0.5015059523461012,0.01,0.01,False,False,False,True,True,True
7,45,0.1874464798785277,1.0964535220920308,False,0.07943799950058672,0.06051047891611832,-0.2560083892102101,0.01,0.01,False,False,False,True,True,True
12,68,0.1912858320798418,0.9350886370461047,False,0.030414308624689856,0.023971196459282515,-0.13859579679470957,0.01,0.01,False,False,False,True,True,True
11,20,0.42590621388296973,1.494141277356493,True,0.7151371813991683,0.6568108757822715,0.7985947898026571,0.91,0.94,True,True,True,True,True,True
11,39,0.30174709521372806,1.4045429650116004,False,0.9655839961956175,0.9375183139150923,-0.16277291452768794,0.01,0.01,False,False,False,True,True,True
8,35,0.17471404829582826,0.5738261979396531,True,0.07825163273711744,0.05239809800225897,0.9676849011272947,0.3,0.41,True,True,True,True,True,True
7,79,0.06548473831981547,0.6278710931724281,False,0.42735465103146275,0.3773804661245873,-0.2722042460954903,0.01,0.01,False,False,False,True,True,True
5,43,0.18664876002710895,0.9798297173549098,False,0.29401027891871134,0.23383376827545307,-1.6958906714878816,0.01,0.01,False,False,False,True,True,True
11,70,0.5329226249319313,0.5770390834326752,False,0.7288210918040773,0.6999338542548206,-0.08388878654412313,0.01,0.01,False,False,False,True,True,True
3,48,0.27973992967846595,1.845995793057946,False,0.6772948333360272,0.684326325743745,0.21899369953530357,0.01,0.01,True,False,False,False,True,True
3,32,0.14305209499815827,0.42793753565981263,True,0.842253261069181,0.8534135932077715,0.9708191932060511,0.8,0.83,True,True,True,True,True,True
8,69,0.47466016305245345,0.38379327166954175,True,0.9282097215594408,0.9268314238729037,0.8028892149763479,0.48,0.53,True,True,True,True,True,True
4,28,0.510812889977154,1.1865907629537311,True,0.8592478179731264,0.8530405583297268,0.683735852555704,0.34,0.33,True,True,True,True,True,True
3,17,0.25657231559887655,1.815652259592253,False,0.47415323927504793,0.5000019687395825,-1.9875544144777075,0.01,0.01,False,False,False,True,True,True
9,66,0.09469153864511091,0.7320845889312617,False,0.28691989230334214,0.23540956894446874,-0.36911210277929984,0.01,0.01,False,False,False,True,True,True
9,61,0.3618492593029317,1.323303270248864,False,0.720696511744561,0.7030741071563704,-0.31976229837690795,0.01,0.01,False,False,False,True,True,True
11,47,0.456950438085602,1.7715131715542183,True,0.3738257437237922,0.31177931026500866,0.8002548841839103,0.84,0.85,True,True,True,True,True,True
3,65,0.22651360954507482,1.7629601975366245,True,0.8289699292003945,0.8488205128715266,0.9252659939143404,0.14,0.2,True,True,True,True,True,True
3,58,0.12062405179545771,1.7965550724018902,False,0.45634973267163137,0.45362749687702647,-2.44031423520066,0.01,0.01,False,False,False,True,True,True
8,75,0.32822677426502106,1.552993113938952,False,0.47798417076469113,0.43376101531753297,-0.3896418026099042,0.01,0.01,False,False,False,True,True,True
8,67,0.27430803766970396,1.0529281826784256,True,0.11493176318549103,0.08770418271654848,0.9209529042738928,0.2,0.27,True,True,True,True,True,True
12,40,0.15460413874400836,1.1715647128769793,False,0.41620876650324357,0.35268462233834325,-0.25933651092784094,0.01,0.01,False,False,False,True,True,True
3,46,0.43258343505555097,1.5986684681785677,False,0.33818780307733887,0.316459480858265,-0.42572712293906,0.01,0.01,False,False,False,True,True,True
9,39,0.10165569083572612,0.3056991205999903,False,0.14105326904072035,0.1043420885436429,0.5043309378239252,0.01,0.01,True,False,False,False,True,True
10,65,0.34640372238192974,0.3548806393261277,False,0.013223446430032149,0.010444196008129892,-0.21784424811736192,0.01,0.01,False,False,False,True,True,True
4,24,0.5306167828445825,1.190326367847732,False,0.18671985386904733,0.141673696759778,-1.5447327599117644,0.01,0.01,False,False,False,True,True,True
5,71,0.4843039099048908,0.8102137259487565,True,0.8798250753179668,0.8669751824744727,0.7706273047350454,0.97,0.94,True,True,True,True,True,True
4,34,0.3357954390786678,1.7030901227173085,True,0.8384564042380143,0.8216835646593461,0.8730976934115718,0.19,0.16,True,True,True,True,True,True
9,28,0.12695664158432718,1.4398307160708594,False,0.9783923622627165,0.9191757752912374,-0.21576972604372902,0.01,0.01,False,False,False,True,True,True
6,40,0.23616069972071574,1.240238384554946,True,0.7071061815117596,0.6675404384458541,0.9376986961311431,0.69,0.59,True,True,True,True,True,True
7,42,0.4870697961731764,1.1053458291822318,False,0.2413462761263151,0.19600503882505615,-0.7586474518799251,0.01,0.01,False,False,False,True,True,True
4,76,0.29523386170853644,1.8059620293278364,False,0.9186740327557368,0.909367325066516,-0.8530468462217535,0.01,0.01,False,False,False,True,True,True
6,71,0.5114068518357581,1.6523614271273133,False,0.48624008719226364,0.4349746021982073,-0.8635864212370283,0.01,0.01,False,False,False,True,True,True
10,60,0.40554042672775825,1.9088830373696173,False,0.42970311034247355,0.37133953223800886,-0.32070426614945857,0.01,0.01,False,False,False,True,True,True
4,52,0.23852380812150736,1.2810811115616483,True,0.326722241741646,0.27988064433212867,0.9250437376683531,0.57,0.59,True,True,True,True,True,True
9,33,0.07687745597305412,1.5527123967908754,False,0.7417049341584816,0.68579133989189,-0.2882169280925677,0.01,0.01,False,False,False,True,True,True
11,33,0.3311652317636742,1.5461683643909907,True,0.389290707128945,0.3257556012750785,0.8915257237062941,0.03,0.06,True,False,True,True,False,True
5,30,0.3333910965036497,0.3631937788719518,True,0.4731228255489144,0.40857610047364157,0.8625414845400421,0.09,0.2,True,True,True,True,True,True
10,23,0.184107453570013,1.940297992594507,False,0.4096363436313125,0.34907158234874747,-0.12279952000871508,0.01,0.01,False,False,False,True,True,True
6,73,0.30864164275783307,0.996119247947163,False,0.13290706447370215,0.10432209457953445,-1.0785998188836885,0.01,0.01,False,False,False,True,True,True
5,28,0.27699145071026243,0.6829195179438217,False,0.7817391783903714,0.7495131423200659,-0.646020500723965,0.01,0.01,False,False,False,True,True,True
3,22,0.43341487515046406,0.815723524048031,False,0.9252003074614401,0.7819976161146697,-1.3542428706112122,0.01,0.01,False,False,False,True,True,True
6,46,0.5535992154551481,0.6243992256155696,True,0.30144793760696864,0.2544040604863292,0.6964575510834101,0.14,0.36,True,True,True,True,True,True
10,35,0.5855384385309189,1.5401588112399023,True,0.5200226756397712,0.4758135869224954,0.6644593853174423,0.1,0.28,True,True,True,True,True,True
6,68,0.4547918137419027,0.7226809553381361,True,0.005795080622420179,0.0009523642310935843,0.8070471982649379,0.74,0.32,True,True,True,True,True,True
6,64,0.5239303652792908,1.8502375532101807,True,0.19435929654911344,0.1557996831898298,0.7471407506604091,0.36,0.39,True,True,True,True,True,True
5,64,0.06783710689686935,1.4555400530769291,False,0.12256871930997493,0.10040669899731888,-1.3560434639479757,0.01,0.01,False,False,False,True,True,True
6,67,0.4673308950259185,1.1944572767869208,True,0.8295234619500323,0.8063889013017405,0.7788884143200846,0.64,0.69,True,True,True,True,True,True
12,44,0.2637192472588828,1.3866871785504988,True,0.5084636372374676,0.45453694926043403,0.922342282913533,0.88,0.75,True,True,True,True,True,True
5,41,0.31889988179287515,1.9518750286845634,False,0.4288168362265312,0.39620434124552734,-1.0899464258984577,0.01,0.01,False,False,False,True,True,True
10,39,0.33831557364644904,0.4047662312156418,False,0.7815408099502466,0.7625400996833788,0.09847697306918868,0.01,0.01,True,False,False,False,True,True
3,18,0.10600349989086169,0.455223165905027,False,0.9125167432732252,0.9031403033528366,-0.9444226975274652,0.01,0.01,False,False,False,True,True,True
8,21,0.2086654986045124,0.4762597407990756,True,0.47082761892548564,0.36759581686375714,0.9500145017572137,0.86,0.74,True,True,True,True,True,True
3,14,0.29571644825929827,0.7660377810092722,False,0.04207017536154023,0.0,-1.86378801676128,0.01,1.0,False,False,True,True,True,False
5,54,0.4825774936772214,1.2111401915643052,True,0.5433123464918802,0.5161743478404525,0.8047129746326088,0.49,0.46,True,True,True,True,True,True
8,79,0.15721185220324013,1.663775420943267,False,0.46671712200501847,0.4157732498016648,-0.4478107767082753,0.01,0.01,False,False,False,True,True,True
5,15,0.20589656509067883,1.5988544497340555,True,0.5411130954943687,0.451605533783622,0.9496820772792995,0.85,0.84,True,True,True,True,True,True
7,61,0.4915185274051947,1.4296816353479147,True,0.05240500112480562,0.04291259900191872,0.8095056846978779,0.92,0.93,True,True,True,True,True,True
9,44,0.5736126115106187,1.4971633390352546,False,0.2752735152338093,0.21881033016475288,-0.5276404290354233,0.01,0.01,False,False,False,True,True,True
7,20,0.4232459068904595,1.192826128747302,True,0.1458196725382006,0.09884343953961389,0.7546502976789431,0.08,0.3,True,True,True,True,True,True
4,64,0.5254907002323299,0.7045800719230992,False,0.7824263155963284,0.7623314079661485,0.1430391074478201,0.01,0.01,True,False,False,False,True,True
10,75,0.10280753092904604,1.3140460893294936,False,0.5053949648390423,0.4693777419539173,-0.3914018301348512,0.01,0.01,False,False,False,True,True,True
11,31,0.33218063332464653,1.2374717391759649,False,0.4863264766792058,0.4205417132578041,-0.35722209859739396,0.01,0.01,False,False,False,True,True,True
5,28,0.07218688781472843,1.581936777140689,True,0.013780170719667084,0.004520818105273652,0.993555514077659,0.01,0.19,True,False,True,True,False,True
6,44,0.3993048758782909,0.5895416243158648,True,0.4909646641892983,0.4537193820301013,0.8415443246962532,0.24,0.29,True,True,True,True,True,True
10,66,0.5699060600798826,1.2954236399778285,True,0.2489507283232265,0.20072920109716488,0.7477954449962174,0.87,0.75,True,True,True,True,True,True
6,63,0.5678618550336835,1.4225229218882944,True,0.21330950749650568,0.16987957519393487,0.7287063845495716,0.01,0.29,True,False,True,True,False,True
6,44,0.2322166794214352,1.273584135386516,False,0.628335116962121,0.6103468140860178,-0.6545987707328933,0.01,0.01,False,False,False,True,True,True
6,33,0.2576772957003086,1.9350110287687086,True,0.7790688356270012,0.7507848330182241,0.9212217199999247,0.11,0.1,True,True,True,True,True,True
3,66,0.5536750725610974,1.2341743444847773,False,0.39083539273374956,0.3800858462268306,0.28736634196620625,0.01,0.01,True,False,False,False,True,True
12,61,0.4702318266702482,0.9512536537063989,False,0.7549380139885331,0.7284352217202704,-0.11054255229445809,0.01,0.01,False,False,False,True,True,True
12,33,0.45133222439591925,0.7250551885337293,False,0.5024192145886758,0.433876849620595,-0.2724905090059784,0.01,0.01,False,False,False,True,True,True
6,76,0.2938774210807249,0.6765423176223013,True,0.7361930466570167,0.7257943937248988,0.8928501173551446,0.16,0.22,True,True,True,True,True,True
9,53,0.4205800951825963,1.381513985523797,True,0.7524184824342082,0.7371349499946198,0.8183788447022526,0.14,0.15,True,True,True,True,True,True
11,10,0.3064657752881759,1.1485580592636622,True,0.25502494167763057,0.1797997530962582,0.8861666908724902,0.39,0.49,True,True,True,True,True,True
3,74,0.09100866906100558,1.3891849316836316,False,0.0778911351581375,0.06511415750121023,-2.801794646938804,0.01,0.01,False,False,False,True,True,True
12,11,0.45804935853097906,0.4377689611543287,False,0.9948247121286646,0.7936069748827198,0.17373502735724533,0.01,0.01,True,False,False,False,True,True
11,34,0.07812162654066444,0.49314377237429935,True,0.5745344598718559,0.5469505216330399,0.991883893990722,0.6,0.56,True,True,True,True,True,True
7,10,0.21970983329174698,1.2291478546324275,False,0.9223233954842474,0.761905146616406,-0.4292051218730455,0.01,0.01,False,False,False,True,True,True
4,41,0.36209037632352153,1.0048892443417228,False,0.2537966940833244,0.1934026188748581,-1.875862513661958,0.01,0.01,False,False,False,True,True,True
12,51,0.05084588652778353,1.0608670441748778,False,0.12243864019510342,0.09059269305378467,-0.09002486486289074,0.01,0.01,False,False,False,True,True,True
12,69,0.20005279487628014,1.5683057383084662,True,0.4524411684586874,0.3941145196889361,0.946491835056637,0.35,0.34,True,True,True,True,True,True
9,39,0.10957925728756387,1.918901103940793,True,0.28730089172401685,0.23037532218289922,0.984889567936628,0.34,0.44,True,True,True,True,True,True
4,51,0.5298356253015265,0.47516148344558035,True,0.44165086578020907,0.4187910868656812,0.733695830942013,0.94,0.91,True,True,True,True,True,True
11,57,0.3144143705218713,1.6194409016753508,True,0.49960646640562645,0.44579054474210467,0.8698019036230404,0.57,0.53,True,True,True,True,True,True
6,18,0.08008876216586412,0.9960839895993197,False,0.3323012419725301,0.2683101695441047,-0.9153129582094677,0.01,0.01,False,False,False,True,True,True
11,16,0.3115814590655736,1.7928877964334957,False,0.23895943259035302,0.1778983999758512,-0.44700836320862036,0.01,0.01,False,False,False,True,True,True
12,76,0.22341897988549725,0.4300269784545644,True,0.3596643357088014,0.30161565097470194,0.9413038552998042,0.5,0.43,True,True,True,True,True,True
7,41,0.5427595003943834,1.0615924174724094,True,0.6065409282398339,0.5879855909887681,0.7158097934995122,0.69,0.82,True,True,True,True,True,True
9,62,0.3766659610252346,0.5556594567086277,False,0.03971770382512474,0.033141700216446156,-0.22851950325039327,0.01,0.01,False,False,False,True,True,True
3,78,0.4407670345995678,0.5564795682432994,False,0.44229791406888486,0.4438185189782069,-1.3995086802613188,0.01,0.01,False,False,False,True,True,True
12,19,0.0644410942936853,0.7903567214963719,True,0.7349490109333735,0.6857100026628316,0.9946788459003549,0.95,0.89,True,True,True,True,True,True
6,32,0.44031857196072965,1.47907411991276,False,0.7955414052129849,0.7589427329843789,-0.45989786377466535,0.01,0.01,False,False,False,True,True,True
9,31,0.11793832808688612,0.6758679317053653,True,0.306472756005013,0.23863602485373855,0.9833523460733224,0.03,0.12,True,False,True,True,False,True
7,56,0.3951401330970487,1.8291356014676998,True,0.5787273462948427,0.5529636177503592,0.8224293509275352,0.52,0.54,True,True,True,True,True,True
9,62,0.5914388996858805,0.6121158490313139,True,0.7108119561782029,0.6898394307411291,0.6882795593413122,0.4,0.41,True,True,True,True,True,True
6,55,0.2306524510827495,1.3514354754680564,True,0.542495725046281,0.5152111652684019,0.9276168493560715,0.29,0.24,True,True,True,True,True,True
4,30,0.20611466485700147,1.1562509861779546,True,0.792153264250574,0.8003978551797465,0.9429276751328827,0.6,0.59,True,True,True,True,True,True
4,11,0.42080801770895904,1.4420652898408275,False,0.8351393129979607,0.7138483686367122,-0.8351694440477693,0.01,0.01,False,False,False,True,True,True
12,64,0.3105733869576751,0.700940444960329,False,0.6892536211420786,0.6670142880240006,-0.004081767432365879,0.01,0.01,False,False,False,True,True,True
12,59,0.09575100626410044,1.8195081203922492,True,0.6783693319400126,0.656159922468623,0.9874360970850835,0.82,0.72,True,True,True,True,True,True
8,66,0.457494446822243,0.42132740827002935,True,0.078362619726701,0.0610099930974484,0.815747468104308,0.06,0.13,True,True,True,True,True,True
6,10,0.13144264024977909,1.9276608812267004,True,0.7892609242006309,0.6600629626767914,0.9758478462339266,0.1,0.08,True,True,True,True,True,True
12,72,0.2383853573112777,1.7844690939484027,True,0.19064798954530393,0.1468723232418866,0.9381716161814315,0.6,0.6,True,True,True,True,True,True
11,30,0.34845454616529503,1.0715951912350377,False,0.9498530409401035,0.8952832868546378,-0.2030682343896515,0.01,0.01,False,False,False,True,True,True
8,65,0.07563487172412928,0.5986320440760373,False,0.4031016864444229,0.3358760355542861,-0.12199853485003676,0.01,0.01,False,False,False,True,True,True
5,72,0.5041508602921345,1.264927772708576,False,0.11034642014842988,0.08912236478827423,-0.6100357216742209,0.01,0.01,False,False,False,True,True,True
8,27,0.5194197107681807,1.6809606494552032,False,0.8340741101420976,0.807313424230955,-0.12157132368067813,0.01,0.01,False,False,False,True,True,True
3,74,0.08464866208602559,0.5595369586722111,False,0.5958549765972497,0.608907335965523,-0.3923794653375057,0.01,0.01,False,False,False,True,True,True
8,69,0.12274666719035106,1.0477383401817484,False,0.170962151443949,0.1281413608297352,-0.7749862962841443,0.01,0.01,False,False,False,True,True,True
8,74,0.2746766678907253,1.3013823823551582,False,0.043535482259430935,0.03575912212209024,-0.4965079460435544,0.01,0.01,False,False,False,True,True,True
8,66,0.5735379813666953,1.016858196286823,False,0.3841318894296212,0.32796635278948727,-0.40564484421805824,0.01,0.01,False,False,False,True,True,True
12,60,0.3502718062466747,1.0353465879786738,False,0.8438766297356497,0.8377023607952246,-0.12464769643176066,0.01,0.01,False,False,False,True,True,True
11,51,0.12562587757882923,0.6929598759356452,False,0.1568891031430627,0.11691370590521319,-0.36624583693808366,0.01,0.01,False,False,False,True,True,True
9,29,0.3272089445850758,1.2764649384296214,False,0.7906428122126951,0.7680004593620056,-0.23707100655437996,0.01,0.01,False,False,False,True,True,True
5,30,0.16073886110633326,1.783152584835303,True,0.25609205824690817,0.20258413434649158,0.9700361328304825,0.54,0.75,True,True,True,True,True,True
8,34,0.05462165910261051,0.9866331140505036,True,0.5610404580924641,0.524266397387782,0.9958962329015411,0.3,0.27,True,True,True,True,True,True
6,16,0.39669547101133906,1.9165382477265782,False,0.09025138789392839,0.05580142178514496,-0.7712927122235913,0.01,0.01,False,False,False,True,True,True
9,40,0.5332963419622244,1.7014881488776599,True,0.7325607783125915,0.6657550949288566,0.703920000975002,0.87,0.85,True,True,True,True,True,True
10,43,0.4739714008609057,1.2609781917990095,False,0.23662236324538355,0.18079531983251687,-0.008070287682492738,0.01,0.01,False,False,False,True,True,True
9,26,0.08919606476226757,1.312225961455672,False,0.024806782015027284,0.013953154214675828,-0.47105412749180964,0.01,0.01,False,False,False,True,True,True
7,46,0.2646521048191022,0.9743453719532589,True,0.7229908903526192,0.7019429392979093,0.9106724099733255,0.75,0.66,True,True,True,True,True,True
9,72,0.3977178350187396,1.9220424693634892,True,0.8202038988223666,0.8101239617057824,0.8215452484913702,0.26,0.24,True,True,True,True,True,True
12,40,0.2870876435163329,1.964608477585764,True,0.3468674268258424,0.2869351539836417,0.887779411051016,0.01,0.03,True,False,False,True,False,False
3,11,0.4353619644666458,1.4382868065114078,False,0.9974721156299731,0.9307605839268863,-1.2483585185247752,0.01,0.01,False,False,False,True,True,True
6,56,0.5691365988543627,1.1046052843457135,True,0.4579025238306468,0.4126544430773723,0.6905053009872292,0.78,0.64,True,True,True,True,True,True
7,41,0.247117520536631,0.8019121379611884,False,0.8066817557246799,0.7798295238063003,-0.07463903491405866,0.01,0.01,False,False,False,True,True,True
8,30,0.5018457718295979,1.0043377846746608,False,0.6030193398955939,0.5312045280236709,-0.49554321039342475,0.01,0.01,False,False,False,True,True,True
5,44,0.32549906288831726,1.5412265105298324,False,0.12383293883664137,0.09801828695310504,0.07968258166319808,0.01,0.01,True,False,False,False,True,True
7,24,0.5495036359696347,1.9116306732384372,True,0.5130952223369012,0.449510932370097,0.6595335543957588,0.09,0.2,True,True,True,True,True,True
3,74,0.202990625442658,0.33783721393187766,False,0.25351982671812445,0.2143089335860032,-0.7132868592888357,0.01,0.01,False,False,False,True,True,True
10,71,0.08039919258367627,0.5265563785566554,True,0.05219293427077565,0.040198677774539074,0.9934920040966969,0.3,0.27,True,True,True,True,True,True
7,70,0.4071042924876448,0.32731857240297535,False,0.26812152721224725,0.22509213219917537,0.05751411859181732,0.01,0.01,True,False,False,False,True,True
8,10,0.462728498978142,0.7888443494572821,True,0.42986139446342586,0.32625954416674485,0.7349408924406788,0.44,0.55,True,True,True,True,True,True
5,64,0.5776546198265022,1.4497407587770117,True,0.9533272670959408,0.9315674811152403,0.7494375025189355,0.78,0.63,True,True,True,True,True,True
3,30,0.236463862987434,0.7580503543091774,True,0.258124514086725,0.20620804092819375,0.9320808316809882,0.04,0.07,True,False,True,True,False,True
7,65,0.4954936869592606,0.5701226956340545,False,0.13871931608364763,0.10583983635939062,0.7172344735905467,0.01,0.01,True,False,False,False,True,True
6,16,0.5750838918773239,1.0008422346699386,True,0.9607913603911725,0.8267831751912624,0.6554786050087136,0.26,0.23,True,True,True,True,True,True
12,40,0.3122405909731897,1.3906802750754965,True,0.09479418703917053,0.06619639827026204,0.9117739508744763,1.0,0.96,True,True,True,True,True,True
11,49,0.0697248678635613,1.5725468473382735,True,0.8196965722426653,0.799748936817091,0.9930178825453958,0.49,0.41,True,True,True,True,True,True
10,42,0.38097518442326583,1.1812195682899997,False,0.4212666946358252,0.3666747641564813,-0.41561613011484955,0.01,0.01,False,False,False,True,True,True
10,18,0.2567968193480455,0.5391113598723963,False,0.9050720914523797,0.8952907769444509,0.06125503073902516,0.01,0.01,True,False,False,False,True,True
7,19,0.4352683114816537,0.7752670351452635,False,0.801725301622551,0.7100952367354344,-0.3654491056325835,0.01,0.01,False,False,False,True,True,True
4,39,0.06857481704858774,1.0999256896582483,False,0.2263964345732541,0.173339020792924,-2.96434498190334,0.01,0.01,False,False,False,True,True,True
12,14,0.30128485320171916,1.2409437739307791,False,0.0021689606453301202,1.1182531224272515e-05,-0.3612062367196165,0.01,0.03,False,False,False,True,True,True
3,49,0.4262727752072862,0.4944846744376276,False,0.12190737527400852,0.10621051916265738,0.8212044560654248,0.01,0.01,True,False,False,False,True,True
5,46,0.5509790986090124,1.8929422656427715,False,0.04026823531518409,0.02770619833087986,-0.6917658049620652,0.01,0.01,False,False,False,True,True,True
9,62,0.10369262321089953,1.1584613990859143,True,0.0943892872254779,0.07134350642438397,0.9886942332615135,0.97,0.75,True,True,True,True,True,True
10,43,0.44381967028611535,1.1001844501430398,False,0.0358560510018634,0.026057124827921656,-0.21387560097071923,0.01,0.01,False,False,False,True,True,True
12,38,0.3763228176394398,1.744933761991104,True,0.5497286396240414,0.4916425627618034,0.8525498176552004,0.28,0.39,True,True,True,True,True,True
9,52,0.44769973978264055,0.9067505950214254,True,0.8876210796036722,0.8929364493037184,0.8375336101392649,0.34,0.37,True,True,True,True,True,True
7,35,0.5148741723783923,0.8300729480023474,False,0.4601398652819728,0.39728883068769383,-0.4266543358803674,0.01,0.01,False,False,False,True,True,True
6,76,0.13654147248049647,0.48467126441024966,True,0.7663233688744387,0.7610520718083382,0.9757355303495076,0.91,0.85,True,True,True,True,True,True
7,66,0.25449592451998154,1.6100422301847377,False,0.35684445131356746,0.2988783776004968,-0.42020300749837736,0.01,0.01,False,False,False,True,True,True
9,47,0.5201002358243365,1.2454890255191955,False,0.308689051577292,0.251532061889008,-0.6334653814890241,0.01,0.01,False,False,False,True,True,True
8,32,0.0889438514059164,1.1023794016772466,True,0.9926567644113218,0.9374260480136433,0.9904718691612193,0.16,0.25,True,True,True,True,True,True
10,60,0.4620539997552139,1.288481432104509,False,0.6677523507649546,0.6452563748911314,-0.25379618839236806,0.01,0.01,False,False,False,True,True,True
4,19,0.4694079049508108,1.5729089774009026,False,0.7807011572435594,0.674205762500592,-0.1380234922765231,0.01,0.01,False,False,False,True,True,True
5,10,0.29631215234103586,1.2896709280645082,False,0.051563195767722614,0.02814726566473308,-0.8793821808090223,0.01,0.01,False,False,False,True,True,True
8,66,0.45114059424767516,0.39690193463815365,False,0.19006911973697238,0.1472718750473099,-0.12421500721554057,0.01,0.01,False,False,False,True,True,True
5,40,0.2519103396419082,0.40848298511025916,True,0.6277328516333431,0.6066496608537029,0.9084625986194288,0.07,0.31,True,True,True,True,True,True
6,69,0.26368578709666396,0.9724972239658243,True,0.17714799066200093,0.139491546789634,0.9225561771088189,0.5,0.71,True,True,True,True,True,True
9,53,0.582874014078603,1.959439104398793,False,0.3012326486608192,0.2468324758505705,-0.3549173573631401,0.01,0.01,False,False,False,True,True,True
10,14,0.4589975092766256,0.8818030645968755,True,0.30712395839586193,0.2145084374196261,0.7834388171241382,0.03,0.04,True,False,False,True,False,False
10,40,0.558094957404029,0.6733785434990653,False,0.21710967485521793,0.16482205281356505,0.10967005689360965,0.01,0.01,True,False,False,False,True,True
12,75,0.1233550914386492,0.44189785856354247,False,0.8817566778167025,0.8767254379658465,0.12962571767272824,0.01,0.01,True,False,False,False,True,True
6,66,0.5749194245173945,1.8445938012248113,False,0.45759205931281755,0.41486285960549135,0.04616290916767307,0.01,0.01,True,False,False,False,True,True
4,29,0.3274277405113635,1.5640219191320077,True,0.9943032396446404,0.7975819153233923,0.8859243799706672,0.93,0.91,True,True,True,True,True,True
7,73,0.3221690984622109,1.4906751317522342,True,0.7485108457924206,0.7234175592421133,0.8947645962702588,0.49,0.42,True,True,True,True,True,True
3,21,0.40430441168953646,1.5877505913902354,True,0.3899080757184826,0.37061941601831494,0.7846399099317196,0.21,0.23,True,True,True,True,True,True
10,55,0.08941722664199628,1.6399283647713354,False,0.48053270671675863,0.41960055737479063,0.04951846869089582,0.01,0.01,True,False,False,False,True,True
6,69,0.5063531508729927,1.3078275702046684,False,0.136439226218249,0.10390986485115038,-0.4898927540563276,0.01,0.01,False,False,False,True,True,True
6,14,0.07069174787276647,0.3859567864686632,False,0.055438315210531774,0.032185607528434176,-0.5048517819454394,0.01,0.01,False,False,False,True,True,True
4,35,0.31816103904205234,1.69768287582598,True,0.7865274802975305,0.747827840213334,0.8798212459541987,0.08,0.07,True,True,True,True,True,True
7,40,0.5381756680530634,1.146737464244566,False,0.6736336235104209,0.652358020859347,-0.5924284224889658,0.01,0.01,False,False,False,True,True,True
10,77,0.4911733467024011,1.8922622457496199,False,0.6689894061505613,0.6499959111494117,-0.2458303075077799,0.01,0.01,False,False,False,True,True,True
9,17,0.2529828072780079,0.6537850716753254,False,0.2849211557945087,0.20711383021373458,0.17725109634431035,0.01,0.01,True,False,False,False,True,True
6,26,0.08068335573421946,1.2477581054675806,False,0.5487370150732596,0.4948854870703409,-0.5814389488973739,0.01,0.01,False,False,False,True,True,True
6,12,0.2303577517540923,0.9416999465753819,True,0.5210103424270818,0.40298987158594163,0.8933300470432013,0.96,0.98,True,True,True,True,True,True
11,75,0.3904392859096656,0.7484788305351082,True,0.02796377009181117,0.02255038136135683,0.8690285346160002,0.56,0.63,True,True,True,True,True,True
9,29,0.5983676441923,0.37487562897953797,False,0.25639043903969105,0.18583875880474915,-0.04822870311151317,0.01,0.01,False,False,False,True,True,True
11,63,0.135044819670243,1.5664345459909395,False,0.6602161207292971,0.641329958657128,-0.19255176330805823,0.01,0.01,False,False,False,True,True,True
9,77,0.4431880966989957,1.3474100907174593,False,0.02385278985586281,0.019015414039623826,-0.7945264089291555,0.01,0.01,False,False,False,True,True,True
11,28,0.4253345125341576,1.5185717055559254,True,0.30000207504296594,0.23504723744360823,0.8135738725562116,0.18,0.15,True,True,True,True,True,True
9,66,0.31205326042059517,1.4595492494468931,False,0.45334948815592047,0.39709368974757664,-0.13267117850901733,0.01,0.01,False,False,False,True,True,True
9,27,0.5974049462243481,0.7847279241623232,False,0.09748792528091921,0.06509481735532965,-0.20140940052583667,0.01,0.01,False,False,False,True,True,True
11,69,0.5759307926624856,0.5773642467932951,True,0.9030651573668406,0.8938779345882338,0.7212649758220371,0.77,0.75,True,True,True,True,True,True
5,25,0.5574796741787663,1.6788384519817858,True,0.028759744853996017,0.01912596611411662,0.7540974890036188,0.5,0.54,True,True,True,True,True,True
6,78,0.23667737615260287,1.7406528687990235,False,0.14767646764541842,0.11359475853395165,-0.6077136051727756,0.01,0.01,False,False,False,True,True,True
5,14,0.25076351765964167,1.5659816227956784,True,0.44934984849255,0.3844628167748655,0.9246176839702607,0.93,0.95,True,True,True,True,True,True
11,34,0.1791421386182569,1.0984896866459029,True,0.9154583851272698,0.8918787620093058,0.9634705356662997,0.07,0.04,True,True,False,True,True,False
7,69,0.5273025190425782,0.33370876762437085,False,0.7949932907772281,0.7801309638243845,0.08993022457266353,0.01,0.01,True,False,False,False,True,True
12,12,0.15322027621309228,0.3243497186510737,False,0.7214956504021035,0.6776049410430043,0.18933713565058274,0.01,0.01,True,False,False,False,True,True
3,51,0.45144763828936857,1.9965681647082894,False,0.2955063489463483,0.27835494560675206,-3.8300643285394473,0.01,0.01,False,False,False,True,True,True
8,10,0.12311847668892122,0.44364326700472795,False,0.7122577263891796,0.57761387187445,0.3400188617517549,0.01,0.01,True,False,False,False,True,True
12,73,0.37751266283401397,0.7635969598942365,True,0.8844042242050835,0.8654803876038708,0.8430135919338229,0.28,0.22,True,True,True,True,True,True
7,28,0.20570165156119796,1.7162388004432891,False,0.2275844561461967,0.17559160007456437,0.41753059896192546,0.01,0.01,True,False,False,False,True,True
10,26,0.35373242450277875,0.9233666126059206,False,0.395407819063023,0.3165025618956123,-0.48400577211623164,0.01,0.01,False,False,False,True,True,True
11,31,0.47901838151346615,1.504859598051497,True,0.37168816202097443,0.315008435579334,0.7685185578192093,0.32,0.43,True,True,True,True,True,True
3,25,0.5907946412755114,0.835786230247878,False,0.34163021639511537,0.3276661896475745,-2.3404661145823478,0.01,0.01,False,False,False,True,True,True
9,72,0.06315313235966905,0.942881475534151,False,0.2521666284373779,0.19849400582644172,-0.18492394222796515,0.01,0.01,False,False,False,True,True,True
10,46,0.4220416070185884,0.35544855381550056,False,0.46721254073220475,0.40710044797416844,0.2603679947723643,0.01,0.01,True,False,False,False,True,True
12,71,0.5620410563723588,1.4635728625508329,False,0.265822162513487,0.21353782771631724,-0.03968734042309041,0.01,0.01,False,False,False,True,True,True
3,55,0.30534223018489687,1.462193807846416,False,0.606834807476283,0.6199751740840785,-1.2166768097098277,0.01,0.01,False,False,False,True,True,True
4,63,0.2552413406214476,1.0044986962126865,False,0.303236372653539,0.24828899045880648,-1.998828976858538,0.01,0.01,False,False,False,True,True,True
6,71,0.34147669530554736,1.2551174745993463,False,0.4925964301040613,0.4532168868113183,-0.532873339848142,0.01,0.01,False,False,False,True,True,True
3,49,0.5980487423277018,1.7516234660192354,True,0.5506607944337041,0.5277915553901272,0.6457394824776748,0.01,0.02,True,False,False,True,False,False
4,56,0.38437707751841677,0.8361728426735138,False,0.6743054215799854,0.6281287235225173,-0.3773086348796242,0.01,0.01,False,False,False,True,True,True
4,74,0.32047401550135435,0.665357904723036,True,0.41825014707572716,0.3970366058491524,0.8737240032871298,0.28,0.52,True,True,True,True,True,True
11,25,0.5803397541373053,1.6928694765904093,True,0.5665842696253138,0.5233391737628094,0.6899004462148772,0.65,0.58,True,True,True,True,True,True
7,32,0.2503365504865153,0.8736338341007748,False,0.03769666887737866,0.028629776533400243,-0.502733293871785,0.01,0.01,False,False,False,True,True,True
12,44,0.052249111282319884,0.905142141710152,False,0.4786667209769926,0.42071536904200274,-0.2684376251900036,0.01,0.01,False,False,False,True,True,True
4,31,0.34049063090683995,0.7160700098786081,False,0.6981034178048149,0.6741108004402041,-0.760389555112386,0.01,0.01,False,False,False,True,True,True
4,29,0.5258571517213745,0.4937321953074558,False,0.25939022841837356,0.20555502547443938,-1.9046132420013753,0.01,0.01,False,False,False,True,True,True
5,28,0.5450886431454137,1.4960746440590404,True,0.6058475786349165,0.5524187200124178,0.7425505330423329,0.37,0.36,True,True,True,True,True,True
8,53,0.281195496996773,0.839081945055838,False,0.010482497365020715,0.0038164295068896727,-0.6158236963909538,0.01,0.01,False,False,False,True,True,True
4,45,0.30552568317551393,1.1831486128421405,True,0.32069933953804297,0.26481622663350335,0.8829182339150251,0.81,0.75,True,True,True,True,True,True
4,25,0.47256074300341677,1.5989332457043515,False,0.9616656745592972,0.8697696689010496,0.17313960920557292,0.01,0.01,True,False,False,False,True,True
6,76,0.49870245906996147,1.3609707949344383,True,0.7571549105477873,0.7466632543276563,0.7528073966639679,0.3,0.25,True,True,True,True,True,True
12,13,0.4921676526418755,0.6244307763255814,True,0.7728364565337078,0.7312278736328052,0.7280790017662471,0.23,0.16,True,True,True,True,True,True
7,74,0.5381981598956114,1.4248883792629468,True,0.2663613996359593,0.21982997807287502,0.7450800769421406,0.11,0.12,True,True,True,True,True,True
7,10,0.17086125059660692,1.8677767867582127,False,0.6151246589106,0.48044229812017064,-0.5057138240346677,0.01,0.01,False,False,False,True,True,True
10,43,0.23296882684540499,1.0570746763030618,False,0.04825092930729191,0.03582627446951111,-0.16770727907657812,0.01,0.01,False,False,False,True,True,True
9,27,0.5017195151870445,1.9193633520034956,False,0.7738380755481709,0.729899932037705,-0.30866242361407714,0.01,0.01,False,False,False,True,True,True
7,39,0.41727150245994044,1.1917182947366824,False,0.7157772305533694,0.6826871659034877,-0.4229635145044597,0.01,0.01,False,False,False,True,True,True
9,54,0.5365901665498637,1.5124085900534914,True,0.13417948167342897,0.1015997598489832,0.7701798451157768,0.7,0.72,True,True,True,True,True,True
11,24,0.23291925216772513,1.7736239377726426,False,0.6446146585467348,0.5804138014752132,-0.3316235543849302,0.01,0.01,False,False,False,True,True,True
8,78,0.5852639371421603,1.806022270526711,True,0.19918138292163523,0.15651779766120089,0.710961207103513,1.0,0.93,True,True,True,True,True,True
4,74,0.486984994524201,1.6174771968878623,False,0.7210592844093767,0.6909795908305107,-0.32539971481960217,0.01,0.01,False,False,False,True,True,True
11,23,0.19968687974768834,0.4088267287447088,True,0.012514693623300044,0.005032212759601214,0.9577449475087269,0.79,0.79,True,True,True,True,True,True
6,11,0.5962601003892773,0.6519526527307781,True,0.4245683044344222,0.32152913712407316,0.6672401222489015,0.07,0.14,True,True,True,True,True,True
4,50,0.3173624409911397,1.329757989739737,True,0.4062896278701321,0.37450899769616086,0.8622875070378972,0.81,0.81,True,True,True,True,True,True
12,66,0.20445384917978288,1.851510913424982,True,0.21454415144005712,0.16945234435462106,0.9492561358382061,0.24,0.32,True,True,True,True,True,True
4,62,0.5629102808381833,0.6648114216456402,True,0.3903045288218374,0.35306974596364454,0.7169305768829899,0.08,0.16,True,True,True,True,True,True
5,58,0.2705508866924788,0.473330748796607,False,0.08917710030870607,0.07261048033253104,0.47903008626769816,0.01,0.01,True,False,False,False,True,True
7,27,0.27571841831343474,0.48714569629277615,False,0.4788751701327152,0.40148693789339723,-0.27592135095907344,0.01,0.01,False,False,False,True,True,True
7,49,0.5404606525185112,0.3795092112765869,False,0.19204442563476476,0.15061029381112537,0.17164497536303291,0.01,0.01,True,False,False,False,True,True
7,49,0.11311202478335475,0.36657676200613915,True,0.6157136935017323,0.586894955493952,0.9842889879578918,0.44,0.48,True,True,True,True,True,True
9,41,0.1782814561997343,1.839499672790505,False,0.8088319473966846,0.7780883415429394,-0.17306636790845742,0.01,0.01,False,False,False,True,True,True
3,11,0.3631572074636255,0.9761815359018551,True,0.1306002331635474,0.08726300635526622,0.8138592743772761,0.56,0.5,True,True,True,True,True,True
3,70,0.09189384026742625,1.9673226922430849,True,0.2878864905726999,0.2581530279087016,0.987609524999789,0.87,0.9,True,True,True,True,True,True
12,58,0.1282883481433239,0.310461322226095,True,0.9627419437612471,0.9528036635269438,0.9835464644915589,0.79,0.84,True,True,True,True,True,True
3,47,0.19189239642005979,1.7175579690826326,False,0.9891326482413529,0.9430213595072271,-1.3873089176333333,0.01,0.01,False,False,False,True,True,True
3,49,0.39180192641318246,1.8385621047903804,False,0.6120142336578384,0.6219409113616751,-1.7638949861574225,0.01,0.01,False,False,False,True,True,True
3,65,0.4959963296195568,0.9778232426634639,True,0.04937704850082292,0.04337705819061897,0.7590058648511457,0.59,0.71,True,True,True,True,True,True
10,58,0.18854027907027215,1.552297492377495,False,0.3538939268679101,0.2962710181291374,-0.18290345869801317,0.01,0.01,False,False,False,True,True,True
4,43,0.5389050886216099,1.2852058513569438,False,0.5259086289568607,0.5032203093860809,-0.7590574250056716,0.01,0.01,False,False,False,True,True,True
11,78,0.2111346661448903,1.1679217099989279,False,0.8167733594241058,0.8008879640637505,-0.20148218241351423,0.01,0.01,False,False,False,True,True,True
12,71,0.21259116280296447,0.9397672905799661,True,0.20942444935335014,0.16510596165258284,0.9522353777468301,0.28,0.35,True,True,True,True,True,True
11,74,0.37627343650742057,0.8131225486889668,True,0.4954095602862626,0.45013204223211006,0.8349548635379861,0.31,0.28,True,True,True,True,True,True
5,63,0.09636227955083888,0.33002047695823544,True,0.4584843117446872,0.4284810562548058,0.987958816539953,0.13,0.29,True,True,True,True,True,True
7,45,0.4850898929081681,1.459940198586241,True,0.5268585753420587,0.5027099004669645,0.7121691286689705,0.17,0.28,True,True,True,True,True,True
7,32,0.1516371067424116,1.8909777616745074,False,0.9052407200904549,0.8925411802903072,-0.3850455943345257,0.01,0.01,False,False,False,True,True,True
3,57,0.5625361110758641,0.7452781709208782,False,0.9389796802305751,0.8978825932909369,0.029567088417497223,0.01,0.01,True,False,False,False,True,True
11,45,0.17435740336099048,0.37167294758070757,False,0.3824204967661369,0.3171493127975024,-0.010015949667599333,0.01,0.01,False,False,False,True,True,True
10,78,0.23391575371492895,0.4788623958732833,True,0.11857756067694547,0.08811242433693674,0.9422163734461294,0.97,0.91,True,True,True,True,True,True
12,63,0.24268243862971606,0.8884679999829943,True,0.4998327215569044,0.45220218204664914,0.9257748646371377,0.33,0.33,True,True,True,True,True,True
4,47,0.4389073751391094,1.2655699018438986,False,0.5177651063293538,0.5066870391163499,-1.0732979607948896,0.01,0.01,False,False,False,True,True,True
10,41,0.31633324271035784,1.8678356847019641,True,0.9891755373771892,0.9801582503502639,0.9123499253343873,0.02,0.02,True,False,False,True,False,False
7,50,0.42458450317086244,1.8371840740968095,True,0.2074610750518041,0.17111931936826488,0.8056336995898923,0.46,0.46,True,True,True,True,True,True
10,27,0.09428545745369071,0.5341098900332871,False,0.6765292278578456,0.6494292076655528,-0.14460652609202396,0.01,0.01,False,False,False,True,True,True
7,63,0.08860627495531609,1.4187705527795769,False,0.6895688711142349,0.6677456203217307,-0.5187527715888007,0.01,0.01,False,False,False,True,True,True
5,20,0.18582210614516131,0.9538990800338611,True,0.008614619489339503,0.0030033586716631568,0.9596083278932743,0.15,0.03,True,True,False,True,True,False
4,20,0.34053388146108193,1.7420195872667934,False,0.5749803395307844,0.5266479890912157,-0.04995891342546677,0.01,0.01,False,False,False,True,True,True
12,56,0.1814126342781776,1.3009025792513884,False,0.6114181100507728,0.5898535265654682,-0.27195173801770234,0.01,0.01,False,False,False,True,True,True
10,47,0.5449019728201197,1.034581163678853,True,0.8400045757558227,0.8143605310137314,0.7455546161671485,0.44,0.41,True,True,True,True,True,True
8,61,0.23298001282070024,0.4501159000678452,False,0.5732978685363426,0.5317351361278727,-0.04292203815653073,0.01,0.01,False,False,False,True,True,True
9,19,0.3738397052896391,1.2783316389367738,False,0.7485853733316096,0.6899130818987831,-0.3623187958215477,0.01,0.01,False,False,False,True,True,True
3,35,0.37375066989190403,0.9030888551911045,True,0.8573137205506395,0.8655667054044457,0.8548171699260725,0.84,0.83,True,True,True,True,True,True
10,27,0.1787204113692223,0.9121121508802785,False,0.3173326484845689,0.255070977067528,0.1412734352856435,0.01,0.01,True,False,False,False,True,True
3,55,0.15263461706662074,0.698974099305812,False,0.695905238361932,0.7130791392693866,-0.6486432858162781,0.01,0.01,False,False,False,True,True,True
8,51,0.10778264458567752,1.461554925635965,True,0.832009767368191,0.809453407239442,0.9827636523933957,0.07,0.16,True,True,True,True,True,True
10,22,0.5882336310640677,1.0796884099764226,False,0.7802849618748143,0.738848745350789,-0.24256922317244212,0.01,0.01,False,False,False,True,True,True
12,39,0.06502839935690745,1.6262114646393953,True,0.46924884820174007,0.40639615937859025,0.9942251547426502,0.56,0.48,True,True,True,True,True,True
7,28,0.5373409191722538,1.2963777782463317,True,0.5682111002135585,0.5154590041396774,0.7296217032777448,0.02,0.03,True,False,False,True,False,False
6,57,0.18913517434196908,1.3072645166429309,True,0.5859519887504854,0.5470981521301419,0.9619348409278518,1.0,0.95,True,True,True,True,True,True
4,24,0.2750533211739091,1.8857079603086864,False,0.7670187731176776,0.6754979392711501,-0.7518215818505403,0.01,0.01,False,False,False,True,True,True
12,54,0.4805417381583431,1.1645091805948873,False,0.5298683981434185,0.4796737495579465,-0.17412816571725975,0.01,0.01,False,False,False,True,True,True
12,76,0.44350260063378705,1.5389847175594435,False,0.6730237688922297,0.6540735609899426,-0.1784571206489889,0.01,0.01,False,False,False,True,True,True
5,44,0.057788597330707236,0.9554527986537638,True,0.6185921371535681,0.5830045862652699,0.9956058286506768,0.43,0.46,True,True,True,True,True,True
8,50,0.22137959101779392,1.1162885112678185,True,0.11601186992459289,0.08820667243397329,0.9520244293709864,0.97,0.89,True,True,True,True,True,True
12,48,0.22130899093500972,1.043346115570002,True,0.7931533650070974,0.7761897454512435,0.9381765164517895,0.2,0.24,True,True,True,True,True,True
5,25,0.32193413327999876,0.42003231639863436,True,0.5814068412404317,0.5492672907414773,0.8625783041246244,0.85,0.86,True,True,True,True,True,True
6,46,0.05819227872822769,0.9789534603711882,True,0.4918734923877963,0.44102951838642085,0.9963394020390504,0.92,0.87,True,True,True,True,True,True
4,43,0.46780227252891465,0.3608136474916138,True,0.6376234971628628,0.636175257676766,0.7521032470309569,0.86,0.89,True,True,True,True,True,True
6,38,0.10230795269468443,0.7505960819878361,False,0.7934810574123201,0.7807156936828612,-0.43105624057384806,0.01,0.01,False,False,False,True,True,True
9,31,0.21027236361846396,1.247905831108175,True,0.2124791775024153,0.1641908261549563,0.9414745206874897,0.02,0.21,True,False,True,True,False,True
5,51,0.23794475619020822,1.6360986461816105,True,0.1085704459066249,0.08817809871302913,0.9400765383872084,0.02,0.21,True,False,True,True,False,True
4,52,0.3379326643923074,0.7169349842797854,False,0.9337561676875443,0.9348506244530786,-0.5070260817529881,0.01,0.01,False,False,False,True,True,True
6,25,0.20494298685844664,1.8335555736858233,False,0.051770987126322554,0.03589142103216994,0.8095761314652739,0.01,0.01,True,False,False,False,True,True
5,19,0.14324722610818813,1.2396213196475472,True,0.001602589802365495,0.0,0.9779173200341282,0.99,1.0,True,True,True,True,True,True
7,67,0.21261331104983383,0.7340785428990508,True,0.06986149225026272,0.05627888597238101,0.9515728258709546,1.0,0.97,True,True,True,True,True,True
9,10,0.20258358151287642,0.5700490099239528,False,0.19552322295844649,0.12634599556223025,-0.05739522889258408,0.01,0.01,False,False,False,True,True,True
3,10,0.20013710185056038,1.0205729958256302,False,0.604124061992285,0.5948949747646092,-0.5708455225888229,0.01,0.01,False,False,False,True,True,True
9,45,0.5806981330244854,0.37245446087067885,True,0.8990623244204068,0.8817828089254083,0.7256230239337995,0.42,0.45,True,True,True,True,True,True
5,19,0.09858975738422793,1.6789773980277662,True,0.9668595580207763,0.8203292962066527,0.9929629448636859,0.07,0.06,True,True,True,True,True,True
4,71,0.10376597223327866,1.746604013349578,False,0.5195943198838833,0.5024368953386005,-1.4121477911227078,0.01,0.01,False,False,False,True,True,True
9,24,0.3371189960931294,0.40771580934067186,False,0.35423274286854434,0.2861141955121497,-0.4042444764232016,0.01,0.01,False,False,False,True,True,True
10,79,0.4413661995769125,1.9870591919851293,False,0.22306215957607523,0.17677616087837664,-0.4371609424634686,0.01,0.01,False,False,False,True,True,True
3,48,0.08045561334545386,0.8755158898948432,True,0.19910711178417906,0.1676549368842164,0.9915043345939751,0.98,0.92,True,True,True,True,True,True
8,73,0.35946510783694646,1.1938024178442426,False,0.057666834968960634,0.047247124273647016,-0.21229534298906572,0.01,0.01,False,False,False,True,True,True
11,48,0.1905480263356331,0.8126525931850097,True,0.6747611528455589,0.6444290721781388,0.9512850814009863,0.36,0.46,True,True,True,True,True,True
10,10,0.5625976176761569,1.112073370200831,True,0.2497257979953884,0.16151548941921098,0.7509572194155292,0.33,0.34,True,True,True,True,True,True
9,64,0.33202483262945764,1.916206854586832,True,0.16647339507974146,0.12621409495235605,0.8826844861947925,0.01,0.04,True,False,False,True,False,False
7,51,0.23707441286450087,1.3037105820665733,True,0.030561357692844515,0.01829479650716552,0.9397497998283065,0.59,0.38,True,True,True,True,True,True
9,24,0.37977246540042714,0.5439477176538562,True,0.17369537617931574,0.12662932712798072,0.858755256835827,0.12,0.57,True,True,True,True,True,True
3,12,0.5450479627642648,1.6789766933987427,False,0.013262339018126013,0.0,0.3327423072876532,0.01,1.0,True,False,True,False,True,False
9,44,0.48424097116332643,1.397657879741673,True,0.8373666677333456,0.8422964752331791,0.7543639314866163,0.54,0.51,True,True,True,True,True,True
11,58,0.5768930377863493,0.40985147884060696,False,0.08984727356437117,0.06611252768658214,0.028928424862385005,0.01,0.01,True,False,False,False,True,True
8,18,0.1646918285861058,1.8503825463926125,True,0.7685187649553228,0.7404433973888904,0.9703989741612062,0.53,0.67,True,True,True,True,True,True
3,52,0.20314893586479305,0.5501015957673971,False,0.37524920650378435,0.36464636038453774,0.23372688768576488,0.01,0.01,True,False,False,False,True,True
5,55,0.19962481680271937,1.9920729807915198,False,0.656593005173716,0.6444061097378453,-0.5592521609013374,0.01,0.01,False,False,False,True,True,True
3,36,0.30045439999385964,0.3620533843906309,False,0.6447719733051,0.6487433754166209,-0.652933499349454,0.01,0.01,False,False,False,True,True,True
7,25,0.293866724960513,1.8304243321998115,False,0.43103448683894074,0.3608659404962637,-0.6485589494612394,0.01,0.01,False,False,False,True,True,True
4,57,0.05617540137784526,1.9436600737770326,False,0.6090340672726192,0.6105573564867428,-0.728780780260839,0.01,0.01,False,False,False,True,True,True
12,67,0.2667042395865262,1.3808373946520585,False,0.7702930335108129,0.7558812336100214,-0.20111060175670104,0.01,0.01,False,False,False,True,True,True
8,11,0.2622907560063645,1.5239983174914709,False,0.725022922937485,0.6438019253030697,-0.3824466942973239,0.01,0.01,False,False,False,True,True,True
8,28,0.3298452393111376,1.4579625601953463,False,0.6822232342815996,0.658459016867388,-0.3479902211443535,0.01,0.01,False,False,False,True,True,True
7,51,0.2686088842300079,0.5017436891260292,True,0.6206034710402916,0.6027478775328939,0.9248015665327787,0.13,0.11,True,True,True,True,True,True
9,50,0.46134308379126954,0.4375323974604738,True,0.18004683395832677,0.1402277152575947,0.7784730381787617,0.76,0.69,True,True,True,True,True,True
4,37,0.3007189351607054,1.2048135900825037,True,0.6889457191262629,0.6801406185402992,0.8943215904896719,0.67,0.65,True,True,True,True,True,True
9,27,0.3631292011307723,0.8455978575661505,True,0.11016463602859827,0.07971872075874778,0.8683487286612906,0.03,0.05,True,False,False,True,False,False
11,42,0.5095633106056847,1.1870266906897056,True,0.9683507342090544,0.9418983510098259,0.7801614890537152,0.22,0.22,True,True,True,True,True,True
11,15,0.29656042953757916,0.7495035952460186,True,0.7270798000563807,0.7123121086500486,0.8672696830159328,0.49,0.57,True,True,True,True,True,True
11,35,0.34494736914744284,1.0812417264542478,True,0.3567272942573392,0.2855488246633267,0.8641539331386758,0.4,0.43,True,True,True,True,True,True
7,51,0.4782556596248794,1.3029147833210923,False,0.449186291744075,0.39628722025424307,-0.6074467207592416,0.01,0.01,False,False,False,True,True,True
8,13,0.10939935012866286,0.3049741283913107,False,0.31129140658434185,0.24154049630037827,-0.07875438733833096,0.01,0.01,False,False,False,True,True,True
5,31,0.4018864861167907,0.46639155450909825,False,0.5194363883465222,0.44902052564924444,0.1553771860805333,0.01,0.01,True,False,False,False,True,True
12,45,0.5878324578707219,0.9607543467476274,True,0.315530298665866,0.2567378476929047,0.6954849545494246,0.89,0.86,True,True,True,True,True,True
4,16,0.33128223160291353,1.5433340567370313,False,0.08660975249440805,0.05379439657564287,0.3710412527059792,0.01,0.01,True,False,False,False,True,True
7,69,0.33209653594700744,1.6559616574894873,True,0.29660866549759346,0.24349192802882527,0.8696388702576492,0.03,0.12,True,False,True,True,False,True
7,32,0.29696484367145193,1.9824566891915036,False,0.924334110979517,0.9429818299514621,-0.3472281712748835,0.01,0.01,False,False,False,True,True,True
5,60,0.4671222333904451,1.1564638812719774,False,0.6739325484755259,0.6470201080065399,-0.7615190788190425,0.01,0.01,False,False,False,True,True,True
4,42,0.08973947745496036,0.6534113678908254,True,0.7094836143273408,0.6761094458261364,0.9902762812326785,0.48,0.38,True,True,True,True,True,True
7,58,0.40126571354917806,0.307789004374087,False,0.8474744228234518,0.8520797593141547,0.04456466863204811,0.01,0.01,True,False,False,False,True,True
10,25,0.3118757889117128,1.528122929518292,True,0.5094665262519401,0.44057340924290067,0.893342186095254,0.48,0.54,True,True,True,True,True,True
4,46,0.34793794683628637,0.6266465207863543,False,0.3614504669909583,0.3239683581867947,-0.1832726380834837,0.01,0.01,False,False,False,True,True,True
11,38,0.11046190015012076,1.3970004909702844,True,0.14412269406019818,0.1065009917090996,0.9882428103170158,0.86,0.52,True,True,True,True,True,True
8,13,0.5609967801006359,1.5539814488266097,False,0.8164687620219494,0.6773891042418941,-0.36592862974504325,0.01,0.01,False,False,False,True,True,True
7,39,0.43248409852138114,1.9346238491411119,True,0.97849834333104,0.9461623819326069,0.8121363370992435,0.02,0.03,True,False,False,True,False,False
12,54,0.26851042301727546,0.4126586996104191,False,0.013118527212777509,0.009305967081231405,0.1047346830903304,0.01,0.01,True,False,False,False,True,True
3,50,0.07444042498528618,0.5189531037438835,False,0.5647747012945944,0.5751553175518506,-1.111789060851215,0.01,0.01,False,False,False,True,True,True
10,49,0.45580708753294225,1.012859719911148,False,0.22917213526267532,0.17847199927628357,0.2197943594736046,0.01,0.01,True,False,False,False,True,True
5,73,0.09667705929368914,0.6925677324957897,False,0.6136836677957535,0.5998694031903351,-0.9349317370672416,0.01,0.01,False,False,False,True,True,True
6,13,0.5271359140669004,1.0183576513391124,True,0.3797902596648768,0.3263455687817716,0.7362037803504523,0.94,0.89,True,True,True,True,True,True
6,27,0.22412647146838655,0.6697292586850958,False,0.0746299590028181,0.055431822783743694,0.25956309812660117,0.01,0.01,True,False,False,False,True,True
3,24,0.08144054170800091,1.1669164341302931,True,0.7566294981673268,0.6778733564009198,0.9892461860186046,0.11,0.16,True,True,True,True,True,True
5,66,0.5141579201394086,0.4443222626628027,True,0.7739333534805696,0.7642161236728977,0.7527073688510796,0.81,0.7,True,True,True,True,True,True
5,66,0.5806720698991773,0.8761907260194342,True,0.22213936422416336,0.1850474931036516,0.6909204680120233,0.86,0.78,True,True,True,True,True,True
4,66,0.0953805876954939,1.3065538581893794,True,0.6512960936277197,0.6366932949467778,0.9865737267130542,0.7,0.7,True,True,True,True,True,True
7,76,0.41855765958848945,0.7478660774211952,True,0.2810065462386303,0.2366663522248413,0.8335461626547576,1.0,1.0,True,True,True,True,True,True
10,60,0.06430472151091023,0.4162205143628884,False,0.7499941687757432,0.7432897121729629,0.14132569479405233,0.01,0.01,True,False,False,False,True,True
10,34,0.24072096908862167,1.9270144205437219,True,0.860982446551219,0.7907213167003015,0.9323571363918846,0.51,0.38,True,True,True,True,True,True
11,74,0.2872766573273361,1.605189244298027,False,0.7080454828869712,0.6827753669961251,-0.23972643894930634,0.01,0.01,False,False,False,True,True,True
8,59,0.5436335247733435,0.7892671040279393,False,0.23120949089190257,0.19008718455650117,0.262452157512281,0.01,0.01,True,False,False,False,True,True
12,64,0.4783819854948881,1.934207320433303,True,0.41081249342893666,0.3533526236432744,0.7440301804251827,0.4,0.45,True,True,True,True,True,True
7,19,0.5489600829116231,0.8861052027536014,False,0.7188941005129796,0.6691779558630404,-0.3794745664368171,0.01,0.01,False,False,False,True,True,True
3,79,0.4409401185463449,1.0027802880581576,True,0.4420943555591914,0.43967193672788324,0.7955797851090599,0.42,0.43,True,True,True,True,True,True
9,54,0.06935345655966703,1.3889176590858356,False,0.4666118648650721,0.4187532969624495,-0.33099832862260015,0.01,0.01,False,False,False,True,True,True
9,59,0.4484934020859538,1.6957993672065275,False,0.6669954366381877,0.646962514176889,-0.34278439299090113,0.01,0.01,False,False,False,True,True,True
11,56,0.2989661010265487,1.5420247800079259,False,0.5201241584778049,0.48119765884684373,-0.26077091211616277,0.01,0.01,False,False,False,True,True,True
6,53,0.06129959245162564,1.5354655475333265,True,0.49051126431518144,0.4490181853504983,0.9949830781263982,0.75,0.68,True,True,True,True,True,True
5,66,0.449146544766532,0.6795980978775128,False,0.29716666178622264,0.2559070124734376,0.13274259300924862,0.01,0.01,True,False,False,False,True,True
6,22,0.20313201812790566,0.6571612142531559,False,0.2023095322902423,0.13683816289959694,-0.5101062938010952,0.01,0.01,False,False,False,True,True,True
12,20,0.3678187953286113,1.3898352025651837,False,0.952345259332038,0.8864363583974981,-0.07549328341658379,0.01,0.01,False,False,False,True,True,True
8,59,0.5354446119159636,1.9282013367150141,False,0.8648999794639605,0.8478623624582798,-0.3248801224741995,0.01,0.01,False,False,False,True,True,True
5,38,0.33764121482061477,1.1472423187665188,True,0.08804645372291375,0.06387452347641503,0.8853476509259737,0.92,0.67,True,True,True,True,True,True
5,71,0.1495112028260191,1.1610119693264056,True,0.7696828777925798,0.7456902295662988,0.9704940517009434,0.18,0.2,True,True,True,True,True,True
7,74,0.3022100025742333,1.6234841061769703,True,0.9087059809585737,0.8980310130392982,0.9141778884894026,0.44,0.32,True,True,True,True,True,True
5,55,0.11956073220374258,1.8396441102346754,True,0.684217588807941,0.6615712554357456,0.9792038575252213,0.77,0.86,True,True,True,True,True,True
11,25,0.5378779101955424,0.9633002193987641,False,0.03409363228461548,0.024059805867974546,-0.31774042671532365,0.01,0.01,False,False,False,True,True,True
8,70,0.4723982854325073,1.0824658880655738,True,0.017750961526152298,0.015319070961013209,0.7666713707539983,1.0,0.98,True,True,True,True,True,True
5,57,0.3743178952396699,1.9234588874976462,False,0.4461810351184764,0.39946656175948025,-0.29872863575787845,0.01,0.01,False,False,False,True,True,True
7,20,0.05635207832220499,0.3222051022102735,False,0.7449587409139234,0.6987233310133528,-0.06065112030013431,0.01,0.01,False,False,False,True,True,True
4,71,0.38047717502381867,1.9872370603989131,True,0.03654465721336153,0.030365885840580743,0.8721707679028111,0.01,0.02,True,False,False,True,False,False
5,25,0.4551865815372981,0.3876178095469006,True,0.060930878519634746,0.03224689803010178,0.7389583658947734,0.9,0.93,True,True,True,True,True,True
10,40,0.49264480636926244,0.4747542115834056,True,0.5931736677573072,0.5556036191292633,0.7608970337574481,0.83,0.79,True,True,True,True,True,True
4,29,0.4491111763826782,1.0744578654461208,True,0.03811509697151394,0.024709158022807126,0.8026535380606061,0.01,0.02,True,False,False,True,False,False
4,54,0.44133883729465084,0.888023861205016,False,0.5899580386263319,0.5700128552675964,-1.3263922222815183,0.01,0.01,False,False,False,True,True,True
6,74,0.5940446692211401,1.14731874050258,False,0.1868058631856001,0.15212230868241958,-0.9065449979761415,0.01,0.01,False,False,False,True,True,True
11,19,0.46793337776151067,1.0693605871849965,False,0.356840329747368,0.27677237692315587,-0.3603865219719511,0.01,0.01,False,False,False,True,True,True
3,60,0.2941321265794181,0.45522642756807996,False,0.9319587868952658,0.9349774054968129,-0.08806052685756272,0.01,0.01,False,False,False,True,True,True
6,75,0.5561056272870109,1.8068490101395855,True,0.40475769358934366,0.34442864460605344,0.719891110403255,0.23,0.21,True,True,True,True,True,True
10,62,0.5637684495358108,1.8407245186725547,False,0.1642822173490608,0.1283496135182398,-0.5071321803441424,0.01,0.01,False,False,False,True,True,True
9,36,0.4593109419976018,1.0480559723338723,False,0.6346771134806881,0.5844917240027985,-0.2450125994529173,0.01,0.01,False,False,False,True,True,True
4,61,0.4607194988061793,0.34830504597278683,False,0.07178859987103747,0.06109280593421549,0.5090519897876371,0.01,0.01,True,False,False,False,True,True
6,10,0.18678436815570998,1.8163194301548677,False,0.8167919759612585,0.6768982079513286,-0.3088571513328624,0.01,0.01,False,False,False,True,True,True
5,45,0.19918816480358803,1.731829136604342,False,0.4141468089278332,0.3713458956120984,-1.1787636169943378,0.01,0.01,False,False,False,True,True,True
12,63,0.514885897923032,1.6762746310700727,True,0.05349901428669601,0.039656555051986266,0.7770378709910878,0.99,0.83,True,True,True,True,True,True
8,32,0.08936081942088898,0.5988314738809137,False,0.3353930411093645,0.2645916604194418,0.3533645118371511,0.01,0.01,True,False,False,False,True,True
6,35,0.3309140326732468,1.2195060189508575,False,0.04477839792702509,0.03415905003849839,-0.9885254878073158,0.01,0.01,False,False,False,True,True,True
6,51,0.4596764287657638,1.9401088460483256,True,0.5952550696667332,0.5695398273469678,0.7598997648382333,0.34,0.41,True,True,True,True,True,True
8,63,0.35874936345603137,0.5367837886491351,True,0.8492898036660385,0.8403583031188545,0.858472235359912,0.87,0.88,True,True,True,True,True,True
10,70,0.1575080867538428,1.5575551548463162,True,0.4473354142332745,0.3827090437829402,0.9670481290358539,0.74,0.67,True,True,True,True,True,True
5,50,0.28095325724263037,0.6983260905421802,True,0.9279968120988212,0.9056022739021369,0.8973875785536762,1.0,1.0,True,True,True,True,True,True
6,69,0.36965531070880703,0.31645062332525425,False,0.8928091636070254,0.8707913049000948,0.3179198986632884,0.01,0.01,True,False,False,False,True,True
6,16,0.2850105947565869,1.991260948103686,False,0.6271807871069253,0.5710809587935725,-0.5418665178569968,0.01,0.01,False,False,False,True,True,True
5,56,0.08549472460669472,1.5610735042101174,True,0.15305932361449703,0.11903445208171481,0.9915725221097036,0.99,0.96,True,True,True,True,True,True
4,36,0.32004297040270463,1.3159023556630063,False,0.46963203129033027,0.45133327048129795,-0.5612642433870974,0.01,0.01,False,False,False,True,True,True
3,68,0.48717234789358677,0.661637230176586,False,0.0287083027638938,0.013401825895581152,-8.33395403405092,0.01,0.01,False,False,False,True,True,True
5,57,0.37485974203270245,1.5920581866591406,True,0.04420685716665862,0.03207536470196107,0.847833690672651,0.17,0.46,True,True,True,True,True,True
10,73,0.3643492705730497,0.44516374909548534,False,0.16038194055231925,0.12504233865376804,-0.1711046967504526,0.01,0.01,False,False,False,True,True,True
5,75,0.2995813727442201,1.950641027848584,True,0.40054969174943544,0.36083542556115367,0.9160437444518772,0.5,0.58,True,True,True,True,True,True
5,74,0.19206142857509345,1.820989987463797,True,0.8004121491143174,0.7889814322601585,0.953875732248448,0.06,0.08,True,True,True,True,True,True
6,76,0.06946796516153891,0.7592535281312869,True,0.42294717125000014,0.3702398814069594,0.9933569875254944,0.41,0.28,True,True,True,True,True,True
12,59,0.20773581350664644,1.4273779066367158,False,0.5293059423381827,0.4882739618885067,-0.28006947006984295,0.01,0.01,False,False,False,True,True,True
12,70,0.5206950791717272,1.3228442390963417,False,0.8280137454943821,0.8158041278755698,-0.15325044224178974,0.01,0.01,False,False,False,True,True,True
5,43,0.2602124516643439,0.9045796107813517,True,0.7196855350358898,0.6805969609960008,0.9228904868640052,0.79,0.69,True,True,True,True,True,True
8,11,0.2236447314179255,1.8652801399808243,True,0.6065903623506573,0.5219807906423306,0.9227352092948509,0.03,0.03,True,False,False,True,False,False
7,24,0.3740501119817457,1.2684151013430733,True,0.6715172434678233,0.5897805559250608,0.8611921645798004,0.85,0.81,True,True,True,True,True,True
8,34,0.34758300782414436,1.0892701033206131,False,0.7462058217868344,0.7087931987614046,-0.19132443362143126,0.01,0.01,False,False,False,True,True,True
11,36,0.5624999294810367,1.6462758034928209,False,0.4082632147832619,0.34079667845765915,0.0025972449393463215,0.01,0.01,True,False,False,False,True,True
8,17,0.4308578210430797,0.7367063976992851,False,0.378164038150415,0.28972146569472257,-0.35385272297703296,0.01,0.01,False,False,False,True,True,True
5,64,0.3084927277679908,0.5386740749274489,False,0.9317218534822322,0.9147618427397062,0.18742863881231042,0.01,0.01,True,False,False,False,True,True
12,22,0.16073134828529326,0.48659231909944267,True,0.34871370836236115,0.26571673800011464,0.971045691783423,0.15,0.27,True,True,True,True,True,True
11,43,0.17440039032533938,1.074083394015849,False,0.15046041727484316,0.11500069578435185,-0.08561663408587239,0.01,0.01,False,False,False,True,True,True
9,35,0.41240143643076954,0.8086564075463498,True,0.5414040893741296,0.4810451308990913,0.8241813524958715,0.17,0.25,True,True,True,True,True,True
9,50,0.20737752045933683,1.8688554848102277,False,0.44191358565108185,0.37541934285012835,0.06564643742759613,0.01,0.01,True,False,False,False,True,True
3,70,0.1449720363936055,0.5730592510269036,False,0.14417125316980373,0.1282829233095262,-3.4673873607682744,0.01,0.01,False,False,False,True,True,True
10,64,0.35057848056513435,0.4392880968225924,False,0.22456508870721048,0.17620464107119313,0.1393878520173828,0.01,0.01,True,False,False,False,True,True
11,68,0.22839875401993898,1.3105965686770813,True,0.23125000523361983,0.18054330874510768,0.9404968905689978,0.99,0.77,True,True,True,True,True,True
9,49,0.45470002385432456,1.2643030703315437,True,0.01882160673064459,0.012808936321696076,0.8254354366135032,0.28,0.28,True,True,True,True,True,True
6,11,0.5908744710422998,1.6534944324978704,False,0.8132681184840201,0.7087347913109154,-0.5398287219369382,0.01,0.01,False,False,False,True,True,True
11,23,0.14621257320667766,0.8380920979211675,False,0.6077773198766584,0.5554863107037651,-0.2196646218923608,0.01,0.01,False,False,False,True,True,True
5,53,0.5998851099831893,0.3112712123374556,False,0.8991034826322583,0.9066790480687352,0.3028118359917841,0.01,0.01,True,False,False,False,True,True
5,71,0.1533469769257039,0.3751626837641442,True,0.07791818387327809,0.06700501393242533,0.9752586136414844,0.88,0.96,True,True,True,True,True,True
7,31,0.447351566581211,0.4226502564445653,False,0.6624860123612076,0.6024804612968941,-0.2526294453060298,0.01,0.01,False,False,False,True,True,True
12,75,0.3922593795600602,1.2940383611226853,True,0.6702778716536846,0.650790301379693,0.8303414998763222,0.57,0.53,True,True,True,True,True,True
5,15,0.21740647492908388,1.6932240910350598,False,0.888600683792054,0.7400786777882757,-0.6072166593300123,0.01,0.01,False,False,False,True,True,True
4,29,0.3630918071070351,0.6621162259741231,True,0.26041609563757384,0.19351913252373687,0.804164297515003,0.99,0.97,True,True,True,True,True,True
12,62,0.07395054588615135,1.0019516216116988,False,0.4627265669997527,0.40722691418491797,-0.18653659334213413,0.01,0.01,False,False,False,True,True,True
12,25,0.24085077060834398,0.9421792987211788,True,0.5987953741217269,0.5423194462842935,0.9170537330588002,0.89,0.86,True,True,True,True,True,True
3,22,0.5874604102458867,1.7950000419671661,True,0.4581533495994763,0.40080481700918996,0.5787530915699757,0.73,0.78,True,True,True,True,True,True
6,43,0.1807608923925877,1.1026636663123544,True,0.4378347209566461,0.3769866310037067,0.9609984485192796,0.32,0.45,True,True,True,True,True,True
8,61,0.4350728153587792,0.30753252147439947,False,0.5804766517678628,0.5468014056996584,0.010439845044850848,0.01,0.01,True,False,False,False,True,True
6,64,0.24610859642617616,1.1590677108230885,False,0.9021461040984511,0.9046955015978747,-0.3573040113781467,0.01,0.01,False,False,False,True,True,True
8,55,0.08992341340013095,1.3125462234737573,False,0.6616675685914568,0.6410192153201785,-0.26992065091876793,0.01,0.01,False,False,False,True,True,True
9,52,0.11997933074823328,1.8699428447053015,True,0.030638417115796734,0.024891639175066666,0.9842309729325112,0.27,0.82,True,True,True,True,True,True
9,46,0.5884702778231805,1.9307006023380928,True,0.14477247538225835,0.10969621429073399,0.7482782370558863,0.87,0.78,True,True,True,True,True,True
12,43,0.32517797199787285,0.8041911988073853,True,0.8640650639123364,0.8304586063932802,0.8656157974674734,0.37,0.35,True,True,True,True,True,True
6,10,0.3648043465274495,1.489649054768519,False,0.5903090353977143,0.4921979081809945,-0.30139243855942754,0.01,0.01,False,False,False,True,True,True
10,54,0.1795192651635611,1.0005907561527076,False,0.06327113169430909,0.04733285925550523,-0.06773188938060892,0.01,0.01,False,False,False,True,True,True
5,42,0.23204325616467913,1.6549528065735586,False,0.8867544537967476,0.861816466882112,-0.5240492701783541,0.01,0.01,False,False,False,True,True,True
3,57,0.3765438030690203,1.011360362899027,True,0.2010552126611479,0.1648029665094969,0.8249404132650386,0.78,0.7,True,True,True,True,True,True
5,60,0.43112785479324023,0.7567134473731013,False,0.4506527004370944,0.4180731909236517,-1.34670303961027,0.01,0.01,False,False,False,True,True,True
7,14,0.20537932331065978,1.5988722922824747,False,0.9395876408114362,0.8631518358140235,-0.3579992994010186,0.01,0.01,False,False,False,True,True,True
7,31,0.5728742018537958,1.7901993674806165,False,0.08168496617581034,0.058308289433075616,-1.2513501449310391,0.01,0.01,False,False,False,True,True,True
8,77,0.06040373676615168,0.4949378462680819,False,0.4466448645262242,0.3989238221844766,-0.5173372886669121,0.01,0.01,False,False,False,True,True,True
12,75,0.59863356478801,1.1419182808982438,True,0.002253683592915001,0.0005614110867897745,0.7283636784053504,0.54,0.21,True,True,True,True,True,True
8,69,0.06398103014609895,1.0169513414081832,False,0.16246474521169563,0.12261560898366801,-0.1009663921278543,0.01,0.01,False,False,False,True,True,True
5,79,0.24602845966188752,0.6980840871201562,False,0.06277835405724064,0.05221170498076799,-1.2132858107559792,0.01,0.01,False,False,False,True,True,True
6,32,0.15116174386786513,1.9493312816227173,True,0.007183797403133241,0.00023927324009774735,0.9744444425504669,0.13,0.21,True,True,True,True,True,True
8,64,0.19336047301668735,0.4175584772658502,True,0.6183052007616537,0.5940808049292629,0.9569514654902286,0.29,0.23,True,True,True,True,True,True
7,58,0.24784130253801023,1.004896159757875,False,0.953472606368328,0.9457814339656345,-0.09280632150959556,0.01,0.01,False,False,False,True,True,True
3,34,0.463203383022224,0.305738704522139,False,0.6014126313316015,0.6176812546067121,0.632409270464842,0.01,0.02,True,False,False,False,True,True
7,78,0.5443970767823335,1.6098513917649189,False,0.0773356766006914,0.06256753232931096,-0.8894331675594573,0.01,0.01,False,False,False,True,True,True
10,31,0.26144799512757955,0.8511836123677103,False,0.30357104470181795,0.2384466548561995,-0.4848391256586435,0.01,0.01,False,False,False,True,True,True
8,32,0.5233078116741396,0.32323002175140225,True,0.6933444910647619,0.6476687277889265,0.7486328460309534,0.87,0.89,True,True,True,True,True,True
6,18,0.38031221627307216,0.6296276976463476,True,0.8105600075471343,0.7697708567779237,0.8852673778218798,0.84,0.83,True,True,True,True,True,True
6,68,0.576866820150366,0.5784363320278416,False,0.7875967045597947,0.7687959043838304,-0.3462856617749783,0.01,0.01,False,False,False,True,True,True
11,57,0.5992251448302527,1.549346211580034,True,0.2554820603267014,0.2028097739938669,0.6574715280502647,0.53,0.41,True,True,True,True,True,True
3,23,0.25571414595980296,1.8361152007054324,True,0.4798478407374257,0.45129913740315314,0.8939850536392584,1.0,1.0,True,True,True,True,True,True
3,57,0.36408783306697146,0.4232292784674305,True,0.46164823216367556,0.45751475312864853,0.8338846782203022,0.28,0.27,True,True,True,True,True,True
10,26,0.3156938076053104,1.3360167043897737,False,0.22569312876970304,0.16717942777728523,-0.5342524009547647,0.01,0.01,False,False,False,True,True,True
4,58,0.29247187175882866,0.9646556765944672,True,0.3113862777126488,0.2700693997346563,0.8832245369426548,0.18,0.21,True,True,True,True,True,True
10,76,0.5690861745561347,1.5757690000131008,False,0.37028174141695247,0.3132922684732599,-0.5892928492029721,0.01,0.01,False,False,False,True,True,True
7,34,0.36555061896091845,1.4258249706287511,False,0.41826078259008215,0.36228881229418547,-0.6563525232156169,0.01,0.01,False,False,False,True,True,True
8,32,0.24144590160410367,1.0074797746833726,True,0.012738293707313608,0.006611376389611742,0.9429991779755399,0.35,0.15,True,True,True,True,True,True
3,55,0.33323764428556113,0.9808321806095617,False,0.1744404048037993,0.13979344839045735,-0.7998170983422355,0.01,0.01,False,False,False,True,True,True
4,12,0.17856640758588677,0.7630193087172579,False,0.8333209216499073,0.775190137389752,-0.5245396405693237,0.01,0.01,False,False,False,True,True,True
11,28,0.1733501878601258,0.33456434255059914,True,0.7990158024460066,0.7558093907901237,0.9651817808625575,0.41,0.34,True,True,True,True,True,True
3,24,0.44613154318282183,1.789072362573549,False,0.8391545921246181,0.8446915556642254,-1.1613604498126966,0.01,0.01,False,False,False,True,True,True
9,14,0.3337120826004912,0.7122047512533594,True,0.5875482269529038,0.49462154596872515,0.8398829882153666,0.99,0.99,True,True,True,True,True,True
3,39,0.23509280142113703,0.8093619026387548,True,0.2985576682281188,0.263050219954037,0.9025421318487031,0.01,0.03,True,False,False,True,False,False
5,42,0.46367844290210863,1.987870753454261,True,0.003286506511375853,0.0,0.7745473823583418,0.92,1.0,True,True,True,True,True,True
5,54,0.3387436515640144,1.0057693002802643,False,0.5963326446019886,0.5663190265885414,-0.6879378429995846,0.01,0.01,False,False,False,True,True,True
3,28,0.5810079723106873,1.4266268398960014,True,0.9049456903366861,0.8472758808388924,0.8015758014795084,0.06,0.04,True,True,False,True,True,False
10,55,0.2793594664215583,0.3825110803936094,True,0.724169422056665,0.7134553358768849,0.9059643136602151,0.08,0.19,True,True,True,True,True,True
8,24,0.4178672733296138,0.7727449588690133,False,0.7795800744781463,0.7406764520765104,-0.14644909024042563,0.01,0.01,False,False,False,True,True,True
3,19,0.5281668404337941,0.4887513386147201,False,0.2954902778689291,0.26112516022309723,-0.5396133934132035,0.01,0.01,False,False,False,True,True,True
9,14,0.3310491612214375,1.6709225309512534,False,0.7336196341626069,0.586508404951134,-0.4084508802061253,0.01,0.01,False,False,False,True,True,True
11,70,0.30325799018681,1.088086827005463,True,0.8248545752601197,0.8117253256352498,0.8908470302816169,0.94,0.94,True,True,True,True,True,True
9,19,0.4130228576919086,0.32633651777114814,False,0.335958997767672,0.2628227377751271,-0.12012966320717888,0.01,0.01,False,False,False,True,True,True
8,47,0.3929561150751392,1.8750592556120595,False,0.2964214656380618,0.23642539609363952,-0.6458614404211362,0.01,0.01,False,False,False,True,True,True
6,57,0.43234702773215433,0.4365022996505613,True,0.4269078348459202,0.36563684835332605,0.804413289118522,0.98,0.99,True,True,True,True,True,True
12,69,0.5122508244870222,1.6927552375646635,False,0.6423073001155354,0.6164663790742875,-0.031143631894902102,0.01,0.01,False,False,False,True,True,True
7,55,0.41332711279523415,0.6932844252025653,True,0.7053136981818668,0.6891701255590623,0.80454737517977,0.68,0.59,True,True,True,True,True,True
8,40,0.5239977114310777,1.5853774161581586,True,0.008422087602269701,0.003562637927437196,0.7788895016516391,0.83,0.92,True,True,True,True,True,True
6,79,0.39010768347272406,1.1081646837618349,False,0.2535255584986199,0.2063591960973222,-1.0623162512445425,0.01,0.01,False,False,False,True,True,True
3,43,0.4249842518312059,0.6351032960392032,True,0.4621099846571344,0.42974178989324757,0.7492128692642495,0.27,0.23,True,True,True,True,True,True
3,10,0.4083824777447911,0.8214787538405139,False,0.06176663747464217,0.0101453669822732,-6.82032329992935,0.01,0.01,False,False,False,True,True,True
4,36,0.10288865452111313,0.8857159395712422,False,0.3668602095252199,0.30882176524167737,-0.7320427319204459,0.01,0.01,False,False,False,True,True,True
7,22,0.4736512007795702,1.0169828773147562,False,0.37418963829153395,0.3021278100921224,-0.7117121699667892,0.01,0.01,False,False,False,True,True,True
3,48,0.08985829251944065,1.9176064775013106,True,0.8878796967186252,0.8822512617484576,0.9886700549097804,0.6,0.68,True,True,True,True,True,True
5,33,0.4507465757023323,1.3624279368880519,False,0.03866972947722214,0.02577574205078962,-1.2683784047509072,0.01,0.01,False,False,False,True,True,True
3,59,0.4802987791328994,1.0698767475661874,False,0.5584203295173603,0.5610433722105085,-0.6459365325090305,0.01,0.01,False,False,False,True,True,True
4,21,0.4710876625895807,1.1760159591486756,False,0.6292040457578422,0.5786508290060355,-0.8233585567361892,0.01,0.01,False,False,False,True,True,True
4,30,0.2875738666973722,1.2293822364467886,False,0.6284916969200578,0.6148421489874223,-1.262836626613809,0.01,0.01,False,False,False,True,True,True
8,29,0.41663025339553517,0.36826530491686377,True,0.49429574828771894,0.43753443793942376,0.798151948432881,0.87,0.76,True,True,True,True,True,True
6,36,0.513509361860309,1.1735570898593224,True,0.7129242382105637,0.688499573074196,0.6835298945270385,0.5,0.55,True,True,True,True,True,True
9,64,0.47717262300983876,1.884892764213063,False,0.1906845327011789,0.15015103350825088,-0.8769755878829064,0.01,0.01,False,False,False,True,True,True
8,45,0.44391289324609107,1.580311580635556,False,0.3417605565196885,0.2747114118497804,-0.02856011088825916,0.01,0.01,False,False,False,True,True,True
11,68,0.577270007002888,0.6064697814665894,True,0.5183639051373522,0.48264927553014225,0.6855169545362605,0.28,0.28,True,True,True,True,True,True
4,23,0.14038283889603298,1.0151788735541392,True,0.2771710619762138,0.19403934434329825,0.979406706957037,0.14,0.24,True,True,True,True,True,True
3,36,0.3538455150727035,0.7959669175901531,True,0.8567887287245959,0.8536274327397306,0.8759984380606375,0.22,0.12,True,True,True,True,True,True
11,20,0.07652201938275521,0.3324880223125924,False,0.08419534598865441,0.05670472600839523,0.3477693921576671,0.01,0.01,True,False,False,False,True,True
7,48,0.5732637155827072,1.0341662498746271,True,0.9499237963793943,0.9304689718517134,0.7314891815581877,0.87,0.9,True,True,True,True,True,True
11,68,0.4373718914331292,1.5173453616428394,False,0.08101189621413396,0.05944235962149754,-0.43947519226708254,0.01,0.01,False,False,False,True,True,True
6,77,0.23515142592967964,1.7217371378860606,False,0.7684102012820054,0.7608746185632355,-0.25033199108652004,0.01,0.01,False,False,False,True,True,True
8,67,0.2534331682270305,1.3394548690190033,False,0.2815357482421439,0.22778686756876954,-0.6032763464809943,0.01,0.01,False,False,False,True,True,True
3,76,0.10376996666734965,0.8351327883425967,True,0.07279963710421389,0.06914087718121377,0.985594985139567,0.9,0.91,True,True,True,True,True,True
8,64,0.47555066757945236,1.212996664614696,True,0.675495782032588,0.6555267892225957,0.7810580880175506,0.52,0.47,True,True,True,True,True,True
5,61,0.3983922112089018,1.1755373652998513,True,0.7298230745737219,0.7204484688824319,0.8094902910904267,0.54,0.61,True,True,True,True,True,True
7,10,0.5291968286070419,0.4816584720460735,True,0.3891232670760414,0.23348609060920272,0.7019843837031874,0.6,0.35,True,True,True,True,True,True
12,13,0.5025307137255287,1.683885552327413,False,0.31863313001790794,0.23779018255003131,-0.24607460464023112,0.01,0.01,False,False,False,True,True,True
4,76,0.4758886171549358,1.5524227421905967,True,0.29827926880905253,0.2600244339130608,0.7710702881053213,0.9,0.79,True,True,True,True,True,True
5,70,0.5730935854054074,0.4492189949124516,False,0.8830678580660972,0.8584721260849196,-0.0367092549438488,0.01,0.01,False,False,False,True,True,True
4,77,0.2605504025252052,1.4809449640256553,False,0.4033835947459874,0.38061770686689983,-0.006467058743536702,0.01,0.01,False,False,False,True,True,True
8,37,0.18996679962491037,1.3990080322188607,True,0.9284284880384118,0.8608482274282893,0.9671612547945087,0.28,0.39,True,True,True,True,True,True
4,15,0.21075005238030015,0.7394384959499029,False,0.09072358294235494,0.05949993892716165,-2.1452539172096845,0.01,0.01,False,False,False,True,True,True
6,45,0.5798267351146681,0.3483159729096566,True,0.48399974181768346,0.44595977492435546,0.7021064075351491,0.78,0.85,True,True,True,True,True,True
6,60,0.45784428281963674,1.6327371672124062,False,0.5083662874553547,0.4666081962962912,-0.8180200984035042,0.01,0.01,False,False,False,True,True,True
9,15,0.18067087239446494,1.751084798532054,False,0.09038381054055633,0.054394339552892274,-0.6179877478704336,0.01,0.01,False,False,False,True,True,True
3,25,0.5780342529908081,1.8633434955987747,True,0.35719363694980577,0.34694582703991755,0.6925015147425668,0.36,0.28,True,True,True,True,True,True
12,52,0.5789627450355936,1.4489548823273817,False,0.23260029178564945,0.18217126925324428,-0.3814698691682794,0.01,0.01,False,False,False,True,True,True
6,34,0.2674566219587513,1.3221594762667745,False,0.18411697431485774,0.13977631870567525,-0.8578874188001462,0.01,0.01,False,False,False,True,True,True
8,78,0.08143739988897729,0.9245508758266408,False,0.34576291411470395,0.293448119204432,-0.059060759845985134,0.01,0.01,False,False,False,True,True,True
8,38,0.4551475122007683,1.0627993538922704,True,0.8836396205931519,0.8652066234787018,0.7943610152875709,0.84,0.89,True,True,True,True,True,True
6,31,0.38302078161310243,0.7518748894592664,False,0.4006344965430845,0.31679958991740037,0.32965184725403396,0.01,0.01,True,False,False,False,True,True
8,42,0.22462412113258995,1.3471974434519274,False,0.7178794765524658,0.6857866586597833,-0.418684666457388,0.01,0.01,False,False,False,True,True,True
6,64,0.2807960271372367,1.7201271088210002,True,0.9514949979631724,0.9376429257029257,0.9109234712534076,0.09,0.06,True,True,True,True,True,True
6,32,0.525320827308671,1.3143068766503812,True,0.05198932468322759,0.03686441726528337,0.7365960082821739,0.08,0.28,True,True,True,True,True,True
3,71,0.3296478630219251,1.221417353115508,True,0.2377561640245509,0.20781699788167982,0.8509003305027248,0.95,0.95,True,True,True,True,True,True
7,65,0.5357146549469414,1.1534350559778384,True,0.16541648948346843,0.1300237751102353,0.72454067334268,0.02,0.18,True,False,True,True,False,True
11,56,0.15924623441171126,1.9581028675542136,False,0.15587365087362381,0.12203907699537159,-0.37590252177694516,0.01,0.01,False,False,False,True,True,True
6,30,0.4362494902449527,1.3883149926587914,True,0.9776080080304902,0.9419086196750208,0.8633071192339531,0.45,0.51,True,True,True,True,True,True
9,40,0.3870337896963871,0.7923016256165676,False,0.5424125479088708,0.49973301836506245,-0.2721393272696402,0.01,0.01,False,False,False,True,True,True
11,42,0.40907881498335547,1.3186712556058373,True,0.3375723200396926,0.2764074992017288,0.8175746095547313,0.46,0.39,True,True,True,True,True,True
7,52,0.29011196059286626,1.0866562838137137,True,0.5621477219808284,0.5476730783722391,0.8964927988734286,0.98,0.96,True,True,True,True,True,True
4,16,0.4198985931757736,1.9317579249643075,True,0.5656669471364326,0.4635481879177982,0.7661769653988498,0.58,0.47,True,True,True,True,True,True
4,46,0.574899295458967,1.5310973723945482,True,0.8167587537291686,0.7642692451424254,0.6835714238488306,0.03,0.01,True,False,False,True,False,False
10,72,0.3897478898031356,1.4364337975367867,False,0.24931476767241312,0.19725486627009922,-0.3909861619591748,0.01,0.01,False,False,False,True,True,True
11,76,0.14487003843041554,1.1379851282299378,True,0.8334947269834275,0.817938106113476,0.9733013813679653,0.43,0.36,True,True,True,True,True,True
9,30,0.16560876763847515,1.577211774988857,True,0.7291314388099248,0.6796756897034925,0.9589305915392304,0.79,0.83,True,True,True,True,True,True
4,61,0.5660446219818136,1.8989515216298118,False,0.9529298458838694,0.927318742734739,-0.13306871262628817,0.01,0.01,False,False,False,True,True,True
7,22,0.47937653374547873,0.9815609189712053,True,0.9130519875557146,0.8702773433879071,0.7781653982491303,0.07,0.09,True,True,True,True,True,True
3,55,0.45877008334956243,0.4193000589581829,True,0.7563161601744296,0.772891678490876,0.8359266836163742,0.04,0.05,True,False,False,True,False,False
9,46,0.4127888482470376,0.477008898909894,True,0.43353813458211377,0.37698656937312036,0.8069015201204042,0.99,0.98,True,True,True,True,True,True
3,15,0.0992662646831496,1.708582253514281,True,0.6293018294285316,0.6620788025930482,0.9841825969605972,0.66,0.72,True,True,True,True,True,True
8,40,0.4062613951424622,1.5283475424714044,False,0.3660814564360382,0.3032982965841871,-0.43316425203450604,0.01,0.01,False,False,False,True,True,True
4,23,0.22221377872022507,1.1637065373854094,True,0.21975274996245964,0.16919407669641837,0.9133010517774245,0.88,0.81,True,True,True,True,True,True
7,41,0.47022418909489294,1.0349455340607514,True,0.865487773757852,0.851867060518277,0.7681261758655763,0.16,0.19,True,True,True,True,True,True
9,50,0.4090214416031332,1.4927923100191858,True,0.32502296897500926,0.26667659019392465,0.8378359369003516,0.99,0.96,True,True,True,True,True,True
11,22,0.1557610625176026,0.3331683087462849,True,0.7243513393358606,0.6975667476867017,0.9572581804818319,0.98,0.95,True,True,True,True,True,True
5,22,0.3517629388384373,1.469104605711947,True,0.3044895425158599,0.25232609746462026,0.8332090589048513,0.78,0.66,True,True,True,True,True,True
10,77,0.14619246884593948,0.6647152524229669,True,0.5590230880998356,0.522221109563823,0.9715139929691856,0.71,0.6,True,True,True,True,True,True
4,58,0.5660388494679433,0.6164530010685647,True,0.10971833134124742,0.0932805432736804,0.7336822199702542,0.01,0.08,True,False,True,True,False,True
3,62,0.5667226561541475,1.8425622119241685,False,0.032412261548970034,0.003806042945070235,0.7169936257752973,0.01,0.01,True,False,False,False,True,True
10,65,0.11282018587078527,0.46988113806680987,True,0.5721832975178119,0.5491583701634606,0.9833414014302251,0.94,0.91,True,True,True,True,True,True
5,34,0.28248601000861256,1.2266883568762796,False,0.9063507866452932,0.8960054915645607,-0.487159294809107,0.01,0.01,False,False,False,True,True,True
6,67,0.18389738194029792,1.527117130659516,False,0.08000176413815363,0.0659346406846405,0.41147944738295716,0.01,0.01,True,False,False,False,True,True
12,56,0.5662561345970686,0.8453304499045746,False,0.8674880648793284,0.8323337730114942,-0.052289585893588786,0.01,0.01,False,False,False,True,True,True
10,74,0.08070513663450125,0.9717000291624709,True,0.9499533170096432,0.9336149137119867,0.9938583539846512,0.96,0.91,True,True,True,True,True,True
5,57,0.4032828582477532,0.7598687242447704,False,0.3733156733548785,0.3221419456095894,-0.6545858939146787,0.01,0.01,False,False,False,True,True,True
6,15,0.4778233272172762,1.1646166215837457,True,0.026523311538969363,0.004575551063998065,0.7978293137003192,0.09,0.26,True,True,True,True,True,True
3,32,0.16424578523856237,1.3752939308033678,True,0.8022179276124237,0.836756760205365,0.954523832586435,0.77,0.71,True,True,True,True,True,True
9,35,0.16079763959300963,0.8933870170403297,False,0.7404873885167669,0.7017718350839304,-0.2978156252702242,0.01,0.01,False,False,False,True,True,True
3,46,0.2952420876370045,1.8700808725203157,True,0.8606392408616159,0.855504747162117,0.9301155716257229,0.67,0.78,True,True,True,True,True,True
4,51,0.18078376435749022,0.6232637938015122,True,0.12807145229806094,0.10542218138826955,0.9621978750972072,0.04,0.14,True,False,True,True,False,True
7,63,0.10981617972259247,0.38729254146773096,False,0.7415245128322101,0.7226225380014946,0.41017044964556704,0.01,0.01,True,False,False,False,True,True
12,19,0.18777156791688798,0.34196442313898534,False,0.4469896957486158,0.3609211008203126,-0.07292818108384691,0.01,0.01,False,False,False,True,True,True
5,67,0.1466890494003618,1.2918278160377148,True,0.6435112526435958,0.6157539245061713,0.9683891934525175,0.04,0.14,True,False,True,True,False,True
3,65,0.5358735294995354,0.43577645728310355,True,0.9238856744509135,0.9247345416335859,0.7147116312389046,0.13,0.13,True,True,True,True,True,True
3,39,0.3109490533987428,1.5267547558515202,False,0.9262793703911155,0.9500887535252446,-0.40138515385873896,0.01,0.01,False,False,False,True,True,True
9,24,0.19436104025139417,1.3642547534784122,True,0.8328121706093747,0.7821829158304907,0.9601173990943904,0.69,0.77,True,True,True,True,True,True
3,21,0.10524060333853884,1.2931872331883507,False,0.5512731035695978,0.5588460801391418,-0.9134095318042215,0.01,0.01,False,False,False,True,True,True
7,17,0.24952349171698057,1.444422464424384,True,0.4118284143278427,0.29990703270659924,0.9281140577492502,0.52,0.39,True,True,True,True,True,True
10,69,0.30143435637077126,0.4185290143032369,False,0.5642502521947108,0.529893563502446,-0.17087985948236772,0.01,0.01,False,False,False,True,True,True
6,30,0.21046635115062406,1.2140999295518962,True,0.978877316272238,0.9172317411015306,0.9478701611080725,0.01,0.03,True,False,False,True,False,False
3,20,0.0649376215550501,1.5103302050651604,True,0.1799141146548645,0.15368764379159902,0.9914659697475221,0.29,0.42,True,True,True,True,True,True
10,47,0.4540493119937441,0.7782437668744789,False,0.49533854105476804,0.43336750751452907,-0.3828026052310176,0.01,0.01,False,False,False,True,True,True
12,19,0.5961626530380806,1.7724273086679745,True,0.8292047308480426,0.7460011465073032,0.7253787356540649,0.69,0.76,True,True,True,True,True,True
8,74,0.5897014017557044,0.8814764592158706,False,0.7327286758916948,0.7197335769017094,-0.22780455438172797,0.01,0.01,False,False,False,True,True,True
8,67,0.08307440572240526,1.7378322885949753,True,0.3677687079071361,0.3139221057586637,0.9914830021890699,0.03,0.04,True,False,False,True,False,False
6,19,0.33221419526896045,0.7001729921727606,True,0.6921328224841216,0.6834028157554989,0.8811016400125325,0.85,0.89,True,True,True,True,True,True
3,24,0.15042293576316038,0.7709521597807247,True,0.2782844362934439,0.21564014175947968,0.9584332196351752,0.2,0.64,True,True,True,True,True,True
3,73,0.15964580453674243,1.2068165502990338,True,0.19499554334089186,0.16950254070961202,0.9580465960624043,0.49,0.56,True,True,True,True,True,True
5,13,0.15898026017556305,1.4147465469855787,True,0.20476483982024274,0.14193223128224125,0.9666002030741413,0.82,0.75,True,True,True,True,True,True
12,43,0.20489333684674765,1.194778987816112,True,0.9596136800497489,0.9493975947253004,0.960316514606668,0.95,0.92,True,True,True,True,True,True
8,75,0.34098016361304917,1.0483714712441168,False,0.3595205022013266,0.3045777258363253,-0.41127776869428434,0.01,0.01,False,False,False,True,True,True
4,21,0.20609436251110946,1.8017778570367795,True,0.10008827324280667,0.07602352533281778,0.9497998764069692,0.95,0.89,True,True,True,True,True,True
12,20,0.09062854246080122,1.8197499749282895,False,0.45617189516810885,0.3782961026694275,-0.37546637363688506,0.01,0.01,False,False,False,True,True,True
11,21,0.18571135948267914,0.719280843602427,False,0.7956453306286339,0.7361158931681813,-0.08956957855014558,0.01,0.01,False,False,False,True,True,True
9,16,0.38887699932793407,1.5417910304087354,True,0.6825885473337582,0.6052115901914727,0.7932150202304439,0.88,0.93,True,True,True,True,True,True
6,23,0.4142097544374509,0.8498838812383163,True,0.11313918716062599,0.06864317501469024,0.8059908329571548,0.76,0.6,True,True,True,True,True,True
12,33,0.5096096091105984,1.4918365866211574,True,0.7925657413613654,0.7538885066194363,0.7354794607416569,0.84,0.83,True,True,True,True,True,True
4,50,0.3522655113414722,0.8878975138577236,False,0.35322677397117697,0.32069368355187133,-2.25776216470595,0.01,0.01,False,False,False,True,True,True
4,57,0.5694417158320401,1.9859828951693572,True,0.6637807989861514,0.6380842089407325,0.6549553667152768,0.18,0.16,True,True,True,True,True,True
6,46,0.3696012788716953,1.4469569054822544,True,0.22130028955960235,0.17373768933693542,0.8508262841956391,0.31,0.3,True,True,True,True,True,True
6,56,0.3476836560787633,1.588915483626129,True,0.17234793276107874,0.1353522027824715,0.8734278547625536,0.69,0.85,True,True,True,True,True,True
10,68,0.5059460940754508,1.1498202741071297,False,0.9682544521215354,0.9437184762258427,-0.14830334871418516,0.01,0.01,False,False,False,True,True,True
3,58,0.23280376833548788,0.7775323112535508,True,0.30541245846136456,0.2864559436254359,0.93053637983761,0.21,0.19,True,True,True,True,True,True
9,32,0.4648685994492294,1.5308870418216194,True,0.7850748550925768,0.7368549532463693,0.7869704459245072,0.55,0.44,True,True,True,True,True,True
8,75,0.46840181420428023,1.221945579091723,True,0.9822973343241324,0.9778887806479456,0.8122305589849539,0.89,0.95,True,True,True,True,True,True
7,56,0.553806214050017,0.3262240160536582,False,0.4335060666681645,0.3652490290608156,-0.0465719805321092,0.01,0.01,False,False,False,True,True,True
10,27,0.435371916729412,0.7231030569177384,True,0.7663605801404976,0.7322801762317568,0.8161747535638864,0.58,0.64,True,True,True,True,True,True
11,67,0.310606577189387,1.0618188759967928,True,0.8119062341047664,0.8001734664320265,0.8840269278972767,0.83,0.78,True,True,True,True,True,True
4,59,0.29318918281416995,0.7595139045099075,True,0.2176915190672145,0.17240893096447787,0.8962956005606121,0.49,0.61,True,True,True,True,True,True
11,44,0.5249731085007006,1.2745658128483779,False,0.08865173832265938,0.06394706922492151,-0.4829643192205375,0.01,0.01,False,False,False,True,True,True
4,43,0.4255558802566622,1.2341770654675266,True,0.8599017578014818,0.8125006230546655,0.7644839651136637,0.36,0.42,True,True,True,True,True,True
3,21,0.5267916897710891,1.6566287866249516,True,0.6953224233980921,0.6670148806963182,0.6124424777686266,0.43,0.38,True,True,True,True,True,True
3,56,0.13544810721626316,0.3461078993994285,False,0.4630344659936736,0.47391918906205827,-0.4589556251244036,0.01,0.01,False,False,False,True,True,True
5,27,0.4812540354710458,1.798777776437734,False,0.688609257508338,0.6954317280242642,-0.5781011663726776,0.01,0.01,False,False,False,True,True,True
9,14,0.22297497254112997,1.7543206283911796,True,0.2452361391365825,0.1599207054764948,0.9392598129135954,0.56,0.56,True,True,True,True,True,True
3,57,0.5321978052979044,0.709987697683738,True,0.17653648517951936,0.15060245035393618,0.7273086796590129,0.49,0.73,True,True,True,True,True,True
5,11,0.21484242121119618,1.809937511809073,True,0.6428692965926129,0.6082959192958327,0.9435235835663008,0.23,0.25,True,True,True,True,True,True
10,21,0.3537605081702788,1.55696057599936,True,0.8762083941001028,0.7668522157289646,0.8684038417643039,0.28,0.36,True,True,True,True,True,True
11,16,0.2112267817513196,1.939808275281138,True,0.9136920108964183,0.8033982996756963,0.9569916586350149,0.83,0.78,True,True,True,True,True,True
4,24,0.5607301648964625,1.9480727620786094,True,0.3756282181968128,0.28674706723870197,0.6759779600480188,0.72,0.67,True,True,True,True,True,True
9,77,0.17413499142153707,1.2084867966464368,False,0.3815972449263627,0.32336255675942055,-0.5730916690137977,0.01,0.01,False,False,False,True,True,True
3,20,0.38655346795678286,0.34050919575621613,False,0.09901102785729576,0.08019071943321011,-0.5628870833505957,0.01,0.01,False,False,False,True,True,True
7,57,0.14840834315405543,1.6089038108741571,False,0.7638314306890795,0.7256026174434856,-0.24678933549567383,0.01,0.01,False,False,False,True,True,True
6,37,0.2523391117263734,1.2095418796385087,False,0.9557371385810433,0.9063292274098916,-0.4097265705470545,0.01,0.01,False,False,False,True,True,True
4,18,0.36684040219942615,0.7375928596266164,False,0.01807901860796457,0.004688762691825179,0.30915708969191524,0.01,0.01,True,False,False,False,True,True
3,65,0.1330290572685768,1.6492788372487484,True,0.8322352094511797,0.8526975260175446,0.9827521923817838,0.57,0.65,True,True,True,True,True,True
5,40,0.4497456098344922,0.5635402666074789,False,0.005520933718597187,0.0,-1.378126236262231,0.01,1.0,False,False,True,True,True,False
10,68,0.5563451075302387,0.7674182292958851,True,0.5856504608169588,0.5531413414849152,0.7170289089316322,0.95,0.91,True,True,True,True,True,True
3,70,0.30619933824336976,1.2027943734974038,True,0.8259835979595481,0.8267528448419976,0.8879102782181073,0.15,0.19,True,True,True,True,True,True
3,29,0.2422020626435084,0.8041500676275879,True,0.8459221595180519,0.849830560768385,0.9419810945517398,0.05,0.07,True,False,True,True,False,True
3,74,0.116900139537315,0.48795532089755933,True,0.654740081098904,0.6775570999579618,0.9806341769448665,0.13,0.23,True,True,True,True,True,True
9,52,0.09686172066888858,0.6038576843065384,False,0.9393223721013287,0.9332528360875606,-0.028468267111253054,0.01,0.01,False,False,False,True,True,True
4,13,0.3235288546856012,1.2419540167607552,False,0.45212515325749125,0.34932471709733554,-1.857371897146682,0.01,0.01,False,False,False,True,True,True
6,43,0.28508779029086884,1.3287390284432068,False,0.8242899291396649,0.7832539490711203,-0.3600600201550168,0.01,0.01,False,False,False,True,True,True
9,13,0.1265032217630823,0.5618789860223681,True,0.7842799598467821,0.7212333582878935,0.9824811814035501,0.59,0.63,True,True,True,True,True,True
9,42,0.4639377400814406,1.8722868139005595,False,0.2861145576287174,0.22997232543580337,-0.5257287636607084,0.01,0.01,False,False,False,True,True,True
5,11,0.0758409959946014,1.79369105299081,False,0.4205140031216029,0.2674240146551874,-0.9930700391433691,0.01,0.01,False,False,False,True,True,True
6,71,0.42129077259599546,0.9909364004902859,False,0.6563847632463602,0.6304435957103476,-0.20539251066523567,0.01,0.01,False,False,False,True,True,True
3,24,0.29289729448866214,1.1341784406379531,True,0.4648253530160741,0.4006212317713324,0.8779506724426296,0.61,0.56,True,True,True,True,True,True
10,56,0.187646982457307,1.8832789923034334,False,0.9297186247871742,0.9194785127191571,-0.23670340494989905,0.01,0.01,False,False,False,True,True,True
7,67,0.5718569121861907,0.5056931470291577,False,0.5166224844825965,0.4780754119565123,-0.5151319011781934,0.01,0.01,False,False,False,True,True,True
10,59,0.39509131227067196,0.7569765588925617,False,0.2001558796557944,0.15403351345045424,-0.5143687765440821,0.01,0.01,False,False,False,True,True,True
9,74,0.25716970443779014,1.618347650176434,False,0.5890398375532023,0.5645492476172431,-0.3649984207569925,0.01,0.01,False,False,False,True,True,True
8,16,0.5242191344741561,1.6081215050861941,True,0.6514660086067855,0.5912320975120019,0.6721273052313148,0.15,0.16,True,True,True,True,True,True
11,56,0.14628512745872302,0.7555571322905639,True,0.6662029380109589,0.6379647443675309,0.9694989454534614,0.63,0.51,True,True,True,True,True,True
5,59,0.5692321131890422,1.6107285350421812,True,0.47489183009082436,0.41938452256700226,0.7170778534901437,0.77,0.86,True,True,True,True,True,True
6,37,0.5709679813125104,0.744097706171128,True,0.8542488922709259,0.7849445903955939,0.6634220986769539,0.96,1.0,True,True,True,True,True,True
8,72,0.5127503192096395,1.0979222105132944,False,0.2865610316339756,0.2342766997402443,0.022980064890086194,0.01,0.01,True,False,False,False,True,True
12,58,0.503881800854913,1.7123444978811881,True,0.6504896814854534,0.6325469999586406,0.7080865083793548,0.33,0.33,True,True,True,True,True,True
3,27,0.22702125835503267,0.8920031788800031,False,0.8287672157488947,0.8640986540958243,-0.9700082755781445,0.01,0.01,False,False,False,True,True,True
8,62,0.23374262254340517,1.241584032181546,False,0.24136833018091886,0.1952371281469017,-0.5792793141506125,0.01,0.01,False,False,False,True,True,True
9,74,0.24112856110768222,1.929765749402409,False,0.8632913632963813,0.8529406401148241,-0.25808448874380674,0.01,0.01,False,False,False,True,True,True
10,47,0.5733478234396746,1.3407571375390708,True,0.04963574918263902,0.035794358847919885,0.7500748529175415,0.64,0.56,True,True,True,True,True,True
4,53,0.44495410724093437,1.7274056103884254,True,0.0003971314101859358,0.0,0.7887426996675474,0.74,1.0,True,True,True,True,True,True
3,21,0.1756193904102346,0.5387381149880438,True,0.04233537068023141,0.032021572939922686,0.9619846676303792,0.17,0.69,True,True,True,True,True,True
7,12,0.4253916235241371,1.9713269465319254,False,0.8986878044762375,0.8411812213466027,-0.4667966008666682,0.01,0.01,False,False,False,True,True,True
7,60,0.3693381242645528,1.6492384193138354,False,0.1884645758091612,0.1475857503676324,-0.8798800027077132,0.01,0.01,False,False,False,True,True,True
5,21,0.2688597574333376,1.24887880999238,False,0.950091076886345,0.9056616996996307,-0.4843696756197755,0.01,0.01,False,False,False,True,True,True
3,24,0.17692871267445054,0.7629186391092455,True,0.47826741426690744,0.44303142935669265,0.9530287208231667,0.82,0.86,True,True,True,True,True,True
12,35,0.4225459950170129,0.677748405604659,False,0.7966292962612231,0.7718512408900029,-0.11053866293047299,0.01,0.01,False,False,False,True,True,True
7,69,0.5773377733115425,1.79592274102354,False,0.04984015805768849,0.04105434723208555,0.026553233382869967,0.01,0.01,True,False,False,False,True,True
4,79,0.3403240992568496,0.6771334499737598,True,0.0035331105401397167,0.0005360289805433502,0.8961425295260372,0.01,0.02,True,False,False,True,False,False
4,16,0.33961197563314166,1.3242748708221577,True,0.5600619144286304,0.5440503065831009,0.7994156461460001,0.9,0.88,True,True,True,True,True,True
10,74,0.34143990923919315,0.73429082801466,False,0.6289305055631983,0.6060795353342674,-0.1739026568781772,0.01,0.01,False,False,False,True,True,True
6,35,0.08156526396807104,1.562547397196794,False,0.05271175447231746,0.041073066604668036,-1.2173071844315855,0.01,0.01,False,False,False,True,True,True
11,21,0.42724952089302276,1.0557386477160664,True,0.7994271091039279,0.7230348520752543,0.8076885734654745,0.2,0.25,True,True,True,True,True,True
9,46,0.2729633768942002,0.326260139442298,False,0.6452271395240352,0.6165436935240385,0.3792581399075865,0.01,0.01,True,False,False,False,True,True
11,35,0.3038889545717923,1.095962722869815,False,0.8235438914520085,0.7939313517717187,-0.18698477793696644,0.01,0.01,False,False,False,True,True,True
6,42,0.47575169459892697,0.6001151254257671,False,0.5488524061164531,0.5279718023666843,-0.42141923107372836,0.01,0.01,False,False,False,True,True,True
7,42,0.39629983355980986,1.5946699990673785,False,0.8655398311478956,0.8687992160582823,-0.37829853010199255,0.01,0.01,False,False,False,True,True,True
7,38,0.2621040085586249,1.979141832706331,False,0.2674914655114209,0.21570528452739263,-0.6209838245961645,0.01,0.01,False,False,False,True,True,True
4,43,0.051261723170445916,1.7797332070260543,True,0.8079420347458801,0.7670440995783574,0.996498073984888,0.02,0.04,True,False,False,True,False,False
11,41,0.33155051673981945,0.8904764709025208,False,0.33984943194981665,0.27959477507731606,-0.36319436078368983,0.01,0.01,False,False,False,True,True,True
11,48,0.10141667891513026,1.7269386904759298,False,0.7631290426074774,0.7408215953195737,-0.22522913573143377,0.01,0.01,False,False,False,True,True,True
3,28,0.38632095557863677,1.0010754093926584,True,0.9121110979323235,0.80848276940195,0.837109572900334,0.36,0.35,True,True,True,True,True,True
5,15,0.18411344988495315,1.878271856612075,False,0.8933695367222687,0.8167154319186238,-0.271894250854394,0.01,0.01,False,False,False,True,True,True
6,18,0.45575664408421246,1.8117214931535865,False,0.39644905763214866,0.3151003326325717,-0.680152110919783,0.01,0.01,False,False,False,True,True,True
7,58,0.3203741627748591,0.3893000874927971,True,0.9811897522380189,0.9719918953248396,0.9046103152519379,0.5,0.56,True,True,True,True,True,True
10,47,0.5906511649872093,0.47628949589221997,False,0.6591763139159537,0.6190708190738246,0.20498343577496636,0.01,0.01,True,False,False,False,True,True
3,41,0.48284306974947905,0.9878182523560777,False,0.9431511788342819,0.8903669710621637,-0.2462295721074501,0.01,0.01,False,False,False,True,True,True
5,34,0.3933470442079671,0.9747508642725322,False,0.7786294473467231,0.7846444829598782,-0.4303618089218395,0.01,0.01,False,False,False,True,True,True
11,51,0.4792175612350061,0.38137902534238155,True,0.16668139051767872,0.12877609493996184,0.79114369838222,0.14,0.26,True,True,True,True,True,True
3,47,0.21807748542140704,0.6484382433672138,False,0.652393154927883,0.6645101227441733,0.7427235733550613,0.01,0.01,True,False,False,False,True,True
5,50,0.2927458625521394,0.41637651982437124,True,0.6931782511402548,0.6840194449906227,0.8790126357672623,0.7,0.73,True,True,True,True,True,True
12,14,0.4131628146328783,0.8237388500836518,False,0.01621283421744968,0.006891954906451435,-0.09520804701821706,0.01,0.01,False,False,False,True,True,True
11,46,0.4014735080903351,0.9364064274157853,True,0.5009327192500568,0.4535621630690755,0.7996031599153548,0.18,0.18,True,True,True,True,True,True
11,21,0.3069066817712224,1.7958033203592465,False,0.9297981090546621,0.8658797835576862,-0.2034058377051955,0.01,0.01,False,False,False,True,True,True
7,74,0.16591835067261498,0.8731177264038747,False,0.42610674293157846,0.3697987574853071,0.10824120398811365,0.01,0.01,True,False,False,False,True,True
10,12,0.3271949786016843,1.9130193212609248,False,0.4415884297171242,0.345363109798155,-0.30231080625946305,0.01,0.01,False,False,False,True,True,True
10,61,0.3734049311171577,1.7635435404646016,False,0.9023675330995611,0.8836200796887929,-0.24820959836214485,0.01,0.01,False,False,False,True,True,True
12,62,0.2750949207728099,1.6941694838357302,True,0.9249321472137555,0.9058594296092248,0.9266164760670643,0.41,0.46,True,True,True,True,True,True
10,18,0.22056688899836924,0.534015990673383,True,0.707010794167271,0.6852924121116197,0.9495232813785776,0.65,0.52,True,True,True,True,True,True
12,24,0.3312826440820347,1.6790856335778053,False,0.35010612183702283,0.2820887235735279,-0.29736786572458596,0.01,0.01,False,False,False,True,True,True
5,35,0.17828017425692355,0.5592437837360484,False,0.28298248888692956,0.24065865731440267,-0.055291488928818966,0.01,0.01,False,False,False,True,True,True
12,14,0.05866695808830766,1.7939543287635533,False,0.3651847911716418,0.2816249917086285,-0.3998677343160375,0.01,0.01,False,False,False,True,True,True
11,51,0.14041322924618205,0.5655102269876308,False,0.6505073620804561,0.6337656031123499,-0.20382400308629411,0.01,0.01,False,False,False,True,True,True
7,58,0.09399333175087479,1.315827835570164,True,0.4237660487047572,0.36255335493872987,0.9893411849973961,0.64,0.7,True,True,True,True,True,True
10,33,0.10223870696934548,0.801567198420535,True,0.28749114727261216,0.23157541856206695,0.987482561494083,0.46,0.34,True,True,True,True,True,True
7,22,0.17770560343961295,0.31434679887536215,True,0.6084716551774422,0.5595578312151334,0.9624222959330789,0.28,0.31,True,True,True,True,True,True
4,29,0.4457325920074013,1.7813887525014676,True,0.6524482657148769,0.6380147976589858,0.7364888665679161,0.07,0.1,True,True,True,True,True,True
5,61,0.11620460200894259,1.4944850341265088,True,0.9272412730987405,0.9249230444631247,0.9836930108340487,0.52,0.69,True,True,True,True,True,True
4,31,0.4561865500046103,1.4950434961654726,False,0.6079640075118301,0.5420151613153936,-1.0659642436715426,0.01,0.01,False,False,False,True,True,True
9,18,0.16786630856223955,0.7072827747675023,True,0.7449096228914083,0.7024948611785891,0.9652063328931026,0.1,0.08,True,True,True,True,True,True
10,14,0.1491624551486488,0.46311900259688904,True,0.0790178477601331,0.04515194271861049,0.975008409003156,1.0,0.96,True,True,True,True,True,True
4,37,0.5757995087078751,0.9910883266310375,False,0.44570875861467496,0.4313164184591622,-0.8230846801801259,0.01,0.01,False,False,False,True,True,True
5,51,0.4821304962691062,1.6298427912510984,False,0.5729427712538119,0.5496898395386876,-0.8143997735934041,0.01,0.01,False,False,False,True,True,True
3,63,0.4464748103438393,1.3119448957664288,True,0.5569394772209302,0.5641199072744755,0.7593783789255703,0.02,0.05,True,False,False,True,False,False
10,37,0.052321568516209824,1.8644587016671206,True,0.9550340125248001,0.9229095701286784,0.9965890958482881,0.74,0.79,True,True,True,True,True,True
7,36,0.5857979240801924,1.1061866788664803,True,0.9291715909590709,0.9023297487927268,0.7071705524062899,0.98,0.98,True,True,True,True,True,True
7,22,0.27408922054123697,0.8290019428644253,False,0.8069027360536263,0.756134455305931,-0.1275962567813591,0.01,0.01,False,False,False,True,True,True
4,51,0.49689308427752155,0.442436459699196,False,0.9578211566138548,0.944971510483633,-0.4751734762224231,0.01,0.01,False,False,False,True,True,True
3,26,0.2960839252157416,1.5788801712004021,False,0.5044445654758772,0.5489042276724491,-1.6173562275010753,0.01,0.01,False,False,False,True,True,True
10,21,0.19751941407904589,0.9477480705420338,False,0.13153048585825566,0.09152394731990228,-0.5675074421551658,0.01,0.01,False,False,False,True,True,True
3,56,0.2717028479996223,1.9610278341432126,False,0.2716054064134079,0.21389754406746916,-2.2780107744939264,0.01,0.01,False,False,False,True,True,True
3,61,0.1608243706464517,0.4708754624416662,True,0.6693496530651446,0.6930482804005648,0.9624019578796161,0.82,0.82,True,True,True,True,True,True
7,34,0.3560006145055856,1.209166593957699,True,0.24129115694715175,0.19698319291719382,0.8905446439403149,0.08,0.13,True,True,True,True,True,True
5,13,0.3583072746714742,1.1098626020326283,False,0.4230550824987348,0.3452317244708091,-0.5929531806023602,0.01,0.01,False,False,False,True,True,True
12,55,0.20182874026402503,0.6818834295849763,False,0.4713790227097434,0.4128088211281311,-0.23584836049043,0.01,0.01,False,False,False,True,True,True
9,78,0.377674987304715,1.562210523383223,False,0.1135232257841966,0.08619187997460598,-0.3065606158485965,0.01,0.01,False,False,False,True,True,True
3,19,0.43542477775880467,0.9103962538586883,False,0.20074617026350094,0.15410549761230963,-4.265647154152209,0.01,0.01,False,False,False,True,True,True
5,55,0.10760547883560495,1.5620573718571384,True,0.3496662781945309,0.2855823275972845,0.9861929005868677,0.23,0.25,True,True,True,True,True,True
9,70,0.11610595372907355,1.9552462955612677,False,0.7256602858627029,0.706577244840775,-0.3126805955710279,0.01,0.01,False,False,False,True,True,True
8,62,0.13555640544261477,0.369171047876711,False,0.2735703501663098,0.2245795646748896,-0.32107834367857335,0.01,0.01,False,False,False,True,True,True
10,53,0.47610287963709064,1.3574838531341187,False,0.2830252437498191,0.23139225756757756,0.028497127171291603,0.01,0.01,True,False,False,False,True,True
10,37,0.47518655335909205,0.8554713438894788,True,0.6686276566581474,0.6423932501469736,0.7591929605482792,0.87,0.86,True,True,True,True,True,True
4,36,0.4623849171115232,0.9931910221858946,False,0.16461275318495594,0.13239821712657723,-0.5858321715525574,0.01,0.01,False,False,False,True,True,True
9,16,0.3429959285444122,1.6430701738811981,True,0.580888476367189,0.512075661812316,0.8822890036785145,0.81,0.75,True,True,True,True,True,True
10,39,0.4548411000902787,0.5738771935619609,False,0.37857001493805786,0.31637458077507497,-0.3539709450186288,0.01,0.01,False,False,False,True,True,True
7,23,0.3404463789654868,1.986909777790997,False,0.04168951252510911,0.022611250382356993,-1.1709291794329117,0.01,0.01,False,False,False,True,True,True
11,13,0.5826202024029605,0.4587318406529125,True,0.6181350628345589,0.5100890237006144,0.6527979157791728,0.5,0.4,True,True,True,True,True,True
3,62,0.11065253541699567,1.5031230772494577,False,0.790640377391538,0.7589709911837986,-1.2592199869434784,0.01,0.01,False,False,False,True,True,True
7,19,0.518084909843329,1.249193461326938,True,0.7850652186297699,0.7466308861682998,0.746690402847338,0.6,0.57,True,True,True,True,True,True
11,49,0.35697683546469794,0.7882116357679485,True,0.7209235851760468,0.6975165060083652,0.8752455467196945,0.17,0.22,True,True,True,True,True,True
3,66,0.30294876381967445,1.8560847113008552,False,0.16581166161814687,0.14970304517981772,-0.40556152566350834,0.01,0.01,False,False,False,True,True,True
3,70,0.2358858469369744,0.40829422556726247,True,0.545265528725384,0.5747931694780329,0.9270591501940595,0.29,0.35,True,True,True,True,True,True
4,23,0.053248425051448015,1.2149777424299664,True,0.47458893968121485,0.4335548399495697,0.9943722385369834,0.47,0.64,True,True,True,True,True,True
8,46,0.5405347672897921,0.43880047533059974,True,0.05433931658385549,0.04018940300293198,0.7518613873728639,0.01,0.03,True,False,False,True,False,False
5,42,0.374682462086897,0.7495028241283752,False,0.565915842633431,0.4992301193254133,-0.6662302921723453,0.01,0.01,False,False,False,True,True,True
12,32,0.5324853331884463,0.730142861166152,False,0.3010625009944998,0.2392041225277377,-0.20201558532183772,0.01,0.01,False,False,False,True,True,True
7,65,0.4884211110183399,1.601967528940866,False,0.19573276217746616,0.15704792985274432,-1.0275161045166161,0.01,0.01,False,False,False,True,True,True
8,65,0.20800563354048562,0.5448746044002236,True,0.8333410380563492,0.822752020084356,0.9480219576447612,0.73,0.65,True,True,True,True,True,True
4,40,0.39055395078312605,0.5219352457347656,True,0.4724965739742737,0.4594187242059413,0.7911703880609211,0.22,0.43,True,True,True,True,True,True
8,18,0.1893925639011741,0.5604826517688059,True,0.4721096739645485,0.38332403946644433,0.958076225109695,0.25,0.24,True,True,True,True,True,True
12,55,0.23067941873787562,1.8970670053442533,False,0.7811109938838651,0.7548043880671178,-0.19805561833772556,0.01,0.01,False,False,False,True,True,True
6,76,0.5837180817254408,1.8128403642869801,True,0.7985845852638962,0.7646634486296793,0.707379790625384,0.94,0.91,True,True,True,True,True,True
8,28,0.4206826766384288,1.264640540543255,True,0.6177030762873873,0.5694113379317005,0.8096314790211854,0.88,0.84,True,True,True,True,True,True
8,61,0.42907464820644936,0.6070482988094952,True,0.4183687228070745,0.35953580897750376,0.8191645305638602,0.47,0.51,True,True,True,True,True,True
5,33,0.4242360427520625,0.4651469882791934,True,0.47041623820595047,0.3904316176635783,0.79933833873236,0.7,0.85,True,True,True,True,True,True
6,43,0.4286108623120623,1.9410172075778331,True,0.9101503026750352,0.8752673446552117,0.8378321591657512,0.78,0.69,True,True,True,True,True,True
3,66,0.07968775337131614,0.9796568502484351,True,0.8323806926881058,0.8375877807707561,0.9925354531143862,0.94,0.98,True,True,True,True,True,True
10,57,0.32270127768444007,1.0408423398574995,False,0.40548535190637514,0.3435073783962908,-0.3653652960469569,0.01,0.01,False,False,False,True,True,True
3,52,0.4947401391832594,0.8823740481487528,False,0.7642336419491186,0.7944092300213476,-0.3909029385476035,0.01,0.01,False,False,False,True,True,True
7,78,0.3461682742898152,0.6881141607353357,False,0.29441022306046005,0.2492952419965589,-0.6430037523381833,0.01,0.01,False,False,False,True,True,True
12,78,0.37957391680605773,1.4985873510119556,True,0.5998206218929325,0.5680869116531644,0.8375737001528548,0.21,0.15,True,True,True,True,True,True
9,30,0.4055106433334281,1.8161026243310023,True,0.7980054617866661,0.757583389734943,0.8251193173957401,0.42,0.47,True,True,True,True,True,True
12,39,0.18737856727966679,0.4729767256579197,True,0.8072000787035571,0.7952414961797253,0.9511386012572849,0.78,0.77,True,True,True,True,True,True
6,24,0.35178848588959466,1.783694486335049,True,0.2048803367989126,0.13781491714414085,0.8314544313444616,0.12,0.81,True,True,True,True,True,True
4,16,0.3932720719456595,0.5695236022533815,True,0.5793758810068071,0.4546604829392267,0.8194386211119581,0.02,0.1,True,False,True,True,False,True
11,34,0.17801654435068925,1.8477303016467448,False,0.971118671792351,0.8986875714285296,-0.2031073133008363,0.01,0.01,False,False,False,True,True,True
7,72,0.1682650560412915,0.44920497465877807,False,0.6033463922325739,0.5751658659108574,0.5136506566795835,0.01,0.01,True,False,False,False,True,True
7,79,0.5849731212266955,1.5204148660829853,True,0.6119049530781053,0.597990332175622,0.6760824699159778,0.95,0.92,True,True,True,True,True,True
12,70,0.3460387194018674,1.262263682878234,False,0.6695405319542804,0.6525567308539633,-0.23777286393073904,0.01,0.01,False,False,False,True,True,True
5,59,0.14344530609053668,0.7604271045524558,False,0.7340300971502514,0.7210337880022181,-0.6902387748781285,0.01,0.01,False,False,False,True,True,True
8,12,0.5843974032331242,0.8255242658977628,False,0.12982954233484734,0.07696987787522723,-1.2124028898835255,0.01,0.01,False,False,False,True,True,True
4,60,0.31763181770286075,1.4313708353970607,False,0.46884397883775986,0.4468299812501238,0.0793438796522431,0.01,0.01,True,False,False,False,True,True
7,71,0.5383335500877374,0.7832218103223696,True,0.30561109385343466,0.2580631484238209,0.7305503439262946,0.16,0.27,True,True,True,True,True,True
11,16,0.5921198435093126,0.574924542638812,True,0.975402288596683,0.8760430641225146,0.7340901657837311,0.59,0.63,True,True,True,True,True,True
7,38,0.4280014922990301,0.6076586158834152,False,0.732842727590901,0.7179607082314599,-0.20436307241062646,0.01,0.01,False,False,False,True,True,True
11,70,0.19888983109412922,1.4521072269483235,False,0.18491133587149544,0.1455831083057163,-0.4480515454726297,0.01,0.01,False,False,False,True,True,True
4,70,0.2854636874784855,1.6661157659198527,False,0.3491981253497949,0.3183498397624226,-2.0534204717852558,0.01,0.01,False,False,False,True,True,True
8,11,0.20819754641823968,1.226611924978138,False,0.6352321707101048,0.5444088276891195,-0.10950247767600008,0.01,0.01,False,False,False,True,True,True
4,60,0.2787113336979193,1.8003104014615945,True,0.492981351511696,0.46647930480208527,0.9083376216318093,0.13,0.16,True,True,True,True,True,True
4,44,0.07185379637205754,1.2414613976976605,True,0.8055024236191534,0.7847702148505066,0.9935935501748786,0.69,0.69,True,True,True,True,True,True
5,49,0.48347517038351273,1.6585408176862504,False,0.1074955308451,0.08135368888307007,-0.26643950776337744,0.01,0.01,False,False,False,True,True,True
8,52,0.28058235548210614,1.9444197822803941,False,0.27959755992972124,0.2259991777200659,-0.1693809943299347,0.01,0.01,False,False,False,True,True,True
11,51,0.24514738422741061,0.9953523423656008,True,0.2983031390081001,0.244211182102282,0.9361655821738364,1.0,0.99,True,True,True,True,True,True
4,66,0.41480786370163253,0.43533627070219194,False,0.9510804843544903,0.9291926263512322,-0.4368392468869986,0.01,0.01,False,False,False,True,True,True
6,32,0.46024141941620095,0.3239146535043458,True,0.3778661469813859,0.30585317670281326,0.7263068689505903,0.07,0.16,True,True,True,True,True,True
6,67,0.05127082771756322,1.5233415374181296,False,0.5636010045392148,0.5382510535510071,-0.7305379737953719,0.01,0.01,False,False,False,True,True,True
4,38,0.5172940492695761,0.9880450304322475,False,0.28534339068636705,0.24458463043906878,-0.8460432986097493,0.01,0.01,False,False,False,True,True,True
9,70,0.06783508569992587,0.5076428609842552,True,0.7773204915385677,0.7672965839690977,0.9938458011438693,0.84,0.84,True,True,True,True,True,True
8,50,0.5686834114163384,1.3441333106381226,False,0.8061239762013501,0.7911724820661697,-0.16449388827992295,0.01,0.01,False,False,False,True,True,True
8,20,0.3948684098988795,1.12147704734943,False,0.2597117734405002,0.1811186010089678,-0.43458707145377007,0.01,0.01,False,False,False,True,True,True
9,54,0.10361785525060023,0.49465894425296664,True,0.17908002114924115,0.1368244341490035,0.9898458853500036,0.97,0.96,True,True,True,True,True,True
7,73,0.582499134181968,0.39042372548452686,False,0.24684868470708776,0.19797834938911535,0.6793685393348676,0.01,0.01,True,False,False,False,True,True
10,17,0.48787455793163464,1.8177444353760344,False,0.6804836379999513,0.5855570651016515,-0.347353740670578,0.01,0.01,False,False,False,True,True,True
12,60,0.31223175272754217,1.2294790804538642,False,0.4568644516744842,0.40096340066370467,-0.24013439487343513,0.01,0.01,False,False,False,True,True,True
11,56,0.41381539764875847,1.2579990119277407,True,0.28471206220138,0.2198120153176875,0.8288073079363542,0.09,0.19,True,True,True,True,True,True
11,64,0.5591654641471814,0.3939112630646788,True,0.2883639180390405,0.2342576487164316,0.705253826753671,0.43,0.37,True,True,True,True,True,True
3,44,0.4627308171133033,1.7626398142785424,True,0.39205260710177925,0.3634455116143049,0.7462682942017951,0.71,0.61,True,True,True,True,True,True
10,35,0.1814306283279002,1.5694064844260336,True,0.06775633233785738,0.049290498166059966,0.9630453549613989,0.61,0.45,True,True,True,True,True,True
10,45,0.5188998587058256,1.2837743057555895,True,0.3768016752567004,0.3201927919307883,0.7612175148160465,0.07,0.24,True,True,True,True,True,True
11,21,0.5322594232814282,0.9926939021382548,True,0.3553712752952769,0.2808969428023881,0.7324016964510998,0.31,0.48,True,True,True,True,True,True
9,37,0.09345932847270084,0.350918951109058,True,0.6629626833326748,0.6323361531160074,0.9887580922438872,0.8,0.87,True,True,True,True,True,True
9,73,0.30321354913895004,1.4682612944690276,True,0.8195087018959715,0.8030605551759885,0.9043786156269684,0.38,0.41,True,True,True,True,True,True
4,77,0.2846790853803466,0.4972346341522706,False,0.13760526230179326,0.11928109674302291,-0.25491404801567796,0.01,0.01,False,False,False,True,True,True
5,35,0.2270681850832953,1.3637257122993864,False,0.11116338455667496,0.07692418750798799,0.12343997627024206,0.01,0.01,True,False,False,False,True,True
11,36,0.09489889353549633,0.910265303290396,True,0.7726262221979107,0.7492667320557141,0.9889995990438077,0.3,0.31,True,True,True,True,True,True
8,67,0.363975759382409,1.4817154000881385,True,0.5869890783662943,0.5520060620448847,0.8484083477612392,0.99,0.98,True,True,True,True,True,True
9,36,0.12891208329496878,1.1418973318936294,True,0.06629739396654288,0.04950565197328797,0.981145765652993,0.96,0.89,True,True,True,True,True,True
8,74,0.10462510368871189,0.6686422265796254,False,0.5135804266085278,0.48346182645827124,-0.2696798649391756,0.01,0.01,False,False,False,True,True,True
4,24,0.520671142441645,0.4769492221943815,True,0.18377425441322426,0.14083028305980924,0.7705410000767848,0.07,0.07,True,True,True,True,True,True
7,59,0.4384935775046027,1.9356124777983512,True,0.5265599630205352,0.49482466518234924,0.7940403740642167,0.2,0.12,True,True,True,True,True,True
12,73,0.42356558146121603,1.8847436439795167,True,0.5459590927966557,0.5087235809531877,0.8057631403348983,0.42,0.54,True,True,True,True,True,True
10,22,0.26838209822029446,1.8593041205346097,True,0.34285633473271926,0.2745781996744429,0.9133001824843211,0.03,0.02,True,False,False,True,False,False
7,64,0.3934097470498155,1.1427649459252553,False,0.8137387939475288,0.7893886464117924,-0.15783145077764682,0.01,0.01,False,False,False,True,True,True
8,30,0.5809460672785349,0.6247058703658706,True,0.2714073188394699,0.21002727623387768,0.7256075693083294,0.43,0.44,True,True,True,True,True,True
4,68,0.1343212929305105,1.3843679033906513,True,0.11457980511105093,0.09523668695013249,0.9759175911982583,0.01,0.01,True,False,False,True,False,False
3,78,0.23550004343669556,0.7900184349414393,True,0.7810981320575465,0.7854132671236643,0.9249373445547762,0.27,0.37,True,True,True,True,True,True
6,24,0.4767759284936913,0.8848878887496019,True,0.8029695244143671,0.7637338171554746,0.7963205616723471,0.7,0.59,True,True,True,True,True,True
6,43,0.38392113085577273,1.895639473790785,False,0.3162055986199471,0.26282397941417324,-0.5665494661513273,0.01,0.01,False,False,False,True,True,True
12,48,0.4233480070936415,0.6620063173222855,True,0.009063168795658827,0.0056423167839172875,0.8388214266629597,0.97,0.83,True,True,True,True,True,True
8,32,0.1235937114888939,0.4539801940306482,False,0.4156907195488486,0.3516761443899307,-0.29689196696458553,0.01,0.01,False,False,False,True,True,True
4,51,0.46481205584723395,1.6512402168893157,False,0.3094303919880024,0.27012618501895,-0.192436380627093,0.01,0.01,False,False,False,True,True,True
6,27,0.5640270627724612,0.7876398859553908,True,0.8379967196540421,0.78517722475342,0.7363128527757257,0.11,0.23,True,True,True,True,True,True
9,21,0.09528825487308465,1.9499352634932696,False,0.6822815484992152,0.6245142986989234,-0.48795549457251486,0.01,0.01,False,False,False,True,True,True
11,67,0.14195329770113363,0.9074268612855612,False,0.34997695614083757,0.2903675782601907,-0.4074255772981621,0.01,0.01,False,False,False,True,True,True
10,68,0.3279556866743001,1.4957529019017597,False,0.49820053520909113,0.45188428667435215,-0.21438419225111782,0.01,0.01,False,False,False,True,True,True
5,25,0.5493357417532809,1.4080029170957242,False,0.871901320835558,0.8276881605643845,-0.6635662404616094,0.01,0.01,False,False,False,True,True,True
9,69,0.1939615620009369,1.0581945669282482,False,0.6255993265756304,0.6007506725222801,0.10808768859098938,0.01,0.01,True,False,False,False,True,True
12,27,0.21377502051942082,0.7088419154006216,True,0.7301629013835386,0.649288385624811,0.937293295224291,0.83,0.88,True,True,True,True,True,True
7,21,0.5085311617754921,0.7161826387648281,True,0.879649023894351,0.8475554852656393,0.7857432178417465,0.61,0.51,True,True,True,True,True,True
8,46,0.4785682975598247,1.704961760002913,False,0.13439158925097106,0.0981138923681336,-0.23018675494016239,0.01,0.01,False,False,False,True,True,True
8,54,0.3833108811587488,1.220931330633561,False,0.5505546643118663,0.5109296555005595,-0.2891865692075044,0.01,0.01,False,False,False,True,True,True
12,39,0.23714601003586827,0.7953681595149547,False,0.6653744264374452,0.6514306335770542,-0.15599977713776925,0.01,0.01,False,False,False,True,True,True
9,59,0.4812608432126549,1.8089912789201792,False,0.17373284366639874,0.13326299959393653,-0.6232891346506884,0.01,0.01,False,False,False,True,True,True
6,43,0.46193856499088504,0.5816898829796368,False,0.9489329212662408,0.9370855633925376,0.052651653673779886,0.01,0.01,True,False,False,False,True,True
10,48,0.22065664063336454,1.5917099430954598,False,0.5604289994654434,0.5188613547726026,-0.24656131509332657,0.01,0.01,False,False,False,True,True,True
11,39,0.49981660572832465,1.050559873113126,True,0.19388545847533656,0.1454696876155942,0.7798386073348051,0.69,0.55,True,True,True,True,True,True
8,45,0.4018695272823195,0.3410661695570525,False,0.9802317189817763,0.9547612909972363,0.525104951960733,0.01,0.01,True,False,False,False,True,True
11,67,0.5124423169023908,1.9116714344364136,True,0.9141079782825985,0.8959128796941479,0.7548367814577146,0.31,0.29,True,True,True,True,True,True
11,65,0.31221625963977445,1.898220424796488,False,0.910594477528232,0.8943764080008776,-0.13989556213565213,0.01,0.01,False,False,False,True,True,True
9,37,0.4834857080801505,1.1661848756335578,True,0.7523244711923328,0.6989399399434135,0.7547684165822259,0.92,0.84,True,True,True,True,True,True
9,77,0.4838363640669867,0.943193152703867,False,0.4654035587455986,0.4139368211126837,-0.41616937175578106,0.01,0.01,False,False,False,True,True,True
10,47,0.24330511073170175,1.696682395874031,False,0.6472633530484865,0.6117320573916292,-0.3122006028910478,0.01,0.01,False,False,False,True,True,True
6,57,0.52335827462904,1.1379832379552075,False,0.22689705552867623,0.18294316594586263,-0.6206266207416573,0.01,0.01,False,False,False,True,True,True
6,25,0.382325047817443,1.4695198979815336,False,0.16297457343877875,0.11839474069647087,-0.9591363055512467,0.01,0.01,False,False,False,True,True,True
9,13,0.3094823425550245,0.6092046961655391,True,0.28584523036291154,0.2008359568219379,0.8638670934082139,1.0,0.89,True,True,True,True,True,True
8,42,0.15795201295827888,0.9714726474958597,False,0.5465784734227803,0.49967949967200254,-0.4828593538995751,0.01,0.01,False,False,False,True,True,True
6,68,0.34446548189251786,0.6423113791997861,True,0.36154923831358643,0.3118582131134755,0.8625585879974874,0.57,0.66,True,True,True,True,True,True
5,40,0.11605632275274377,0.42582177391488746,True,0.32217229470287223,0.26884281439219215,0.9858476200859102,0.77,0.83,True,True,True,True,True,True
3,17,0.1551679364823615,1.046435028191521,True,0.13683017564147515,0.07644241938946254,0.9790706351339376,0.58,0.61,True,True,True,True,True,True
6,41,0.21460096872652484,0.593227537161256,False,0.29073445006227006,0.23371728084670523,-0.815853311474537,0.01,0.01,False,False,False,True,True,True
7,46,0.5919340413943541,1.6825573352132095,True,0.8062659685948748,0.7771771015729788,0.6453805490043838,0.1,0.04,True,True,False,True,True,False
9,56,0.26669983286214693,1.1285174654488417,False,0.9421740337919654,0.9298996289799438,-0.07171413524623382,0.01,0.01,False,False,False,True,True,True
11,15,0.54584698624173,1.8624172442362181,False,0.03677387946665123,0.01937090005193057,-0.5005845951294938,0.01,0.01,False,False,False,True,True,True
7,51,0.09449520084328597,1.1902719561000656,True,0.396945634026041,0.3395710728879797,0.988676660250006,0.83,0.89,True,True,True,True,True,True
7,53,0.35500759571902923,1.5539273772855857,True,0.787953685314387,0.7734669832316431,0.8803598881355665,0.64,0.64,True,True,True,True,True,True
12,31,0.3031523295671345,1.8371587031345011,True,0.005767728255540616,0.002181691480234731,0.9157821685310547,0.17,0.08,True,True,True,True,True,True
3,66,0.5786560713641573,1.8040816040819692,True,0.05720208199542809,0.041833411446113467,0.7203948150367226,0.98,0.96,True,True,True,True,True,True
10,36,0.24990524354266752,0.4897010230172151,True,0.40904742321550225,0.3455162943321734,0.9251912613316213,0.96,0.89,True,True,True,True,True,True
5,50,0.16045337645743518,1.2268460821084124,False,0.2317244658054286,0.18676306592050565,-0.6732807293600571,0.01,0.01,False,False,False,True,True,True
11,31,0.5057815037812842,1.0136893681608725,False,0.5292159799482994,0.4545772825237937,-0.10966975099996201,0.01,0.01,False,False,False,True,True,True
9,64,0.39655667039514286,1.0894207625795032,False,0.9622303465659124,0.94763441191018,-0.24593385290949343,0.01,0.01,False,False,False,True,True,True
5,66,0.24960193833224453,0.7718644568495094,False,0.7625099755199862,0.759767426464216,-0.5374496164474347,0.01,0.01,False,False,False,True,True,True
4,27,0.1962910209962555,1.58324626235088,False,0.879322047199765,0.8800139137080852,-0.861329973259608,0.01,0.01,False,False,False,True,True,True
5,26,0.12924455489537617,1.496853090381975,True,0.003573291532703471,0.0,0.9756656469701392,0.87,1.0,True,True,True,True,True,True
8,74,0.5488368069628757,1.4349582159460847,True,0.2708635385506517,0.22123552184530149,0.7296710818315935,0.65,0.63,True,True,True,True,True,True
9,64,0.3398425295322802,0.8442543228871922,False,0.30190554679879034,0.24746740589567173,0.1946306262796248,0.01,0.01,True,False,False,False,True,True
8,54,0.4150635802143358,0.5836672622632955,True,0.5613127183622828,0.517302809906169,0.8072048114631283,0.56,0.69,True,True,True,True,True,True
7,13,0.32342702351818936,1.8519130490122404,True,0.9385234641401092,0.7908322485250091,0.8551376438726497,0.25,0.27,True,True,True,True,True,True
9,72,0.28161828805970135,0.7348399521193469,True,0.7784126008669122,0.7672440661782444,0.9073945607327931,0.39,0.48,True,True,True,True,True,True
10,50,0.4003528548559985,1.4177783226888008,True,0.8978815962823059,0.8655686129094842,0.8460947709762756,0.12,0.1,True,True,True,True,True,True
4,77,0.05389015397129337,1.8583069040632678,True,0.612396403260304,0.6116157002939521,0.9961041355696864,0.11,0.12,True,True,True,True,True,True
3,68,0.40627858087193813,0.3429828473896585,False,0.9981127934417966,0.9456641749226767,-0.9611780205516101,0.01,0.01,False,False,False,True,True,True
5,11,0.16343387627802985,0.6530646542974843,False,0.556113808944155,0.37510382187840496,-0.8155677612592658,0.01,0.01,False,False,False,True,True,True
6,30,0.33170507148078165,0.573127355256374,False,0.20186773488972964,0.14991790104884148,-0.6939276878066793,0.01,0.01,False,False,False,True,True,True
6,28,0.3655537241872109,1.6615339083379923,False,0.3744472327802809,0.31594086428034346,-0.6287023403442225,0.01,0.01,False,False,False,True,True,True
6,43,0.2251196179689829,0.9194384622656784,False,0.9743406392410879,0.9398918931674861,-0.29596299557060046,0.01,0.01,False,False,False,True,True,True
10,72,0.25459521693134085,1.7532758256344485,False,0.5313959372784517,0.4934316443747833,-0.2696721999359337,0.01,0.01,False,False,False,True,True,True
8,56,0.05321881531358108,0.8059814504834257,True,0.42790115941677076,0.37212170133698613,0.9961426371028976,0.13,0.23,True,True,True,True,True,True
11,18,0.5004490935834986,0.9193522164834533,True,0.6484011845229352,0.5960891438424669,0.7743435416787638,0.35,0.36,True,True,True,True,True,True
12,68,0.2806796844106297,1.9455904303720202,True,0.5679612542156043,0.5381386190664905,0.9036505300208874,0.01,0.02,True,False,False,True,False,False
3,43,0.5562978539455395,1.499955548254706,False,0.8564724995857658,0.8556300424206104,-1.0687088123328077,0.01,0.01,False,False,False,True,True,True
6,45,0.42189486521629704,1.1132693972558536,False,0.9566914523530673,0.9390596346006682,-0.3633656017327396,0.01,0.01,False,False,False,True,True,True
9,75,0.4415019285990088,0.8557529863945204,True,0.41437534047355673,0.35998276168664245,0.8024546851393695,0.78,0.83,True,True,True,True,True,True
7,31,0.1078568982324822,1.055396981971213,False,0.7881675443571978,0.7467774307301887,-0.3772502303670935,0.01,0.01,False,False,False,True,True,True
3,76,0.16864644439434306,1.2664221980533767,False,0.4117550256220581,0.4049491633167233,-0.9099873025640512,0.01,0.01,False,False,False,True,True,True
9,78,0.208956617079689,0.8293262424103314,True,0.1497916941975127,0.11704940428498152,0.9508190942095125,0.17,0.26,True,True,True,True,True,True
5,74,0.11962154066142312,1.7691856381421576,True,0.15878219510919778,0.12975169004461312,0.9821470505254757,0.17,0.46,True,True,True,True,True,True
3,59,0.4576791735961163,0.8129917702609406,True,0.9877323043674794,0.9544183673476218,0.7887351988187749,0.2,0.22,True,True,True,True,True,True
8,77,0.24810829180354205,1.054493020766495,False,0.3933666891650941,0.3361754091142683,-0.16754023781683602,0.01,0.01,False,False,False,True,True,True
12,67,0.37254028461196037,1.1071272187301848,True,0.2820406994240713,0.23118864787805987,0.863253423503378,0.84,0.64,True,True,True,True,True,True
9,32,0.22888052064122666,1.7942297541846803,False,0.29631799917133284,0.2317108879081906,-0.12602779101017547,0.01,0.01,False,False,False,True,True,True
9,36,0.29719987624511474,1.9015633237581313,True,0.1369934901012082,0.09285502718518727,0.9145654991342228,0.99,1.0,True,True,True,True,True,True
7,19,0.484709908009626,0.7842894626513222,True,0.10491005854497193,0.07619967615240436,0.826204524871297,0.03,0.61,True,False,True,True,False,True
3,35,0.3455553259457918,1.5918983028947482,True,0.2025370712632132,0.1610691117699403,0.8874265511049731,0.3,0.24,True,True,True,True,True,True
6,26,0.10676388766304422,0.4111977373663369,True,0.34547222709136194,0.29259777917606866,0.985753796219,0.56,0.5,True,True,True,True,True,True
12,43,0.1754733706822985,1.7865708159449478,False,0.689931642697428,0.6554005341780694,-0.25419302985211,0.01,0.01,False,False,False,True,True,True
5,32,0.16153263432312023,1.116308474812716,True,0.13737482501826248,0.1053264324249541,0.9674931887111403,0.91,0.92,True,True,True,True,True,True
6,76,0.4966288942204121,1.621539981599729,True,0.2426733127932792,0.20132086974451635,0.7684096094561246,0.43,0.51,True,True,True,True,True,True
11,77,0.3803891546824892,1.7917088410560735,False,0.47384798662409355,0.4261944169789187,-0.347210276919127,0.01,0.01,False,False,False,True,True,True
5,57,0.46290254555973676,0.7952510847629697,False,0.4494383372678017,0.412370838064892,-0.7603921222576244,0.01,0.01,False,False,False,True,True,True
3,52,0.18595123259581176,0.339575444718955,False,0.4328463886056134,0.41974958770854154,-0.17126869054089489,0.01,0.01,False,False,False,True,True,True
12,50,0.4893050466077097,1.674099896789871,True,0.32835863604776827,0.27187835516742564,0.7706234800548823,0.32,0.29,True,True,True,True,True,True
10,15,0.1823895206060661,1.276442539075635,False,0.5872841474202557,0.4749047830874178,-0.3853730318197557,0.01,0.01,False,False,False,True,True,True
7,38,0.36222142030902027,1.3155348622038043,False,0.542093408250863,0.5066406377776514,-0.7228468395922409,0.01,0.01,False,False,False,True,True,True
3,19,0.31895718489403513,1.7651626236423559,True,0.7388026204025236,0.7510143019692556,0.8377176336853641,0.31,0.27,True,True,True,True,True,True
5,77,0.3086376167577753,1.0198635017968884,True,0.04723129533015724,0.0393036464500699,0.9080934122787794,0.17,0.75,True,True,True,True,True,True
5,40,0.4784381811514477,1.1741581102568819,False,0.15875652255468942,0.12666639187927292,-1.3728983327553101,0.01,0.01,False,False,False,True,True,True
8,39,0.2570745190969662,0.9662415385133587,True,0.9740107865910091,0.9360415640449942,0.9329511877234378,0.58,0.6,True,True,True,True,True,True
7,46,0.1223792273513017,0.5011810027830216,True,0.07081574254646938,0.052153153058952906,0.9868354244979913,0.85,0.81,True,True,True,True,True,True
12,26,0.48334620144802626,0.6105551275700427,True,0.6921850128451457,0.6616878725009714,0.795945757796424,0.99,0.96,True,True,True,True,True,True
12,23,0.32499422892761304,1.9191391400258675,True,0.5912312301719911,0.5490682072503233,0.8813352443074971,0.05,0.09,True,False,True,True,False,True
8,72,0.051504187052918406,1.4038474459105326,False,0.49339649915521133,0.44087225005506847,-0.4775590715306304,0.01,0.01,False,False,False,True,True,True
8,52,0.4243047500844115,0.672314458981924,True,0.952864872228144,0.9399356377306877,0.8378373270718282,0.89,0.95,True,True,True,True,True,True
7,54,0.20301051668165232,1.335505262426388,True,0.457106264388656,0.4045699987596188,0.9369166855016983,0.56,0.65,True,True,True,True,True,True
4,59,0.5121090244884426,1.7402042266633269,False,0.6387010630976729,0.608501819726515,-1.081863557973897,0.01,0.01,False,False,False,True,True,True
9,46,0.1071783310930698,1.1068039450778142,True,0.13735525338177335,0.102316019362119,0.9866173001934503,0.19,0.22,True,True,True,True,True,True
12,45,0.09967502334858452,1.3667021342722088,True,0.44771311708712436,0.38754042325403254,0.988436544169749,0.8,0.62,True,True,True,True,True,True
8,62,0.05172939214710756,0.36387401647748707,True,0.35565145223425443,0.29961384483079007,0.9968433773710229,0.91,0.85,True,True,True,True,True,True
4,16,0.49595852938738855,1.4671125258761581,False,0.43860380095111573,0.2920706713383184,-0.9390852695379543,0.01,0.01,False,False,False,True,True,True
3,71,0.4744569565680775,0.6703935669417794,True,0.7467316686389883,0.7694831201040188,0.7438487906322253,0.11,0.28,True,True,True,True,True,True
3,48,0.5981202062154793,0.8968344356292799,True,0.31456992318676325,0.2903443150244572,0.705937323022501,0.74,0.86,True,True,True,True,True,True
6,47,0.3253932483509812,0.37560402029285217,False,0.5672307591980519,0.5445396508017365,-0.4079408774256643,0.01,0.01,False,False,False,True,True,True
3,18,0.20019965192966516,0.8489668674307835,False,0.8688467235101973,0.8685777148892937,-1.0339180428739785,0.01,0.01,False,False,False,True,True,True
5,24,0.4043712700635123,0.45226431813521717,True,0.023709766591010206,0.009836292197590715,0.8755618694079759,0.98,0.52,True,True,True,True,True,True
10,33,0.09561157532294737,1.2368796904333563,True,0.8017007197962156,0.7635240429716098,0.9886581168741096,0.62,0.48,True,True,True,True,True,True
7,21,0.08305996847864203,1.6787022307475135,False,0.4732103977280585,0.4104796138162647,-0.6049807810093093,0.01,0.01,False,False,False,True,True,True
6,45,0.3577775546714408,1.74117325477218,False,0.9327322700244279,0.8911148981451261,-0.44649456108201746,0.01,0.01,False,False,False,True,True,True
10,68,0.051821428969682636,0.6456044559050005,False,0.3021406447019923,0.24742264794838842,-0.2508074350313123,0.01,0.01,False,False,False,True,True,True
8,43,0.28550167232412915,1.2752486222863708,False,0.8053505225785242,0.7772726820306683,-0.25781996636279514,0.01,0.01,False,False,False,True,True,True
6,23,0.5135431045969502,1.6854192411272602,True,0.136812099575093,0.08699907752896126,0.7407803361195096,0.42,0.68,True,True,True,True,True,True
3,58,0.4343034612815737,1.9046564115621143,True,0.9585185470525298,0.9683197445665876,0.8245676999048117,0.7,0.84,True,True,True,True,True,True
5,57,0.31069102100906304,1.1031764649027582,False,0.771200546095942,0.7380614922748713,-0.525697806210873,0.01,0.01,False,False,False,True,True,True
5,41,0.5303743595224986,1.706186106165665,True,0.8697126673154658,0.8532559827552426,0.7727999259402341,0.57,0.75,True,True,True,True,True,True
6,76,0.25547916460740466,1.2696540939796297,True,0.020501749888775067,0.016713030082412865,0.9314572436295834,0.01,0.03,True,False,False,True,False,False
11,10,0.42598264581812184,1.7623366606357658,True,0.5346194774990325,0.37705046181851026,0.8066363783280219,0.58,0.48,True,True,True,True,True,True
11,71,0.18221235129946195,1.0882924128041367,True,0.32225596414800395,0.2664067110511698,0.9625320633638753,0.9,0.88,True,True,True,True,True,True
9,34,0.2611564685415634,0.6180308233432141,False,0.29265287032720644,0.2345879536021742,-0.305237235784221,0.01,0.01,False,False,False,True,True,True
10,28,0.22206296646668439,1.638057738582915,False,0.746012052785608,0.7135169746035435,-0.1896987308333724,0.01,0.01,False,False,False,True,True,True
12,61,0.4399787635375916,1.6111441423745891,True,0.783967078806289,0.7409897998755712,0.7787151519103038,0.47,0.54,True,True,True,True,True,True
12,44,0.29751699901226913,1.1911562305853653,False,0.3728998141025739,0.30080420443864786,-0.30726481305990183,0.01,0.01,False,False,False,True,True,True
5,37,0.21688300174246505,0.41715735274481686,True,0.8653725100821064,0.8522356010637548,0.934765150670249,0.66,0.66,True,True,True,True,True,True
8,63,0.43303846758950126,0.821915828644002,False,0.9524900573131748,0.9360422814173364,-0.2441382295802106,0.01,0.01,False,False,False,True,True,True
4,45,0.4060617077692188,1.8168266318090807,False,0.7436770465495847,0.6928119769732645,-0.8234915414271924,0.01,0.01,False,False,False,True,True,True
7,73,0.06257312439617303,0.9444909095111345,False,0.05957505626195292,0.04880980850174989,-0.8486466326827906,0.01,0.01,False,False,False,True,True,True
4,19,0.46992935031957367,1.4355836663751955,False,0.08136812672779148,0.047727166262741184,-0.10378182120049195,0.01,0.01,False,False,False,True,True,True
9,25,0.3507560610633859,1.2550225104994934,True,0.12162078543200505,0.08680381870943013,0.875938558931297,0.55,0.54,True,True,True,True,True,True
6,31,0.5150020707337637,0.9829206762604692,False,0.2832536508744927,0.22882945076487773,-0.37042302821012707,0.01,0.01,False,False,False,True,True,True
8,32,0.23294094767433077,0.8817439019541073,True,0.8699789897207869,0.8154563029683658,0.9339788114699865,0.88,0.87,True,True,True,True,True,True
6,50,0.5361070148026741,1.4881245934447696,False,0.058236015552375786,0.048707583135814844,0.19542368539953003,0.01,0.01,True,False,False,False,True,True
11,57,0.524786931031685,1.1294383446726637,True,0.8629787190555319,0.8513807398909986,0.7567050447602249,0.51,0.44,True,True,True,True,True,True
3,23,0.5375375557314479,0.41507582001187315,False,0.7471794608247254,0.7635066526580605,-0.6871971381441397,0.01,0.01,False,False,False,True,True,True
11,24,0.11766456547393181,1.7838400963330279,True,0.21884168685305072,0.16178980487246536,0.9876962971178662,0.96,0.96,True,True,True,True,True,True
10,27,0.300295629945144,1.8002599288242915,False,0.9615639111678651,0.930733093293209,-0.1632080820353481,0.01,0.01,False,False,False,True,True,True
12,21,0.2890259502539306,1.469666991816781,True,0.09128736116084357,0.06045306583993837,0.8951069293673612,0.99,0.82,True,True,True,True,True,True
5,19,0.09289151818668759,1.6387651777883796,True,0.07533274111973043,0.035053786273250266,0.9917336915541388,0.97,0.83,True,True,True,True,True,True
4,51,0.4424313195395143,0.6087199108443653,True,0.95654678799311,0.9439651389860981,0.8385879871729852,0.51,0.4,True,True,True,True,True,True
7,11,0.5141976780794695,0.4746692332866343,False,0.6720144864434319,0.5495564802677868,-0.24871101284278874,0.01,0.01,False,False,False,True,True,True
4,63,0.5788673395592739,1.5059628064985213,False,0.21727898346243035,0.18088932604745886,-0.14488434836067765,0.01,0.01,False,False,False,True,True,True
4,51,0.3409876216253114,1.2763066452583511,False,0.7692428056179081,0.7576297267793182,-0.8066902343417564,0.01,0.01,False,False,False,True,True,True
3,56,0.1673444404337512,1.915038728794631,False,0.9615749792405396,0.9611080441079048,-0.14468776792932148,0.01,0.01,False,False,False,True,True,True
7,58,0.49216469610341895,1.907107380681787,True,0.4937521291384833,0.46070465925735615,0.757302699326666,0.49,0.46,True,True,True,True,True,True
9,56,0.22888206189427346,1.6880290368850535,False,0.1443606310759683,0.11039529811046375,-0.4647274494914555,0.01,0.01,False,False,False,True,True,True
9,48,0.17107844032468322,1.396311611794101,True,0.2500938464994885,0.20034758484807755,0.9644100076395926,0.45,0.44,True,True,True,True,True,True
6,37,0.3521555978758771,1.939145571498232,True,0.728840547315785,0.6973356916004645,0.8392318192155148,0.25,0.27,True,True,True,True,True,True
3,70,0.36745907631126606,1.7032353095695554,False,0.2373821636397685,0.20669280678291957,0.2975415918901706,0.01,0.01,True,False,False,False,True,True
4,42,0.38815712250773915,0.8783784665693211,False,0.4739169241243222,0.4425388092720355,-1.013160135111245,0.01,0.01,False,False,False,True,True,True
11,25,0.1668861674268325,0.49312132096427685,False,0.952795349263998,0.9197638403606367,-0.05893334812696516,0.01,0.01,False,False,False,True,True,True
12,52,0.34697422576616654,1.4272901416929875,False,0.42475265428983844,0.3616456719524548,-0.17828037892085802,0.01,0.01,False,False,False,True,True,True
12,58,0.09900872224067789,1.629770417056427,False,0.5791102949123468,0.5370126812368626,-0.2474804258676535,0.01,0.01,False,False,False,True,True,True
8,36,0.3654530096373341,1.0415310854497302,False,0.5623654847038024,0.5184774834646577,-0.4199409003115402,0.01,0.01,False,False,False,True,True,True
12,78,0.3403420723850301,0.6988098272902051,True,0.9046789820819471,0.8928104257044538,0.8858223105502554,0.2,0.25,True,True,True,True,True,True
6,53,0.1183740382496255,0.407578214820756,False,0.9246089083818677,0.9100252985459829,0.263045870225882,0.01,0.01,True,False,False,False,True,True
8,18,0.4086026409157129,1.678825221535786,False,0.20457974614639218,0.13409817039580335,-0.6607950235671385,0.01,0.01,False,False,False,True,True,True
6,18,0.29007807422566906,1.4053953298082267,False,0.7513146598757638,0.6999536010145615,-0.48953895801228975,0.01,0.01,False,False,False,True,True,True
8,67,0.2157560042734319,0.3807042403884471,True,0.3038352367035062,0.24195219087251388,0.9425586467967246,0.82,0.73,True,True,True,True,True,True
10,24,0.14529100687209173,0.6466153924212734,False,0.24501226803627196,0.17875091395618253,-0.5789569753407438,0.01,0.01,False,False,False,True,True,True
3,79,0.569066017212616,1.4580149007704533,True,0.7590045137543215,0.7797564565633378,0.7512149050284699,0.28,0.38,True,True,True,True,True,True
3,30,0.20744860317230246,0.39253033065639453,False,0.9891352935353428,0.9798463306170425,-0.2642612446279069,0.01,0.01,False,False,False,True,True,True
9,66,0.18925967950854994,1.7863179456770473,True,0.9033419163890561,0.8952402258036771,0.9597718108228347,0.08,0.11,True,True,True,True,True,True
4,56,0.424758040304436,1.4054644046804248,True,0.22434958790807025,0.17477202801688094,0.8101844126639042,0.01,0.02,True,False,False,True,False,False
12,35,0.4438143256798308,1.3398075756823635,True,0.7827368680081228,0.7681849952755069,0.8101659115836373,0.53,0.54,True,True,True,True,True,True
3,51,0.5352255162454668,0.9189658903585738,True,0.48758242069473345,0.49730474818095427,0.6476466526686262,0.24,0.45,True,True,True,True,True,True
8,66,0.07183346608425313,1.164460151634854,True,0.10590744166105226,0.07873299237088986,0.9940552917627038,0.13,0.21,True,True,True,True,True,True
5,24,0.5175855627066629,1.3752167671261368,True,0.6965924177261215,0.6604376509673996,0.6777549239002112,0.66,0.57,True,True,True,True,True,True
3,67,0.5498265901616642,1.1156904206743425,False,0.7236278089003441,0.7460351053153446,-1.0191899329663117,0.01,0.01,False,False,False,True,True,True
12,31,0.353280471028032,1.4389180497433842,False,0.30207943459777586,0.23056960127277604,-0.17928456378481972,0.01,0.01,False,False,False,True,True,True
12,67,0.051221811976006976,1.1666471887466119,False,0.06803635741715319,0.04882041377207246,-0.35188456609937746,0.01,0.01,False,False,False,True,True,True
10,63,0.4358521811053205,1.2591102366483682,False,0.5400303126387975,0.49374450970917283,-0.24341210849647799,0.01,0.01,False,False,False,True,True,True
6,50,0.18165784216975112,1.8988259173012556,True,0.23194975015807262,0.18489490414127616,0.9549060548137407,0.2,0.24,True,True,True,True,True,True
4,19,0.43105546288784813,0.7808457915814748,False,0.8664209261630983,0.8697139785175185,-0.8514355072364193,0.01,0.01,False,False,False,True,True,True
7,72,0.5587014671647872,1.8345590206542706,False,0.7924924215127354,0.785858863100121,-0.2516279624358828,0.01,0.01,False,False,False,True,True,True
6,49,0.2536464946801652,1.6441256977950272,False,0.06199616754647774,0.04726576299450626,0.5325481551895626,0.01,0.01,True,False,False,False,True,True
8,79,0.4606466350577259,1.661678226435507,True,0.3204569749940387,0.26234295487799225,0.7893598369310202,0.84,0.97,True,True,True,True,True,True
8,35,0.5827105595412696,1.883554814418661,False,0.7287776097194937,0.7013177721765055,-0.4133845380350043,0.01,0.01,False,False,False,True,True,True
8,28,0.25004749162469986,1.0258300084395227,False,0.03892413228013247,0.02962739340081516,-0.5105002578856654,0.01,0.01,False,False,False,True,True,True
8,31,0.22591966916028622,1.416355940611502,False,0.9801346838812794,0.9370093891861419,-0.24092620083544447,0.01,0.01,False,False,False,True,True,True
7,72,0.34985856466940074,1.8947528713197181,False,0.16824214888542066,0.127281854800187,-1.023492762488273,0.01,0.01,False,False,False,True,True,True
3,73,0.060897268040588606,1.0331208794928124,False,0.12564771125832364,0.1157918788057355,0.2095051666704324,0.01,0.01,True,False,False,False,True,True
4,53,0.52168198564057,1.9528578704973063,True,0.32215542643469364,0.2811687287203449,0.6662765112731571,0.41,0.49,True,True,True,True,True,True
10,58,0.5285182831174052,1.4036552356636318,True,0.22681008743305076,0.17776010585502983,0.7687839940334085,0.4,0.67,True,True,True,True,True,True
6,41,0.59429679564879,1.5451358974874383,False,0.5066302415338056,0.47753241631227034,-0.8226613076298448,0.01,0.01,False,False,False,True,True,True
11,63,0.31033128736596355,1.2824250219006426,False,0.48816545073031836,0.4352009213569332,-0.064714996368197,0.01,0.01,False,False,False,True,True,True
9,52,0.358066932522293,1.0276708601088345,False,0.2001576281183699,0.15808935477514108,0.03467647035489829,0.01,0.01,True,False,False,False,True,True
11,10,0.12503604611537697,1.3329371523459526,False,0.2526064367251609,0.15769082643780924,-0.1571765077173557,0.01,0.01,False,False,False,True,True,True
3,55,0.48787263883233756,0.7339021499790452,False,0.9319925137300193,0.9325739344957688,-0.8383200695184991,0.01,0.01,False,False,False,True,True,True
5,43,0.5594586647276627,1.2045577422399116,True,0.9243606697602624,0.8990726093602106,0.7012778655544972,0.24,0.21,True,True,True,True,True,True
10,20,0.31919761223210213,0.3640239849404219,False,0.4075767608218255,0.32075808748040957,0.41915208333267695,0.01,0.01,True,False,False,False,True,True
11,17,0.05528345145560471,0.6234806512844493,False,0.9143451648878619,0.8308686640199839,-0.0581896626031273,0.01,0.01,False,False,False,True,True,True
4,11,0.3720649434144877,1.7245467057113288,False,0.40681341304457863,0.3448734525439074,0.09844495814777432,0.01,0.01,True,False,False,False,True,True
12,59,0.05615657284368676,1.737453637044136,True,0.3247291629764135,0.26460474379796484,0.9962902674318829,0.97,0.88,True,True,True,True,True,True
12,60,0.08936645944363175,0.8576565377505303,True,0.706846399218516,0.6799343678550848,0.9893101149820306,0.4,0.35,True,True,True,True,True,True
3,30,0.14538831688495862,1.0304815464317965,False,0.07440266809611218,0.0514020660359192,-1.8645850381720233,0.01,0.01,False,False,False,True,True,True
4,31,0.5825077277570235,1.0018428881343482,True,0.9320432560522187,0.9240791514547674,0.7045954353290984,0.25,0.22,True,True,True,True,True,True
12,56,0.5139328614442094,1.9873056348392442,True,0.39740965954894003,0.34243318116786386,0.743384669767418,0.27,0.39,True,True,True,True,True,True
12,58,0.05127728024786861,0.7243195605246442,True,0.40717731756484654,0.3435134564471021,0.9969575776131544,0.12,0.18,True,True,True,True,True,True
8,51,0.33459636361338413,1.650037992038209,False,0.5455452559273293,0.5099023045091436,-0.22805737019223127,0.01,0.01,False,False,False,True,True,True
5,66,0.17148045968010883,0.5937129218539938,True,0.8040425993191245,0.7917854461296431,0.960041460524271,0.32,0.42,True,True,True,True,True,True
9,63,0.4001227385775684,1.247584541279242,True,0.3887654032098401,0.3224346578039283,0.8097728714971266,0.91,0.82,True,True,True,True,True,True
12,31,0.09247634810536591,1.7446020653422347,True,0.1628246911536383,0.11771769246239495,0.9888950948924973,0.04,0.06,True,False,True,True,False,True
11,64,0.3379088800134119,0.5915451119892735,False,0.47253509410785377,0.4213352716355347,-0.1998281704142988,0.01,0.01,False,False,False,True,True,True
5,41,0.2751260797784703,1.9203548936675963,True,0.18242898264486163,0.13935223509491337,0.9268501539937853,0.98,0.93,True,True,True,True,True,True
8,57,0.5076771125457462,1.889429650415627,True,0.8636698114805217,0.84138351778834,0.7376237063265807,0.65,0.52,True,True,True,True,True,True
10,29,0.12372850646811541,1.4563423192268465,False,0.5782641035957918,0.5233096067250718,-0.2826422295671742,0.01,0.01,False,False,False,True,True,True
10,55,0.18738577507819504,0.9975651519763951,False,0.6852661754573892,0.6444533890903932,-0.044642013005283365,0.01,0.01,False,False,False,True,True,True
6,59,0.37422016642927697,0.6498257387341824,False,0.7423691653822709,0.7189956499238976,-0.23922716033918112,0.01,0.01,False,False,False,True,True,True
11,34,0.32071380328783106,0.6340048143835502,True,0.763433899252914,0.7243042030556087,0.8690180276218779,0.25,0.34,True,True,True,True,True,True
5,53,0.48985842198131796,0.6519327031512343,True,0.32431983265067876,0.27579030272501914,0.7951267889360114,0.88,0.87,True,True,True,True,True,True
4,18,0.2695598373265899,0.7010846273374013,False,0.9363990925438598,0.8621741957679525,-0.7260714410562223,0.01,0.01,False,False,False,True,True,True
9,45,0.3723235584517245,1.1764117157288985,False,0.02407796300399223,0.017815802268144252,0.027417614834076898,0.01,0.01,True,False,False,False,True,True
8,31,0.5127117745992594,1.3939929947930558,True,0.3396937587307647,0.28382218372861956,0.7776355030470985,0.32,0.38,True,True,True,True,True,True
4,11,0.3667543694377809,1.9430377481645529,False,0.01687704175324367,0.00300733812065033,-2.4294771568048747,0.01,0.6,False,False,True,True,True,False
3,29,0.2234738826029894,1.990991495074414,True,0.20231168159306323,0.1693209534617801,0.9414306005759396,0.49,0.48,True,True,True,True,True,True
6,17,0.4892445490152586,0.9380150366639435,True,0.15777542177767534,0.10022144184690789,0.7861564293902923,0.95,0.84,True,True,True,True,True,True
5,11,0.3576337040285245,0.7229825763237039,True,0.8971916564339238,0.7739366302473584,0.768807525460142,0.95,0.97,True,True,True,True,True,True
11,22,0.17891531111177628,1.5048996741813951,False,0.9678189249352972,0.9078608182934859,-0.21333050381709628,0.01,0.01,False,False,False,True,True,True
4,23,0.3348415839797396,0.8254195758148362,True,0.7907226656006617,0.7210095145537716,0.8785625878154408,0.68,0.74,True,True,True,True,True,True
5,27,0.5212372002436437,1.2644777607774456,True,0.7390428713053996,0.7163031810711491,0.7451374563590346,0.16,0.21,True,True,True,True,True,True
11,62,0.09867660101472724,1.0455298388662635,False,0.2169463155006658,0.16781013828057773,-0.3821076884376995,0.01,0.01,False,False,False,True,True,True
6,44,0.32263269888974816,0.3532007023087422,True,0.06719682372322489,0.05092403991748899,0.9142429604821721,0.92,0.99,True,True,True,True,True,True
11,33,0.09998724820360211,0.32525189375676156,False,0.07361359148799163,0.052060711726588764,0.1493412573664349,0.01,0.01,True,False,False,False,True,True
6,52,0.2553680196189219,0.36072243636514406,True,0.4244729425061049,0.3659244239769329,0.9236674410278958,0.14,0.24,True,True,True,True,True,True
12,38,0.4497317178392888,0.4947938650192725,False,0.8729821122604178,0.8480929013133752,0.21442888519921188,0.01,0.01,True,False,False,False,True,True
3,40,0.5996579272229092,1.1974898588994443,True,0.6496992041779376,0.6722036497338487,0.6346677388308803,0.11,0.12,True,True,True,True,True,True
3,19,0.25333268539981774,0.7272402920089678,True,0.22725289358374956,0.16714004962874154,0.9282615752893277,0.89,0.88,True,True,True,True,True,True
8,33,0.09269597712609558,0.5487111202268253,False,0.7590920238293851,0.7301247933405437,0.0008868720096240068,0.01,0.01,True,False,False,False,True,True
5,59,0.5980496041849231,0.5640215810548972,True,0.9347005494651264,0.9484323108691649,0.7711251890867646,0.45,0.5,True,True,True,True,True,True
3,61,0.1707985929677491,0.33883700103515696,False,0.16940515097627162,0.14596999480874578,-1.7111789676489142,0.01,0.01,False,False,False,True,True,True
8,52,0.09712642709752098,1.464408340569009,False,0.2992055984206582,0.2435682369642062,-0.37730534148088646,0.01,0.01,False,False,False,True,True,True
11,21,0.27614947827001735,0.40293213645249687,True,0.21454686547138657,0.15026788163735524,0.9070146257775588,0.44,0.37,True,True,True,True,True,True
8,71,0.3138333864390426,1.965519948885703,True,0.3467423042758142,0.28673193516561424,0.9008956502587013,0.06,0.2,True,True,True,True,True,True
7,52,0.32548117778961627,0.9481956157499047,True,0.6097864094935761,0.589374319995164,0.874041118622761,0.04,0.18,True,False,True,True,False,True
11,53,0.33829190105789697,1.7627639241297044,False,0.9629823694306693,0.9456280752982994,-0.20375500904231036,0.01,0.01,False,False,False,True,True,True
8,47,0.3568379225486794,1.4424514507386967,False,0.5063923016736981,0.4639734913536568,-0.19630332322567812,0.01,0.01,False,False,False,True,True,True
8,44,0.48065190737520763,1.6557231833929087,False,0.9165157160709893,0.8653797955482767,-0.27015207066347835,0.01,0.01,False,False,False,True,True,True
8,68,0.5481927189011532,0.525236349026198,False,0.6263649727974803,0.5841301007126515,-0.22214652913520805,0.01,0.01,False,False,False,True,True,True
10,71,0.204017487748812,0.3709633030187435,True,0.22173561736616698,0.17324356544322347,0.9513726922008859,0.89,0.72,True,True,True,True,True,True
7,36,0.3747553646196082,1.5103573286128642,False,0.43449275916446617,0.3644352282049744,-0.2764191806416514,0.01,0.01,False,False,False,True,True,True
10,77,0.5802356732060642,1.242452107633562,False,0.9140380017308533,0.885167138372037,-0.2227061880270671,0.01,0.01,False,False,False,True,True,True
8,32,0.23060606281003537,1.433266493349418,False,0.5592460669001208,0.5079010433137368,-0.47186162654552555,0.01,0.01,False,False,False,True,True,True
11,41,0.20200010437191385,0.8704163793224042,False,0.2896648741714688,0.22583954463435563,-0.38410884656850897,0.01,0.01,False,False,False,True,True,True
3,48,0.1829952125638089,1.8086443773427103,True,0.6592057094130505,0.6836276484429981,0.9468704652750534,0.06,0.07,True,True,True,True,True,True
10,16,0.22533027922090915,0.7390167649097241,True,0.7966758662850325,0.7241178463422263,0.921929451418578,0.6,0.63,True,True,True,True,True,True
3,37,0.4693843627863879,1.2421662661237414,False,0.8750829227067025,0.8943005106487437,-0.9471502794394164,0.01,0.01,False,False,False,True,True,True
9,72,0.08273046635951964,1.3003358989408893,True,0.9617864873863807,0.9439588052616793,0.9926258473936989,0.08,0.12,True,True,True,True,True,True
3,20,0.18825397195954913,1.202822587408572,False,0.908017735506336,0.8786147026367388,-0.5447473701806027,0.01,0.01,False,False,False,True,True,True
5,67,0.10020534461036619,1.1147796413863467,True,0.6715895205863794,0.6584532315337016,0.9836543123248339,0.07,0.05,True,True,False,True,True,False
5,42,0.5597252666080162,1.8146011164278832,False,0.4134023146910033,0.36914886182546613,-0.7675212585130002,0.01,0.01,False,False,False,True,True,True
10,19,0.46005713622496597,1.649242239616376,False,0.13475965601352557,0.09277435934455096,0.11588087263636127,0.01,0.01,True,False,False,False,True,True
11,48,0.5615830651261841,1.5233157977780898,False,0.7091907468884793,0.6718807928951048,0.004752171716440046,0.01,0.01,True,False,False,False,True,True
5,34,0.4026624551525497,1.7292362235739576,True,0.8064298825784336,0.8004809205025205,0.840673637121343,0.13,0.15,True,True,True,True,True,True
6,72,0.394310428813413,1.6124773366051819,True,0.14540622564632077,0.10956271958427968,0.8531140052604588,0.85,0.81,True,True,True,True,True,True
3,24,0.10680079329222339,0.5921446875253593,True,0.8662870308551978,0.8611736727642046,0.9791178601584974,0.34,0.37,True,True,True,True,True,True
6,48,0.10254126683238901,1.0156112612416843,False,0.2929732429457037,0.25051569356091563,0.31784999666524627,0.01,0.01,True,False,False,False,True,True
5,13,0.20863400305014207,1.7864078967734773,True,0.9348939377846658,0.764048733910599,0.9312458606241292,0.49,0.54,True,True,True,True,True,True
5,63,0.14993747206985536,1.3293218093415284,True,0.1247109548048626,0.10370601654526843,0.9723930188376506,0.03,0.06,True,False,True,True,False,True
11,44,0.1437022955173754,1.4014483521302765,False,0.43345823284166296,0.37344927068173117,-0.17197095341897328,0.01,0.01,False,False,False,True,True,True
4,76,0.5798090188684926,1.7087905293808257,False,0.4075780172074813,0.3831935857301703,-1.4517779540764746,0.01,0.01,False,False,False,True,True,True
8,21,0.5518132968773123,1.4426454983388262,True,0.8624493213202689,0.7839246200357568,0.7658995007764201,0.88,0.84,True,True,True,True,True,True
7,25,0.48374138046159526,1.5317316691737277,True,0.0761250962186637,0.05604748686874788,0.7971671291566452,0.95,0.92,True,True,True,True,True,True
9,66,0.10105899535144028,0.44358892561299823,True,0.9038568697128901,0.9089828328231359,0.988729982362583,0.16,0.14,True,True,True,True,True,True
12,60,0.30849362762550286,1.247410701636194,False,0.708859673965999,0.6856282289125198,-0.2292652554157213,0.01,0.01,False,False,False,True,True,True
11,66,0.06086356230824762,0.8312103985944517,False,0.25115577702879577,0.20369041130191537,-0.21453436451463515,0.01,0.01,False,False,False,True,True,True
8,34,0.19857693721253444,1.295298926328757,False,0.2590039767516019,0.20688686631958242,-0.6404063258119763,0.01,0.01,False,False,False,True,True,True
7,22,0.5041441169472394,1.8376439681722518,True,0.8233466522219385,0.8017733439093112,0.7805237197824756,0.91,0.88,True,True,True,True,True,True
3,11,0.41619904858328977,0.33435438126129674,True,0.7920032507466869,0.6859187721163956,0.691704288743507,0.02,0.02,True,False,False,True,False,False
5,36,0.5533924058979311,1.6378286142266816,True,0.39256263737307073,0.3471361339708966,0.7193380092943884,0.97,0.98,True,True,True,True,True,True
10,51,0.48816106632781836,0.5049133022644976,False,0.6391464632301942,0.6138048076165417,0.22148839190862468,0.01,0.01,True,False,False,False,True,True
11,19,0.14120954146340792,1.360053529397717,False,0.033098498433838164,0.020741756446772716,-0.15225482844091953,0.01,0.01,False,False,False,True,True,True
4,75,0.24037749939635816,0.6235643935766779,False,0.1973698175353925,0.16982304686954666,-0.06715266489675509,0.01,0.01,False,False,False,True,True,True
12,18,0.37520722852943106,0.49583838615202824,True,0.22167791226147449,0.159815345690745,0.8722216887267541,0.98,0.88,True,True,True,True,True,True
12,70,0.355437832957419,1.1550161537669974,False,0.372659427974646,0.31600943232986156,-0.19749956088355525,0.01,0.01,False,False,False,True,True,True
4,29,0.483331831303437,1.4125250123185986,False,0.8124374792944189,0.7596500747666189,-0.7513264982931416,0.01,0.01,False,False,False,True,True,True
7,25,0.36758957513942003,0.7426102479710842,False,0.8607228062026555,0.8323311459609547,0.014395651899531181,0.01,0.01,True,False,False,False,True,True
10,23,0.20556658202741307,0.5621080696958364,False,0.9464906799828597,0.8605934655577377,-0.014908996882656567,0.01,0.01,False,False,False,True,True,True
8,55,0.5352033748954257,1.3416569873246955,True,0.8566320751291697,0.8271140049414568,0.7624032423726887,0.85,0.88,True,True,True,True,True,True
6,64,0.06173055410035686,1.852646419160863,True,0.2946567004770668,0.2480325297479703,0.9950042271994767,0.3,0.6,True,True,True,True,True,True
10,67,0.2894784289412989,0.42874254721021055,True,0.9525502634795575,0.9411884192625996,0.9126712318810488,0.13,0.19,True,True,True,True,True,True
12,66,0.5153399453050502,0.5327713119340646,False,0.9207012897462544,0.9025232019027908,0.04664366010515031,0.01,0.01,True,False,False,False,True,True
12,72,0.3312164531990765,1.8369927654148288,False,0.7819413305112631,0.7712669253274599,-0.2178891839171122,0.01,0.01,False,False,False,True,True,True
6,38,0.44619330749066066,0.34118004251937245,True,0.7572387688587513,0.7575737155600426,0.8141937848771734,0.35,0.34,True,True,True,True,True,True
12,52,0.3388030446520008,1.0705378609738934,True,0.5585148293236248,0.5200486340831356,0.8585719566034564,0.53,0.56,True,True,True,True,True,True
3,52,0.13635606387335467,1.60383990740082,False,0.7008987824276097,0.6682971576407107,-0.4936140309976291,0.01,0.01,False,False,False,True,True,True
3,55,0.24042936608941617,1.2164332934127675,True,0.522129146662019,0.5300497629130029,0.9249915823353361,0.63,0.68,True,True,True,True,True,True
4,79,0.5265172461734574,1.1395826924879908,False,0.04021075458248291,0.03600495513923744,-0.2853215083014726,0.01,0.01,False,False,False,True,True,True
4,46,0.20327237587408403,0.8472988201939382,True,0.2546359038157723,0.19250139600235772,0.9527069603991277,0.28,0.34,True,True,True,True,True,True
3,57,0.46130789868046623,1.4779338822073382,False,0.405287302498761,0.3635355144289432,-3.367735771322871,0.01,0.01,False,False,False,True,True,True
10,43,0.44294197423989556,0.37846132030801943,False,0.3570617120185654,0.29823635060597714,0.32212287205735735,0.01,0.01,True,False,False,False,True,True
10,73,0.3381993979858298,0.5980442708846149,False,0.1533687567586156,0.11851450536606206,-0.6315729755365234,0.01,0.01,False,False,False,True,True,True
3,23,0.5194746722116276,1.908216790047291,True,0.8676470820843799,0.8865714643229006,0.6800306903302124,0.96,0.95,True,True,True,True,True,True
6,62,0.1834927755205389,0.3961807861804231,True,0.6937405490854476,0.6797652197211438,0.9570414754436074,0.77,0.74,True,True,True,True,True,True
3,16,0.1269433643937758,1.9243569326647108,False,0.9886725035840924,0.8093501830231502,-0.25589496107339915,0.01,0.01,False,False,False,True,True,True
9,57,0.2495471726020671,0.4341137741085229,True,0.24060684018446554,0.19163152111318243,0.9342191931054947,0.12,0.5,True,True,True,True,True,True
7,76,0.3757087282136276,0.6292254508881528,False,0.7279090603868262,0.7156232325785091,-0.22778758079306294,0.01,0.01,False,False,False,True,True,True
3,47,0.39924895960030654,0.870723395667947,False,0.4455899169129587,0.4440717115966258,-0.5409774564144749,0.01,0.01,False,False,False,True,True,True
11,62,0.5712689164616269,1.920687056542334,True,0.6964288990707937,0.658678583055749,0.6961083269574551,0.84,0.83,True,True,True,True,True,True
7,42,0.3779512758475423,1.3719594175902339,True,0.4948780041229939,0.4458072473958142,0.7999126641068357,0.03,0.12,True,False,True,True,False,True
7,29,0.4425280812534426,0.3646032504897164,True,0.5255566058679598,0.4717434006995478,0.7961986926373297,0.6,0.53,True,True,True,True,True,True
6,62,0.19342490873883778,0.5108436595870558,False,0.15963744204905173,0.12744011123564883,-0.2990810601307763,0.01,0.01,False,False,False,True,True,True
8,38,0.06548096610936635,0.9182172239931246,False,0.7220882321365121,0.7167566341760677,-0.1565207508248161,0.01,0.01,False,False,False,True,True,True
9,40,0.5144392292860152,0.47643316074916664,False,0.9092364561847781,0.8827780605927354,0.0455145022563207,0.01,0.01,True,False,False,False,True,True
6,42,0.5062320637688095,1.4998763770300365,False,0.8908110104081104,0.8649572314956558,-0.17451235077107685,0.01,0.01,False,False,False,True,True,True
12,43,0.2304787945082709,0.7601437208674147,False,0.005758637787869114,0.0031294561862460204,-0.5373523087521139,0.01,0.01,False,False,False,True,True,True
5,43,0.4417227923667714,0.8911276092123894,True,0.3881812345871043,0.34540847198169666,0.7954983763773847,0.98,0.98,True,True,True,True,True,True
7,13,0.47046085769727924,1.8630633927362672,False,0.5285315758797556,0.4158918340847772,-0.20233122301085715,0.01,0.01,False,False,False,True,True,True
6,45,0.16400264010713111,0.34015618785485424,False,0.8854996200008606,0.8590817801162497,0.3623845347136063,0.01,0.01,True,False,False,False,True,True
12,28,0.5786355377331662,1.845135938624365,False,0.06670514607008615,0.045331550853038534,-0.36105890320996115,0.01,0.01,False,False,False,True,True,True
12,35,0.1710044921283879,1.9959979738255236,True,0.06487863962238749,0.0453316687243742,0.9658471282258873,0.33,0.59,True,True,True,True,True,True
7,38,0.13969076874694974,1.3041859210937952,True,0.8834312368961044,0.880659383177907,0.977275261774604,0.02,0.01,True,False,False,True,False,False
3,24,0.2616041306299796,0.6255724410737216,True,0.6811363189971686,0.7426612268118614,0.8862936881429773,0.1,0.08,True,True,True,True,True,True
6,24,0.5384471040542435,0.42482388654747805,True,0.2803742748662066,0.21655821098480235,0.7817470784209823,0.62,0.44,True,True,True,True,True,True
12,55,0.5451960415759668,1.6769396469677007,True,0.23300806140113173,0.18391161453422508,0.7325254395699572,0.48,0.48,True,True,True,True,True,True
9,22,0.050573788935726935,1.7564456788832379,False,0.9209699624810467,0.869137144764816,-0.2863638234767767,0.01,0.01,False,False,False,True,True,True
3,18,0.1535379981683268,1.01410579585408,False,0.8727042939401658,0.865071397135626,-1.4237600418112026,0.01,0.01,False,False,False,True,True,True
6,62,0.20206987253888647,0.7889565495615356,True,0.6531469224046568,0.6419733379578231,0.9581865495090348,0.23,0.25,True,True,True,True,True,True
4,29,0.4609848760519493,0.5015597599306191,False,0.08705162270082922,0.05855462982302884,-0.29752500920951785,0.01,0.01,False,False,False,True,True,True
5,58,0.4131700765574209,0.7486649522772226,False,0.751265495974838,0.7386782118438283,-0.36353694723047414,0.01,0.01,False,False,False,True,True,True
5,32,0.33639469826187757,0.705328113061582,True,0.6912582388336449,0.6489356415608876,0.8507003434357312,0.1,0.17,True,True,True,True,True,True
5,46,0.2545057105113398,0.402369370392778,True,0.8420158366969193,0.8251722136079052,0.9077931343048427,0.92,0.91,True,True,True,True,True,True
5,37,0.15661275947768757,1.201176263582684,False,0.443168501758198,0.41406306057747866,-0.32363384728592415,0.01,0.01,False,False,False,True,True,True
4,59,0.5827186420373136,1.4568810206335931,True,0.8472088062519623,0.8305032604308643,0.6784797357955201,0.25,0.32,True,True,True,True,True,True
7,59,0.14588171071193828,1.6800544870705387,False,0.9637730686297095,0.9528080608887008,-0.28651963015358217,0.01,0.01,False,False,False,True,True,True
10,49,0.3922004952094251,0.666042542104422,False,0.9214281803769301,0.896225967402667,-0.026382219742036028,0.01,0.01,False,False,False,True,True,True
6,52,0.3733447440375798,1.3174746964876842,True,0.1783293077110858,0.14019350018294385,0.8276161682455156,0.49,0.52,True,True,True,True,True,True
6,28,0.26338061909220506,1.9915870624657988,True,0.5735970748484738,0.5521785586354346,0.9209995289948686,0.59,0.64,True,True,True,True,True,True
10,40,0.3477666051952199,1.7022425017981775,True,0.2968146839432012,0.2372004270944441,0.8580225804243589,0.44,0.53,True,True,True,True,True,True
5,46,0.07916158286400587,0.7552533318609844,False,0.5141687760990784,0.46797551609216226,-0.6453282145672192,0.01,0.01,False,False,False,True,True,True
7,16,0.3343308387522009,1.8417627586061,True,0.5396411305750282,0.48504634403784874,0.8672480396131834,0.32,0.43,True,True,True,True,True,True
3,29,0.5862193764765766,1.2158359273663728,True,0.38468244729197587,0.3191191330138665,0.6804094142992227,0.6,0.67,True,True,True,True,True,True
3,52,0.24948454020574828,0.40809627315853464,True,0.5738617803753064,0.594496513638827,0.8959542521528139,0.17,0.2,True,True,True,True,True,True
4,13,0.5702840148624505,0.3167817638804313,True,0.5357133780865099,0.4682465496537531,0.6161929684101871,0.96,0.91,True,True,True,True,True,True
6,12,0.43669731983291976,0.6215381344563293,True,0.6458974568791773,0.54749286576167,0.8178709850025981,0.89,0.9,True,True,True,True,True,True
6,69,0.2979046650220619,1.698172238073627,True,0.7855464098085694,0.7799970319216928,0.8918523677995904,0.46,0.53,True,True,True,True,True,True
12,78,0.15304275041099402,0.7009746720086446,True,0.746962059006271,0.7345465950716628,0.9692149361388288,0.65,0.67,True,True,True,True,True,True
8,49,0.193859677638132,1.0473924617193253,False,0.5026284724371208,0.4583750139297699,-0.6331114495853125,0.01,0.01,False,False,False,True,True,True
6,23,0.38011977480474035,1.0968195010466057,False,0.03545528573770995,0.015609216860554961,-1.6103966960281815,0.01,0.01,False,False,False,True,True,True
4,49,0.2998705923003093,1.347717965189905,False,0.6886967627965164,0.6166557218301217,-0.9947365656117659,0.01,0.01,False,False,False,True,True,True
10,49,0.47901820195046363,1.3256866028388192,True,0.8478181180026823,0.8338008630620869,0.7876886564087028,0.98,0.9,True,True,True,True,True,True
11,64,0.33683233440720356,1.3376632053103086,True,0.12997972437344207,0.09757364665951229,0.8869251877606735,0.77,0.61,True,True,True,True,True,True
7,29,0.48975186204545845,1.0607974095205353,True,0.7822180707906681,0.7688720129248997,0.7398098575308132,0.21,0.36,True,True,True,True,True,True
3,71,0.08337758397797376,0.783572532265751,True,0.03358712762225757,0.026229523121441608,0.9936960798961553,0.4,0.44,True,True,True,True,True,True
12,55,0.17212985892945665,1.8774339936182005,True,0.32856996598223165,0.272245799346565,0.968592079456596,0.8,0.75,True,True,True,True,True,True
5,74,0.19831305463032523,1.0430487824923547,False,0.6969829516469069,0.6860877917412875,-0.4980913642064928,0.01,0.01,False,False,False,True,True,True
8,46,0.5104979459390274,1.3945103680746034,True,0.9928697495191,0.9538011440288647,0.78555653461498,0.91,0.97,True,True,True,True,True,True
4,10,0.07993376833243604,1.5043137867223448,True,0.5149820417669033,0.40321894031835254,0.9904403611207127,0.95,0.92,True,True,True,True,True,True
8,12,0.34632941048733673,1.2138325028406587,True,0.6433190036964387,0.5382662392106828,0.8756844127905014,0.51,0.53,True,True,True,True,True,True
9,70,0.46629617680594315,1.3119863643260872,True,0.9925684394437291,0.9747564157967291,0.8230219399703173,0.43,0.45,True,True,True,True,True,True
5,15,0.541955191385129,0.5084507580209394,True,0.037854272190639415,0.010626892972356463,0.8104324904152606,0.7,0.79,True,True,True,True,True,True
12,49,0.5807038119990247,1.2801325151341654,False,0.5322152379677638,0.47736124414740655,-0.15636036940504372,0.01,0.01,False,False,False,True,True,True
4,16,0.296450572782505,0.8014926247257783,False,0.27280336217920087,0.19887542275206208,-1.667342719169997,0.01,0.01,False,False,False,True,True,True
6,14,0.2055453212545913,1.1221529410494226,False,0.7661641284489136,0.6560791098978805,-0.5245140743033863,0.01,0.01,False,False,False,True,True,True
9,21,0.23378164291952203,0.9116928663873525,False,0.15189657031353865,0.10202842951056508,0.09574369492970014,0.01,0.01,True,False,False,False,True,True
11,39,0.47926995522991395,0.9634520497669286,True,0.8914669905447798,0.8670472613383334,0.8021827566906079,0.57,0.53,True,True,True,True,True,True
9,49,0.30833673064287304,1.168233946120768,True,0.5568720685098663,0.5168962757031028,0.8923630984890422,0.58,0.45,True,True,True,True,True,True
4,42,0.43051554300820194,0.44025309588497036,False,0.11026624077930025,0.08959844367948132,-1.6458581002600354,0.01,0.01,False,False,False,True,True,True
4,55,0.4561463624572812,1.1467855958021111,True,0.8927139639021242,0.8673200618398506,0.7885743008626556,0.18,0.26,True,True,True,True,True,True
10,31,0.2630001384197189,1.0419551959192723,False,0.32939004986347364,0.27008909580283486,-0.43801388931984153,0.01,0.01,False,False,False,True,True,True
6,33,0.5251473885656557,0.5648558771886096,False,0.4745938821023781,0.42039720975931766,-0.40104588844267464,0.01,0.01,False,False,False,True,True,True
8,16,0.4133878682291775,0.9967399648977837,False,0.10242455267612094,0.0665868189902498,-0.739292151664918,0.01,0.01,False,False,False,True,True,True
5,12,0.32816569491540865,1.8160381054767776,False,0.33535527305878743,0.27336413302425144,-1.0973492729805594,0.01,0.01,False,False,False,True,True,True
11,59,0.19978383167434188,1.163564631022776,False,0.23218716323021726,0.18400198181871066,-0.11039070047847477,0.01,0.01,False,False,False,True,True,True
4,20,0.23795395022124066,0.789632628636707,True,0.703054932615456,0.6534227044871922,0.9385034801110157,0.43,0.55,True,True,True,True,True,True
7,47,0.3845899481454664,0.4314062433883319,True,0.11419605274325106,0.08359080065735419,0.8494741632407732,0.05,0.35,True,False,True,True,False,True
12,56,0.14813138797053874,0.5603103751963983,True,0.0770334980248385,0.056166782018467,0.9737049292498787,0.73,0.9,True,True,True,True,True,True
3,72,0.3556311257359826,1.4918334980305208,False,0.4322319941078121,0.42436542474136085,-0.1480878088688955,0.01,0.01,False,False,False,True,True,True
11,44,0.5541631293190201,0.5109214656712001,False,0.6436638043846132,0.6100937630375168,-0.03724055709185903,0.01,0.01,False,False,False,True,True,True
5,68,0.29928576701080783,1.934016578569732,True,0.8481744559195472,0.8516354218601154,0.8850638475819351,0.53,0.73,True,True,True,True,True,True
5,52,0.4647067205711884,0.36079028614595215,False,0.5381001538546972,0.5122342775442509,0.558972836901342,0.01,0.01,True,False,False,False,True,True
12,37,0.3312814319821789,1.237915310456551,True,0.7330372896854561,0.6948339237827182,0.8730955792436422,0.3,0.36,True,True,True,True,True,True
10,46,0.5162609179787435,1.8519345838735188,False,0.48847894378342505,0.4376293855389185,-0.5174250585296891,0.01,0.01,False,False,False,True,True,True
6,47,0.34951630229665087,1.8562045980685813,False,0.7083810727926264,0.6854061900971931,-0.32906658954024515,0.01,0.01,False,False,False,True,True,True
3,48,0.43145182898412726,1.6375392351380538,False,0.4462017637992174,0.4342117733703162,-1.9696193851895756,0.01,0.01,False,False,False,True,True,True
9,39,0.33752654404489096,0.7555579964546622,False,0.780537503889022,0.7547036117340562,-0.12789335667729373,0.01,0.01,False,False,False,True,True,True
9,37,0.3217285665255939,1.1092435583619045,True,0.8809607507592918,0.8726072887213215,0.868997357862613,0.92,0.93,True,True,True,True,True,True
4,56,0.34423820975110797,1.9439828604893639,False,0.46078831786496877,0.43201516416874836,-0.9691598305086593,0.01,0.01,False,False,False,True,True,True
8,63,0.46075269377200867,0.7845556336083512,True,0.4698335625910719,0.4249179803771482,0.7700057171090133,0.98,0.93,True,True,True,True,True,True
9,24,0.05397660976276923,1.9684905474986212,True,0.5054248614331776,0.41435302982302724,0.9960468665479174,0.99,0.96,True,True,True,True,True,True
3,64,0.48856247341391806,1.1949420991554938,False,0.12819053879097442,0.10917844444727569,-6.680886009427852,0.01,0.01,False,False,False,True,True,True
11,34,0.5507931127065607,1.6851233164121855,False,0.5423743516086053,0.504636822752666,-0.36787871910904757,0.01,0.01,False,False,False,True,True,True
8,57,0.5131633902866215,1.1695095436401561,False,0.669599649957451,0.6418844727691332,-0.5167445282183689,0.01,0.01,False,False,False,True,True,True
6,60,0.11709652994043072,1.721204694354556,False,0.17573150093181922,0.14157217711296036,-1.667947927392845,0.01,0.01,False,False,False,True,True,True
11,77,0.069493181210172,0.9906572030628231,False,0.6103836340394325,0.579759962038268,-0.1335904107583512,0.01,0.01,False,False,False,True,True,True
11,46,0.06213334911078304,1.1516559948116218,False,0.9430794246339476,0.9230523781426304,-0.13368434659765116,0.01,0.01,False,False,False,True,True,True
9,69,0.48169914070405456,1.8192130580895827,False,0.6247114168313455,0.6027573198500334,-0.17248459145493733,0.01,0.01,False,False,False,True,True,True
7,37,0.4843647357265207,1.2354026862191934,True,0.7464745327866086,0.725008236607057,0.7253695091636562,1.0,0.99,True,True,True,True,True,True
4,38,0.30516172834768535,0.7850356870002546,True,0.1405426797893191,0.10178559625807519,0.890693083894221,0.01,0.01,True,False,False,True,False,False
4,29,0.19348399036556585,1.1632742471143382,False,0.904651836770468,0.8654234352731226,-0.6767647069998994,0.01,0.01,False,False,False,True,True,True
3,34,0.05636358619096136,1.9203091511091739,False,0.1640019659326475,0.12701033628208205,-5.509564424724319,0.01,0.01,False,False,False,True,True,True
3,20,0.4294166515675512,1.089941863667876,False,0.9847958927783894,0.8692472202401139,-0.9149992375747422,0.01,0.01,False,False,False,True,True,True
8,70,0.09225119344484958,1.2140285611382375,False,0.8844954019852532,0.8629941846281481,-0.3113176186537967,0.01,0.01,False,False,False,True,True,True
5,61,0.3929418994903198,0.3046558952497131,False,0.26338654816225626,0.21591138497889034,0.4024941247196038,0.01,0.01,True,False,False,False,True,True
5,36,0.5727723771733985,1.1533830872171753,False,0.05078257403564612,0.04099318684494784,-2.7712420156890536,0.01,0.01,False,False,False,True,True,True
8,54,0.5701019877122161,0.3213031340536396,False,0.815368728276244,0.7976081385858,0.3533417477982823,0.01,0.01,True,False,False,False,True,True
6,40,0.3056535667401589,0.4589791288732312,False,0.04529412571474967,0.03447848325532988,0.47768644046588915,0.01,0.01,True,False,False,False,True,True
9,18,0.4017174549406678,1.6851129153627296,False,0.29535248721774165,0.22260773439456016,-0.5500194385730612,0.01,0.01,False,False,False,True,True,True
10,22,0.3569818159708288,1.171327136167402,True,0.14449477339564787,0.10011986862909139,0.872966715742646,0.01,0.14,True,False,True,True,False,True
7,29,0.363360290865759,0.5170327488680557,False,0.510515797081719,0.46230312002868323,0.021184850185593906,0.01,0.01,True,False,False,False,True,True
5,41,0.25103984868831114,0.9284084701340389,True,0.11090072797007766,0.08940324511027228,0.9236598912687154,0.14,0.36,True,True,True,True,True,True
12,54,0.14025802617879846,1.0410341761241182,True,0.0315039109021934,0.02469785634062745,0.980220610062375,0.91,0.74,True,True,True,True,True,True
9,60,0.2743254417923979,1.0596051229323558,True,0.23902281823906069,0.18893774011949543,0.9223530299696223,0.53,0.69,True,True,True,True,True,True
8,47,0.08135485297212153,1.3090915703789152,True,0.9256371605712386,0.8985476400151855,0.9931958220227549,0.85,0.79,True,True,True,True,True,True
12,67,0.44146167249002993,0.5837726066222111,False,0.9508266720157085,0.9242835509855477,0.04762341707934237,0.01,0.01,True,False,False,False,True,True
3,60,0.5322588544547692,0.37057963030676955,True,0.18496341506601954,0.16284591806533388,0.7330659297704973,0.57,0.53,True,True,True,True,True,True
8,71,0.49099166133038624,1.2520182037523107,False,0.8414601460332157,0.8352277517868981,-0.2639289694603004,0.01,0.01,False,False,False,True,True,True
7,33,0.347300706683302,1.2288883917946345,False,0.1484467119620888,0.1103688740830434,-0.9652969543209053,0.01,0.01,False,False,False,True,True,True
7,78,0.24921027487630804,0.4215854398110896,True,0.969814666740984,0.955044849400136,0.9294654195155414,0.11,0.15,True,True,True,True,True,True
12,31,0.2739256823089407,1.9220753979134313,True,0.7903500139859656,0.7479712584332813,0.9046125473953688,0.34,0.48,True,True,True,True,True,True
8,45,0.2714366021094945,1.08932369858009,False,0.43543184877616903,0.3746084316295754,-0.05386940645242522,0.01,0.01,False,False,False,True,True,True
3,14,0.488605687907386,1.709275988781545,False,0.1258994541474776,0.05368746772941648,0.5721171405521615,0.01,0.01,True,False,False,False,True,True
6,44,0.36017344912408117,0.7782979289865983,True,0.47088606200303884,0.41108527924582056,0.8406684973258495,0.04,0.05,True,False,False,True,False,False
5,27,0.42321068954303404,0.9239260262301066,True,0.10336095907809584,0.07762504394603237,0.8040377668180201,0.54,0.6,True,True,True,True,True,True
10,27,0.5706707250326183,1.8739397597201812,False,0.24128859174224881,0.18752573906659367,-0.5630214821344126,0.01,0.01,False,False,False,True,True,True
12,53,0.21546304073870243,0.5243032871325515,False,0.39996503493452795,0.3357432154110982,-0.13925940335381637,0.01,0.01,False,False,False,True,True,True
3,56,0.29027113993820713,0.6352143725025886,True,0.48836191612563107,0.501348941005174,0.896384573051838,0.09,0.11,True,True,True,True,True,True
12,64,0.4889835549353261,1.3284951900501478,True,0.2749675651007786,0.22436752452475783,0.7620503716307899,0.91,0.93,True,True,True,True,True,True
12,16,0.44781335628761054,1.1338413865504346,True,0.9137226269802609,0.828358008347132,0.7823818340768237,0.93,0.91,True,True,True,True,True,True
7,31,0.2511895442907105,0.3470465121827224,False,0.5961815527699786,0.5755381581503625,0.18705130996803998,0.01,0.01,True,False,False,False,True,True
6,41,0.3511992785482243,1.2301292553287728,False,0.32082594886933247,0.27207373108193317,-1.1745779374716152,0.01,0.01,False,False,False,True,True,True
10,73,0.5655597631194761,0.5802689143634018,True,0.1623369524125574,0.125822147990057,0.7295395966082004,1.0,0.88,True,True,True,True,True,True
9,21,0.43208790639125433,1.8561993192467807,True,0.41229946662304084,0.3211901098415946,0.7086429279102656,0.04,0.05,True,False,False,True,False,False
12,22,0.24440679773459445,1.9266731978573526,False,0.9827959747103546,0.9152485238937071,-0.14715683957230086,0.01,0.01,False,False,False,True,True,True
3,27,0.4896711721948958,1.447989193072821,False,0.6010522948475661,0.603638294782536,-1.3033741186971604,0.01,0.01,False,False,False,True,True,True
7,68,0.441551899663035,1.9907787406688437,True,0.3792992174553327,0.32530971857152524,0.7987277593332527,0.84,0.79,True,True,True,True,True,True
8,27,0.13116017148810172,0.6870734108516365,True,0.8042230128281855,0.7732807041490192,0.9815351069806719,0.38,0.44,True,True,True,True,True,True
10,17,0.4201393822130405,1.8376030681937092,False,0.6569259167478227,0.5837685622155359,-0.03242615013972827,0.01,0.01,False,False,False,True,True,True
3,25,0.05747745502052603,1.786200631474087,False,0.967931959509674,0.9220647496940798,-1.2583733010021554,0.01,0.01,False,False,False,True,True,True
3,72,0.17081037740536142,1.4362836099296625,True,0.25364703866160854,0.221805372559585,0.9559895120443801,0.01,0.03,True,False,False,True,False,False
3,18,0.3682673278445905,0.6467236915173149,True,0.3816280172504577,0.24206783235632243,0.8551860517366112,0.5,0.57,True,True,True,True,True,True
9,40,0.3801736666542596,0.7639357857301643,True,0.08891399507489206,0.06472172342048445,0.8641409015872142,0.95,0.79,True,True,True,True,True,True
7,40,0.42531182889053365,0.3318486489763225,True,0.045856337796470026,0.03686133126270699,0.8366979932273504,0.63,0.2,True,True,True,True,True,True
7,52,0.4750235800035667,0.47486384974591167,False,0.7915058117331455,0.7659834409284079,-0.16195494196230165,0.01,0.01,False,False,False,True,True,True
5,21,0.18232312280217255,1.6599581234599001,True,0.9288901432674862,0.8459472791059319,0.9743180728637822,0.21,0.21,True,True,True,True,True,True
3,78,0.39265285151798474,1.7680858989769916,True,0.8025283295047505,0.8180583432348575,0.8211907578540184,0.02,0.02,True,False,False,True,False,False
6,44,0.27852847807607484,0.8053528393430898,False,0.5561148503853726,0.5273741279968507,-0.40243524156571975,0.01,0.01,False,False,False,True,True,True
3,57,0.32620999230962944,0.7205320610292769,False,0.8129608069370471,0.821578548666702,0.032770904129652445,0.01,0.01,True,False,False,False,True,True
9,57,0.4379183391715438,1.6538086920054822,True,0.007931450827719733,0.0045628533415783806,0.8367724132304868,0.84,0.7,True,True,True,True,True,True
12,35,0.33635589414148775,0.34954089357387025,True,0.0034113054760629424,0.0008154967920699403,0.9016481753884767,0.14,0.05,True,True,False,True,True,False
6,31,0.5339275512409534,0.3093207222022101,True,0.9871344606215758,0.9280827807177439,0.7464752907316055,0.95,1.0,True,True,True,True,True,True
3,58,0.5776113130826777,1.971547954103624,True,0.8908517405546533,0.8714308640107263,0.6919805463859696,0.16,0.14,True,True,True,True,True,True
11,33,0.2113495136383325,0.622565492428716,True,0.9862478256037287,0.9379920940057364,0.9538357589680717,0.97,0.96,True,True,True,True,True,True
9,36,0.4787546216419998,1.0081065754933367,False,0.9740662832389666,0.9591754222105551,-0.28733472216647526,0.01,0.01,False,False,False,True,True,True
8,65,0.32500616473640687,1.2891638087476176,False,0.6560981021566324,0.6377539734672879,-0.2629728045302602,0.01,0.01,False,False,False,True,True,True
7,27,0.5113979697192551,1.4303024681830139,True,0.3472676189968258,0.2917821466632889,0.7703162105363617,0.32,0.44,True,True,True,True,True,True
9,23,0.51182200639845,1.024438737964467,True,0.6393915279602899,0.5998101702281389,0.7144316774279797,0.38,0.42,True,True,True,True,True,True
4,26,0.2513982745606204,0.7210595507129728,True,0.2400695597000877,0.17193063289373609,0.8961006647674856,0.97,0.96,True,True,True,True,True,True
5,18,0.46134781810777215,0.7734433904412137,True,0.042456218396116574,0.019825133596627416,0.7895051874280308,0.13,0.29,True,True,True,True,True,True
8,33,0.22078599297333446,1.8436012967031803,False,0.8857060423036149,0.84234181769651,-0.2008757432061956,0.01,0.01,False,False,False,True,True,True
9,25,0.39367882295085826,1.2083254275628343,False,0.9956850123840142,0.9331074935741316,-0.2484158522996467,0.01,0.01,False,False,False,True,True,True
11,72,0.18859448066188528,1.9674002814081881,True,0.19262438658103498,0.14835783754309018,0.9617980784009031,0.65,0.64,True,True,True,True,True,True
7,61,0.1203525542835428,1.1780993329296772,False,0.6658402671476805,0.6408482754423722,-0.3339883829596131,0.01,0.01,False,False,False,True,True,True
7,11,0.2874181042360233,0.38642845021027794,True,0.7391935892841767,0.6291879066829578,0.902321988695059,0.34,0.36,True,True,True,True,True,True
4,18,0.41614505961341847,1.1425104057246516,False,0.8453311719370478,0.8172016644969591,-0.6162791272515988,0.01,0.01,False,False,False,True,True,True
12,24,0.3900207231890672,1.8464903931699814,False,0.6471105795532529,0.594460660291477,-0.2259712770119373,0.01,0.01,False,False,False,True,True,True
12,67,0.26372512972640766,0.32265651674512463,True,0.8577484126991435,0.8406572991081501,0.9179115755724534,0.3,0.27,True,True,True,True,True,True
6,77,0.5868776504334133,1.257515603842452,False,0.2355022706391502,0.19356037746645333,-0.3200394040956194,0.01,0.01,False,False,False,True,True,True
11,76,0.5203615487665146,1.6355705273953702,True,0.8296664782419039,0.8220690247324798,0.7389504641851228,0.42,0.47,True,True,True,True,True,True
5,15,0.3012517887582079,1.4468850560919997,False,0.6032615183477578,0.5596036752597475,-0.23520416757969254,0.01,0.01,False,False,False,True,True,True
10,12,0.13304548067782757,1.9147149264285257,False,0.16344290322692523,0.09473535304208743,-0.5416097540832028,0.01,0.01,False,False,False,True,True,True
4,66,0.3653831391024634,0.4190059710943003,True,0.5760785483045057,0.5649347819100343,0.85428546638453,0.85,0.82,True,True,True,True,True,True
7,67,0.348586651224306,1.9497443282882136,False,0.3071227180328818,0.2561775363056058,-0.6717151718432599,0.01,0.01,False,False,False,True,True,True
9,49,0.5380868623387489,0.5571395415100566,False,0.4006517565414133,0.33767705530445996,0.10803097241137993,0.01,0.01,True,False,False,False,True,True
8,50,0.5776989069182388,1.3831734898671633,False,0.4250038005869188,0.36388179187869524,-0.5414713184889273,0.01,0.01,False,False,False,True,True,True
3,62,0.1748229789031078,1.3534441396475325,True,0.8322798600089808,0.8516699570523801,0.9452211650896699,0.31,0.28,True,True,True,True,True,True
7,78,0.11113914949236758,0.6801041710927984,True,0.04686833005216706,0.038507989869741,0.9878562327446527,0.6,0.46,True,True,True,True,True,True
10,21,0.2394218525424977,1.5405193939387343,True,0.06195255075345707,0.04503198784743123,0.9377239372260459,0.02,0.08,True,False,True,True,False,True
4,19,0.4461982914845557,1.086616707598492,True,0.024174492671109937,0.013966504091308332,0.8270110340883419,0.01,0.64,True,False,True,True,False,True
5,33,0.4352872260938146,1.910511604740872,False,0.34395089814998914,0.28944142346997775,-1.3732262548659167,0.01,0.01,False,False,False,True,True,True
11,75,0.5461142847567317,1.9703144652575155,False,0.5570420312976305,0.5184045014682351,-0.18913800744221643,0.01,0.01,False,False,False,True,True,True
12,30,0.13862094065578767,1.009645423259836,False,0.14423954638266534,0.10482906620961575,-0.08097163342762559,0.01,0.01,False,False,False,True,True,True
4,51,0.21868223242557544,1.3043384370728774,False,0.2667640763279012,0.21953840510458414,-1.36582031034151,0.01,0.01,False,False,False,True,True,True
11,58,0.15187176659984225,1.8606749900517483,False,0.7897874084012689,0.7738514718831392,-0.2027080397692096,0.01,0.01,False,False,False,True,True,True
6,75,0.19728304857945606,1.6067371446691476,False,0.9662927494109477,0.9408474102742699,-0.4458782441143265,0.01,0.01,False,False,False,True,True,True
8,28,0.48739351098065337,1.5318801520307763,True,0.13747397209430712,0.09537206465996466,0.7928837867097552,0.93,0.76,True,True,True,True,True,True
5,15,0.5145440833706678,1.5681904228413932,True,0.25828096953381585,0.1843880086662028,0.7510059986825267,0.47,0.35,True,True,True,True,True,True
6,50,0.08475295599421487,0.49125885151941073,True,0.39009021430446567,0.3282156814604717,0.9916811373861847,0.42,0.63,True,True,True,True,True,True
12,49,0.4236475251876269,0.9555739640015177,True,0.9842218255083358,0.9688584173639334,0.8403786640036661,0.01,0.02,True,False,False,True,False,False
12,63,0.3032947328530836,0.5889668884460212,False,0.04833360769395767,0.03660060925466474,-0.2843839108527393,0.01,0.01,False,False,False,True,True,True
10,46,0.06193830513258862,1.327180583080006,False,0.7488474415407114,0.7248991799456438,-0.16180408861773699,0.01,0.01,False,False,False,True,True,True
5,41,0.3196645251983624,1.3814996222561347,True,0.9117050032260182,0.8535418424242565,0.8829628599602092,0.33,0.24,True,True,True,True,True,True
12,73,0.48235541412637845,0.98610621695323,True,0.26959371508780816,0.21872348098433006,0.7846338408895539,0.57,0.59,True,True,True,True,True,True
12,39,0.28075543072336706,1.0808826716535633,True,0.3055388862205458,0.24488428248598876,0.9173993225798465,0.64,0.59,True,True,True,True,True,True
3,69,0.5710391133956101,0.4945233692863179,True,0.9899387755938489,0.9810570227232117,0.8156711592619117,0.18,0.21,True,True,True,True,True,True
5,36,0.43244091922352534,1.4874289702265646,True,0.8222071104817456,0.830132286554368,0.8075701859517435,0.57,0.47,True,True,True,True,True,True
6,51,0.52949429966949,1.516142790525459,False,0.1362238713023487,0.10324145388579686,-0.9222459947310202,0.01,0.01,False,False,False,True,True,True
5,32,0.21278913319352044,1.9592434505454186,True,0.39377645256237825,0.3608674210014714,0.9432924335824501,0.79,0.61,True,True,True,True,True,True
4,75,0.49675716307077483,1.1434494226105831,True,0.6128580903013409,0.619136610985223,0.7646894072439168,0.65,0.64,True,True,True,True,True,True
7,21,0.12758801377134993,1.836189109952648,True,0.42540010296523045,0.34566496214847053,0.9804869084066,0.34,0.34,True,True,True,True,True,True
8,31,0.05736976746461256,1.7101103858014246,False,0.3800349476253584,0.3083289061445142,-0.36161381561559836,0.01,0.01,False,False,False,True,True,True
9,46,0.2045354541621629,1.6429732145072993,True,0.9177022110420621,0.9036454328190189,0.9614122812234455,0.93,0.93,True,True,True,True,True,True
11,32,0.22241504178354143,0.9574294650124071,True,0.9199654362609833,0.868482145254766,0.9436000489149928,0.2,0.37,True,True,True,True,True,True
12,75,0.2505112065887643,1.1531219185616994,False,0.5841799920180004,0.553194417004569,-0.244856650593978,0.01,0.01,False,False,False,True,True,True
3,69,0.32720885450122716,1.4083109196435215,True,0.4276815272242114,0.4163553998358866,0.8646030178075937,0.19,0.28,True,True,True,True,True,True
3,15,0.13046690689132973,1.0690528771942804,True,0.4033961819069465,0.37616685699773694,0.9706625347353232,0.91,0.85,True,True,True,True,True,True
11,49,0.4766887332072391,1.5552562549422315,False,0.22970095885042274,0.17668790317635108,-0.33424885835282514,0.01,0.01,False,False,False,True,True,True
11,15,0.3854499889829191,1.256006422920321,True,0.6882174756780463,0.6171468926924664,0.8282449812557462,0.05,0.09,True,False,True,True,False,True
8,13,0.5117439986486207,0.8316177009672325,True,0.37835994707078835,0.29865353090952335,0.7392541532571042,0.78,0.72,True,True,True,True,True,True
7,57,0.38213616774147136,1.124067643474034,True,0.683278539788356,0.6572646860160748,0.8775575619642282,0.44,0.38,True,True,True,True,True,True
5,50,0.1944118837008656,1.600167223953952,False,0.811314358409016,0.8112433375858881,-0.5374186641677265,0.01,0.01,False,False,False,True,True,True
6,13,0.32030079604327727,1.7426127526438513,True,0.8956099831788558,0.8303374146814364,0.9188106176970251,0.47,0.49,True,True,True,True,True,True
4,49,0.19118741390061517,0.5138276517126912,False,0.27013796434167203,0.22944634955770274,-2.253967303073815,0.01,0.01,False,False,False,True,True,True
12,57,0.30781242067927417,1.0383154088277091,True,0.8407630164433713,0.8252731384565362,0.8892747434960867,0.09,0.07,True,True,True,True,True,True
3,17,0.1361149462992719,1.42719745350893,False,0.5258114785916883,0.5368252249083915,-0.4349557678947411,0.01,0.01,False,False,False,True,True,True
11,25,0.19556312622738042,1.1473963456653926,False,0.43385550261070915,0.35266666869612534,-0.23433357412318045,0.01,0.01,False,False,False,True,True,True
10,39,0.15725945462365037,1.2674508953880999,True,0.12869893021317957,0.08913754171134328,0.9756088744358794,0.01,0.08,True,False,True,True,False,True
3,73,0.5136751750158713,1.5241582263655737,True,0.7929624823228681,0.8049099467073829,0.7281503739911763,1.0,1.0,True,True,True,True,True,True
11,59,0.1264985221875007,1.2119170281452707,True,0.7888600916748193,0.766458978650054,0.9785462576691841,0.3,0.47,True,True,True,True,True,True
6,34,0.4025535070476187,1.4085987447704007,False,0.5880366992568792,0.5469746492967443,-0.5421630441857954,0.01,0.01,False,False,False,True,True,True
4,79,0.45254688514280134,1.800023470166765,True,0.5701878707943983,0.5585811455670563,0.7550739679862994,0.71,0.87,True,True,True,True,True,True
7,52,0.411818874688326,0.47325107345783657,True,0.2828149531097707,0.23087433973993665,0.7952135018036057,0.17,0.18,True,True,True,True,True,True
6,41,0.05321058131044941,0.779459596733276,False,0.2539286882726137,0.20588931571784308,-0.2505593203984413,0.01,0.01,False,False,False,True,True,True
9,44,0.17373552817913818,1.537271957332572,False,0.44459620469005834,0.38289850646681123,-0.5151340152383042,0.01,0.01,False,False,False,True,True,True
7,32,0.5919257419674193,1.3098697398135353,True,0.3456458995048105,0.27502030672642275,0.6654241715255098,0.05,0.14,True,False,True,True,False,True
8,41,0.3384181922485567,1.4602444985298537,True,0.952319683532175,0.9402285443788799,0.8916389369722268,0.49,0.47,True,True,True,True,True,True
4,68,0.5332514065185471,0.7136521807761171,False,0.38335048737606847,0.35695764320244305,-1.1496640272615908,0.01,0.01,False,False,False,True,True,True
5,74,0.1971449172308582,1.9507780313871015,True,0.8795788054828826,0.886287448228322,0.9551734989333133,0.94,0.94,True,True,True,True,True,True
4,30,0.2706370377683029,1.4021864173813487,True,0.8115835340157045,0.751898731490111,0.8706723496312843,0.14,0.15,True,True,True,True,True,True
6,19,0.09317108532687583,1.8639500568346128,False,0.32797268056955564,0.23823210748761584,-0.822336171106762,0.01,0.01,False,False,False,True,True,True
5,69,0.1004497987059925,0.34526820168557415,False,0.15078637941265605,0.12144601922421464,-0.09252207764249198,0.01,0.01,False,False,False,True,True,True
8,11,0.18208423126867967,0.7935966255108563,True,0.46126990815666535,0.33727742210818284,0.9543365759538165,0.18,0.35,True,True,True,True,True,True
4,25,0.2085018229937512,0.716436262678229,False,0.9523766739522742,0.9008847938101395,-0.8732942487382163,0.01,0.01,False,False,False,True,True,True
6,33,0.18041125094707633,1.8791282282542303,True,0.8161719207976037,0.7992071925713801,0.9624265620660934,0.79,0.73,True,True,True,True,True,True
11,61,0.0631311501966943,0.8923804900070718,False,0.6610175036366983,0.6297049577168883,-0.30947490995569193,0.01,0.01,False,False,False,True,True,True
9,78,0.152237593047564,1.1339545508759348,True,0.6128459613147261,0.5882859637601149,0.9697422438688893,0.06,0.14,True,True,True,True,True,True
7,44,0.30339293065130896,1.049052012019082,True,0.5097376659281664,0.48301832434076575,0.8767789602192306,0.74,0.86,True,True,True,True,True,True
11,39,0.4482401355731615,0.5285335677109904,False,0.8991069134422933,0.8842274465829587,-0.06822446899593171,0.01,0.01,False,False,False,True,True,True
4,44,0.46094410726878127,1.0128868474571284,False,0.3324722714411611,0.28933836594552736,0.15597122030923927,0.01,0.01,True,False,False,False,True,True
12,46,0.1747596425162786,0.9379179491000604,True,0.6906895216107125,0.6592722911358969,0.9510537265440212,0.76,0.69,True,True,True,True,True,True
10,47,0.24539564115480866,0.3583962544973926,True,0.019817325749933667,0.01534745893290632,0.942648583548546,0.36,0.52,True,True,True,True,True,True
8,67,0.5125654706509494,1.577384714480405,True,0.5550802713231306,0.5200522560160673,0.7290624159656149,0.2,0.25,True,True,True,True,True,True
10,60,0.5872807727065631,1.6460162261476754,True,0.23962142766688854,0.18665915182808912,0.7374504752815283,0.9,0.86,True,True,True,True,True,True
5,60,0.3848317426464455,1.4125286964336754,False,0.779384091247159,0.7794738620680819,-0.6082818343988396,0.01,0.01,False,False,False,True,True,True
9,70,0.20955162021698853,0.5493060646246501,False,0.8055639861739091,0.7928595655557558,-0.08567174696811808,0.01,0.01,False,False,False,True,True,True
4,58,0.21927060257148356,1.7862849938238858,False,0.1067443584871548,0.09123360620381914,-2.860856663290304,0.01,0.01,False,False,False,True,True,True
4,14,0.38451319040347687,0.42583228178815125,False,0.39479238423080354,0.28888530388376704,0.26901685819900223,0.01,0.01,True,False,False,False,True,True
6,34,0.10235238704431557,1.5589105645312276,True,0.45735118345281023,0.38743562782070085,0.9863550911315537,0.23,0.45,True,True,True,True,True,True
6,67,0.596416077718428,1.7937408125495666,False,0.6116033030925588,0.5967290433920981,-0.3306202104867513,0.01,0.01,False,False,False,True,True,True
5,13,0.23554280290322083,1.569244490672167,True,0.986709910356151,0.8828266127374558,0.9371180698975672,0.85,0.91,True,True,True,True,True,True
4,75,0.5181882791853745,0.9118912693561232,False,0.5237704937251344,0.5194038972059701,-1.4955484041809526,0.01,0.01,False,False,False,True,True,True
3,35,0.4593285351483388,0.3052986327293858,False,0.8732426394259032,0.9047666709362003,0.3060385178262629,0.01,0.01,True,False,False,False,True,True
7,43,0.494972627339129,0.33076029752877184,True,0.4129348281486581,0.3529364181167076,0.7846728214486411,0.27,0.26,True,True,True,True,True,True
11,11,0.2838532302911326,0.6812184586366958,True,0.7543216404666322,0.5845974216763297,0.8981275162744549,0.79,0.82,True,True,True,True,True,True
12,29,0.279316278906071,1.4889987174005042,False,0.23998337354564203,0.18836353525779137,-0.17773025666579123,0.01,0.01,False,False,False,True,True,True
9,47,0.2183769893714963,1.0177516412172625,False,0.1747638788081669,0.1317975342951847,-0.4785786940735588,0.01,0.01,False,False,False,True,True,True
7,26,0.33387277611913113,0.49894084757338664,False,0.12918840165738155,0.09887649472572194,0.09287657399452531,0.01,0.01,True,False,False,False,True,True
12,58,0.12211099466736283,1.4294160752022214,False,0.17845103713639454,0.13768666556976897,-0.5051658961749135,0.01,0.01,False,False,False,True,True,True
8,10,0.18989487115023945,1.6032643723069475,True,0.93126080618765,0.8340947610937418,0.9637182841026616,0.87,0.87,True,True,True,True,True,True
8,74,0.14958915293509473,0.9399202284006907,True,0.8657765008746866,0.8475108534928013,0.9711740283434517,0.65,0.57,True,True,True,True,True,True
6,44,0.3214662819575164,1.4936555128573803,False,0.38958416731331535,0.31256385800872905,-0.6984700514364055,0.01,0.01,False,False,False,True,True,True
12,45,0.5217938844923525,1.6150027265167268,False,0.16819316448307697,0.12737510423329582,-0.32841102146121703,0.01,0.01,False,False,False,True,True,True
4,74,0.3911629982746816,0.4319627825782706,False,0.956645847784346,0.9598421789896842,0.3629260817343818,0.01,0.01,True,False,False,False,True,True
4,17,0.3865584212501123,0.35696213711734165,False,0.17986041899911975,0.1402041422317284,-1.3044464810699892,0.01,0.01,False,False,False,True,True,True
7,56,0.46015391487708,1.211584445328666,True,0.9150169772998547,0.8863349172216483,0.8161857269918242,0.37,0.43,True,True,True,True,True,True
4,32,0.238784821224592,1.0514086582930673,True,0.9539696953092841,0.9392131073669839,0.9420926220818449,0.14,0.2,True,True,True,True,True,True
10,29,0.19442500339929752,1.3814739221012438,True,0.3267314952660365,0.27467247638805,0.9578737298337983,0.02,0.07,True,False,True,True,False,True
7,56,0.23604882556025536,1.9715250534444426,False,0.9506220202497625,0.9392936204049429,-0.32206895576831784,0.01,0.01,False,False,False,True,True,True
3,64,0.15947104450471444,1.3793204895619022,True,0.036607304819851305,0.01503893120143889,0.9706202277658202,0.79,0.45,True,True,True,True,True,True
3,21,0.05015630784465036,0.9860757651652086,True,0.5985609742635505,0.6056885905914923,0.9963804832805622,0.85,0.85,True,True,True,True,True,True
7,37,0.4204351052814151,0.9351644458159463,False,0.9049954367247174,0.8757968359610337,-0.08644713173563523,0.01,0.01,False,False,False,True,True,True
8,74,0.44878896863320833,0.4743019230610256,False,0.027870779201684015,0.023959063491454137,-0.49581212329359636,0.01,0.01,False,False,False,True,True,True
3,67,0.4947729380562167,0.8554712159603379,False,0.18990977273468435,0.16401665110052574,-2.0066423017119353,0.01,0.01,False,False,False,True,True,True
3,65,0.2214491549514469,0.8119311994110483,False,0.43333404626888994,0.4167057901205613,0.4131265916614755,0.01,0.01,True,False,False,False,True,True
12,36,0.150571538260811,1.5091850496966188,False,0.17766695050532,0.13152290119826457,-0.421868115698258,0.01,0.01,False,False,False,True,True,True
9,63,0.3310625593016103,0.42313090864751546,False,0.059325767789336514,0.0456331209062012,-0.08406494006679943,0.01,0.01,False,False,False,True,True,True
8,37,0.46589557062389064,0.5323683247797489,False,0.07447969952411249,0.0553750603763241,-0.34436455908664043,0.01,0.01,False,False,False,True,True,True
5,49,0.14407835677809688,1.2028672433615684,False,0.4567725156017375,0.42543042244030344,-0.30029631068162654,0.01,0.01,False,False,False,True,True,True
5,48,0.5692295366539716,1.9798721570991429,False,0.5106291218796808,0.4698987114337082,-0.3357506669693433,0.01,0.01,False,False,False,True,True,True
5,10,0.4008646458079019,1.943694829021201,True,0.28003226932834613,0.2084591676461854,0.7548478873104535,0.37,0.43,True,True,True,True,True,True
8,22,0.10315326415383816,0.6551062714578884,True,0.8883208153121569,0.8002131976131184,0.9885793663718244,0.95,0.92,True,True,True,True,True,True
8,68,0.2780248830051607,1.9256399365359544,False,0.3238918048782271,0.27090969445321766,-0.27932496661393236,0.01,0.01,False,False,False,True,True,True
6,11,0.5515608538540213,0.8663735388338698,True,0.9576606618814403,0.9085360051070622,0.7703448358548519,0.13,0.08,True,True,True,True,True,True
10,53,0.08565037733000158,1.6067232840807966,True,0.1735282163757087,0.13559980889292902,0.9911282152042356,0.54,0.74,True,True,True,True,True,True
8,17,0.22964767910179434,1.765762890945963,True,0.856779025554409,0.7331362944253677,0.9359370716067948,0.44,0.41,True,True,True,True,True,True
4,31,0.319640940804212,0.6146036760068709,False,0.9257654567694383,0.8984328870889517,-0.4338461272384959,0.01,0.01,False,False,False,True,True,True
6,49,0.25312155465824154,0.7866110804490944,True,0.1095582112134369,0.08886950451511107,0.9289544113654393,0.87,0.78,True,True,True,True,True,True
10,52,0.08186099707319991,1.033640938866146,True,0.4941245964821176,0.44372745618016296,0.9923945128707036,0.1,0.22,True,True,True,True,True,True
8,28,0.5818626217851255,1.4323843327703234,True,0.28828429551798895,0.22190041431886784,0.6826144785756558,0.16,0.2,True,True,True,True,True,True
6,58,0.3833985136734577,1.3889493541609552,False,0.10242576723003294,0.08257917435720928,0.0003478386889069762,0.01,0.01,True,False,False,False,True,True
7,35,0.3844268513084167,1.8118176288451697,True,0.8820979690707134,0.8603813371306543,0.8297164104879664,0.53,0.57,True,True,True,True,True,True
11,25,0.12432506166481473,1.2536688346159228,True,0.7435430203742226,0.71857724450287,0.980155752426229,0.61,0.57,True,True,True,True,True,True
3,78,0.16718801911504882,0.9020257536158081,True,0.8413717969000818,0.8523877885373969,0.9674557452658454,0.77,0.83,True,True,True,True,True,True
11,45,0.5425464762964853,1.1357341511537733,False,0.0075656593639217284,0.004162442440703939,-0.28974599664133516,0.01,0.01,False,False,False,True,True,True
11,56,0.4164466859186858,0.42530892416162913,False,0.4044695482206182,0.34185709744482845,-0.2677068875976827,0.01,0.01,False,False,False,True,True,True
9,64,0.21615299118753983,1.0582711360586874,False,0.5212271201669929,0.48317702543754887,0.11211062837910857,0.01,0.01,True,False,False,False,True,True
6,40,0.12547008604839432,0.7787442102983368,False,0.3434638897091721,0.298462544660264,-1.0808394210580579,0.01,0.01,False,False,False,True,True,True
6,14,0.17099553991370287,0.3559755262434548,False,0.6453413640687108,0.6115184136785754,-0.4183256424341064,0.01,0.01,False,False,False,True,True,True
4,28,0.3660695110065724,1.1345134461045279,False,0.204190262404785,0.1559314198931652,0.8216388336077459,0.01,0.01,True,False,False,False,True,True
7,11,0.23101339297427081,1.9313045086934089,False,0.37307418758074307,0.2206431957973339,-0.7182325609114317,0.01,0.01,False,False,False,True,True,True
3,28,0.3558989161390213,1.0413791484395603,True,0.2670658175424223,0.2471780783969244,0.8208925005864594,0.43,0.5,True,True,True,True,True,True
9,15,0.05806730010455667,0.4176407068801927,False,0.2083164041743958,0.1556269013749598,-0.0031469429568793394,0.01,0.01,False,False,False,True,True,True
12,34,0.15986810050967432,1.5259725115347744,False,0.6272184650324192,0.6013025142071479,-0.23958152552854495,0.01,0.01,False,False,False,True,True,True
5,65,0.05902325901053104,1.115572453856479,False,0.9354445717921208,0.9403356905928015,-0.5782466604250596,0.01,0.01,False,False,False,True,True,True
10,26,0.5050578561334707,0.9795021057677418,False,0.3542439896889741,0.28332565188668907,-0.4498390229303273,0.01,0.01,False,False,False,True,True,True
7,52,0.07848475503552713,1.2615455166785636,True,0.0406349484710572,0.03334459826369147,0.9943527193870048,0.26,0.37,True,True,True,True,True,True
8,46,0.19206997303913115,1.6955628988200229,True,0.3818188900752968,0.3216059911968575,0.9516075873018357,0.24,0.33,True,True,True,True,True,True
4,15,0.31933855304537984,1.2156914323622516,False,0.9298678841902266,0.8511587422131828,-0.9396728144398558,0.01,0.01,False,False,False,True,True,True
6,58,0.3921909021362272,1.2380404161309995,False,0.025797611504711382,0.0206567066757876,0.837001396087608,0.01,0.01,True,False,False,False,True,True
12,39,0.2758768467178497,1.2878825295493261,True,0.017127424118836276,0.01174979895753917,0.9193534369937562,0.02,0.25,True,False,True,True,False,True
3,30,0.15973939982205693,1.823505815633281,True,0.17195651315793825,0.1209318514520969,0.9674514913269302,0.91,0.72,True,True,True,True,True,True
7,51,0.3241807719463934,1.3454464355448839,False,0.7192461703080639,0.7057078791023518,-0.37370728004264886,0.01,0.01,False,False,False,True,True,True
3,13,0.42273096307256386,1.8206748705626514,False,0.8531338970976537,0.8536804948108898,-1.1540804569095502,0.01,0.01,False,False,False,True,True,True
12,40,0.23847303486767796,1.6632863272920309,True,0.9875008754821548,0.9544815713210902,0.9455121516810745,0.13,0.11,True,True,True,True,True,True
9,29,0.08715233835135293,0.6241730575838993,False,0.28901000515659436,0.2281043558309934,-0.007137186452653266,0.01,0.01,False,False,False,True,True,True
12,27,0.4721009549096285,0.48913950117727634,False,0.868026648325139,0.8159339013152369,0.0627729486509051,0.01,0.01,True,False,False,False,True,True
11,59,0.11192110741810332,0.9957363909017232,False,0.19686254578001072,0.1536193456825382,-0.3554308785549214,0.01,0.01,False,False,False,True,True,True
7,55,0.05005732570697045,1.3269674678249221,True,0.2333389185391873,0.1851959031639177,0.9969546738729581,0.01,0.25,True,False,True,True,False,True
9,41,0.4977604026047863,0.9569664670699511,False,0.2989032443976697,0.24211900496891373,0.04049917419904325,0.01,0.01,True,False,False,False,True,True
9,73,0.2400031896179678,1.6727620567611947,True,0.6877519111883975,0.6748223995789044,0.9244400878943967,0.71,0.52,True,True,True,True,True,True
12,12,0.08654591007903559,1.1654591237938081,False,0.9547287083961928,0.8832030959034426,-0.1777636982889239,0.01,0.01,False,False,False,True,True,True
11,55,0.4593657024506047,0.6022300568381662,False,0.24811247128573288,0.19739969146640785,-0.3817941181292699,0.01,0.01,False,False,False,True,True,True
6,54,0.5225398917591195,1.4314898767503161,True,0.9847860314077825,0.9568182127692979,0.7726299462211959,0.53,0.67,True,True,True,True,True,True
6,55,0.10053175969526243,1.0709040923778506,True,0.7468485993657717,0.7364393082863557,0.9855223226068583,0.13,0.14,True,True,True,True,True,True
9,11,0.31023417994056757,1.5889070036707915,True,0.832082201689372,0.7670937629881227,0.8775596667695308,0.02,0.01,True,False,False,True,False,False
6,72,0.2603877128043815,1.2263869387499924,True,0.6700285576605246,0.6539570556052626,0.9194516665074374,0.31,0.25,True,True,True,True,True,True
8,40,0.5679715731904023,1.5770064928112395,True,0.8330449429553648,0.8288404130376674,0.7369293770811836,0.66,0.63,True,True,True,True,True,True
9,37,0.2281370178173387,0.791138803315127,False,0.10265695307767031,0.07217023920425686,-0.6403010543596406,0.01,0.01,False,False,False,True,True,True
5,22,0.09891765834617654,1.9856124038728193,False,0.41419757281510283,0.345484807826982,-1.2192392751971761,0.01,0.01,False,False,False,True,True,True
3,59,0.30483824842879476,1.9677692391733186,False,0.6330430747082584,0.6351884280210826,-1.4027956174174014,0.01,0.01,False,False,False,True,True,True
8,42,0.10150210299256841,1.8803519682205934,False,0.530157413319317,0.49420743846787074,-0.39727907502980875,0.01,0.01,False,False,False,True,True,True
10,45,0.3688056340807635,1.2733399033037445,False,0.31414501421272634,0.2534514915300326,-0.21385512836945475,0.01,0.01,False,False,False,True,True,True
4,41,0.3466575112424618,1.4322152250032814,False,0.7588609332299491,0.7275853971469104,-0.5971905111205669,0.01,0.01,False,False,False,True,True,True
12,70,0.5227457836654517,0.8889239092516339,False,0.6966069817820967,0.6822990222720566,-0.22916571536493335,0.01,0.01,False,False,False,True,True,True
12,12,0.14079327279776466,1.5966339123698632,False,0.8198211928754063,0.7224041580463929,-0.177289424837493,0.01,0.01,False,False,False,True,True,True
10,65,0.18775283473682602,0.7699854804750748,False,0.5822315841533997,0.5529503965024511,-0.19074187985838753,0.01,0.01,False,False,False,True,True,True
11,33,0.5807378984178269,1.1535563972010343,True,0.7228015984483286,0.6905664743415848,0.7002792255281083,0.91,0.92,True,True,True,True,True,True
12,54,0.09870738766396808,1.5900190862067833,True,0.7614202764373358,0.7487881307051065,0.988043988391736,0.55,0.59,True,True,True,True,True,True
5,30,0.3263754382236399,1.2961259831823528,False,0.9681379776630427,0.941473933787304,-0.3619779538893926,0.01,0.01,False,False,False,True,True,True
3,38,0.16665716273696496,0.443700061507812,False,0.7326949601982412,0.7336454612435771,0.8875982012166624,0.01,0.01,True,False,False,False,True,True
11,48,0.3574760853606662,1.7184977336786842,False,0.7046165964133047,0.6785371700871907,-0.279535337917719,0.01,0.01,False,False,False,True,True,True
4,72,0.0982583861317573,0.7901164339217226,True,0.3997092441264839,0.37813906287098215,0.9875010167079358,0.31,0.33,True,True,True,True,True,True
12,25,0.48526172262223877,1.6022138898301257,True,0.1142268490524182,0.07962736344154021,0.7947189070639454,0.5,0.64,True,True,True,True,True,True
8,19,0.0952403175184995,1.1605250390314026,True,0.9694309416004246,0.8951057282262671,0.9928627057573198,0.86,0.81,True,True,True,True,True,True
7,49,0.5505684158534133,1.8402512604776222,False,0.5381273372917685,0.5084083825071466,-0.4028589579673503,0.01,0.01,False,False,False,True,True,True
3,55,0.5347574459922072,0.9127596285520714,False,0.6327842628912357,0.6456702999268101,-1.3325017858239385,0.01,0.01,False,False,False,True,True,True
11,75,0.4061407500736099,0.7322605093490984,False,0.0030345759409817763,0.000815088310613821,-0.07126968477666806,0.01,0.01,False,False,False,True,True,True
12,41,0.4287106746625942,1.0327114330022082,True,0.9680942033462171,0.9287352470070229,0.8442412642597008,0.18,0.29,True,True,True,True,True,True
8,70,0.3347513550635761,1.499676943988599,True,0.07944382549354234,0.0624546831227492,0.8833134710742843,0.04,0.2,True,False,True,True,False,True
5,11,0.28371822661321866,1.345331618738293,False,0.09110753193239773,0.05450241119941938,-1.8058055532884523,0.01,0.01,False,False,False,True,True,True
6,66,0.35716709848226597,1.570548979625512,False,0.3376194497621856,0.28989104799955373,-0.32228539804338774,0.01,0.01,False,False,False,True,True,True
6,58,0.5218662270634258,1.246211212752147,False,0.14162443967587435,0.11132095243082459,-0.5134482007928418,0.01,0.01,False,False,False,True,True,True
8,20,0.23364453467920765,1.1800390937642922,True,0.31672954594657465,0.2468259717555868,0.9334694649599675,0.02,0.09,True,False,True,True,False,True
12,63,0.23375197369731926,0.3541906195927355,True,0.7038490970163884,0.6829407492472555,0.9277340287096871,0.56,0.69,True,True,True,True,True,True
3,72,0.18983420813471535,0.6762928008219999,True,0.37754413968382194,0.3392890870578787,0.9604903525515829,0.44,0.43,True,True,True,True,True,True
4,48,0.11187985509200489,1.6439321090650638,False,0.23992835047882488,0.18888836220320285,-0.33095844138620345,0.01,0.01,False,False,False,True,True,True
6,71,0.3565805059818501,1.4913051360623644,True,0.5543005356998266,0.5279526099194505,0.8608724516510682,0.3,0.34,True,True,True,True,True,True
12,60,0.5727461301606895,1.9751657254248178,False,0.9318600309138804,0.9268961846753488,-0.1223687127902251,0.01,0.01,False,False,False,True,True,True
4,50,0.1799163309003698,0.5076591923444839,True,0.17814233524445622,0.14461597495500564,0.9614591376532033,0.95,0.94,True,True,True,True,True,True
3,57,0.45672625803710326,0.45840688816311026,False,0.8690899572660605,0.8679276956705668,-0.2381785074497378,0.01,0.01,False,False,False,True,True,True
8,45,0.3873050581627463,0.35370414195295763,False,0.8473032718987541,0.8293139053372581,0.2525333838547651,0.01,0.01,True,False,False,False,True,True
3,71,0.1476630433972315,1.0603506345324714,False,0.7973342803103858,0.8138828419697949,-0.9810078961698354,0.01,0.01,False,False,False,True,True,True
8,46,0.33357937818956834,0.5533620445704064,True,0.4515165274754446,0.3944082071541827,0.8614841601848043,0.01,0.03,True,False,False,True,False,False
9,40,0.5824386354311245,1.1332622263107273,False,0.2511242065374377,0.19462344937812925,-0.2947279354981054,0.01,0.01,False,False,False,True,True,True
6,38,0.5847740358518905,1.940943172342198,True,0.36432013051973977,0.311598575725991,0.699181694074637,0.95,0.92,True,True,True,True,True,True
11,75,0.46762756633769137,0.8009636807544755,True,0.2106196162990237,0.16133593119083386,0.792895560174899,0.47,0.58,True,True,True,True,True,True
8,65,0.1476265662443639,1.518525204174654,True,0.11609742518839672,0.0901307146160575,0.973793473338784,0.98,0.84,True,True,True,True,True,True
7,13,0.202524733231781,0.6301550256091926,False,0.5561935852161238,0.47227331309374826,-0.3947810144416397,0.01,0.01,False,False,False,True,True,True
11,21,0.36913874644714867,1.2461278525118145,True,0.7255640455521923,0.6732078543938743,0.8435824130017041,0.39,0.47,True,True,True,True,True,True
5,41,0.5271092102164929,0.7881114904917301,True,0.8276034423655194,0.8305465999876415,0.723457729818325,0.19,0.22,True,True,True,True,True,True
7,75,0.4097268737832381,1.5747884448742437,False,0.1985827665087201,0.16203461308551056,-0.13318068841017516,0.01,0.01,False,False,False,True,True,True
11,48,0.21893049420873956,1.9722592181598668,True,0.9369264631545001,0.9003939247577443,0.9457533704423369,0.53,0.48,True,True,True,True,True,True
11,44,0.30382543198818873,1.5140831803593235,True,0.618970692717437,0.5919685387263183,0.8885394868587926,0.14,0.2,True,True,True,True,True,True
9,78,0.5519800942712735,0.4109129288630943,False,0.8881795174169274,0.8798822650644273,0.13695809957757898,0.01,0.01,True,False,False,False,True,True
8,48,0.48012350051384844,0.34122568187667296,True,0.45297253445449814,0.3874892113537322,0.7691271322202133,0.75,0.71,True,True,True,True,True,True
4,38,0.1548667050111185,0.95634470710113,False,0.6468632218156642,0.6431202264757669,-0.9983449970512266,0.01,0.01,False,False,False,True,True,True
4,50,0.30585626520351694,1.5341989969117278,True,0.1349505539969792,0.11045783334281761,0.906735300664996,0.28,0.47,True,True,True,True,True,True
10,41,0.2445863763840067,0.47067436394886786,False,0.21261798042556934,0.1614477666722352,-0.14232651702147936,0.01,0.01,False,False,False,True,True,True
6,51,0.29647122456256,1.3751954538263276,False,0.5744292496059276,0.5382971491127834,-0.5313534186632449,0.01,0.01,False,False,False,True,True,True
8,46,0.5110552814619099,1.5266375349771124,True,0.5469330302269122,0.5086535756118477,0.7447232776753157,0.43,0.29,True,True,True,True,True,True
7,23,0.22818727151694873,1.6059367780989555,True,0.48510159806939424,0.44039499388465425,0.9417608755315541,0.04,0.1,True,False,True,True,False,True
6,76,0.269379750709482,1.9133601112958112,False,0.7092943552790504,0.6976518353509112,-0.6433771973388382,0.01,0.01,False,False,False,True,True,True
5,49,0.5828272729110185,0.699624052619372,True,0.2966676841152004,0.25063133762116163,0.6957422542173176,0.36,0.35,True,True,True,True,True,True
11,33,0.21332656783376097,0.3317551398147848,True,0.849312958086895,0.8234033055727994,0.947185630629681,0.45,0.33,True,True,True,True,True,True
12,37,0.06106509206726519,1.9491656587769384,False,0.3787837438622216,0.31640595952399664,-0.3121633831993018,0.01,0.01,False,False,False,True,True,True
11,36,0.19957613953679165,0.6171376745025154,False,0.17572923578110566,0.13324580060981028,-0.37598941091927185,0.01,0.01,False,False,False,True,True,True
10,27,0.5806828373466014,0.8747516241338886,True,0.8969874117369192,0.8646177731450972,0.6675594861014165,0.43,0.37,True,True,True,True,True,True
6,51,0.14431107497902565,1.9733624706837878,False,0.5460237399379497,0.5194666347725616,-0.5478666075714382,0.01,0.01,False,False,False,True,True,True
7,46,0.34962149054851976,1.6903145923693677,True,0.9625288062925624,0.958318487107727,0.8726396054909004,0.17,0.15,True,True,True,True,True,True
5,18,0.5630291836370492,1.8429164429694773,False,0.46498072262124535,0.3910212782406817,0.18658627489249602,0.01,0.01,True,False,False,False,True,True
5,77,0.3993746938297343,1.1566128056098914,False,0.3913389078611047,0.34667806581089533,-1.3342521113047412,0.01,0.01,False,False,False,True,True,True
11,33,0.42598049405678207,1.0109448580042477,True,0.7339121271721027,0.7013191687391861,0.7837970850555535,0.63,0.76,True,True,True,True,True,True
6,68,0.2891484890358846,1.5484582476900388,True,0.3472297820956667,0.29783326295926327,0.9125649303979217,0.96,0.87,True,True,True,True,True,True
6,76,0.4852789904794135,1.2294692617719742,False,0.9409822142095111,0.9340404611687018,-0.3502859271042329,0.01,0.01,False,False,False,True,True,True
7,29,0.5263244629890538,1.8728351878339855,False,0.18291459565270407,0.13614035794849227,-0.3394237680282357,0.01,0.01,False,False,False,True,True,True
4,64,0.3872853222216464,1.6719358925984278,True,0.9259357792263192,0.9150795582499366,0.8070627891530241,0.74,0.74,True,True,True,True,True,True
8,17,0.41926608734796095,1.4324345210344929,True,0.31437155350656365,0.2274096861238199,0.8556961313009588,0.01,0.07,True,False,True,True,False,True
3,64,0.5472249534289512,0.7667373165029003,False,0.06548368715429542,0.06035928132997487,0.12697517946724557,0.01,0.01,True,False,False,False,True,True
4,13,0.4035779894072456,1.650754672227765,True,0.9040270605091977,0.8582149461338823,0.843746414819608,0.8,0.86,True,True,True,True,True,True
9,79,0.2774795089285881,1.363295377434223,False,0.7012956093535994,0.6838672905077384,-0.3466615603415759,0.01,0.01,False,False,False,True,True,True
6,25,0.18911664505001802,1.4428579193151234,True,0.06153074374697787,0.03545594873418407,0.9646394451945514,0.02,0.2,True,False,True,True,False,True
4,50,0.19651929332681844,1.8751329096106664,True,0.7407787291110849,0.7333992808426296,0.9648443242468514,0.62,0.66,True,True,True,True,True,True
8,36,0.3797553066201388,1.5671687901550868,False,0.9002245765611381,0.8939105943976228,-0.30762232133667533,0.01,0.01,False,False,False,True,True,True
10,64,0.3749710498797669,0.9924483912830948,True,0.61051363907531,0.5856419216523897,0.8401639729322287,0.08,0.08,True,True,True,True,True,True
7,46,0.482340872742105,1.4523616935028605,True,0.6344965250149335,0.623583477030713,0.755207464477611,0.51,0.46,True,True,True,True,True,True
9,68,0.19282362261944247,0.6772055182159077,True,0.5598184978443081,0.5268258136630651,0.9482782941463903,0.56,0.47,True,True,True,True,True,True
3,40,0.21776441054843604,0.47316600596224245,False,0.37437151602004615,0.3231176784257261,-0.7118330766336749,0.01,0.01,False,False,False,True,True,True
5,34,0.2136286387031887,1.116559546060724,False,0.755637473261474,0.77635677785892,-0.5144597539198648,0.01,0.01,False,False,False,True,True,True
10,12,0.3815837818785441,1.2298519610839451,False,0.4743106957955274,0.3456820956798998,-0.2541101196419058,0.01,0.01,False,False,False,True,True,True
11,16,0.1037562987556829,0.3191588427059963,True,0.02034416296276098,0.007101573559446722,0.9896592178660415,0.45,0.22,True,True,True,True,True,True
12,18,0.5270473233423851,0.9896863699889393,False,0.8623975487819654,0.79121463211218,-0.1315470965077905,0.01,0.01,False,False,False,True,True,True
5,27,0.3265997612169148,0.49855038506102034,False,0.2707146491950828,0.20785080604357015,-0.3228586838482803,0.01,0.01,False,False,False,True,True,True
10,45,0.5066339465857883,0.5009969506997386,False,0.26175015223704545,0.21019828527577356,0.04606949105625524,0.01,0.01,True,False,False,False,True,True
7,51,0.1736346787656896,0.8853219701187054,False,0.7750029957323081,0.7793200955163107,-0.009646733263678486,0.01,0.01,False,False,False,True,True,True
