K,n_per_facility,sigma,heterogeneity,is_universal,r2_lofo,protocol_says_universal,bootstrap_a_ci_lo,bootstrap_a_ci_hi,bootstrap_a_stable,obs_sigma_hat,obs_hetero_hat,correct,scenario_id
7,43,0.3002701304566717,0.9655075411029274,True,0.905257130252844,True,-0.4819038357416088,-0.43184201441042475,True,0.29040261177505367,0.034916623090431115,True,0
6,41,0.07812482678640462,1.9167162769638244,False,-0.45034046684283324,False,-0.7947148589807289,0.07303758087009901,False,8.918364622000995,0.5528823635889101,True,1
12,23,0.1710824263868801,1.2820146141700137,False,-0.0821281062178687,False,-0.6932339181452595,-0.25562162498595503,True,3.5619943363041573,0.292199407755542,True,2
15,57,0.3499929568803444,2.424851182938426,True,0.8865145638380603,True,-0.46037239816149667,-0.4448531344020348,True,0.3522927589451802,0.01560018647164878,True,3
19,32,0.43103580762325905,2.234441056596862,False,-0.0878315038731663,False,-0.8932830140413477,0.0038576039701139556,False,8.79016620027558,0.6949539678500322,True,4
20,32,0.1343588916080985,1.9903759547637758,True,0.9820749067687582,True,-0.45389941961559643,-0.4424853587699989,True,0.13464949151604866,0.011483432789019983,True,5
3,60,0.5099738056395283,0.44882358292336966,True,0.7956699626292743,True,-0.4615032616896363,-0.4130524369441231,True,0.49449743603551877,0.02095249759533059,True,6
8,16,0.5716546988391301,0.38377146017569985,True,0.7562077647817969,True,-0.5084107420767079,-0.43434354632440836,True,0.5705604037225603,0.05120734135105898,True,7
5,25,0.3850817859201876,0.17018908415910106,True,0.8669777129865782,True,-0.46814371143990857,-0.4148612440954761,True,0.3804243370108224,0.03758163181182413,True,8
9,89,0.31352475082431946,0.5536889900105125,False,-0.11464270305659041,False,-0.6793590448582526,-0.3063725219648652,True,2.772554941490657,0.1773563922606878,True,9
7,81,0.4579774591980977,0.1383921861719275,False,0.42166173811988983,True,-0.4655635671937205,-0.39946834747671134,True,0.8590807350106924,0.04930372678037597,False,10
5,50,0.48005544184592636,0.6961991284281902,False,-0.08398269089171007,False,-0.5894976015388002,-0.4102860368782164,True,1.5246348672660366,0.12333548401279164,True,11
14,99,0.24074185532658704,1.3622779897804627,True,0.9449413483238097,True,-0.4559353339763921,-0.4461366490562359,True,0.23782499128784965,0.009384268653501286,True,12
15,24,0.26981369157405666,0.4950827963137169,True,0.9374505000217209,True,-0.46674697904454104,-0.44522856125914434,True,0.2524132050720592,0.02722764976118082,True,13
16,51,0.4864118653090578,0.025373553965873263,False,0.8041708761593932,True,-0.45907169973680334,-0.423878155666117,True,0.4908156756712981,0.0334486189433017,False,14
11,30,0.35657432124735006,0.5689384337797457,True,0.8684958235469749,True,-0.46716615019898133,-0.4224366171438102,True,0.3957954492498022,0.03838723730954949,True,15
6,65,0.4046235842602162,2.9772782826599764,False,-0.4098361044053118,False,-1.8451402420695484,0.10318197879304643,False,16.671736721652078,1.0841409412147631,True,16
20,93,0.20380665235638712,1.4930870496518516,False,-0.07189875593253103,False,-0.8239153005452422,-0.2722616270550172,True,6.590735880689499,0.47303908623138624,True,17
14,34,0.4485396255787834,0.756018970297348,False,-0.019426767451665494,False,-0.6437317984927917,-0.37513989995824293,True,2.8863411958195644,0.1916038012812753,True,18
17,93,0.5572667236262275,0.7747976249795543,True,0.750508169907826,True,-0.46441199988829773,-0.4430579485870738,True,0.5672071625907615,0.024020994844287116,True,19
5,5,0.5847804632982104,2.259338709580777,False,-0.6977167604624865,False,-2.7015168657582107,0.7321490693446453,False,5.647180574961769,0.4991826693628161,True,20
7,15,0.11513002086865659,2.683731533444941,False,-0.3589205038577099,False,-1.1346923808080611,0.09458879736391863,False,7.712715016053417,0.48981003217061964,True,21
11,36,0.5300867492197245,2.1209594229317545,True,0.7533439898083171,True,-0.44409080165292725,-0.4066233599552014,True,0.5311101175341012,0.03603469160960473,True,22
9,76,0.25744120592785846,1.511846403786235,False,-0.2005440694332239,False,-0.6392586906868903,-0.1661493924084484,True,4.621419804814824,0.4021188925950395,True,23
6,72,0.4020959401665681,0.09014028584710398,True,0.8495388774006081,True,-0.4844494947784667,-0.42244838720765604,True,0.3912804370757185,0.03499069486691437,True,24
4,25,0.5472675560109043,0.48105253361092204,True,0.7124015602173928,True,-0.5343553079585858,-0.4128837976483532,True,0.5889174293153856,0.06388563152950796,True,25
15,74,0.19362804954621338,1.5853720868363306,False,-0.10004596358838258,False,-0.8018011387825144,-0.2293730995819682,True,5.4460707602307,0.4341357387321462,True,26
20,71,0.5379568467783119,1.8264619452300033,True,0.7661540409686024,True,-0.4598294374944177,-0.4431947632271039,True,0.537520408366674,0.02282051743131268,True,27
3,60,0.15956177535882943,2.1852525573283974,True,0.9732182086200463,True,-0.4543521604141596,-0.4387282430124692,True,0.15529457315508913,0.008281193471355423,True,28
19,45,0.23326231850930917,0.36803868933017836,False,0.2423584560059926,True,-0.5539362419362409,-0.41224854257413146,True,1.5538157714590206,0.11135864489652662,False,29
7,71,0.5782656074442553,2.627671608376651,True,0.7550763029004399,True,-0.4983321668220633,-0.43023661036123023,True,0.5671197992138473,0.04631759175715834,True,30
10,90,0.2834220854588887,2.319344168782718,False,-0.19520977750720925,False,-0.9060428332011087,-0.3308178364167127,True,9.492271087140525,0.7033265583360854,True,31
6,100,0.36485409199039054,0.8637765531681614,False,-0.18554840285969143,False,-0.5477166671687957,-0.32359218863067535,True,2.206901493595813,0.14473399919741822,True,32
6,64,0.12891113568576293,0.7877595381392393,True,0.9850865279693752,True,-0.45821831975076177,-0.4475407862898651,True,0.1255480096583815,0.007632277421291145,True,33
7,84,0.3773964334269387,2.0075077149404663,False,-0.3105105843373275,False,-1.049785003589012,-0.23266404260584236,True,7.003336636279938,0.46386774364245753,True,34
20,63,0.3416033452637435,0.6166360228754852,False,0.1828212049421647,True,-0.6228559284126197,-0.4611397775115064,True,1.9245765922801246,0.15007170381134394,False,35
9,86,0.5655631202975935,0.9012975204694601,False,-0.024701729356292335,False,-0.7148166987406809,-0.4315912331490493,True,2.569118935294857,0.19706064557481578,True,36
6,96,0.4424482222897204,2.851331781700523,False,-0.4395009341053757,False,-1.0619555579613,0.577051841025425,False,12.025372636881002,0.819246000919703,True,37
7,44,0.42779198647839767,2.4102637213201645,True,0.8274598737919309,True,-0.4719509687246016,-0.4256948626921348,True,0.41531111508874263,0.03457960132499228,True,38
4,79,0.1239256204687219,2.3497174717850142,False,-0.6907190171524564,False,-1.2361671858812984,-0.5341735137128255,True,8.204673763388076,0.38748364849685485,True,39
8,25,0.43865737454857295,2.7712308763785196,False,-0.32276379288506885,False,-0.7614594314528963,0.20315253089903784,False,10.053440560188756,0.6255951267614719,True,40
7,45,0.5019996934811511,2.290054865972901,False,-0.376665270272041,False,-0.6917395720562475,0.3283467161729671,False,7.271642596898185,0.35092712425323347,True,41
8,64,0.24206132557798732,1.1751942896961367,True,0.948485157317182,True,-0.45656778760393274,-0.4353375971149504,True,0.2357226008915971,0.0147652560533464,True,42
20,56,0.4520176164576015,2.2271149305974207,False,-0.10044910998657453,False,-0.6769712890133075,-0.096550571134147,True,9.433926011655002,0.6912975173621402,True,43
13,95,0.498061034215733,0.7113275916503624,True,0.7892745156410048,True,-0.4737268134767506,-0.44117980430173853,True,0.49372809601306317,0.033843419656009684,True,44
10,32,0.4132323973692136,0.7949720543858126,False,-0.16075615276785382,False,-0.5538493781889754,-0.25890268863845295,True,3.196589967618313,0.19040247421700146,True,45
10,93,0.5625736226264113,2.6059096838108236,True,0.7429162664750194,True,-0.46213506778311275,-0.42693153490085733,True,0.5639885865642127,0.029249349637012156,True,46
3,73,0.13729392177338773,2.1095691078160645,False,-1.025819070846517,False,-0.5703417334053762,0.07670802881843697,False,4.8311366579910615,0.2779499871804252,True,47
20,70,0.5650306413378177,1.5959191313576682,True,0.7598878396852227,True,-0.4687045376296147,-0.44357268459068716,True,0.5664806806633235,0.029532612583860224,True,48
16,69,0.4334679525964258,1.1335072611434809,True,0.8362667584149069,True,-0.47533135482939126,-0.44866126684742264,True,0.4397638520126409,0.026474064979078827,True,49
10,80,0.20828774797861155,1.1306399593737406,False,-0.18183125171409187,False,-0.7663723991558108,-0.17998404361291542,True,4.698775126374526,0.3393913462244475,True,50
4,73,0.49099355783375276,0.41216087723921124,False,-0.3427520026372577,False,-0.6528298870055208,-0.33512057189294087,True,1.7860703872632513,0.11430005019067986,True,51
3,81,0.3237781601067895,1.6438516399280334,True,0.9011229567690648,True,-0.4717781256646363,-0.4133960716176987,True,0.31441982821439096,0.02386390581241302,True,52
2,63,0.38182523792240164,2.975600026583477,False,-2.9498923809900535,False,-0.781079648939728,1.398810274719192,False,12.517579191787085,1.08994496182946,True,53
4,64,0.2549654269358442,0.2927673760252967,False,-0.08727075907925719,False,-0.5440339153763578,-0.40282082169877137,True,1.3139523113555651,0.07246047034733831,True,54
14,34,0.10874700543230952,1.9776033948410472,False,-0.15238440910025197,False,-0.9762981209262647,-0.011732992455570286,True,7.48200646897776,0.5878313408259076,True,55
16,100,0.08146205794751615,0.43162082465712115,False,0.18382377483246126,True,-0.5303265749679047,-0.39644740085470936,True,1.6189679596544753,0.13416549722316243,False,56
8,62,0.2168806203000973,1.1808629646076572,True,0.9486941918652876,True,-0.46586687054345716,-0.443480228207612,True,0.22794495076040114,0.016552882897664115,True,57
19,26,0.5150058470008261,1.6400782710621358,True,0.8066732220773833,True,-0.4833460200430118,-0.44674822241737855,True,0.4977181218892272,0.04564427930504509,True,58
18,79,0.5655551034885592,2.5966300439779584,True,0.7540158553678284,True,-0.450036896458839,-0.4273508573038226,True,0.5486961888713979,0.024677224698407423,True,59
5,68,0.5624474713248635,0.3567505864750302,False,0.41938151316911254,True,-0.5311024485305615,-0.4349874985942468,True,0.8639462383203157,0.036853387643795685,False,60
16,75,0.3439590222048783,1.7949498799980028,False,-0.12033207789249922,False,-0.9454228408008993,-0.22392199909653562,True,8.940304511193315,0.6437420233517103,True,61
8,30,0.5568888367977501,2.6939474143283135,True,0.7684394381482346,True,-0.4736806812132978,-0.41305678414415015,True,0.5228416985397636,0.04513417566121077,True,62
4,9,0.1448011855213231,2.610957960106093,False,-0.9745868541109994,False,-1.472694006170956,-0.05981908628788646,True,8.34274892884521,0.5750816733490786,True,63
9,49,0.44595569510530614,1.7563843644045054,False,-0.2713003680180799,False,-0.6626377465757285,0.06504633483135903,False,6.493090038260047,0.5257596483889012,True,64
8,27,0.5946136418275478,1.8572232200369858,False,-0.28910634769962495,False,-1.3432226768669524,0.25755970969879477,False,9.626428022848275,0.6679673402019431,True,65
4,56,0.40155895609092934,0.10782745317390996,False,0.6528054954443532,True,-0.4598408897956343,-0.39973651877824506,True,0.535540481934564,0.028779775016830135,False,66
5,62,0.1660552290545745,0.496938054885553,False,-0.16059485764973802,False,-0.5584694737985835,-0.3541071736799235,True,1.4316531213715935,0.0985353546990042,True,67
18,59,0.12574630048175356,0.1342836221122552,False,0.75394344097506,True,-0.4902509287573779,-0.4240593487410549,True,0.540223139573,0.04169220761746193,False,68
15,38,0.1843504932888848,0.21157865563457956,True,0.9662350943502572,True,-0.46002489050563905,-0.44342895452115766,True,0.18325857379503,0.01849754444202115,True,69
11,98,0.26924166420623113,0.19374394706810794,True,0.9303538219602409,True,-0.4527954545429899,-0.442108385477535,True,0.267016619183782,0.008435684425491663,True,70
11,46,0.08452161769471712,1.5848408256655544,True,0.9926375342950765,True,-0.45246051608637833,-0.4471920397613002,True,0.08226438013350919,0.004976521909982537,True,71
17,73,0.35610120796258565,0.9217210348267119,True,0.8800947638601548,True,-0.4557855640104811,-0.4351512998953546,True,0.35341020138346185,0.02424613655010188,True,72
11,95,0.30013946546633613,0.3957837424458621,False,0.10168053913655029,True,-0.48856931679555343,-0.36436305827694754,True,1.661607240270778,0.10684733151919579,False,73
15,72,0.4917132858641593,1.4071449515718417,False,-0.07239336726894718,False,-0.5674100380955065,-0.31604056065161673,True,3.6030154574057103,0.3050219098417382,True,74
16,78,0.4921288106052672,0.09054378465428026,True,0.8023831271442262,True,-0.4587250299918428,-0.4363394995153792,True,0.4807584967953107,0.02501357970579684,True,75
14,25,0.5046851794803633,2.3478450065317755,False,-0.15089171561131387,False,-0.5918712701618096,0.08642779918685409,False,6.863832698944989,0.5754473790301232,True,76
4,11,0.3221322439924962,2.114051136434881,True,0.9465104915534197,True,-0.5135662780149282,-0.43770672620063844,True,0.23913982874471476,0.04916000853827831,True,77
20,77,0.359554711882908,2.691246964368165,False,-0.07631443720799935,False,-1.0467569907637766,-0.3227485314516321,True,8.051427417639713,0.6803194442020255,True,78
12,45,0.22595098400788866,2.7052809675445855,False,-0.1882671476286759,False,-1.0203526065689543,0.3262178150246457,False,11.502328802281909,0.8210492495249475,True,79
6,31,0.2857551811912667,0.7463719863016154,False,-0.2577594965007799,False,-0.568139388325374,-0.3227874087129001,True,2.3090960673869843,0.1496041514643153,True,80
6,19,0.39190107558399395,2.600006877997633,False,-0.5316452806133813,False,-1.2934896380055485,1.2470453712062364,False,9.544439518634077,0.5733793396828192,True,81
18,68,0.061658300004773,2.1739837199027825,False,-0.09566199494176453,False,-0.8493832928127859,-0.26454044588116493,True,7.912631039108597,0.6024347658975899,True,82
3,69,0.26693934850349604,0.3356990125176781,False,0.3101271685465732,True,-0.5525321535279542,-0.4263202128200401,True,0.6903366485599658,0.04584824917379681,False,83
13,82,0.1265854361130778,0.8962678233498942,True,0.9834355452210326,True,-0.45317654313422473,-0.4489989497434409,True,0.13014053467570863,0.004265406352115627,True,84
18,19,0.08826872826632029,2.4254806209690236,False,-0.1393785085648389,False,-0.4287036047210979,1.1203389944906612,False,10.063248529247401,0.8117046298852365,True,85
5,29,0.44729766620916084,0.6038569517092001,False,-0.1935645248033886,False,-0.8069009966535379,-0.4349049344119482,True,2.418485134536323,0.16295116441644766,True,86
5,20,0.1579078925298485,0.9929392754466672,False,-0.16805277610422276,False,-0.9982892423634027,-0.36113914000052,True,3.1117251651675213,0.311894303252616,True,87
9,25,0.3367197437803954,0.996642295716858,True,0.8994990481409264,True,-0.4463277577541626,-0.40720246303992497,True,0.30671518118297075,0.026637491973665137,True,88
4,61,0.2708486767310808,0.1393131977121025,True,0.9255789364931326,True,-0.4490544097884466,-0.4253866952986551,True,0.2587915102584838,0.010118543837087997,True,89
17,6,0.06511271239884184,1.776635398838913,False,0.13887447941019293,True,-1.485837713966931,-0.784247295451554,True,3.738917755833532,0.2908648980310175,False,90
6,91,0.4841666178246879,0.014454459308019585,True,0.8000372421210415,True,-0.45957695931670534,-0.4200786344801343,True,0.4757187789593503,0.024987233867564924,True,91
9,9,0.4576250265644502,1.3343317946382487,False,-0.2249461796022818,False,-1.2026254142167283,-0.03802265541054753,True,5.966722172168654,0.38923743398234456,True,92
14,84,0.24075142022641738,1.9961728637462777,True,0.9507152953772882,True,-0.4595297361161094,-0.44768438343851014,True,0.2282915041252936,0.011593269795686529,True,93
16,59,0.5813714804307675,0.7871523723991254,False,-0.0385314406838384,False,-0.6093312100663699,-0.33473918106326184,True,3.3870541315197875,0.2413610348470851,True,94
19,77,0.4709159347288355,1.7779717703569762,False,-0.08160025599464493,False,-0.893773297677266,-0.3387169307781278,True,7.216110325933077,0.511425543247563,True,95
11,45,0.2541273091186754,0.8657277405213446,False,-0.1463202481557062,False,-0.6571442723268597,-0.256177616069501,True,4.195068832613404,0.3310147511743785,True,96
17,43,0.3392851129815175,0.7035988235497732,False,0.07196055396572343,True,-0.5912847869059565,-0.392990868379845,True,2.275281131333129,0.15449959083493167,False,97
19,72,0.5106171868569387,1.1367402893944205,False,-0.05102305546777286,False,-0.7452301492594064,-0.37309623919223295,True,4.835104494954006,0.37725599468549914,True,98
12,17,0.5257985741292555,1.6569565085113593,True,0.8108985797254009,True,-0.4876514063036663,-0.41840808252255307,True,0.4630624685983544,0.06704806262104092,True,99
7,93,0.46085320745093067,1.4450063212824469,False,-0.299925565160023,False,-0.701328191947094,-0.09163009524585485,True,3.5635461233729737,0.251544426967097,True,100
16,45,0.05136774623441326,0.5682091431057019,False,-0.016986967620570503,False,-0.6581876968017547,-0.4102579025324375,True,3.2153246314853585,0.24992411595625716,True,101
16,48,0.21931394063472864,0.9430427812975729,True,0.9494194440032466,True,-0.4632230671644856,-0.4455667335695985,True,0.22036790756183883,0.016810573530387035,True,102
15,84,0.39957312596409345,1.4980193295265143,False,-0.12832030568107222,False,-0.6176893728809221,-0.11503014975153285,True,5.1514926161918355,0.43983178024710634,True,103
15,43,0.32056068916605923,2.7337405805033894,True,0.896440992220366,True,-0.45531618563533793,-0.430616050939262,True,0.31431758113900793,0.02486813415927428,True,104
18,14,0.16367456594385993,2.3596963872414203,True,0.977035094771228,True,-0.46744753231412617,-0.4444381653845874,True,0.15663096789084735,0.026750582803315215,True,105
7,59,0.15348419512253603,1.9548418022989331,True,0.978141711008416,True,-0.4575204265711677,-0.4429391915193376,True,0.1505188002568347,0.010843708163333176,True,106
11,66,0.32255049289366095,1.6098097915066965,True,0.9090914095058215,True,-0.4747048460522446,-0.4457461702238101,True,0.314299533359141,0.024919007873743407,True,107
3,26,0.5740653276450078,0.6938733593411363,False,-0.9122251445470504,False,-0.5633967597790309,-0.20770803749798455,True,1.7265128288858795,0.1454740190449858,True,108
13,40,0.4919476846046697,0.31575005578860593,True,0.8199509955723435,True,-0.4742688417513229,-0.44633485195131045,True,0.476076110644043,0.025461277224722533,True,109
20,37,0.33921956764481886,1.1342332129935166,True,0.8826347362236412,True,-0.45464325416260026,-0.4316883263382454,True,0.35343732742427797,0.026137176379717738,True,110
7,76,0.5392127068063386,0.3391016052326711,True,0.7681237021761819,True,-0.462950412840218,-0.435842607328981,True,0.541019327556189,0.019863313491635275,True,111
4,80,0.09616765353791673,2.62811599158488,False,-0.7748734348527049,False,-1.2109627341109022,0.2341994920559926,False,7.4875697919843,0.6242471078614229,True,112
11,40,0.13941872902655952,2.7160157007182035,False,-0.16732649194443905,False,-1.5003773757508094,-0.36138557234235846,True,9.14529687492857,0.7381670507497,True,113
11,14,0.29565530596057393,1.45088830686883,False,-0.24046623585545812,False,-0.7412639869296652,0.15250660892856704,False,5.694428916222368,0.40543230965287946,True,114
3,57,0.062309104446047286,1.2542503945538857,True,0.9946612793020411,True,-0.45146980438936246,-0.43876490960342274,True,0.06733890276607717,0.006118774960749389,True,115
14,78,0.07922207970036782,0.3458412127964904,False,0.2573599893965467,True,-0.5142143443078987,-0.4169637093441709,True,1.3203112745097483,0.10296825489447502,False,116
2,21,0.3266338679112822,1.3358656603710592,False,-2.5553053566801376,False,-0.9163770722503166,-0.36902213060921474,True,2.7164189829553202,0.2736774708205506,True,117
12,57,0.0653259288905244,1.229346375814753,False,-0.12552790710141992,False,-0.8466325695451395,-0.357980762763419,True,5.753938715856393,0.42514328461396705,True,118
18,73,0.5014388729540169,0.8741657928035133,False,-0.07920547488570229,False,-0.6089398476104956,-0.24952825040690974,True,4.366286937958531,0.3381538292708567,True,119
16,66,0.1967999521552714,2.836497647543628,False,-0.1272325811331796,False,-0.8688333964626106,-0.11506083739288883,True,10.488598367785992,0.6548740816871422,True,120
16,43,0.36094787303565506,2.5970232698095743,False,-0.14311099730227128,False,-0.7322586913611118,0.3648411803518137,False,11.760063496002013,0.7996975759101183,True,121
10,8,0.09334801787168544,1.845947482665391,False,-0.2491203532437951,False,-0.7768390418503609,0.21065156957747053,False,5.791202511354706,0.44635475534972374,True,122
11,17,0.1163399483457605,2.9134899265847984,False,-0.20334070645031055,False,-0.9318011254234337,0.06642153371729477,False,6.9814397489343,0.5310285013704147,True,123
14,27,0.2577287642787102,0.3352927830920348,False,0.44185870182763176,True,-0.4476441758461988,-0.3828499820144258,True,0.9016920338373672,0.06707550572443054,False,124
7,55,0.08222978563755223,1.8158969075491962,False,-0.3619962417734066,False,-0.5123231116256575,0.13824410874164791,False,6.714838034316001,0.4193128247692297,True,125
7,86,0.5670887586395568,1.666996556840806,True,0.7173941801961581,True,-0.4629501584973443,-0.42149816017357666,True,0.5894335969933528,0.031168165543005145,True,126
17,95,0.49454848572396753,2.891249336105916,True,0.7896594508571702,True,-0.45684921236101816,-0.43464554310929887,True,0.5014245029004326,0.024569791232366908,True,127
5,41,0.3253603825960088,2.6772286111705803,True,0.906511681494198,True,-0.48045394247486567,-0.4403700489838404,True,0.32883734605654413,0.022887058730149457,True,128
18,18,0.1720702769968289,0.12431676347755372,False,0.8282559261500371,True,-0.49376797948547546,-0.42859731677978125,True,0.4354686747050958,0.03547794905065684,False,129
11,57,0.3497069333863237,1.2664893776409167,False,-0.14079315158419803,False,-0.7620421313615714,-0.3620964522869179,True,5.126214849129613,0.3373268704060179,True,130
17,29,0.1862773142230622,1.9730707597452533,False,-0.10211851039323672,False,-1.01134953648279,-0.03745237990277309,True,6.2416038919652275,0.46408786179562134,True,131
16,6,0.13954124294881837,2.416619623261389,True,0.9847947994653364,True,-0.46902269388708323,-0.43861486493031937,True,0.12778340720938458,0.03887055552369527,True,132
3,75,0.4713998249303613,0.08767931558445363,True,0.8253480598069455,True,-0.47184298650983847,-0.44158476474049435,True,0.45394295306401333,0.012412946303934027,True,133
10,94,0.36057262732554957,0.3914152245176341,True,0.871871800050196,True,-0.46286791935621646,-0.4387018233691635,True,0.3656831503417388,0.023850280331495596,True,134
19,79,0.46215723373018797,2.8682213501162748,True,0.8135577868894122,True,-0.4510348511095184,-0.4306409022162469,True,0.4550450662866391,0.0236544664229186,True,135
10,94,0.5567265696862632,2.0645004829339983,True,0.7775701352663056,True,-0.4732806155254984,-0.43584147064718887,True,0.540688550937282,0.03283152626243879,True,136
18,58,0.36697396882544786,1.1439609205902237,False,-0.05909593344814823,False,-0.6368256338085171,-0.36195426163296013,True,4.733572413330574,0.3054149125439154,True,137
20,81,0.20126794120085179,2.7789948917906537,True,0.9596598581047524,True,-0.4532858343915293,-0.4478447858972628,True,0.19977195265099465,0.0060865110298437145,True,138
3,92,0.16160077779274196,0.12900637008552152,True,0.9748586958066211,True,-0.45819871843731785,-0.4564046782301452,True,0.16454806843797093,0.000838480031555876,True,139
19,93,0.536211552172723,2.1133478316778964,False,-0.10177091254476012,False,-0.6606717573072237,-0.16294277263097975,True,7.0062974629753185,0.4907824052367237,True,140
4,72,0.11538964957097393,1.6767633350426374,False,-0.7898708223298316,False,-0.7841881560060494,0.4226979183449219,False,6.79407689021449,0.41264013976123304,True,141
3,24,0.5117921105810134,2.92713737399075,True,0.7750995522813818,True,-0.48309896401386987,-0.4355891715361119,True,0.5339308586011985,0.019798086216280483,True,142
15,31,0.3905028450251831,2.463589345117562,False,-0.15224411609060162,False,-0.6440224480125308,0.384040288001079,False,11.44712397916533,0.8479407075256205,True,143
13,25,0.3262937651668504,2.3655136070505076,True,0.9077710034484743,True,-0.46628732461844535,-0.4257012019615809,True,0.3164730921415187,0.04034505026004704,True,144
14,88,0.5552964367977905,2.881922456265661,True,0.7576769406526913,True,-0.4608058307900364,-0.43998687428547123,True,0.5483793185679899,0.020459298632877706,True,145
15,39,0.5535381896925364,2.179298421315554,True,0.7575812521213678,True,-0.4608385321315915,-0.4207810334904537,True,0.5702971991415681,0.042988593203492735,True,146
7,20,0.1393559736105709,1.0308492430567524,True,0.9814586632904366,True,-0.46889191659651286,-0.44029288730265764,True,0.13549122661388877,0.017486746322881965,True,147
5,61,0.33749335684963383,1.4290197163493117,True,0.9036731274995523,True,-0.4615367795124811,-0.4136623669241716,True,0.31855977847946293,0.024064398686635416,True,148
8,83,0.566383298218079,2.36772815362309,True,0.7385828127559055,True,-0.4563210059434293,-0.4183584145174019,True,0.5543621666862703,0.029389707490298792,True,149
4,58,0.13891826457526793,1.509989665407034,False,-0.8288039115156041,False,-1.5189915272342265,0.6684112474325252,False,10.884095851155594,0.7528600927969372,True,150
12,6,0.3486543397843388,1.1878860388099732,True,0.8834698007672199,True,-0.510037770264657,-0.4163629523318987,True,0.35966453858823105,0.19569347086434413,True,151
17,94,0.3743190272020821,1.2199938218478907,False,-0.06024650740637294,False,-0.6967720925888321,-0.4276347380678812,True,4.743580970034233,0.3224723052130807,True,152
13,27,0.3789305938995231,1.0061375755608677,False,-0.11254677850976713,False,-0.7514120741032103,-0.24139650633950957,True,4.471941362914875,0.3311786316984824,True,153
14,64,0.1324557446985813,2.8283762240409285,True,0.9816217594497717,True,-0.45587804061832676,-0.44555270492263765,True,0.1328841587375649,0.010254356949854895,True,154
6,51,0.2737556371087259,0.15689608699702806,True,0.930606857152036,True,-0.46258965793883305,-0.4346740993658562,True,0.2705057486297528,0.016356403278443184,True,155
12,75,0.14865525740167934,0.5762329993543819,False,0.04599977599879124,True,-0.5414195330577936,-0.3841131196005112,True,2.05135209670523,0.15534304709835736,False,156
17,63,0.3621235466419367,1.3302995214131688,True,0.8728226337767723,True,-0.46065632005439194,-0.43728276846001385,True,0.3734760944842779,0.027399590538662106,True,157
2,52,0.3066722389012144,1.0293510516514552,True,0.9021362542941349,True,-0.4269435163251253,-0.4242833998057194,True,0.30306410861610694,0.0013300582597030597,True,158
6,29,0.09827849853489393,1.9322787871551863,True,0.9896045380607383,True,-0.45937150714136665,-0.4459801558435492,True,0.09977988585911624,0.007682173138151507,True,159
2,52,0.35138819667521237,0.8465644185498518,False,-2.8881745077791035,False,-0.5170863479488724,0.01915078246765417,False,3.7969321255962014,0.26811856520826327,True,160
15,29,0.33181808742281405,2.794137019227878,False,-0.13173763345575762,False,-1.4164782186098093,-0.2385157481817886,True,12.971951739090112,0.973182588417239,True,161
15,5,0.42932177124324844,1.137096213659182,True,0.7633513138859924,True,-0.5260790642943033,-0.41683097358697946,True,0.45016037423111777,0.18288134514410542,True,162
7,29,0.5128296034067075,1.6675525020337685,False,-0.31263835447288124,False,-0.32842303305561554,0.01342222933257377,False,2.7437580588761907,0.17817480670123942,True,163
5,80,0.5902343427153827,0.1484771243768389,True,0.7056377256700601,True,-0.4813967351238237,-0.4153347150578464,True,0.5966763844331587,0.04159111261406276,True,164
2,46,0.05120894067615088,0.3554874374756254,True,0.9977270368230805,True,-0.4522372371058855,-0.4497646171679683,True,0.04624997924586545,0.0012363099689584878,True,165
4,69,0.48709800972013,0.2646317655411443,True,0.7972513541776451,True,-0.46600593183702355,-0.4377767934337848,True,0.49014631717917057,0.014949434107707797,True,166
10,99,0.10591789320465228,2.019226670341893,False,-0.22681307400963635,False,-0.8718582479344665,-0.08980951741577986,True,10.318684507340162,0.7475986568374513,True,167
16,28,0.13573944188800324,1.6232042776551787,False,-0.0967842017139855,False,-0.9660974077634562,-0.20411485650579336,True,6.976789276471164,0.6118373342436932,True,168
10,19,0.4077772560115256,2.4291367905457704,False,-0.2814566432932779,False,-1.0374745210199636,0.7262583951525482,False,9.229406891406976,0.7935825781493598,True,169
20,84,0.45927003788542553,2.7783704987792186,True,0.8201048768953184,True,-0.4550995409885503,-0.44190878634210573,True,0.45624755159455604,0.014071322983246495,True,170
3,11,0.20096497913173605,0.7685438185459706,True,0.9331185553468047,True,-0.4458852931140415,-0.42666289689859144,True,0.20286997664677214,0.007912109117827144,True,171
18,55,0.22324120732146607,2.0435364976508152,True,0.9527930993258191,True,-0.46444407853827746,-0.44871903965804283,True,0.22290433635733498,0.017015566873153438,True,172
10,14,0.5964878729593832,0.6751774503378957,True,0.7610174253523716,True,-0.5078065223007432,-0.4294638737832223,True,0.5143424275183586,0.06007530947430669,True,173
10,46,0.10719543418758487,1.567021572449268,False,-0.23281261859699476,False,-0.6915810955884665,0.14111717710218136,False,7.680501642654871,0.49496776553903166,True,174
5,36,0.056231495175741913,0.13188372479772392,True,0.9970973271574798,True,-0.45139666627071645,-0.4460816248751862,True,0.052067366869330375,0.002968600346291019,True,175
9,55,0.3983914534219537,1.2842348478517647,False,-0.23121932351639307,False,-1.0729909933047606,-0.13747951428907554,True,6.003640813553075,0.44995024710922776,True,176
13,46,0.357067634228379,1.7826474834227235,False,-0.13565922975370892,False,-0.7330650459122875,-0.20877827574490967,True,7.3579232878605065,0.5196386051832199,True,177
13,79,0.5957296139136496,0.41505114284626987,False,0.2818018325121866,True,-0.5353880174729597,-0.4379258406817229,True,1.3085672828178747,0.08997216280403406,False,178
13,61,0.34611600233550777,0.7080276389727421,False,-0.015462370022051308,False,-0.5445054410243951,-0.3927222412903308,True,2.528922053815401,0.16014313382517037,True,179
8,94,0.5872697267510006,2.2854859423832097,False,-0.07039495586217859,False,-1.3289626729105783,-0.8117633367683268,True,4.654393489122965,0.3289633175980929,True,180
7,68,0.31870321591485073,1.636712734501851,True,0.9075238025360756,True,-0.45966166176014467,-0.44116366128494955,True,0.3176305884858721,0.015403433724153981,True,181
14,99,0.21367092113852376,0.6306601184607671,True,0.9560930612900014,True,-0.4517049458737222,-0.44072644598489086,True,0.20818686073091003,0.009880948457503745,True,182
15,18,0.2633690197847041,2.500883308076625,True,0.9408402714067647,True,-0.46191034209334203,-0.44176186303447457,True,0.24358619283772884,0.03072291313825585,True,183
17,44,0.21489517395255858,1.6284964285217316,False,-0.09060561236177378,False,-0.6983185218022359,-0.24292370070672809,True,4.895610678785347,0.36027421039719226,True,184
13,36,0.35118522637293625,1.8728163672806677,True,0.8741047853666877,True,-0.47020113120873236,-0.4416794083104244,True,0.3713578988385858,0.033567676548964996,True,185
12,23,0.20267674372858802,0.7472118439031779,True,0.9604679591790798,True,-0.4618946798651161,-0.42832514940828154,True,0.1964974450894962,0.033198433706379114,True,186
12,15,0.5547172651045357,2.0137318367654187,False,-0.1960314327715773,False,-0.6829090937549986,-0.0002467710620832563,True,6.401401443604526,0.28474005804714086,True,187
15,76,0.05772213415089399,2.367969118384516,True,0.9967665669493854,True,-0.4516110589950296,-0.4492253811951042,True,0.05564649685647767,0.0023363783907147367,True,188
7,41,0.05608248708889362,2.8877077375490474,False,-0.3739986680201144,False,-1.0707724773225904,1.591042210231071,False,17.287083498960474,1.1807433603890507,True,189
6,98,0.3660901418164693,2.7176146597499526,False,-0.4263966753111972,False,-0.21017402355981984,0.63205504228657,False,8.473874569304378,0.6611143126195966,True,190
5,25,0.4390780466180843,2.6061907975979226,False,-0.5107648630558281,False,-1.0672661730111486,-0.15973609406516326,True,5.232553817346365,0.34198197337756736,True,191
14,87,0.5142568475240281,1.1916527267537584,True,0.7741470398120356,True,-0.45127902065172754,-0.42072541102324484,True,0.5126289295210408,0.028385539775041737,True,192
7,43,0.30199324548979245,0.2749359462309052,False,0.22632356837731815,True,-0.5770073148662692,-0.3922165836438124,True,1.3746575199492614,0.10285750110808169,False,193
15,43,0.5424503183677775,0.8985061141283099,True,0.7765755800290602,True,-0.45601510537283524,-0.42488372321185663,True,0.5271187736570365,0.033907157735858895,True,194
6,81,0.5378496290753266,1.2570882288507526,True,0.7670327957911006,True,-0.4750961747610656,-0.4151175966993068,True,0.5394195744487417,0.03986952179776435,True,195
20,11,0.12987092447819087,0.4980997220493336,False,0.1857047169027457,True,-0.6367548695565187,-0.35877721183266625,True,1.6805055351812828,0.13621386040893507,False,196
8,49,0.2511955091503444,2.1825886602533946,False,-0.23381017309799867,False,-1.291954075928632,-0.4517350370460952,True,7.445751893475093,0.6224559387101254,True,197
16,60,0.45513321698434483,2.625566452139434,False,-0.11235475766071001,False,-0.6481862980099776,-0.14960457592136728,True,6.920421226945866,0.49229421848559746,True,198
20,66,0.21046472708302744,0.7351255219043449,False,0.10295217803620893,True,-0.5254297195879033,-0.3581272854505709,True,2.0496222936722854,0.15182897366075093,False,199
7,62,0.32050782572236713,2.079852103930345,True,0.9127563946889982,True,-0.46119166856484667,-0.4249485141296717,True,0.30034711790473134,0.029913548183616218,True,200
6,88,0.32394714201245695,0.6393934164393326,False,-0.1592503066891462,False,-0.7368250782042488,-0.37938684674533196,True,2.3132536386098637,0.16272177557057005,True,201
2,30,0.5496214412538566,2.918682061646414,False,-2.909153443654071,False,-2.14151567837025,0.5579211394413648,False,15.890653527587014,1.3497184089058085,True,202
9,55,0.266591995741521,0.2868867685369728,True,0.9276842326068376,True,-0.4571716853115095,-0.44738209578713617,True,0.26973469586257376,0.008357378516388021,True,203
9,100,0.5360090247185608,1.9113445927106234,True,0.7324611837859709,True,-0.4482651660714781,-0.41825310636619467,True,0.565250223799491,0.020313777860818095,True,204
20,43,0.3683550746501517,0.36848684083125605,True,0.8690502504536015,True,-0.46289780775377654,-0.4350354973896254,True,0.37617939774114234,0.030200528031354534,True,205
2,73,0.1079627705599967,1.235802412461775,False,0.2944270931067712,True,-1.1093852162576898,-0.8148990943364304,True,0.9696616848064852,0.1472430609606295,False,206
14,56,0.08713714713366234,2.97478870273771,True,0.9920007227470411,True,-0.4522315882493064,-0.44458279190860767,True,0.08753303591034495,0.0070143560656652495,True,207
13,40,0.11069570626510009,1.8397324243066608,True,0.9868338730448569,True,-0.4503806633764169,-0.4440615326376831,True,0.1103566545320252,0.006525147334292177,True,208
4,14,0.33824244815548227,2.1834558567902933,True,0.8961569198168776,True,-0.45691298405464265,-0.38665154717041567,True,0.2858512095095372,0.034997902249581415,True,209
11,20,0.2570719660739065,2.473550131961598,False,-0.20277965352381555,False,-0.9058409462907423,0.21312218240278766,False,8.719465414816499,0.7390149163912365,True,210
19,23,0.46041365404325496,0.2805081594660076,False,0.372584919973069,True,-0.5330877610478214,-0.44567958378730904,True,1.2573930566807692,0.11004166003679253,False,211
11,54,0.23395670754376274,1.6865309701389752,False,-0.20912981776755846,False,-0.705813659206109,0.07602424463131634,False,7.117240922934208,0.4795752895013758,True,212
10,86,0.44328539486598356,0.9291099466954239,False,-0.20288719042941894,False,-0.709215608980266,-0.03930300076000324,True,4.574468491800071,0.3401076285789549,True,213
17,27,0.07424698809288334,1.7233264205644292,True,0.9944054124169347,True,-0.4563728244442947,-0.4478752380852236,True,0.07265739759541134,0.009525738475642814,True,214
7,76,0.5691346176108782,0.8359227282600366,False,-0.003374498670976722,False,-0.8776279283867335,-0.557189525547485,True,2.4910085490348086,0.1716296379137586,True,215
5,20,0.15307713880356424,0.628653726731151,False,-0.2912784483347939,False,-0.6427635534618228,-0.2534538308836662,True,2.4576968517070115,0.21834037045485324,True,216
12,21,0.542477160256335,1.7601289660140265,True,0.8002480507839894,True,-0.5006527723934895,-0.4429475071598137,True,0.5097636387648674,0.060439839399779295,True,217
16,91,0.4301101718821393,0.015843972430942044,False,0.8329697486506661,True,-0.4499083103936377,-0.43677213749902566,True,0.4259621765006401,0.017336154637296305,False,218
5,5,0.203704945157679,0.5453375824938346,True,0.9182098351010465,True,-0.521636563927336,-0.41004263222163095,True,0.23214920831480473,0.1489086713913547,True,219
20,57,0.3150252430880796,2.8770190744728295,True,0.9090951583460847,True,-0.4622707890474859,-0.4454627390005765,True,0.31499311524152007,0.01834196365540059,True,220
9,96,0.3589456928329002,2.4844629335755233,False,-0.21895935110654152,False,-0.9246111174391161,-0.38112660823511146,True,7.01298741718314,0.41615282878710647,True,221
11,94,0.5910859778198487,0.4710143374878337,True,0.7401014005381932,True,-0.45937561529441057,-0.41645353613652647,True,0.5844501776911493,0.0378131778789323,True,222
17,58,0.1717413606619202,0.20289192449318372,True,0.9713113568357831,True,-0.45312096585253697,-0.44113560529410545,True,0.1696473622529067,0.012970872431226107,True,223
20,10,0.2920091597104117,2.669371299402882,True,0.9103007734436882,True,-0.46371838118081415,-0.4348862775510216,True,0.3105502962431867,0.04708614074629991,True,224
7,20,0.3692030905994629,0.3143088581705674,False,-0.01446643731529984,False,-0.5742772724874571,-0.25881443286128175,True,1.4940827949228939,0.13543723786628664,True,225
18,53,0.17746971111443793,0.526008158907875,False,0.10949991744369447,True,-0.4723291291268718,-0.32628837992241944,True,1.8909475120609875,0.14178231823083484,False,226
17,40,0.39615957318885775,0.26714109769947914,False,0.4835086965522216,True,-0.5245621859357684,-0.42518365121387175,True,0.9499799868623697,0.0697743810383849,False,227
2,26,0.5680942179839267,2.841024112968644,False,-2.8166698371364447,False,-1.1143805839828351,0.025544728165228375,False,6.36691199353107,0.5699626560740312,True,228
3,70,0.2511323552884372,1.8300874885602967,False,-0.5120254699049389,False,-0.8470817426245341,-0.5610139522345322,True,2.6536786241792427,0.11222850579545211,True,229
12,79,0.5867109347585513,1.476630317080408,True,0.724425522998821,True,-0.46625724188446294,-0.43097349364339504,True,0.5913780610019078,0.033745470770146,True,230
11,46,0.07502726942389538,0.7998573558101915,False,-0.1356852298006006,False,-0.43395724590369483,-0.1661277238772474,True,2.7386354928383847,0.19934083288258825,True,231
18,88,0.11548234821318777,2.041779781508577,True,0.9861580430952165,True,-0.4527499284814263,-0.4457289881339563,True,0.11605375132492449,0.0066578046460618245,True,232
9,73,0.5376432573261118,0.30742019206594673,True,0.7546873045769691,True,-0.47408525428131626,-0.4195880043053298,True,0.5519520593799773,0.04530988686336787,True,233
13,13,0.17581001649508565,0.6223303761735339,False,-0.09535010119558818,False,-0.5635294377971395,-0.24542338021300902,True,3.003950698582434,0.2280276184025045,True,234
6,14,0.5729347821306644,0.9275568365107756,True,0.7530293233109124,True,-0.5140126040604428,-0.41272366995106124,True,0.4883144271360919,0.07064539914175422,True,235
5,57,0.4150056995989429,0.03319511560950561,True,0.8474436373938685,True,-0.4891974764963499,-0.449356041081527,True,0.4221757841809476,0.024656076852486976,True,236
9,7,0.4083528633878259,0.2182852745695193,False,0.4403106863629108,True,-0.6704469132676568,-0.4836231804189221,True,0.997496755887836,0.13116490944200135,False,237
5,31,0.5457532920602168,1.795461482240308,False,-0.575171919212057,False,-1.1610754955144884,0.46544335607357706,False,6.741736326588798,0.47350335483146744,True,238
2,79,0.49792972192827967,2.327116192318207,True,0.7999994622341077,True,-0.48818654771259806,-0.4468110168030862,True,0.45244859055552217,0.020687765454756174,True,239
16,31,0.19237253933720438,1.3600033750647664,True,0.9624679845948623,True,-0.4523396145898738,-0.4361807104083549,True,0.19693211290060347,0.02304485543783527,True,240
16,70,0.2693429749381652,2.339973948971576,True,0.9278659270601181,True,-0.45690628593572247,-0.44588161987615293,True,0.272316658578384,0.011718217310068505,True,241
2,85,0.5381920984728787,1.967940992067718,False,-2.3692224264276573,False,-0.08251549614323031,0.1844245501914351,False,1.9064926801535809,0.13172634826581275,True,242
7,30,0.5376394622359995,2.0128195971536806,False,-0.31961156636113053,False,-1.2969466663414888,-0.2862581851813228,True,8.591010615921844,0.7128699481031271,True,243
19,5,0.23105355611788558,1.557540060218195,False,-0.06235576576912982,False,-0.8814092874538643,-0.0812007110124118,True,4.297192494048226,0.31915503402854767,True,244
12,12,0.25338274970296837,2.6440307124081994,False,-0.2009187649456048,False,-1.2554150303123892,-0.002754632651508761,True,6.858195010791444,0.5170121521268417,True,245
19,98,0.13285526238382778,1.686911834886403,True,0.9822511068162917,True,-0.4556233253321141,-0.44967700102237346,True,0.13342141935400234,0.007327905158479334,True,246
15,37,0.46033037283415545,0.823141498682431,False,0.03137329766635866,True,-0.5662559602365556,-0.2788576758915648,True,2.0471675869342447,0.15981142259243522,False,247
5,80,0.588900794096041,2.0804278972273695,True,0.7223018856834122,True,-0.47696515436952536,-0.41191665861659027,True,0.5730394675630369,0.036405357722491004,True,248
15,67,0.21786537963907343,2.1455815485089973,False,-0.12951933911976865,False,-1.0509329799184985,-0.18660902075738325,True,10.830313122235523,0.7222154313723382,True,249
14,62,0.5224965041374606,1.147201902172129,False,-0.1487572450413679,False,-0.3930758336721926,0.07897131842163335,False,5.14805720532347,0.3164331466459431,True,250
3,16,0.33451640185423615,2.8140518924902054,True,0.8645400373115845,True,-0.5018282780692551,-0.4411238811058225,True,0.3450891167155299,0.022820452050490655,True,251
17,71,0.5227761468701445,0.9506054907075815,True,0.7791562956907717,True,-0.4558792925545931,-0.43280037867708376,True,0.5251164722866795,0.025578804321296514,True,252
5,25,0.17084638574255684,0.8671097468289134,False,-0.38952014706752514,False,-0.7630759169565547,-0.23113045263029794,True,3.6834656245524053,0.3077515192308075,True,253
8,96,0.24903502736866362,0.334704838054646,True,0.9421058259223972,True,-0.4555476172794156,-0.43859183876009966,True,0.23822937877453323,0.012376496361762194,True,254
7,38,0.12701218063129885,1.0740007797044782,False,-0.365027880495987,False,-0.4145938356242236,0.39814681946363867,False,4.91619265972142,0.3650436109957641,True,255
14,97,0.36784601647297577,1.4071276635051317,True,0.8888320850491966,True,-0.4550596766666468,-0.4388923332501791,True,0.35745041398492244,0.01602581920673149,True,256
17,54,0.5178282107900544,0.9855873305612696,True,0.777295848373796,True,-0.4560345006048298,-0.42730889939107225,True,0.516527794644734,0.031402352833607164,True,257
13,94,0.319920273084615,2.159646708337508,True,0.9065672488092353,True,-0.45155855891715274,-0.4378088527985394,True,0.31589919646425757,0.013462943651772204,True,258
7,62,0.3371754585680288,0.06019704311550644,False,0.8414181279508637,True,-0.4843965419793787,-0.4558360210035545,True,0.4093420981767129,0.01860003863970888,False,259
3,59,0.3534172705481635,1.5130078683970545,False,-1.2295463655815357,False,-0.5756963322459077,0.421352837699509,False,7.744356278999351,0.6174956329258563,True,260
14,21,0.4365816438847701,1.633677950460421,False,-0.14010511540467374,False,-0.7251555972793162,0.1608537890469788,False,7.311922792482993,0.5778958364160622,True,261
13,73,0.5904301530478815,1.6465909663068952,False,-0.11819341167414299,False,-1.0025520872193026,-0.3433664761342741,True,7.425789444584243,0.5413124887521308,True,262
15,45,0.3201430613919979,1.6916733143859273,True,0.9110838996014125,True,-0.46982222797410206,-0.44688138136383876,True,0.306054244982009,0.021934066619575518,True,263
19,51,0.37527436747349235,1.267481055145117,True,0.8678137699138864,True,-0.456511507707268,-0.4372544296103944,True,0.374752464548274,0.024373584735193157,True,264
17,78,0.40819455423157575,0.2598166223460273,True,0.8504102040999063,True,-0.4502105254991106,-0.428044158230656,True,0.41007566618715513,0.024850483892617323,True,265
18,100,0.14450732445203052,0.6617046266077969,True,0.9802334354071448,True,-0.45276329663512843,-0.44795761821832475,True,0.1409257400719477,0.006069772507198449,True,266
10,91,0.16752944834101213,0.47162053677760385,True,0.9720855856203646,True,-0.45972710481339,-0.4487884561690732,True,0.16674892816787285,0.009257941387197065,True,267
9,97,0.219858997027576,1.4215700279341563,True,0.9543876625319762,True,-0.46157850597391736,-0.44835061338041216,True,0.21956782898773694,0.01037321233191143,True,268
20,96,0.2955066867792549,2.998242207929812,True,0.9162241327413687,True,-0.45930642328872867,-0.4403406580208193,True,0.29504416400793404,0.020796848837042015,True,269
4,75,0.5832641939730318,1.9055720203829254,False,-0.48775136332398983,False,-1.0553820132109533,-0.2354491022807177,True,3.2114749848275115,0.41133104114869606,True,270
7,78,0.5312888651332466,2.023311794050791,True,0.7616211941695108,True,-0.4815989396272193,-0.42607995194032394,True,0.5563745330233705,0.035154817222610345,True,271
20,45,0.20986100282713077,2.6865862005428554,True,0.9537408999359601,True,-0.4514357739306119,-0.4377385915132423,True,0.21731897786763957,0.016085175617405592,True,272
13,49,0.5763011234221777,1.5557606363705516,True,0.7253782423443416,True,-0.449509462647231,-0.39926540528357063,True,0.570535245105537,0.04647189533131099,True,273
9,53,0.10827447160062709,0.8472350731456291,True,0.9879429131715681,True,-0.45770158877978995,-0.4493225326267034,True,0.10941591016571207,0.006940723308890346,True,274
18,87,0.08688376568517278,1.405168003926295,True,0.9920707549378011,True,-0.45235750354162585,-0.4473124352353013,True,0.08669791592681475,0.005725907585211957,True,275
9,24,0.13203400775939084,1.1484409669622435,True,0.9779814989390369,True,-0.45571303650701095,-0.4465751069149626,True,0.1385138886920396,0.008510215583832947,True,276
11,48,0.08622089561670276,2.534837302726288,False,-0.14397610828188423,False,-1.5110009840622112,-0.41977335515228587,True,8.571140956646113,0.6751852058045688,True,277
3,41,0.2922947349152492,1.3113127868585768,True,0.9378844301430602,True,-0.48461132932452555,-0.4649012645417001,True,0.2735250286286776,0.009219062905466818,True,278
10,35,0.41844884165481605,2.2799851978123247,False,-0.21303215284203358,False,-0.8037446277426926,-0.18775770636585376,True,7.5841211537717355,0.5697076431180254,True,279
4,81,0.35873315261468897,2.4400900257267626,False,-0.777510932911675,False,-0.38606780486622283,0.23955182770841504,False,6.054368365701279,0.3450873960712118,True,280
19,52,0.11148089575432432,2.315391343824897,False,-0.1092404459881342,False,-0.8884145167289851,0.02491873060003314,False,11.113546118113982,0.7038201864104165,True,281
5,40,0.15576357169488347,2.1750199012855633,False,-0.5559942647217082,False,-0.658635250611051,0.1892718373018562,False,5.183642859015433,0.43215142129002476,True,282
17,20,0.15242775695681232,0.993022727296956,False,-0.06638413497989526,False,-0.6208889587412024,-0.3263109474472804,True,3.99468487750403,0.31239163048219715,True,283
8,67,0.32286713531569744,1.4238970996711013,True,0.8974649399191013,True,-0.45387515698080255,-0.42353616454881154,True,0.3149523323304758,0.023349733031370366,True,284
17,41,0.3285178579113327,1.7216026849768746,False,-0.13251366645514562,False,-0.4594215721701206,0.22077164704272279,False,6.893264005503926,0.5356592129129615,True,285
8,75,0.40372427595699734,2.666461788729123,False,-0.28926312047317704,False,-1.2494607616934659,-0.13647207800272393,True,14.226267521456679,0.99274724470754,True,286
15,64,0.34415445029593333,2.895858888563912,False,-0.14171657654759406,False,-0.8813479648552601,-0.011554632628869967,True,10.00783787852669,0.870311786826569,True,287
2,20,0.05615894812749376,1.4102394144564077,True,0.9964461319944172,True,-0.4494954325768059,-0.44680575427514824,True,0.04764621080990089,0.0013448391508286694,True,288
9,72,0.12134326203575527,2.965254048138557,True,0.9856032496846518,True,-0.4554132414207718,-0.44417118312095716,True,0.11929983632188537,0.009126829699764907,True,289
14,30,0.4445540206342396,2.908872328990998,True,0.8159129382692126,True,-0.45375858987205947,-0.4233778324893574,True,0.45641652034631675,0.031577265667059005,True,290
20,26,0.4838319072815669,0.43906723142632675,True,0.7999409926709106,True,-0.48202888178686126,-0.43742827558350655,True,0.4913003200092493,0.05141645847517432,True,291
6,83,0.11385932265200177,1.5588102689913588,False,-0.37562048033933904,False,-0.7276817807922641,0.11543744052698632,False,6.006902860528851,0.40812145089518503,True,292
17,28,0.14535910160585463,0.10848196230227192,False,0.7908056965488668,True,-0.45763136303929064,-0.4004788146966186,True,0.4564351408451361,0.04176270581932689,False,293
17,64,0.4093735706869594,1.650211501792326,True,0.8454103549284614,True,-0.4649911655102621,-0.43874068723626813,True,0.4131519981117088,0.02725588015113077,True,294
8,57,0.27076199647469895,2.553973082112201,True,0.9379558882384372,True,-0.46878975998078215,-0.4421331091252448,True,0.2519874243518746,0.019329821510461302,True,295
15,82,0.24931510220163788,1.6010682746334233,True,0.9403227717315795,True,-0.45320655151354083,-0.4419842104339485,True,0.24336878522069516,0.01206692616097042,True,296
5,7,0.32766176087503607,0.6050885685415285,True,0.9115477218629956,True,-0.4916022731927109,-0.44005284943979844,True,0.3255271871842193,0.046735717789182674,True,297
11,17,0.30906579975970333,2.003046724430157,True,0.9157631524054941,True,-0.46338012021553066,-0.4261638559428451,True,0.29705499801147234,0.03587464207118925,True,298
7,86,0.48368886037551123,0.2754270420205731,True,0.7649972178620382,True,-0.45049209251252,-0.42387642446709517,True,0.5106627762076652,0.017197436205614616,True,299
17,54,0.5088079440658749,0.20680300026307652,False,0.3862972964184256,True,-0.4989743334067044,-0.41591896093332703,True,1.113533717602788,0.06226084074881152,False,300
19,24,0.25652448650183257,1.926759072879145,False,-0.10872780100367074,False,-0.7328389800876324,0.007664506252793547,False,9.578874316337135,0.7119984437554286,True,301
3,43,0.18319239371899465,1.7907019583217139,False,-1.371650134864253,False,-1.1733053037241747,0.39438269800301834,False,7.448858891913191,0.5686111325807001,True,302
19,43,0.4095589721994367,1.482719993078843,True,0.8432740346109756,True,-0.45983192040985627,-0.43373928738052286,True,0.41459217614608707,0.029989863757626127,True,303
6,100,0.3414756338225785,1.7752150765144963,False,-0.39574469163028136,False,-0.8062654415872421,0.09951811841713727,False,6.536152502157684,0.4887666221567745,True,304
7,45,0.42565595236429626,2.1430818458322163,False,-0.36131389045564033,False,-0.8919396252834906,0.0703438089523201,False,6.899152050650111,0.47999879347498065,True,305
10,15,0.4182831181969362,2.4393378767370777,True,0.837713080838251,True,-0.4711657205910916,-0.41292169652537514,True,0.44204983338027026,0.06366586052059643,True,306
9,93,0.13190049981516194,0.9450285130550639,False,-0.13658875517468583,False,-0.5160982277709731,-0.23200290334072876,True,2.669057997831868,0.24947215294154917,True,307
20,58,0.09033702165334777,0.46601631460710824,False,0.18834579172257027,True,-0.5559931950202354,-0.44210484446385556,True,1.775061520583475,0.12586957352082695,False,308
9,99,0.08408969334723468,1.4044854245831384,False,-0.2386870741149727,False,-0.605870030314665,0.016294934805723096,False,5.267129910003848,0.37931671934048805,True,309
3,78,0.24830154795308723,0.5830221105622045,True,0.9503577257873868,True,-0.46149905428573723,-0.42578889647729934,True,0.23309389567323477,0.01662487384127076,True,310
15,53,0.30240623994329796,2.9041625696843605,False,-0.14677507084691377,False,-1.0568249820879299,0.05448235558044627,False,14.355640280209549,1.0332357237726975,True,311
15,61,0.4369872135056696,2.965509473526382,False,-0.14492043879827987,False,-0.5778582756957494,0.1837172505440518,False,8.942886684194665,0.6518291884535188,True,312
15,24,0.24254404142381492,1.9762802564781663,False,-0.12946959771419486,False,-0.89813849134373,-0.22859549922606093,True,6.419007920421937,0.5213872657453495,True,313
6,17,0.25689949509025334,2.6573243304449354,True,0.9081174741313596,True,-0.48083738127083914,-0.40508433092313173,True,0.2716070944740069,0.04363569524405871,True,314
15,29,0.5206733143815618,1.3147570365046217,True,0.8150409672220058,True,-0.4970166056322496,-0.4502733871851582,True,0.49960956510751997,0.048925870694144294,True,315
13,76,0.46738735475640186,1.5618276848138004,True,0.8052839025552537,True,-0.4588517166402114,-0.4351679840455894,True,0.4719505025002051,0.02013181373113772,True,316
12,98,0.46089798996393394,1.9343138782515346,False,-0.1347787312657791,False,-1.1513195562697989,-0.3922075334261188,True,7.159157103801417,0.5407589814247405,True,317
18,28,0.4692220528614357,1.7905086035313913,False,-0.10514452197371438,False,-0.8591165300575105,0.033877338849115056,False,8.245978082201667,0.5821711161081803,True,318
16,82,0.12218206172443474,2.296826780232997,False,-0.11461876552560613,False,-0.8394489441156024,-0.19434150023913987,True,8.175648501752065,0.5674727022600243,True,319
14,9,0.369360480912988,0.9980083529392936,True,0.8832249428999509,True,-0.4903808467482551,-0.4313881744470743,True,0.3551615608792923,0.08572892975303355,True,320
3,25,0.20301674753051246,0.8909393160424685,True,0.9650958457909551,True,-0.46889679990159805,-0.4519721154081269,True,0.18281848436914547,0.0084112608082003,True,321
11,96,0.5238672846910306,0.8328260609439574,True,0.7665057140555361,True,-0.45542636617125487,-0.4223362081700097,True,0.5243976984195252,0.02815305385781398,True,322
13,51,0.14916229677065163,2.636385103612524,False,-0.17134277488671934,False,-0.2496577671249864,0.38459240792455335,False,8.908528087852524,0.7232878745739855,True,323
6,76,0.3808950571621565,1.1571464576166821,True,0.8690906110389475,True,-0.47680989696569237,-0.44487121877564856,True,0.39686300491044074,0.019452916269770065,True,324
11,13,0.3507077994996681,1.4602839449024048,False,-0.24210234612215364,False,-1.030718592894803,0.48090952379567686,False,7.701997705394053,0.5255068787495549,True,325
16,13,0.3927519793241005,1.451245010289916,False,-0.1568528653148651,False,-0.7093848358448478,0.40338876961563136,False,6.453216082346467,0.44236535257511606,True,326
16,20,0.5333685000137561,0.062400065848827846,True,0.7728117464489981,True,-0.47687689496728614,-0.4320628635585138,True,0.5310941051937108,0.056029295768830194,True,327
18,63,0.20829902363648156,0.2969331368250675,True,0.9546990336842047,True,-0.4498915565906464,-0.43977156213948165,True,0.21103262263484568,0.013136245140187892,True,328
5,19,0.1820717703846702,1.574447768844478,True,0.9690581242106756,True,-0.46586313817135233,-0.4245436343101697,True,0.16555441109427088,0.02996128253232634,True,329
9,13,0.3527276133505185,1.2159446009402988,False,-0.031518034152737906,False,-1.1052898514925609,-0.41049197338302285,True,2.951267798296897,0.32118491623068846,True,330
20,65,0.2473970754382066,1.9699013179629823,True,0.935462221416028,True,-0.4468535053407589,-0.4375376601016673,True,0.25425058446582094,0.010617075332524085,True,331
14,36,0.4183330245125887,2.1820148929942325,True,0.8442523620826389,True,-0.4589784666428155,-0.427867606212602,True,0.41747935833427563,0.03025783533451836,True,332
16,34,0.37017238025143107,1.3884762588071486,False,-0.06625022360033239,False,-0.7337228347397985,-0.21777923554720902,True,4.812474579300255,0.3818096008519269,True,333
8,79,0.329532319965532,0.0007222889910547536,False,0.8954779862781265,True,-0.4657895599823752,-0.4335407595945276,True,0.3372843872732447,0.02008532255843956,False,334
5,50,0.3897061736829459,2.014930462150333,False,-0.5484163602991283,False,-1.5613565793919981,0.04593223890412937,False,12.135387473852017,0.861395110664728,True,335
15,35,0.18185216579250135,2.2097756421631365,False,-0.13734713677484867,False,-0.5129605814948272,0.10190146003784152,False,11.103969206654355,0.7779397608510288,True,336
14,14,0.23714827598065047,2.195983715558822,False,-0.18600744436181293,False,-1.1057343745607866,0.5027507909615877,False,9.892449733799483,0.7460610763299914,True,337
8,97,0.3788140252091362,0.37225774456965255,True,0.8735954289520831,True,-0.46202878411566634,-0.42875639935103277,True,0.36510090005499657,0.0255738999319811,True,338
13,85,0.4420965620955935,2.530166943838121,False,-0.17335978094009663,False,-0.3742216792908873,0.3325469515018725,False,9.281257458032126,0.7136924036483879,True,339
7,100,0.33991816909275474,0.03525487127645133,False,0.8623230149789032,True,-0.46423699853110545,-0.4463357665493845,True,0.3736748205261782,0.012826399040809225,False,340
20,81,0.20038231947538104,1.033292040974253,True,0.9629070147881619,True,-0.4516763683509994,-0.44285277375376914,True,0.19522804984377828,0.009382024804096408,True,341
11,31,0.16472428222909374,0.567298780290532,False,0.014083499775420782,True,-0.7648641364847611,-0.34218574912834127,True,2.2995816561329248,0.1913975120214994,False,342
10,59,0.3699452900031547,2.0305923877973013,False,-0.22153493255153567,False,-0.6959588351487461,0.109355257298608,False,8.740851911438767,0.6590237608735934,True,343
14,15,0.20327160411521855,1.7792947406259023,True,0.9544735252194946,True,-0.46341788041253923,-0.42571832795299586,True,0.20686817890442205,0.03354667685842791,True,344
4,21,0.5528760577616605,1.0185515226783606,True,0.729800897943913,True,-0.498732329605981,-0.4383213497904472,True,0.5573255788858485,0.03992513593555191,True,345
5,48,0.32759913783229944,1.4265538758002485,False,-0.39214426593696805,False,-0.8953076077526159,-0.42616842963821316,True,3.6452252803346332,0.19516490446897358,True,346
7,28,0.5350785556583753,0.6641832911252357,False,-0.22000513651635512,False,-0.4889921670512408,-0.13908723331125983,True,2.64205892800027,0.16935441732230663,True,347
16,81,0.2813374011742508,1.89356107098389,False,-0.13349089802966052,False,-0.6881370234601994,0.09522944414117551,False,8.857892575966794,0.6039781748711628,True,348
7,80,0.591463778854539,0.7472381115821728,True,0.7428211065666399,True,-0.4826871330259352,-0.43321487458184565,True,0.5728632320712256,0.030144362983679538,True,349
16,33,0.28784596321375233,1.4880679711904223,False,-0.06675886668961706,False,-1.113813137002239,-0.32217289637187485,True,5.1135481313739,0.42624198354968834,True,350
3,22,0.37048517661666575,0.4117670105715713,True,0.8802144896045027,True,-0.47194413966601534,-0.4281104415256632,True,0.3343201666090062,0.018101262459988988,True,351
11,28,0.5798403579135399,2.6583392441265468,True,0.7087377085017597,True,-0.4826613543810704,-0.36977217073596697,True,0.6005487490936818,0.1036701967518299,True,352
4,59,0.5674788786664529,0.4190745581583877,True,0.7632961082070621,True,-0.4879364624588564,-0.4345021892427723,True,0.5340557501675615,0.03135637712967382,True,353
20,32,0.445361268174896,2.1276437591850703,True,0.8232340854609871,True,-0.46696048669144075,-0.43878977820550674,True,0.44936586065079226,0.03577911637276973,True,354
16,21,0.38867497445787463,1.1285341351599756,True,0.8716998327356106,True,-0.4818775278794248,-0.4503859842493187,True,0.38023110969490925,0.037823050037962685,True,355
7,51,0.4755060580237951,0.7141146208802128,True,0.8217836889439551,True,-0.4754535771451594,-0.4422761109060969,True,0.4592770607583766,0.024674545571513107,True,356
3,94,0.5543460891468206,0.7130859035746158,False,-0.8328202773887108,False,-0.2843958644302497,-0.12424843153899268,True,1.6253750894226313,0.08135670413987817,True,357
14,35,0.2402201451020312,0.38763422331592645,True,0.9432354650108454,True,-0.4578315936608777,-0.4345598748471727,True,0.23629923360923322,0.026223788822388964,True,358
16,28,0.578467168902558,1.1977903703947568,False,-0.06147386984658687,False,-0.5404030314566065,-0.17729192119671197,True,3.28495652420773,0.24203788057444992,True,359
18,30,0.5027629809807471,0.466580139547908,True,0.8109216847245688,True,-0.4583396633678176,-0.43045367704831217,True,0.47935753309597334,0.04066851256692608,True,360
13,88,0.34735049095178144,0.04860570573939593,True,0.8907972092313403,True,-0.4606618154091943,-0.4384500299485363,True,0.34335986169022853,0.020710270071122215,True,361
6,24,0.5518695829342957,0.11207818203152342,True,0.726528422755208,True,-0.508771920695257,-0.4148331170042473,True,0.5696751795864764,0.07417921054763313,True,362
10,44,0.19179107223828856,1.8262584438814722,True,0.9606577004840336,True,-0.457036139282449,-0.437949300594714,True,0.19577121816683252,0.018850239513863082,True,363
9,9,0.5919424266973352,0.25153897057558117,False,0.3453121622710166,True,-0.42917073338218287,-0.22633029050383072,True,0.7790798773412441,0.1263612073268406,False,364
3,48,0.38877190985156623,2.753675871222187,False,-1.2240647227146182,False,-0.9226584760680203,0.5800898998619706,False,8.124821069128256,0.6533141913537669,True,365
15,50,0.5870901932928203,0.5899825253316416,True,0.7530324404769313,True,-0.4825978619087814,-0.4509923468498106,True,0.5684777252730993,0.032923643829067525,True,366
15,23,0.5313960448445604,2.6541186641741095,False,-0.13716319184789794,False,-1.8026939856650803,-0.1497965647768225,True,11.328985413850514,0.8295305045720874,True,367
10,88,0.2839625716656696,0.09474138328775517,True,0.9247008378156868,True,-0.4622825222306275,-0.44539901551764516,True,0.2861473745664167,0.013152324396816233,True,368
15,89,0.44107581915138877,2.962217687213969,False,-0.1274626341791396,False,-1.3461141339129634,-0.28684647783603834,True,9.912797569969683,0.7138962941549554,True,369
13,49,0.37620297833037936,0.5172227309784139,False,0.017986327933400048,True,-0.5775363753894703,-0.3719336933926836,True,2.242842773814763,0.1549645466245619,False,370
15,97,0.14641807167377482,0.8821527221866968,True,0.9780339418132606,True,-0.4520187163909241,-0.4462255580387855,True,0.1474989420010114,0.006392834793748237,True,371
8,52,0.22364254680474316,0.45261150770410674,False,0.07729209551819083,True,-0.4944749100402964,-0.3626746150621759,True,1.5423962186177667,0.12320609628296378,False,372
9,48,0.5975625930704166,1.5437471216457301,False,-0.10697741400654404,False,-1.3165844175664687,-0.6928442895396494,True,5.01400276915289,0.3527854189437509,True,373
12,68,0.5459648617646391,2.6392294634785594,True,0.7601157335204126,True,-0.4687853443410874,-0.4256712062338186,True,0.5412145025616518,0.0368970366825316,True,374
5,71,0.09679244535060613,0.7243015506832337,True,0.9895436378474243,True,-0.4589543193703216,-0.4471912642512241,True,0.09724440682446359,0.007321424936238775,True,375
16,99,0.1319685676476363,0.8769314570081064,False,-0.053773880654781614,False,-0.6175382075704634,-0.3216563897039951,True,3.577393726729493,0.29228571997772385,True,376
12,94,0.5159265848760529,2.8806910417888854,True,0.8025110068794779,True,-0.4635519844605908,-0.4294881728045165,True,0.4869369794551699,0.03414553299518971,True,377
19,16,0.37621817122817536,1.4312958136574623,False,-0.1006173594708506,False,-0.9656808703050529,0.024569562282558376,False,6.161755164003343,0.4871166594861677,True,378
12,95,0.33666483373151,2.409404452351153,False,-0.17582377006825367,False,-0.8138356495308672,-0.04849644708298453,True,7.088129707890101,0.5144000328021904,True,379
14,71,0.056174447978541674,1.3847146286333367,True,0.9965790891706386,True,-0.45108819163542296,-0.4483777630183134,True,0.05706620839643746,0.0027695058801330014,True,380
10,46,0.2746510971373442,1.980886784540203,True,0.9301340436347288,True,-0.4597765334296279,-0.43334160572185804,True,0.2785899098930448,0.024143082000851607,True,381
17,44,0.5494713802657312,0.7442977943652918,True,0.7639640671894614,True,-0.4735680818048716,-0.43499589819469037,True,0.5478740694613773,0.04092154541101357,True,382
10,88,0.552051425903239,2.410223300600789,False,-0.23361553919056033,False,-1.2447316837628386,0.29641041931636963,False,11.874163679707971,0.8635776130409751,True,383
8,11,0.552299657651727,0.2340998294522173,True,0.8046606504157641,True,-0.47280980445779086,-0.41847415411868444,True,0.5007732689743473,0.047034007318842656,True,384
14,43,0.3672259268921717,2.260908375125954,True,0.8781531597655234,True,-0.45188256653758824,-0.42759214932327544,True,0.3686237182340013,0.02629992148199854,True,385
19,26,0.24291218180478275,2.951911078191239,False,-0.10635452069974205,False,-0.748425006458441,-0.10412925431952304,True,11.417828815514403,0.8006735185231283,True,386
13,89,0.2471786457625076,0.2545787755417397,False,0.3675753446718756,True,-0.4852956322826831,-0.3918954012269071,True,1.0314305561871422,0.09132462318313506,False,387
9,34,0.5761686769046658,0.313394304590636,True,0.7444311226800123,True,-0.4856415131907477,-0.4463167968440258,True,0.564628569385051,0.02847767182262465,True,388
10,18,0.503210975736839,1.791678699499641,False,-0.1849160528449303,False,-1.2667535321715508,-0.45140687532637597,True,7.204952963217065,0.5687518120137296,True,389
5,86,0.24102155114225282,2.442285879610921,False,-0.5356435800226307,False,-0.9460802294500987,0.2316232377489269,False,6.053168149392835,0.6333636394316999,True,390
19,91,0.0781780307044427,2.799881648799263,True,0.9931440537416005,True,-0.45116024426154594,-0.4474962302873954,True,0.07971024403271727,0.0040795522589597375,True,391
9,41,0.15415385059269496,0.4506359089556583,True,0.9742950853503187,True,-0.4595380631556289,-0.4440883885795891,True,0.15589467698661427,0.012039090954795197,True,392
5,33,0.5428262198090211,0.41609302612744736,False,-0.12653490645891385,False,-0.4683245753522517,-0.28646538863117327,True,1.584184984618991,0.0962068085970645,True,393
6,67,0.5796070671252839,2.1472902089842023,True,0.7209196948443182,True,-0.4529815622962985,-0.42159175413928296,True,0.5930372288006607,0.018878272825847135,True,394
17,50,0.213792223854884,0.03405329121965106,False,0.934761712331865,True,-0.4599741127011472,-0.4385537765370715,True,0.25624163944341527,0.021895935552461103,False,395
6,64,0.4204862076054962,2.860978907282429,True,0.8204904723687781,True,-0.4606961219565679,-0.417854637828038,True,0.4437224707753614,0.025607019608564825,True,396
4,22,0.30960386285137803,0.5590857623614146,True,0.8784140077981891,True,-0.4750230286378162,-0.42007752298097384,True,0.2961016601812575,0.02711324610319127,True,397
2,52,0.23300877769154515,1.2269200392880193,False,-1.3140068284036155,False,-0.19316144421382753,-0.10977308674722047,True,1.3882820805914724,0.041694178733303416,True,398
15,23,0.5255184670166093,1.748872890837573,False,-0.09659938577244276,False,-0.7690506643539213,-0.23712983298751417,True,5.558899606931121,0.4434989516306716,True,399
11,89,0.5265522151869756,0.14592351620483068,False,0.5808663106605574,True,-0.47380473958850783,-0.4110629924999107,True,0.7626850342497447,0.056917907455163404,False,400
15,33,0.3717559602280849,0.6202495715828592,True,0.8635734147411492,True,-0.46176223271311223,-0.42416222039755813,True,0.3919984645842958,0.034401372502824955,True,401
17,86,0.5015148586323885,0.6450162539859351,True,0.7932566301816655,True,-0.46193773147707207,-0.44293137307059643,True,0.5013349078175915,0.024731994314090004,True,402
9,100,0.19533520881502575,0.48088818600280414,False,-0.0035316383160148845,False,-0.514502727108885,-0.3228838699071044,True,1.9102551833778614,0.14262498123378028,True,403
13,44,0.40455465591328504,2.203866048420305,True,0.8513669728397609,True,-0.4597038875345947,-0.42864336482842696,True,0.41546189051749194,0.028159318396264576,True,404
12,9,0.5000941202677353,2.0132796883075796,True,0.8037554727260987,True,-0.5568922199620433,-0.4432213045830074,True,0.504547572429383,0.11607463372840976,True,405
5,45,0.06536216638319582,2.7962623127809887,True,0.9952813253194968,True,-0.4543957900507035,-0.44396752639152776,True,0.06739430819365674,0.0064795595289171126,True,406
5,93,0.24206062664459493,1.0914568444699277,True,0.9391184597452127,True,-0.4543922960787429,-0.4379347586216422,True,0.2517880617677624,0.009237520516878045,True,407
12,83,0.2909894334063146,0.9335162932487713,False,-0.025719719811390984,False,-0.7215044850257112,-0.3258743725473391,True,3.2814025922541235,0.2332851125283893,True,408
6,35,0.14860864932125528,0.07954913204162373,True,0.9753998692653882,True,-0.46108128276364185,-0.4449057828076414,True,0.15075760609566402,0.009238229749503191,True,409
12,36,0.43938290737534963,2.281416159336208,True,0.8413615810987861,True,-0.459654602294377,-0.4257915681888286,True,0.4253273859379568,0.031025351538493926,True,410
6,16,0.10895737496242519,0.06720999697073748,True,0.9858598654305215,True,-0.4497861200462163,-0.431580181856926,True,0.10158125999565304,0.010131400735030705,True,411
18,90,0.28790562052806773,2.341744470248278,True,0.9275559908598396,True,-0.4603909193821812,-0.4469836877669596,True,0.2795798319032875,0.015308834131577331,True,412
17,56,0.2696661981490715,1.9053796952626738,False,-0.0524442480738847,False,-1.2154172092638498,-0.40764010726844846,True,6.234775719429378,0.4790595880494351,True,413
5,67,0.5877183524432377,2.255355129883422,True,0.7506094966095289,True,-0.48446118436834107,-0.4572317212510701,True,0.5851631279102756,0.01614547636951845,True,414
5,26,0.06751370556997884,1.012149861369179,True,0.9948471493466771,True,-0.4528571674466709,-0.44357721962705493,True,0.07144703804899295,0.006111676182303989,True,415
2,7,0.2412779087272205,1.069452870976776,False,-1.2699828941796132,False,-0.7842047305194695,-0.40362865642041523,True,1.0115179008082127,0.10971144983033793,True,416
5,92,0.2807786038561631,1.0358986056955006,True,0.929073091881228,True,-0.4574884471636971,-0.4340700896927909,True,0.2721919486311726,0.01279113268401556,True,417
7,26,0.23689669425413096,0.980039773017284,True,0.9462953452915006,True,-0.4593782161658636,-0.4249120951246234,True,0.23682345496597898,0.023068588535769912,True,418
8,80,0.4393460533427679,1.2171177867904381,True,0.8331019404747493,True,-0.46220109074763066,-0.4338015791625682,True,0.42595839944083197,0.02258440221095349,True,419
10,42,0.12285921363221222,2.349220426303672,False,-0.23587274110160195,False,-1.5264796466104056,0.19558077411138342,False,10.795787783625103,0.7278095387351866,True,420
10,93,0.0941695087577221,0.8510079033791127,True,0.9909603759331619,True,-0.457270910891034,-0.44826508606459425,True,0.09286924205008588,0.007053344430187435,True,421
14,68,0.12194329743034521,2.95871495475423,False,-0.1615442856078544,False,-0.8451600716423743,0.4416742295255036,False,15.491519186127485,1.0978401321579123,True,422
12,20,0.43315955521778715,0.9857843104702596,True,0.8649906950151416,True,-0.47887255786913596,-0.42065626236974774,True,0.40403758991068267,0.05376136980941797,True,423
4,27,0.3922298843514179,2.860550212904191,True,0.8524873623763787,True,-0.51538963566067,-0.4419784640972509,True,0.40316965761913864,0.03675101805548715,True,424
14,44,0.48231961701826304,1.091700709996027,False,-0.09564434304832603,False,-0.6186626721995221,-0.23284398754023497,True,3.7576919206270176,0.29363026258655933,True,425
19,83,0.33189066705909775,0.20006628531519233,True,0.9080449704907829,True,-0.45892715712225784,-0.44956729314388755,True,0.32485055849524996,0.010658219426537684,True,426
13,62,0.5749528609405256,0.5319641748935929,True,0.7423872087738738,True,-0.46218245266208563,-0.43713386760109607,True,0.5658430204354483,0.02436797883475086,True,427
3,27,0.1968746714024694,0.59003281958581,True,0.9599472772734093,True,-0.4647392524017139,-0.44166453269584277,True,0.19077537687005203,0.006069185912893096,True,428
13,32,0.3729073357240022,0.5170203751863678,True,0.8862103361744391,True,-0.48011482644901654,-0.4471607793541025,True,0.3611981862498596,0.031894712013615836,True,429
9,9,0.39125846434209643,1.8320596949498862,True,0.8349873279504091,True,-0.4611462329258405,-0.41590440751575775,True,0.41197380584367677,0.06683136105899674,True,430
14,73,0.41361926405981714,0.5246498092446893,False,0.016151735520825716,True,-0.5372115209997143,-0.3081138880379553,True,2.166592126467478,0.18254249662874078,False,431
11,25,0.5545034054292693,1.9104156764563616,False,-0.2320236294336231,False,-0.3295676378676027,0.3567137917754106,False,6.410325453576652,0.5134243322561797,True,432
16,19,0.45542657375252527,2.8879451654937456,False,-0.1574288230221388,False,-1.176075753528119,0.9495727229189646,False,10.641999409624052,0.8532697554217128,True,433
15,91,0.27631554613900866,1.8988808790948193,False,-0.12775355108944253,False,-0.8532081775224011,-0.11831075781001252,True,7.248124334937621,0.4831315234608144,True,434
7,55,0.370854202822032,1.2218989468532158,False,-0.35700044141553877,False,-0.7952289738008245,0.11725417110937597,False,5.686998479624223,0.4389666816938986,True,435
4,9,0.45739434346393215,1.9672043889012345,True,0.7841058954785278,True,-0.474360269112734,-0.3974700517361329,True,0.4065466124914613,0.06546522447760553,True,436
17,86,0.40877029309831975,0.3215361915295578,False,0.3565899268178019,True,-0.4700405669526514,-0.40202395398864715,True,1.1138559304911897,0.07419486992196864,False,437
12,52,0.5219083256731449,0.4178384181504319,False,0.13174974814001028,True,-0.5563420346674839,-0.3820512908724207,True,1.7248741406504757,0.12631124769151789,False,438
8,48,0.08134189098826825,1.928457532665369,False,-0.30244909648980145,False,-0.5258838037273442,0.25206708259879723,False,5.127985593823997,0.4126856877111312,True,439
12,52,0.09297224090229288,2.2111975406686133,False,-0.17901250276186786,False,-0.4701757144362659,0.17049212976524247,False,6.597385603169187,0.5076470846857795,True,440
15,83,0.39499552521586534,2.6334592276026063,False,-0.14009909611415217,False,-0.9647932250266626,0.14449845136062653,False,10.818011628772432,0.8039920827689616,True,441
14,58,0.4365186939598357,0.8290312953320704,False,-0.06881980645017882,False,-0.6635032163794184,-0.34500422718644863,True,3.6178594396387,0.2453674705138905,True,442
19,74,0.29349235314839645,2.246017693659814,True,0.9224950257649234,True,-0.4590921855441869,-0.44186610776172214,True,0.28581249358685423,0.018936201083826567,True,443
13,74,0.1833905584910755,1.35765790285631,True,0.9659423635364137,True,-0.45416371786187554,-0.44338130847425206,True,0.1853543404496415,0.010303556266794064,True,444
2,65,0.398404881590617,2.057640874775639,False,-2.7841832756218143,False,-1.411318353031204,-0.34695939805924075,True,10.38090150992867,0.5190419011984976,True,445
11,59,0.579636732975002,2.9324439191572793,False,-0.1976250168715843,False,-0.7499956814751363,0.10287947566104459,False,9.785511337799475,0.5493246779671749,True,446
15,74,0.24755700976352152,0.06686992017845039,True,0.9386314413684815,True,-0.4555233862452801,-0.43728926907924776,True,0.246366407446967,0.019255275354311503,True,447
10,71,0.2818152391283482,2.613993264737593,True,0.9207676377106133,True,-0.4524442837879651,-0.43883625190743625,True,0.2760271586157444,0.012915294356021225,True,448
14,71,0.4321710298909762,2.730618873288252,False,-0.15205920923965754,False,-0.36394247387142753,0.7272397410829142,False,8.265715727215287,0.5832593137260117,True,449
10,38,0.2546611542720606,2.141862461737392,False,-0.2114079953855228,False,-0.6552197059466253,-0.20930505837636745,True,5.284940357210156,0.4518401972715212,True,450
3,84,0.3110360935527196,1.614706758916362,True,0.8776278174052266,True,-0.46988699775423415,-0.38366104097100945,True,0.33956554922249027,0.035447389610959106,True,451
12,51,0.18596662690524884,1.1958726393743193,True,0.9671358675901162,True,-0.45189217835608153,-0.43874098590491545,True,0.1790216396927092,0.011466439005656354,True,452
4,14,0.5160499332331846,0.01378811740322361,False,0.7323734470087016,True,-0.5086842510174372,-0.3781687247217059,True,0.49296454822558855,0.044281939413506645,False,453
17,56,0.10076210215971598,0.10550570016264593,False,0.8912638604095825,True,-0.4658357985443013,-0.43956838957278976,True,0.3228697998243694,0.02115413118653701,False,454
8,47,0.3740394257185657,1.178957916963069,True,0.8761307169302617,True,-0.47087688536772876,-0.4327647718968833,True,0.37583598002164,0.027791602750961188,True,455
8,32,0.3517352257214755,2.210081156441852,False,-0.2653881995021876,False,0.13258938150718277,1.831163275494228,True,9.436050821156226,0.8000006483652077,True,456
5,34,0.10412243394493023,2.495574133903581,True,0.9878126945402624,True,-0.45907719980511436,-0.43222824192038956,True,0.10054925015945543,0.015322864589810569,True,457
7,80,0.5673918582010172,2.0190997804231507,True,0.7624072838225697,True,-0.46360019637303457,-0.4136349999129012,True,0.549202306618133,0.033698508874760814,True,458
9,79,0.37547644771708,1.1958460323027444,False,-0.16018479941514552,False,-0.7210667039000463,-0.2822610528321698,True,3.726245710678865,0.32798473875777484,True,459
8,74,0.49614845087899295,0.0178221778613894,True,0.77721793091669,True,-0.4632431172671627,-0.4444810201949399,True,0.5080298679083106,0.016376334602832325,True,460
18,92,0.27379579339149546,2.944565779776906,False,-0.07811393010247158,False,-1.6060592482113891,-0.5765209413400758,True,10.40070622302083,0.8302477848744481,True,461
11,40,0.5632571021397199,0.5929641294271712,False,-0.045769176824110414,False,-0.4914244224367608,-0.30013826795344445,True,2.16838100466506,0.16740737465757455,True,462
19,11,0.5335560291339886,1.8105755894261368,False,-0.08546851146303602,False,-1.044028225702703,-0.35831198303831574,True,6.685166838399395,0.564065121198439,True,463
14,93,0.5161597316980704,1.5502494446204418,True,0.7848206960416253,True,-0.460843608787908,-0.4418622467794842,True,0.5198629686348587,0.019127055777005363,True,464
6,99,0.24052272132992636,0.07319886070770276,False,0.8612742723430861,True,-0.46657301545636604,-0.42998870152858226,True,0.3426187247512865,0.020755575330569664,False,465
3,26,0.43998348550675925,1.2671866724901666,True,0.8285568760755952,True,-0.46413186676631024,-0.4083021163567795,True,0.40978430963360185,0.02987944110938163,True,466
5,34,0.15910052014074297,1.7839829080211769,False,-0.5481552523019337,False,-0.5154452934140962,0.42518978178371636,False,8.466995261140555,0.5137195182927382,True,467
2,79,0.555013474032978,1.1188125499282973,True,0.7620218210777427,True,-0.4898139956870191,-0.4677427974845244,True,0.5526877529999603,0.011035599101247406,True,468
6,22,0.16296658655734292,1.6327457688996914,True,0.9615246801597971,True,-0.471318375573841,-0.4395964778749445,True,0.18174938904381516,0.027692505965418165,True,469
6,77,0.25724712820996654,0.3900961572088424,True,0.9347983085925288,True,-0.46966085669706914,-0.44425979179694836,True,0.2550250596854265,0.018593116965197633,True,470
8,85,0.3135312292757342,1.0562343120145177,True,0.9102673088039461,True,-0.45994461648642065,-0.43715284664704845,True,0.3015076868252157,0.017524905589564443,True,471
4,34,0.5072207803184696,0.9892252105074539,False,-0.2893772762350064,False,-0.5090801440968803,-0.2469514141125007,True,1.4173193350640128,0.045804648919451546,True,472
6,56,0.3224577937776582,1.5230006867103345,True,0.9069188479187605,True,-0.47678138768052414,-0.43550982002561955,True,0.32263088778284277,0.023922999757629303,True,473
11,5,0.24441223546909585,0.42603644043354705,True,0.9334911572397782,True,-0.45126752642577433,-0.3983011132727919,True,0.23859624545640873,0.05589679344787923,True,474
20,35,0.11657726501618873,1.8763313076788508,True,0.9856650797065156,True,-0.4544005647454145,-0.44864822852868963,True,0.11655721009515896,0.007190792087401809,True,475
10,23,0.495232459588341,1.6942185288231686,True,0.8119385069850799,True,-0.4667869141518063,-0.4338192867078303,True,0.45751730585921996,0.03224385414135138,True,476
13,84,0.3503375730494103,1.6735805609250618,False,-0.09290567957780405,False,-0.7012416643494414,-0.3928753865987646,True,4.268563053311007,0.22961252428160386,True,477
7,10,0.07311049163161291,2.608934528376114,False,-0.27637003275834626,False,-0.8347122678000746,0.5218284634366119,False,6.905301919977927,0.5896496888069134,True,478
10,54,0.17228600271511116,2.9478898427902713,False,-0.2131581701669869,False,-1.385445938313343,-0.03862408493078521,True,9.449351062660357,0.6889165749910414,True,479
2,39,0.2492007510366585,0.43978594934441084,True,0.9323284112895659,True,-0.4545065349693206,-0.4326418952761744,True,0.24676592124027852,0.010932319846572891,True,480
18,72,0.24979075028280606,1.1213730758436609,False,-0.08484680750613527,False,-0.6039324623015302,-0.25300574497998485,True,4.400692884804245,0.3149765301861942,True,481
15,17,0.16506744415115965,0.5578455669081146,True,0.9753058887920147,True,-0.4586326929071727,-0.4396098017493264,True,0.1610123660947115,0.022909353488077978,True,482
13,40,0.5728459561747724,1.9389852715480158,True,0.7527016461309464,True,-0.48124307653790854,-0.4337975015508394,True,0.5777237831903994,0.04282036146575193,True,483
3,44,0.5979821297640572,0.4607514569158022,True,0.7177796478559015,True,-0.4499238058946935,-0.4294858650247068,True,0.5954378316102095,0.011537547570213042,True,484
9,33,0.2724337573171502,1.8161920157529963,False,-0.2651392767343608,False,-0.4554421749541571,0.5660836633151206,False,7.957925909687935,0.6279090931641571,True,485
20,8,0.30833468217508925,2.1643274896357867,True,0.9119876853955498,True,-0.4680960574220881,-0.4111721203448488,True,0.28805047024031255,0.07379610877877599,True,486
3,37,0.41659094855995865,1.4157731967469411,True,0.8147234638226685,True,-0.4471053294843588,-0.4228764863941241,True,0.4536236428683793,0.009893139949975451,True,487
5,46,0.12450629599113629,0.7031972737416597,False,-0.4307637577819834,False,-0.5717065818181897,-0.15805676549910413,True,3.3700260279047374,0.20959194900245243,True,488
19,86,0.43893124852509324,1.7312213435440127,True,0.8347143422730183,True,-0.44865196220809134,-0.4326494462172126,True,0.4274452172717185,0.01799909333171476,True,489
10,22,0.26551630347195726,0.1681908100949029,True,0.944289810182838,True,-0.4777262117825457,-0.4531248489769454,True,0.25555543522522944,0.02214312450864232,True,490
10,95,0.5649123960981688,1.0551909061071751,False,-0.1195883463899774,False,-0.8492342196537535,-0.3855599420125815,True,4.384031754027779,0.3434376254953396,True,491
5,28,0.28341415962420097,0.3541279990311116,False,-0.22959537891141646,False,-0.6283301181545246,-0.31657921593818406,True,1.818877935263258,0.10469392813101379,True,492
8,42,0.35251181830234435,2.6374274522787426,False,-0.2902372307984826,False,-0.956254827926903,0.14533759447769143,False,9.44191111261971,0.8020070714156642,True,493
14,72,0.5036502117448453,0.653660755702404,False,0.0038887031427111696,True,-0.5618889386887533,-0.3319045043107765,True,2.711078161296851,0.19252861334537147,False,494
2,93,0.2582242433927897,2.3285274761830963,True,0.9065480028520494,True,-0.44644218108458295,-0.4374568644187421,True,0.30057559956185853,0.004492658332920063,True,495
17,53,0.503738231177081,2.442359392366389,False,-0.11731242666353148,False,-0.6722532212577678,-0.08367440931434905,True,6.701713838817972,0.606086032562162,True,496
3,83,0.2975471933773408,2.650037871775168,False,-0.8717700786614031,False,-2.0030755402623477,-0.871708042362901,True,6.031970412754785,0.4762267679260131,True,497
19,30,0.3924677490150562,1.7677744314765134,True,0.8701330925379325,True,-0.4639950279902522,-0.43595454850177756,True,0.3748818679004411,0.029938912541426478,True,498
20,66,0.5328516457323412,1.7967751758549992,True,0.7719426788509391,True,-0.4656833646323875,-0.4386961396295466,True,0.5330072175612832,0.03148346410395984,True,499
20,55,0.5002528244328851,0.6068011389383248,True,0.8013951966846198,True,-0.4613380260353843,-0.4356212817433522,True,0.48273251535741557,0.029580149567107774,True,500
6,55,0.17910343995062117,2.5775953185708667,False,-0.40091947640670833,False,-0.5640523877031388,0.37640030942842084,False,8.701399632455024,0.6536515244398592,True,501
18,7,0.5643710129454578,1.7411276303420544,True,0.7010735587465726,True,-0.5048352662905681,-0.3993651728259715,True,0.5845511659595002,0.13379535274521953,True,502
3,52,0.46221211839666465,0.036649075550511334,False,0.6799670443487587,True,-0.5094487867376276,-0.4276359431716146,True,0.5255853039565819,0.033733165031088023,False,503
18,85,0.09515782839230871,1.6363691235164344,True,0.9902937021768881,True,-0.4523205397118776,-0.448438595633844,True,0.09669679787281064,0.004403955451017763,True,504
19,15,0.11731207034622274,2.594532676467501,True,0.9847668072767736,True,-0.45861461894923466,-0.4445495979216296,True,0.12018392821284181,0.0173283244612316,True,505
11,95,0.5072387999677002,1.6961972087938393,False,-0.190396545784,False,-0.754815245275139,-0.16155785301880962,True,7.488688766116254,0.6232713670889645,True,506
2,30,0.48156394283663767,1.6699985218659268,False,-2.9662394764193967,False,-0.9586307743724436,-0.00932854299455918,True,9.756900799707491,0.4746511156889418,True,507
6,9,0.21687055540583605,1.0030790393218976,False,-0.23695376670483514,False,-0.632408672938492,-0.13048321774963323,True,2.365487052834994,0.23192706519590406,True,508
10,56,0.3084825467132487,2.9616183863591523,False,-0.2374655973764761,False,-0.9038482540644515,0.1643784712873301,False,10.48576229195452,0.7277292003749859,True,509
10,19,0.2779846408683487,2.507209954294837,False,-0.23376474769132427,False,-1.592500557980965,0.5171846398419496,False,12.001686022727727,0.9408094855127772,True,510
3,86,0.18014244353032138,0.7323880663748116,True,0.9672235515121104,True,-0.4617381429436186,-0.4341080146680836,True,0.183425159719539,0.012448971824000826,True,511
3,89,0.5141043777457288,2.021142265909942,True,0.7943678325102492,True,-0.5036015161080771,-0.45845646127900896,True,0.5340744800289704,0.01899730308242103,True,512
16,87,0.13196470462549625,0.879332126757208,False,-0.09113213392849517,False,-0.5585099428800344,-0.1945380508232082,True,3.9448486840075767,0.31023987466117575,True,513
18,100,0.5722969062284494,0.4748616333663762,True,0.7469841826120411,True,-0.4643098125808076,-0.4395695721596832,True,0.56886028878452,0.02802256871073126,True,514
17,34,0.3128099011997488,2.630934090855514,True,0.8991350100258517,True,-0.45616964327432163,-0.42512563287029437,True,0.31059517254699,0.032061084053194945,True,515
4,55,0.25864681284097474,0.7985193142111524,True,0.9321269308942196,True,-0.464431966443433,-0.4442444665766724,True,0.2552822271552806,0.011246381758591238,True,516
4,32,0.30321770461624753,2.687738241152976,True,0.903328978593942,True,-0.4665592935647245,-0.42297246824437895,True,0.31132085469238824,0.022421419073006557,True,517
4,59,0.366233907002514,2.6692049402228255,False,-0.7393604455194713,False,-1.216164465982618,0.188420627693695,False,10.243031703497914,0.7226512575779033,True,518
2,23,0.3108040439830954,0.3508777354591157,True,0.8826183982217807,True,-0.4988298856096184,-0.46796858119325335,True,0.31887237369354515,0.015430652208182793,True,519
9,44,0.3858773972959939,0.4607036624846015,False,0.05738907499115209,True,-0.6022104615362901,-0.39238348387977967,True,2.2147660398526026,0.17522433197264248,False,520
19,78,0.38656850832519996,2.7452407489078605,False,-0.10531634337906381,False,-0.6297133777642264,-0.008983906595705733,True,10.58398437146551,0.7849999110450752,True,521
11,77,0.5042090105128583,2.214899787727418,True,0.8030379283533742,True,-0.46158993533611614,-0.43799022278850247,True,0.4919616053286354,0.022219346627492313,True,522
13,37,0.3255678587069982,2.3430518713192847,True,0.885509131924851,True,-0.45360048586177804,-0.4281771579809046,True,0.3384170997238483,0.029024338074091532,True,523
19,20,0.16179350092403672,1.157665290884871,True,0.9726357842959618,True,-0.46100056449514554,-0.44445971771309106,True,0.1590509941539601,0.0191811092910855,True,524
16,76,0.5789549079000619,2.4679188961736767,False,-0.10286353472563525,False,-0.7415472576647181,-0.32414674096589535,True,7.204705864421596,0.5195992605454132,True,525
6,50,0.4930475881271242,2.14717840119308,False,-0.37203819431473306,False,-1.5947850045535463,-0.3038873248888412,True,7.177673924377118,0.5213583410067388,True,526
16,94,0.3347292469822276,1.4230488927263516,True,0.8971130310533024,True,-0.4702876465740291,-0.4540001657879893,True,0.3364224755551539,0.015455335278567777,True,527
18,36,0.22724381151259465,0.14200651346684623,False,0.6238663572486806,True,-0.47235357238236425,-0.41266046375688165,True,0.669856464503371,0.04861641294848073,False,528
4,73,0.23810854047655045,2.0429504920574897,False,-0.5124792634326956,False,-0.9331454832218212,-0.44936439600957023,True,2.869881547926362,0.2524950319891575,True,529
12,94,0.2126393020558634,2.307214655486631,True,0.9523930103429501,True,-0.4557458769916707,-0.4390773801479418,True,0.21607654215744235,0.015416495108090983,True,530
2,56,0.15166151065057148,0.9320655804394132,True,0.9804622408635368,True,-0.4469918105219314,-0.4309418065341652,True,0.13523165622153702,0.008025001993882952,True,531
16,36,0.5478856425692193,2.801865162946825,True,0.7630740407792673,True,-0.4573074793183878,-0.41459447431432267,True,0.5518706959051156,0.047851207271709426,True,532
9,33,0.5986263359437138,1.7507585852725147,True,0.7168785444887329,True,-0.46706360349153203,-0.4070010745939032,True,0.5841348988284712,0.050062491923059,True,533
9,83,0.543053184216371,0.2301375696126462,True,0.7404944723652804,True,-0.46344759816646663,-0.4326737876216605,True,0.5568515688858277,0.024336721250263735,True,534
6,75,0.09645979736343474,0.5438499534453156,True,0.9913606399993584,True,-0.45339936741114856,-0.4489782365858607,True,0.09014432891019733,0.0028061083402012065,True,535
14,25,0.270275448517572,1.184579318036369,False,-0.12448252615461453,False,-0.874586671608787,-0.13990344826738224,True,5.319055448997569,0.3698057722779918,True,536
6,57,0.5399525005850403,0.7340388724194664,False,-0.38921011716056664,False,-0.535409552028921,-0.05653533976800212,True,2.935834311946545,0.19375356707644975,True,537
13,50,0.30104394017703534,2.679912245293553,True,0.9073518586042919,True,-0.45370620551840996,-0.4325125557944226,True,0.31134559823989916,0.021867265843381584,True,538
16,70,0.11938811415400946,0.4250056960502173,True,0.984972654682426,True,-0.4539801056839887,-0.4468451980877486,True,0.12427630824204437,0.00790279023262604,True,539
4,13,0.16336119851003567,1.4450611658100023,True,0.9779918853003684,True,-0.44160371913806273,-0.4327442055300457,True,0.15519416084072984,0.005466543831823181,True,540
8,90,0.5031679321642015,1.6603893080299617,True,0.7970879121647721,True,-0.4747139949371936,-0.43636560632522975,True,0.49078753870285696,0.029815399208474414,True,541
5,15,0.3553470028883321,1.068729030131753,False,-0.537590145715606,False,-0.5777227972832238,-0.1423812448150506,True,2.2634413708492986,0.13618456820571298,True,542
11,78,0.25329635675111184,0.2713538625818481,True,0.9333149493749406,True,-0.4595198313578498,-0.44041453954696,True,0.25210236564012023,0.015606077230542166,True,543
19,97,0.23025951742436263,0.678408890132192,True,0.9493803498243496,True,-0.4527892444998481,-0.4437943540031704,True,0.23001535610269358,0.011218433854169853,True,544
7,77,0.2530878693819002,1.1683282954547312,False,-0.3023071531457895,False,-0.719231398819396,-0.20417191007463759,True,4.607473394050201,0.31228042195966255,True,545
14,22,0.36676115499243594,1.8815027797877377,False,-0.14183877953430613,False,-0.8637546133472929,-0.08149082747092076,True,6.171684219936103,0.443339142430605,True,546
14,78,0.5620316835100799,1.5656496085992566,False,-0.15069628624767173,False,-0.40139986289961466,-0.011227558727190555,True,4.835359501530551,0.37377778312407745,True,547
20,38,0.20894336364424132,2.3299359107306694,True,0.9584407743138427,True,-0.45881083103460046,-0.4429566445470418,True,0.2077677529028128,0.017625072927168858,True,548
10,13,0.27998015322211545,1.9041597596317825,False,-0.22130046285974814,False,-1.2815696005944912,-0.0797685242881198,True,7.1368511319854795,0.4749614476068275,True,549
17,68,0.29828269237037336,0.7819731131065671,False,-0.052758873453702115,False,-0.7405167482877497,-0.38934681141935346,True,4.256243609747573,0.2863034992526397,True,550
5,66,0.12423771511975068,1.2722173145972624,True,0.9813246930031206,True,-0.45857797630541486,-0.44644075079448914,True,0.1353797742709704,0.007772347852743618,True,551
20,27,0.5081563840298018,2.2419598363847735,False,-0.09310217689621525,False,-1.1387015024758764,-0.14589119376526538,True,9.572031418242098,0.6588935691741895,True,552
2,15,0.11478251683214528,2.2554426055349954,True,0.9601448843894391,True,-0.5075448180512065,-0.4300688598052944,True,0.12038894639464394,0.03873797912295601,True,553
10,43,0.4396943871660931,2.310516158254983,False,-0.23375556583168322,False,-0.24835091156260086,1.1375904985883196,False,9.142148516582903,0.7450484770372148,True,554
14,68,0.5275669057512025,1.7307641978788433,False,-0.14337280065571356,False,-0.7355096162254664,-0.19414448435743947,True,7.876302400124486,0.5652103492559561,True,555
3,95,0.20121644252905208,1.3057084016910796,False,-1.2580249526204188,False,-0.5219908862860138,0.26925165599178025,False,5.2669299584774,0.3239236400600662,True,556
11,93,0.5432919737437706,2.7760970643129568,False,-0.1515660098599403,False,-1.6109934846043445,-0.0962591059642746,True,12.341338519254304,0.9295501674931056,True,557
12,36,0.3851500118787909,1.424005301002482,True,0.8644653628707344,True,-0.4643810099431601,-0.4460367383473623,True,0.3922085170005246,0.018770332511969995,True,558
11,13,0.3482685781824973,1.327875328421606,True,0.8986882420414043,True,-0.46529812842075835,-0.41298776719230196,True,0.3034648092605608,0.050869232766278645,True,559
4,95,0.38050379571602905,0.2994494098327396,True,0.85424899368926,True,-0.46979489358475457,-0.43098187569262403,True,0.38525034790811885,0.017959652710793167,True,560
14,92,0.3591134052993654,2.7293224006803825,True,0.8826761721683466,True,-0.4595297973223435,-0.4425921789010144,True,0.3565868565371673,0.016950471418992814,True,561
3,36,0.3611891065619326,1.0413244789221259,True,0.872150956576424,True,-0.453503029292359,-0.41244731110021665,True,0.3579057926051438,0.01907539161801004,True,562
10,50,0.5811116922947372,2.520434197144943,True,0.747696059972173,True,-0.47515757917986773,-0.44044129976222546,True,0.5628325910866462,0.020850421430998915,True,563
4,51,0.5060900094806866,0.26134210614119124,True,0.7951128920512143,True,-0.5306125116273805,-0.4412093177603294,True,0.5115772050347509,0.050281822267035835,True,564
5,82,0.17478272767139866,2.015316985704044,True,0.9737034494327975,True,-0.45571477210149963,-0.4414157321029101,True,0.15970449290239708,0.009310981513677976,True,565
15,41,0.3127594968517064,2.7293773482520254,False,-0.13367737110252897,False,-1.0863531752086297,-0.26729441333989934,True,9.997575622435098,0.8931197442509482,True,566
2,91,0.3633210704304083,2.703828719494089,False,-2.8757886114658593,False,-1.948932910647768,-0.2890489736070242,True,10.677621186227304,0.8299419685203718,True,567
4,57,0.3071603228950513,2.2284766179394406,False,-0.7553477117662277,False,-1.5221068225255936,0.3248616112103042,False,8.409214582591243,0.625522712412441,True,568
18,32,0.07476542694397995,1.4306155592135728,False,-0.06836129441592131,False,-0.9821931626814632,-0.32886866003789894,True,5.515368808939387,0.3993683171850272,True,569
8,45,0.45368572292677267,1.8824544147792088,False,-0.257401906542726,False,-0.929679001701285,-0.35897449029253325,True,7.363968876530399,0.5602254421648516,True,570
20,41,0.09386018855191469,1.5492314386492712,False,-0.09341050300348264,False,-0.667185123007233,-0.16547390860981565,True,6.606291752793847,0.4588801976132689,True,571
20,86,0.5220216646167837,0.026730556741354272,True,0.7794208318356005,True,-0.453727891003002,-0.43900644641093817,True,0.5206743468449069,0.01785138579878361,True,572
17,77,0.2960769851425464,1.2660269862543883,True,0.9235967482895595,True,-0.4540832639215705,-0.44487295436914004,True,0.28536113732165636,0.011557589991354393,True,573
12,98,0.16351135452470303,2.5233167364312745,False,-0.18514875037702705,False,-1.0995756263940382,0.02207486097616946,False,12.16767730215124,0.8057705401315366,True,574
13,83,0.35528581688643585,2.4476635333364483,True,0.874525731581839,True,-0.4649312424070516,-0.4455044998109658,True,0.36662550406646716,0.016496457337225465,True,575
12,55,0.26865544548267367,2.2335203422435033,False,-0.16422819533441402,False,-1.1030913045928532,-0.3174440504051582,True,9.756565867399592,0.6848577258051737,True,576
14,58,0.38040604535385064,0.012617380148205237,True,0.8763251967777117,True,-0.4658478816256123,-0.4389983797032497,True,0.3703811765292075,0.02596329453320157,True,577
12,63,0.45985550965742195,2.1137282188213335,False,-0.12241126060405949,False,-0.8299147624469486,-0.41119422564737756,True,5.4293847945016385,0.4318734863071022,True,578
20,51,0.5937002496378273,1.8690186587097588,True,0.749839652502162,True,-0.48621134029600116,-0.4427117422496295,True,0.5757649089633184,0.05338561625230904,True,579
10,79,0.4690771512389655,0.2679787390985158,False,0.4124076675716044,True,-0.5162699323644361,-0.4230002157256922,True,1.0018575866458137,0.04839345611678451,False,580
11,60,0.1965782488648451,1.640253147910755,False,-0.2012028784129507,False,-0.7054715406563892,-0.0267189828508333,True,7.791719262723104,0.5570682165089768,True,581
18,26,0.07188433520576813,0.7756482730524079,True,0.9946588964866133,True,-0.4530766044068972,-0.44729071406534787,True,0.06995757516983915,0.010183480108638168,True,582
5,30,0.3326578182800667,1.9806300668302126,False,-0.4263667440042678,False,-1.2163681498139256,-0.3724157707182371,True,5.26270398667398,0.3425008836183667,True,583
13,43,0.5177203233714011,1.470496825984317,False,-0.16428175147378998,False,-0.8923334949999334,-0.0720202761501289,True,7.853732773420427,0.5901204312528651,True,584
18,39,0.5307514617557776,1.666276236240857,True,0.7907275357178443,True,-0.4622634829918163,-0.4320206354973682,True,0.5068957210655113,0.036644340064830076,True,585
11,25,0.36502275298396814,1.0212669979965758,True,0.8580518172351431,True,-0.48090175003530616,-0.4292071971303586,True,0.3795926455792532,0.04747673888616549,True,586
17,26,0.3306853015936476,1.3418852565340864,True,0.9096043176278005,True,-0.4619489355419847,-0.4408396116521001,True,0.32005226297435796,0.027092698505287456,True,587
10,91,0.16950492043372264,2.7430521398307244,True,0.9683399236778537,True,-0.4536944785790132,-0.44367545169384565,True,0.17014034672975123,0.00901876375759486,True,588
20,9,0.4190023104299037,1.4199283934956326,False,-0.108278269798048,False,-0.6854450011399672,0.13072120391852765,False,5.515483524196883,0.3891062942067397,True,589
4,85,0.1617780168255954,0.7989358358793043,True,0.9728996845563656,True,-0.4516843052278722,-0.4414994341354994,True,0.15748742755757877,0.00556784415338888,True,590
16,24,0.15285700140317443,2.3701018957998,True,0.973030092291836,True,-0.4607997948931382,-0.43910051836515207,True,0.15648859905672355,0.021043916700380822,True,591
20,63,0.5525785054300217,1.910665831911785,True,0.7574247639604451,True,-0.4671847412519404,-0.4370073965694967,True,0.5558442072903917,0.03794309617745509,True,592
4,84,0.13615948692378949,2.901067496031657,False,-0.755940960209589,False,-0.3978983635900275,0.685962344655213,False,11.257441240757872,0.7721446482550093,True,593
16,84,0.0623851710063071,2.941593331260026,False,-0.12867304725223594,False,-0.5880277247034578,-0.0032622225026136724,True,8.175214605866666,0.6119245916558317,True,594
13,33,0.29758383476541894,2.8884654628730635,True,0.9144148834402164,True,-0.45961937296975347,-0.4361052099194619,True,0.3128435425648558,0.025928222468917756,True,595
6,28,0.3383107006177469,1.6573372304183813,True,0.8805540487844356,True,-0.4645649043003784,-0.42539972519957414,True,0.3384259486608685,0.017591357066810257,True,596
5,27,0.41964228513915747,1.9717573080139288,True,0.847887262710102,True,-0.49200938098128943,-0.42231814973645143,True,0.4053299540748357,0.04684814134448049,True,597
6,59,0.34838616319426574,1.3088267951582793,False,-0.29341740747561595,False,-0.7278212421868467,-0.4830249316680834,True,3.573366785534984,0.2539540431960662,True,598
11,26,0.15147301831882548,1.5619189317515316,True,0.9801480083691942,True,-0.4670077523986768,-0.4451071753727371,True,0.14932006187947333,0.0174463897533803,True,599
2,39,0.3255565830510482,1.396191012222427,True,0.8603767455133261,True,-0.4864264329635729,-0.4008157207449962,True,0.3152157141778589,0.0428053561092879,True,600
2,6,0.2818190056856965,0.7930163516200079,False,-3.000104402465996,False,-0.7396683735079421,-0.32815572394829723,True,2.7676373181434157,0.06060822623940848,True,601
19,68,0.06559040491114436,0.9860078449387286,True,0.995301258532854,True,-0.4514543000745929,-0.44863947814988536,True,0.06703591714520064,0.003824978652940729,True,602
14,98,0.07722626949016351,1.9029846875738465,False,-0.13671107365707713,False,-0.6665029341459869,-0.14469403303688613,True,7.51513228088889,0.5381476370041652,True,603
11,68,0.26538054064935757,1.994982712747945,True,0.9213271863051609,True,-0.4579506724312992,-0.43601821435135574,True,0.28227972252607586,0.01944063043824121,True,604
7,58,0.4775601095573096,1.547046741517914,False,-0.039086087278121795,False,-0.6361935370623615,-0.3683208767343603,True,2.0924611875093024,0.21520576259936552,True,605
11,54,0.38614069062559947,0.4495956371008415,True,0.8558877942103967,True,-0.45406836647657495,-0.4320899361034204,True,0.37748789743289424,0.024743607528611506,True,606
11,48,0.13672912792329556,2.408476378724544,True,0.9796497863422241,True,-0.45483700312931863,-0.44480605067907775,True,0.13744943887440916,0.009781902093102535,True,607
9,74,0.46015441739562946,1.2763634038224843,False,-0.2584793372065084,False,-0.4766677532153959,0.03965707827315981,False,5.585511816647362,0.3482146657719264,True,608
11,94,0.1975799492904312,0.9393419677901529,False,-0.04613634400135469,False,-0.5461897570809348,-0.3367612331154026,True,2.3628830481992678,0.1923872089246323,True,609
11,7,0.5069985017254541,1.6862526410083731,True,0.8084499874278905,True,-0.47691034986505176,-0.433909574238185,True,0.4487592868855257,0.07261019140917206,True,610
4,64,0.4476248010015819,1.0732035713140908,True,0.8151174081621575,True,-0.46684756583207887,-0.41192958884859754,True,0.4566660803329875,0.02784410210666732,True,611
11,34,0.5241338042337035,1.8792184240730367,False,-0.18726794913720068,False,-0.6713529484377068,-0.18371825819404636,True,7.135734413132276,0.6087750332184635,True,612
16,86,0.10299445643656432,2.2552091423488965,False,-0.10694198644378439,False,-0.9825393840098824,-0.2542376965062218,True,8.93363446893087,0.674600800570891,True,613
13,76,0.36911573228374783,2.819160588153306,True,0.8834859605763649,True,-0.4699873968094709,-0.44210218419102204,True,0.36306602693347395,0.026505648076173255,True,614
19,13,0.37332679374240385,2.061824658950467,False,-0.09704459448062264,False,-1.2016374857911487,-0.2898999616098263,True,8.63967666472132,0.6685747765514413,True,615
11,24,0.4588150065593032,0.7555658478977915,True,0.8517711297723727,True,-0.4655089019163112,-0.4211942386144314,True,0.41003828416374194,0.046544457539716484,True,616
16,93,0.509696079915928,1.1659147993951882,False,-0.057924648886100716,False,-0.600824918597158,-0.3117451240646763,True,3.741842003184761,0.34385420606905226,True,617
12,88,0.5804942654407905,0.784348259454642,False,-0.07900711700878427,False,-0.5917749822571032,-0.3019923307679179,True,3.4022661658990603,0.22346457276966603,True,618
5,10,0.16585431594993594,2.1334027337700014,True,0.9644037783052147,True,-0.46630541839243017,-0.4130072694051456,True,0.16788780908780265,0.03938602386459044,True,619
15,22,0.5835866323400909,0.6934678630551929,True,0.709189670071257,True,-0.48339882056706485,-0.41749774693261554,True,0.5935157847417583,0.06638357497499014,True,620
16,60,0.4443125317842552,0.2937479183649566,True,0.8302148516599102,True,-0.4595198981232798,-0.4190726593772906,True,0.44530674927897695,0.03548282363559627,True,621
18,10,0.41709943694737733,0.9827820686533605,True,0.8531339101566257,True,-0.47500664978776974,-0.41883746886283696,True,0.4020796365225677,0.07815146810788026,True,622
15,61,0.22331463408499275,1.6874909817364396,False,-0.11810058690948333,False,-0.6850099351992822,-0.2586255118864332,True,5.496231726002791,0.44345556712430556,True,623
16,53,0.37402674492454996,1.3120887984128182,False,-0.1346069005960886,False,-0.44421181615334493,0.06471812431608837,False,6.694095014772091,0.5292745136975316,True,624
11,53,0.27410081169307693,1.0605527852210397,False,-0.1588384653015722,False,-0.7317406936723397,-0.14156672309529633,True,4.381931953689857,0.3393282968236832,True,625
9,90,0.09565163819109042,0.7858854645394402,False,-0.13721077510202062,False,-0.6722326146613606,-0.3676368416749249,True,3.049624550510474,0.23557992054707858,True,626
18,18,0.19825886901829703,2.4688575244622712,True,0.9618791147052766,True,-0.4565998486431603,-0.4386724336330877,True,0.20291012592715044,0.022738251800758443,True,627
17,55,0.24044127243127789,0.4960716637687266,True,0.9470481746475509,True,-0.4574955382840786,-0.44185201643194333,True,0.23677411931045406,0.01729068455180754,True,628
4,93,0.5254459443896797,0.43372454690310236,True,0.7764441821582195,True,-0.4649866232993549,-0.41465407955640776,True,0.5285339159378843,0.026762249998001652,True,629
12,81,0.2640346528228508,1.3548855565068347,False,-0.13684220975864858,False,-0.7855144928218689,-0.2629404897331846,True,5.018839464853879,0.36548944070179823,True,630
9,23,0.2919147296327895,2.1567670483802095,False,-0.2513075552513102,False,-0.7768335692370848,0.05599958813752753,False,6.048064898014888,0.4666912671360669,True,631
7,93,0.11542605214293793,2.5331636362335024,False,-0.3065824809026423,False,-0.9786673321174844,-0.24253103514546806,True,5.149767757697991,0.35284661075957857,True,632
5,96,0.16114439732641542,0.08961059522353798,False,0.6889743111786364,True,-0.45864768550958446,-0.3993171242635566,True,0.46676996629129097,0.03222272971597398,False,633
14,15,0.20368728133834446,2.7264327096835634,True,0.962325097857111,True,-0.4735386421812638,-0.4415333643380071,True,0.19550777917420836,0.03404802783532954,True,634
12,64,0.1579798373244712,0.6927156409199725,True,0.9736321536496314,True,-0.4530635121235392,-0.4418378729630398,True,0.15344071315513916,0.011740567444554524,True,635
19,86,0.3254990627832664,1.4479218268116876,True,0.9006650436952991,True,-0.45984192056741036,-0.43973937723778894,True,0.3231297182287671,0.02141861918366363,True,636
18,61,0.1293340839176732,0.4036069364157133,True,0.9823445739803323,True,-0.45482083191985406,-0.44833874108019234,True,0.1323879735423086,0.007925425073562236,True,637
14,69,0.12970872059004665,1.1271750147049784,True,0.9838210663664626,True,-0.45442466295173695,-0.4490960968701501,True,0.1285635364211598,0.004323921995834241,True,638
10,58,0.31411155542252067,0.4841207680720414,True,0.9056545326676836,True,-0.45676282349275144,-0.4292216645445758,True,0.30130432465852264,0.023707860749720998,True,639
10,73,0.36223569996121646,1.7895505852812743,True,0.8753027162476239,True,-0.4678441327178708,-0.42941132073710936,True,0.3590126485847384,0.029257314365474053,True,640
19,15,0.36357187069649305,0.4763561977230516,False,0.10291205961316052,True,-0.6864223283845592,-0.33412234303731725,True,2.2220120676910984,0.15518844066936624,False,641
3,82,0.3853266567863442,2.270554114146081,True,0.8595840631684508,True,-0.4650056580992429,-0.39296338336791925,True,0.3753326103913896,0.035197508012722735,True,642
3,37,0.3053996700268301,0.9861947033607468,True,0.8982026744722285,True,-0.4821061397239875,-0.39331852208997103,True,0.2986211501136505,0.03676247597433944,True,643
17,60,0.5330026808399925,1.8659448040751165,False,-0.11847696891503157,False,-0.8548651070936936,-0.06756681133453374,True,9.996390128302716,0.7493221903797994,True,644
12,66,0.44059577328507343,0.2773612410154336,True,0.8317950617121147,True,-0.4710586723853263,-0.4367042762786503,True,0.43677400850183745,0.030840262487884396,True,645
10,53,0.19580487173952998,2.69000173734409,True,0.9586539676297359,True,-0.4559945644733278,-0.44089292487161924,True,0.19362549120357467,0.012457416503577068,True,646
16,21,0.3083179731744202,1.9613047126986245,True,0.9171586829446465,True,-0.4762758059966609,-0.4424400070300941,True,0.30241171337919537,0.03735513783903301,True,647
13,28,0.4087397259078977,1.6138511102364612,True,0.8509899821007887,True,-0.49366894002198297,-0.45664870936477414,True,0.41866155751734246,0.033791827397238336,True,648
4,19,0.44495328502631076,0.9422439473230861,False,-0.8941693190506086,False,-1.098855391964107,0.22320672938816524,False,5.259097205228787,0.439790245328864,True,649
6,59,0.28617152721640576,1.4627947461072064,False,-0.3621056214676057,False,-0.9644440381351277,-0.42183372340774733,True,6.87696820207713,0.47562484719655607,True,650
9,24,0.11541197730874199,0.5201616211834332,False,0.09143344775265916,True,-0.6936400931747737,-0.3893879144980215,True,1.886728881423515,0.1262970118802543,False,651
8,24,0.22760382009007013,1.742625016266091,True,0.9486943434076212,True,-0.4671581990007858,-0.4509320848728946,True,0.2232481195221629,0.01697957533491188,True,652
14,43,0.16639404511024986,1.763395038563013,False,-0.12424305493179788,False,-0.9699481916169322,-0.32726430032602505,True,6.98157189569573,0.5417973278420705,True,653
6,64,0.5418989128505243,0.1413762570288829,True,0.7573909903280776,True,-0.44811354708220325,-0.40785287198482434,True,0.5282395297400914,0.026573172509354814,True,654
16,50,0.11296651509486189,1.140593649063708,False,-0.0813019250713618,False,-0.5851497413566519,-0.25427403793641634,True,3.8156575936767325,0.2761821379562453,True,655
4,79,0.1382029654020171,0.5095164114797477,True,0.9811841298310671,True,-0.45116872119907564,-0.44204130155507904,True,0.1345045667295942,0.00435922309718402,True,656
18,6,0.10467968781302608,0.28549676740044816,True,0.9883001373323742,True,-0.4556207358257533,-0.4356203637534199,True,0.10030937377658901,0.03528218924074304,True,657
8,72,0.46957300411683506,2.6404349748423046,True,0.8183011106044366,True,-0.47274354827151027,-0.4309539045844351,True,0.47269703274049174,0.0339478772870429,True,658
16,63,0.5662512600297486,1.5403264278311353,True,0.7331377536041397,True,-0.4520421122426615,-0.4170753335261617,True,0.5595213923961133,0.0368811458256144,True,659
6,28,0.463344152958964,1.0589308189554378,False,-0.39346936725785264,False,-1.2691599935632367,-0.005529059644192305,True,5.4048173468496294,0.3826359676850052,True,660
12,70,0.1873136723734341,2.16643293113897,True,0.9644142296870325,True,-0.45688555091534033,-0.4479502362829824,True,0.18146352917979583,0.008330510921083016,True,661
5,46,0.06534647984189777,0.5182187097081726,True,0.9954019914091069,True,-0.44889553157058404,-0.44632048127305374,True,0.0655312216283514,0.001673422631947138,True,662
16,88,0.2740591332953689,1.5937624569733495,False,-0.11623684205859686,False,-0.8735104885217744,-0.21005049828211209,True,7.247843150644367,0.5068289256181538,True,663
19,57,0.5452381963947174,0.9470492355379843,True,0.7793460508887778,True,-0.46778333906882097,-0.4411764067501939,True,0.5408208381353946,0.029741250708682408,True,664
3,20,0.12722694671207,1.434521125517244,False,-1.0233191341751566,False,-0.6046942631597865,-0.09497435655001477,True,2.1632038186269678,0.22504211316246678,True,665
18,81,0.16225955263644107,1.3612777924140276,False,-0.11213076462816352,False,-0.6069562264540846,-0.10517330566942953,True,6.294775584767382,0.47298184565196083,True,666
19,89,0.2617162982841794,2.5289963096479253,False,-0.10845190073660382,False,-0.6317344469457048,0.06591235041624155,False,10.58194336853806,0.85707593832425,True,667
11,80,0.2052021191917272,0.8366508135293703,False,-0.11634908393357102,False,-0.576114733181351,-0.21276243540990086,True,3.2183948548680705,0.2305548689830517,True,668
11,63,0.3887113232293067,0.47262493719108933,False,0.25625383949858294,True,-0.45421669162934836,-0.32634135743125015,True,1.1426409538945734,0.10325590312119357,False,669
3,53,0.557890896097246,2.402153890989148,True,0.6920207608586499,True,-0.4812393386794286,-0.3549860044123904,True,0.5529111318275459,0.0588968160266882,True,670
9,90,0.1316333118864561,0.07507598010524852,False,0.9016946549114624,True,-0.46532091722341573,-0.4452733817663166,True,0.2889131205309622,0.012554316142251762,False,671
20,78,0.36627289905777805,2.8361244363102998,False,-0.10226174047484449,False,-0.753101746870202,0.31417701917525837,False,13.221446881002871,1.0309955860853433,True,672
14,23,0.4434194910127343,1.23547740384331,True,0.8047093523240251,True,-0.4676682751639802,-0.4237126437248426,True,0.449488667529794,0.05718567834430755,True,673
4,82,0.5672766928285322,2.2880630868301406,True,0.7388126298225031,True,-0.5022063744101762,-0.4522795282281575,True,0.5676873124763784,0.024222801418490085,True,674
7,17,0.3029658766774129,0.059910566252824426,False,0.8978613961431765,True,-0.5046734897598384,-0.44223552210864864,True,0.3253684678931333,0.038100130200310216,False,675
14,91,0.37894963066921733,0.38745205307581,True,0.8717659425165323,True,-0.4605473971849083,-0.4462481305656091,True,0.37887190618487115,0.013755984902488963,True,676
13,16,0.43885373390676385,2.4264511033619574,True,0.8396259357110478,True,-0.5000108830784459,-0.43054921792168854,True,0.42302508296284774,0.06256055766260163,True,677
3,26,0.21514736564769282,1.1658480802244844,True,0.9560303024381018,True,-0.4836225206457371,-0.42098927063541225,True,0.21369540111466195,0.025571542989709106,True,678
2,30,0.3989320036676951,0.6537768561689153,False,-1.5048593792349272,False,-0.8864742792734143,-0.5592165313157454,True,1.9636321870876567,0.16362887397883374,True,679
3,47,0.3025688151654809,0.7400361673892852,False,-1.1585884684192593,False,-0.7895088323490961,0.31867944062933307,False,4.910590702718562,0.39451047284684626,True,680
6,20,0.41612836528908376,1.1993387071261519,False,-0.3225535594031901,False,-0.7245108992630228,-0.14173894364218123,True,3.4868997949231675,0.2662859689766103,True,681
12,59,0.15153634548076886,0.9452034483649238,True,0.9759640930132962,True,-0.4543286988243168,-0.44693037560887705,True,0.15424031465041532,0.007603513728384571,True,682
18,42,0.1689619486972594,0.6650893890304483,False,-0.02307637555743569,False,-0.47554776110746094,-0.2651532443958012,True,2.7600884791352462,0.18915435121787105,True,683
16,23,0.25573357024722226,1.742903307243427,True,0.9403699593921556,True,-0.4513700321635106,-0.4270759019716174,True,0.24272110206699057,0.026780176225647347,True,684
8,86,0.5886084767483295,0.7204655989113729,True,0.7425739076044526,True,-0.47497335951237113,-0.45009931884207005,True,0.5825441321213379,0.020560339834076912,True,685
8,70,0.10163728179856002,1.4331731364311682,True,0.989677528302367,True,-0.45560179484715696,-0.44442935764734126,True,0.10016151777473419,0.0072491960815886484,True,686
13,57,0.5388555374926401,1.4385081769419743,False,-0.12923953371233665,False,-0.6778318879792694,-0.1471881594735977,True,5.1270106337991574,0.3955639784496766,True,687
2,86,0.25914647125726886,1.7942812837504067,False,-2.0534069225051357,False,-1.2131532279172794,-0.2623084562443183,True,3.920898057776689,0.4754223858364808,True,688
7,19,0.5017543222032076,1.2699616510631966,True,0.7453416380566382,True,-0.5285735021658486,-0.4483479425407082,True,0.564319138118984,0.05120866808754327,True,689
16,81,0.07135122213463356,2.0555475522460673,False,-0.12294660184799011,False,-0.721696821700898,-1.086478669796454e-05,True,7.788177904013294,0.6634080459322135,True,690
17,86,0.07237145276910885,2.346844763742172,False,-0.11482897982271711,False,-0.7405240853711623,0.047263772787063014,False,8.205039005844315,0.6782656059786739,True,691
13,74,0.23988335096231156,0.2045044631381988,False,0.5350289238931268,True,-0.48713194966925516,-0.4098775539742182,True,0.8258978061598982,0.06630490491109255,False,692
3,19,0.0648157674753485,0.808275963921538,True,0.9966979517309401,True,-0.4556096484730609,-0.4499491829977556,True,0.05273141518193964,0.0027481708582170147,True,693
4,39,0.25311812764849717,2.487865301852573,False,-0.7481230790303781,False,0.06731333359232466,0.44085390559950105,True,5.7324589466830025,0.414693327067817,True,694
20,6,0.3589811340686887,1.4284085001235083,True,0.9101078158427678,True,-0.4691158149448698,-0.415980566254876,True,0.30717361961494494,0.07662690451341164,True,695
4,53,0.3876330723760329,1.7607979954259845,False,-0.5519267194884969,False,-1.2903654173330639,-0.553166428002186,True,4.2609855409086235,0.3319173947460187,True,696
6,71,0.5145854633877831,1.2380079023156314,False,-0.28549952679687784,False,-0.9620553420475382,-0.43155665711092783,True,4.373043709292728,0.3665657167356029,True,697
2,6,0.44098287720651386,0.3912131617106872,True,0.6135748653608801,True,-0.45887260001081664,-0.27244786693566875,True,0.46304333087521954,0.09321236653757409,True,698
6,32,0.437582486209894,1.1938778645305623,False,-0.4483102860865833,False,-0.7867003788406667,0.1241592617516477,False,5.831388475460818,0.38590721153420104,True,699
10,30,0.45556097943387447,2.3225317616741004,False,-0.2274606369848291,False,-1.2838557589407043,-0.025797948361593055,True,10.654781643022822,0.8282697117573534,True,700
10,6,0.3142477421437168,1.1290030098526374,False,-0.2748511292587159,False,-0.6832628646744471,0.34151722911947124,False,3.6770960986395083,0.28125182026571716,True,701
14,66,0.41316093835379913,1.0641109965509612,True,0.8581399681778245,True,-0.4688155575757929,-0.4393602574235934,True,0.4066220613420417,0.025647511321104145,True,702
17,91,0.3311273795642183,1.8692914046797464,False,-0.11311691192626916,False,-0.6653459074941211,-0.1712050638292729,True,7.560917106069139,0.5484471039726369,True,703
3,71,0.132230272678306,0.4500963630141306,True,0.9841384612922993,True,-0.46056310577442616,-0.44738692515039485,True,0.12645198681793302,0.00635763094774616,True,704
6,46,0.3821896079781954,1.3320638276399412,True,0.8526118866559049,True,-0.4683375300416147,-0.43625332816282614,True,0.38417219737807023,0.02317517299263789,True,705
18,38,0.15340971011352075,0.6447636227341197,True,0.9811831954688933,True,-0.4590052896599592,-0.4513360018817049,True,0.13815638994132812,0.007713526123700218,True,706
19,27,0.1753463273102278,0.6877011449803767,False,-0.0253593172257498,False,-0.4213296267203459,-0.19042254384994522,True,2.7687314747806466,0.17404655243782127,True,707
18,30,0.5290842356959822,0.2051177767524105,False,0.5740050376711724,True,-0.5400309178973255,-0.4716818271144417,True,0.8594226429446875,0.06784978721927347,False,708
5,55,0.3780986460133637,0.13648497982876884,False,0.6866522381699277,True,-0.4576252090412102,-0.437959262687616,True,0.5626702722473691,0.0155777624739607,False,709
12,6,0.28449815638862724,1.2105004143001916,True,0.9108422636438848,True,-0.4726354965434986,-0.40670231184668154,True,0.2707691802765437,0.08574820651038481,True,710
19,73,0.5416098818206322,0.4786904802751252,True,0.7772070723616875,True,-0.46823488574881883,-0.44235559981932715,True,0.5303751512959277,0.03323973490938554,True,711
5,81,0.4123498204502487,1.697482064855691,True,0.8386242722718439,True,-0.4570084023569658,-0.4237759771359019,True,0.4178156379817943,0.01770849974367385,True,712
15,12,0.4470244009181419,0.7638385440739703,True,0.8253192084455568,True,-0.5135817899544016,-0.45560533637846523,True,0.4568205401449187,0.06855200971063742,True,713
15,76,0.09720954528464854,0.9617215922559995,False,-0.12088886137332389,False,-0.42705855080404664,0.006535564751013703,False,3.9989633864311105,0.2942519009127669,True,714
12,45,0.5625061661406546,0.468045866962706,False,0.1684830164563449,True,-0.5751965854608522,-0.39500383581014414,True,1.6235478053285644,0.14531552726448577,False,715
3,57,0.475690868913715,2.3747849868704374,False,-1.102022635899477,False,-0.8677650106083603,-0.3046491731508111,True,4.2216005923663715,0.2289486172453012,True,716
4,28,0.19332832988646598,0.1001605321150677,False,0.7752023792877745,True,-0.4754273504917992,-0.40317420458379866,True,0.3707889989396022,0.03685339506459983,False,717
10,20,0.5908297940374949,0.20571866559434315,True,0.7542690477511805,True,-0.49284411883243073,-0.41156588291592205,True,0.5747270585679747,0.07600271911140322,True,718
3,74,0.12621552663504748,1.7989170325714803,True,0.9820692887380406,True,-0.4623500085817057,-0.4342157539432381,True,0.1274627171809481,0.013185554011098045,True,719
16,20,0.5424913000473368,1.3731332239119995,True,0.7821544314453944,True,-0.49352099063080435,-0.4352910291860738,True,0.5034621565415747,0.06933152169614844,True,720
8,29,0.13582285955361822,1.559613627549588,True,0.9793348096072365,True,-0.46552212835476753,-0.4475036468165031,True,0.13868818956936668,0.017718661616159412,True,721
6,84,0.2323518283267238,1.7049641556171575,False,-0.3928160092906565,False,-0.7002837960945693,-0.06266360273980011,True,5.559822450361278,0.43983280350655907,True,722
14,10,0.061504476869645996,2.412907521228333,False,-0.1417852468443328,False,-1.1347158451116968,0.49458237658674287,False,11.425748332743801,0.8734742778547515,True,723
6,32,0.37327055912265117,2.198578942509676,False,-0.4273780394363842,False,-0.7116012317061302,0.13534185961824893,False,5.304379107142524,0.4688531601103622,True,724
5,96,0.4745878846939091,1.1688169723783544,True,0.8084194696398022,True,-0.45842626941038794,-0.41522030358630996,True,0.45294479155894507,0.029725354151230423,True,725
20,27,0.5852562868651873,0.6948589052237362,False,0.12614221243694257,True,-0.6353478906795972,-0.3945609820700274,True,2.1143467503920284,0.18360303425265836,False,726
6,73,0.3389011486520935,1.3654254898156548,True,0.903988453651756,True,-0.4541264076604103,-0.4402607326304878,True,0.3258136785980687,0.00861859999461863,True,727
12,38,0.3081428966975643,0.39230737721050923,False,0.07440863852110657,True,-0.49749913179465816,-0.29792937785839657,True,1.4842809753275175,0.1125529915683538,False,728
16,26,0.29141495217413116,2.566783558714678,True,0.9012730945734259,True,-0.46592880876253734,-0.4232459025423668,True,0.3077554421428141,0.04227801576497166,True,729
11,34,0.46074204192561335,2.8500413335614105,False,-0.18135791847064797,False,-1.2008352657772756,0.028806172932367046,False,9.571379066632172,0.5937229535854781,True,730
13,25,0.25373710103824454,2.0502185796898917,True,0.930811420549299,True,-0.46250446052499267,-0.44473920641382636,True,0.26806498164252796,0.018657351361969436,True,731
2,86,0.21206902029860702,1.5339546251598837,True,0.961399853462082,True,-0.44814928759773753,-0.44265609329395783,True,0.1955851729711722,0.002746597151890129,True,732
7,13,0.07018434187264619,2.153779556490903,True,0.9944646527823827,True,-0.45891760232237655,-0.4455258721651943,True,0.06872950793461992,0.010639810351212668,True,733
11,44,0.5369032914601263,0.27768682096189923,True,0.7489712824988977,True,-0.45240443387301427,-0.40908853725218447,True,0.5381426126837822,0.038765508030592866,True,734
6,71,0.44943387349737035,0.593807058258381,False,-0.23190312145718717,False,-0.5271333024222479,-0.335578356856734,True,2.306527303095109,0.13202993833895713,True,735
6,67,0.5939963116611923,2.82940934220197,True,0.7456232880154219,True,-0.4820868340601039,-0.4376387934563162,True,0.5740221462510207,0.030824376865572305,True,736
13,81,0.5909726455994528,1.5922733644854814,True,0.7531069161352074,True,-0.4966751814532221,-0.450753958579945,True,0.5827940191001724,0.043907096758032234,True,737
6,71,0.31370457442395927,0.21473530192011614,True,0.9095400481597246,True,-0.46034472617252564,-0.4356252016948411,True,0.3004449969897654,0.014929692755890414,True,738
6,40,0.5686201096139815,2.3578820315939533,False,-0.3112446174742556,False,-2.8497692978059743,-0.20414153717969646,True,13.235405499160215,1.064191162597777,True,739
10,29,0.42347681456549546,1.6754729507634902,False,-0.17143497714975586,False,-0.9725046122369482,-0.2669167891984209,True,5.499253786354494,0.5154407004659994,True,740
8,20,0.23672418136793638,0.39168036614329604,False,-0.05556845157561541,False,-0.7500851608913427,-0.31917124714713513,True,2.1255916256815777,0.1664991619059297,True,741
19,59,0.2253554243937979,1.0482931362024255,True,0.9482176688846958,True,-0.45391935120575566,-0.4418584800747148,True,0.22479266262733685,0.013816673188528085,True,742
16,81,0.3930422893499865,1.4468156648676849,False,-0.09938636024834446,False,-0.7723878045566167,-0.44108874853898705,True,6.232655762558422,0.4286615884986501,True,743
19,29,0.21171388076896464,2.061215996692826,True,0.9576636243111879,True,-0.46753735652698647,-0.44919601681580884,True,0.20785052799285575,0.021260145330420192,True,744
8,17,0.5365913164822809,1.8481072113265062,True,0.7780697040433286,True,-0.48561478228927935,-0.4254916517590214,True,0.5460172556566034,0.049914243968574336,True,745
16,30,0.0752264012008027,1.6017692579564866,False,-0.08846504421707646,False,-0.7569950617436585,-0.35822562462830293,True,6.697878894191109,0.42211241296778607,True,746
19,36,0.3591245753939682,1.1198116673017098,False,-0.05649975722332967,False,-0.7411133984039517,-0.3397831245831459,True,4.6823380266021655,0.32531903008471014,True,747
20,36,0.46931466295803537,2.8626818949570665,False,-0.10605551089335963,False,-0.4506456769115371,0.5668994313398884,False,10.606215687591568,0.8286572503910604,True,748
4,89,0.32983991643949506,1.1549787661160758,True,0.9122623572943288,True,-0.470315903014584,-0.4554533761282613,True,0.31230975369765285,0.007314382512954414,True,749
5,77,0.4205053625347102,2.8747217322524796,False,-0.5560398686129138,False,-0.37277344749387886,0.8073165705378123,False,10.319762752987792,0.6711861152046122,True,750
9,58,0.29855278807297075,0.1543558361897338,True,0.9254633281181023,True,-0.46291567093272196,-0.4342250820599865,True,0.2888864116041105,0.02149565993509515,True,751
19,47,0.10629786743717518,1.2848403218197957,False,-0.04974586754371946,False,-0.7675827588168507,-0.2948493305110872,True,4.442700588912652,0.3473443184027811,True,752
19,15,0.180482670353376,1.2046102806576195,False,-0.11297774583661457,False,-0.43627872385886807,0.05695111819925085,False,4.20245763525882,0.29258444096297476,True,753
2,92,0.09212962502312075,1.5767499073025744,False,-2.8325360841228533,False,-0.8736754166544263,-0.026866720190042062,True,5.638145883163779,0.42340434823219253,True,754
4,52,0.2525062519806383,2.434863739501698,True,0.9335825802887955,True,-0.4586925249039764,-0.4258740626631797,True,0.2517410245274999,0.016291580119658724,True,755
16,67,0.08163127930748158,0.0273912586117927,True,0.993608558200484,True,-0.45140568068396947,-0.4473766490355611,True,0.07911506584549036,0.0045740468570945395,True,756
19,95,0.5224461298959081,1.370527894639613,True,0.7779588947470166,True,-0.45676069089377486,-0.42910806669944207,True,0.5294958518725046,0.029533547992068285,True,757
4,83,0.37427438364584703,1.392997512079328,True,0.8741524926958733,True,-0.47464015161679207,-0.45185193356388553,True,0.3828811262776826,0.012738619416320096,True,758
4,100,0.48393957898774576,1.8880841026055535,False,-0.6825583498303485,False,-1.27464089878984,-0.15748478255979298,True,5.3008340330423955,0.41290849077662634,True,759
6,6,0.43636549201172703,1.5955104722534652,False,-0.457731392697718,False,-1.003022282871174,0.04289656047364892,False,4.239714965270291,0.2267342977621006,True,760
19,45,0.3022487696420231,0.4899012859139277,False,0.09109373372170038,True,-0.5010901074420154,-0.3082877065373085,True,1.8858345686895885,0.13970150692318384,False,761
14,76,0.4103662597845695,2.265834046913046,False,-0.16006535285653123,False,-0.9535574719370425,0.12643556877630563,False,11.61999056782165,0.8389482888092297,True,762
14,22,0.3910767433024428,0.293378750567186,False,0.37628796272488574,True,-0.4552527371766527,-0.36887057502069415,True,1.0184369811523553,0.06274474003649642,False,763
20,61,0.4085002339109837,0.49813534176183416,True,0.8558828920374899,True,-0.4731857826993805,-0.4500601354134696,True,0.4058991266779904,0.02802131559515932,True,764
14,11,0.29011680443317656,1.973995593247789,False,-0.1567394089075036,False,-1.2028975574404182,0.03693449413371033,False,6.884470214812837,0.5855719619582068,True,765
17,100,0.3989087292762665,1.2773676549828856,True,0.8628067919963799,True,-0.4527993700796284,-0.43500428083459464,True,0.3854689437698513,0.02017818737159415,True,766
16,57,0.1898488835875179,2.713054766687198,True,0.9632763507151907,True,-0.45489030447013185,-0.4435354147005328,True,0.1930269667642284,0.012398194004165464,True,767
3,49,0.5432370386705411,0.6977172765420264,False,-0.944221802133205,False,-0.5794311544370437,-0.18748856376543852,True,2.33414116119279,0.21490102185632146,True,768
8,97,0.3886805432215796,0.5801416041561512,True,0.8637346972702233,True,-0.4715026883486376,-0.43205997771848204,True,0.3901124120272225,0.028201471670852536,True,769
5,83,0.05454613155484955,0.3682079873524352,True,0.9968936792918032,True,-0.4504356974237072,-0.448544479324237,True,0.0535382430124255,0.0011626306635224143,True,770
12,33,0.5364070188563489,2.8687943500752446,True,0.7533829542068904,True,-0.4925655573648177,-0.43320007383073617,True,0.5472864074933559,0.04841219035596936,True,771
5,85,0.1438832997027535,0.8613726408351571,True,0.9741671092037566,True,-0.46193022765738667,-0.4442961266138168,True,0.15623627818223532,0.010914798727751172,True,772
3,16,0.28241813657673726,0.15229132370321685,False,0.464940124796579,True,-0.49924170489179864,-0.4077165006826258,True,0.6672531973676004,0.01823143984468195,False,773
11,91,0.5467841070863182,1.6814033830312969,True,0.7640995940088019,True,-0.47011791735612407,-0.43585845523158057,True,0.5461954432010511,0.028946033155397583,True,774
2,28,0.07678282967770811,0.057639543169816565,True,0.9923821580068813,True,-0.4392183294662943,-0.43523678118439324,True,0.0752902564307066,0.001990774140950252,True,775
19,76,0.22896503358236253,0.37982453309329167,True,0.9493157733619204,True,-0.4569882825011873,-0.4458223175991374,True,0.22916253177920706,0.012615573866599486,True,776
20,19,0.49083740818731514,1.95766203679353,True,0.8069210816369767,True,-0.4653064586432951,-0.4090203194798341,True,0.4729016757199536,0.06513289953476327,True,777
11,48,0.14230281396286976,0.9473199004794303,False,-0.19123928083651687,False,-0.5182395082258952,-0.05808706171184142,True,3.7633309130557824,0.29547027608967474,True,778
7,78,0.11910966116674256,0.2910463852939075,True,0.9858068542530923,True,-0.4508907320587183,-0.445220984940961,True,0.11882006604463359,0.0037302049641051243,True,779
17,40,0.2085383959148021,2.522502233336674,False,-0.11909830750631634,False,-0.8884663783711342,-0.08629274142922351,True,7.9737412427193295,0.5306614690622596,True,780
19,59,0.4220520912879133,0.6265320466764898,False,0.06652569783432749,True,-0.5482161866225539,-0.3295787912486018,True,2.447885154156372,0.17048968348774093,False,781
17,30,0.4418024929202283,1.588921324424579,True,0.8317588188427825,True,-0.46806201543002424,-0.4287448572353322,True,0.4356977611782574,0.040409948767376414,True,782
3,54,0.38120500478632824,1.4630443950909573,True,0.8588912246172571,True,-0.4491523300903292,-0.408448697006971,True,0.3864699774357156,0.02081962927999984,True,783
5,77,0.2826132499467163,2.39435006541197,False,-0.5543343389432869,False,-1.4894763087347604,0.13674544274113,False,11.230167025101785,0.866189119478922,True,784
20,41,0.26304055430870904,2.8019206291504575,True,0.9329452261855213,True,-0.46484917638474016,-0.45281132883269104,True,0.268099344955665,0.014050269500065772,True,785
17,28,0.3042671828808848,0.4914516867326627,True,0.9179757800260026,True,-0.4782691294819599,-0.44717681954263705,True,0.31212311064712994,0.03219318079799775,True,786
18,84,0.5818276667765184,1.6051990943168473,False,-0.12257763101560992,False,-0.698496617908828,0.21519905108018075,False,7.204145795001297,0.5309897480129333,True,787
20,85,0.4873920287622193,2.8764014687927264,True,0.8007575856779034,True,-0.4653749773860016,-0.4476738055248327,True,0.48527091195153876,0.019807623562514167,True,788
11,48,0.2954926447766917,2.1576205786032627,False,-0.19383482576209143,False,-0.8712732615833259,0.028071657016356742,False,8.33730748155165,0.6425690312700449,True,789
14,41,0.37337399299731294,2.7885174323119615,False,-0.1562494021159777,False,-0.7319451173313588,0.31961224792041104,False,10.434256282037397,0.9272806616073405,True,790
14,18,0.1964691813448622,0.16789863085655088,False,0.6385864288365886,True,-0.4765796440717348,-0.3874812708725041,True,0.6440284576142236,0.06165118594981176,False,791
17,15,0.09161200178379009,0.18657234702464986,False,0.6122778312389499,True,-0.47511655600128244,-0.3632045730948598,True,0.68604608852746,0.05356661914125519,False,792
3,26,0.4800211580057299,0.4812448761501422,True,0.7722640649422917,True,-0.47306970407308335,-0.3885067206196429,True,0.5149767568035246,0.03460414074556598,True,793
2,79,0.46297734131036306,2.3845764612727485,True,0.7791132859866785,True,-0.45367445403984585,-0.445038838898613,True,0.46387022891880914,0.004317807570616505,True,794
5,31,0.10779286180300049,0.6411049354652671,False,-0.0037128357356610575,False,-0.6451727909525313,-0.37571636241365747,True,1.4870638806749854,0.1117341043891039,True,795
19,14,0.10254725651193497,1.020664727515493,False,-0.030281220438077794,False,-0.5533701499145636,-0.27136441583441406,True,2.868561253944151,0.23708233058426326,True,796
2,84,0.5008379705260975,2.1293168810478984,True,0.7719444798556766,True,-0.451047243505414,-0.43569896927814095,True,0.48715477696398557,0.007674137113636709,True,797
10,99,0.5333846210500999,1.4143983121126547,False,-0.09723574235538512,False,-0.9617135944831318,-0.5644044491424063,True,4.295641994198054,0.31272797809911856,True,798
4,30,0.1658219736966659,0.18866144378186334,False,0.7036151094609576,True,-0.5572005796610962,-0.4219915673958219,True,0.4719473666651469,0.06073115018218991,False,799
14,10,0.5446931626548919,0.7927989490717509,False,-0.05062648194045449,False,-0.8552227085200309,-0.30345032128971233,True,3.867922726827367,0.3232373916264847,True,800
14,5,0.15301700483548958,2.4033757444051527,False,-0.15230361310410356,False,-1.7732631113037656,-0.20267268066592953,True,7.600433908130175,0.607258596916624,True,801
11,68,0.5871075798514389,0.5818998136631409,False,0.15815897304611037,True,-0.5111714694086437,-0.4158018817236171,True,1.5756304256988276,0.1000064385363432,False,802
16,61,0.3343476331817437,0.23814762074314755,False,0.5539615541995749,True,-0.5025285720377548,-0.4477228667227782,True,0.8365252933583898,0.05656329559061018,False,803
9,21,0.5411666400385908,1.019762647544613,True,0.7954252481400028,True,-0.5038905360625028,-0.41612918017694633,True,0.5238193574589536,0.05955603813376601,True,804
16,28,0.4900848358852805,1.5980234355387795,True,0.7843502927356754,True,-0.46040461016808254,-0.42455632603539495,True,0.5044943294387345,0.03703019386601398,True,805
7,19,0.4241767839198823,0.5882500339359912,True,0.816888704125314,True,-0.4513917328833705,-0.3836280516957773,True,0.3970274008520487,0.036054558865318595,True,806
8,88,0.26002224228161336,2.8280867891523744,True,0.9366090976635953,True,-0.45081814399083125,-0.4347226528815621,True,0.25070679152345854,0.01108362506590766,True,807
9,98,0.4508720243182292,0.11185878365565849,True,0.8170185905918372,True,-0.47344561902486676,-0.44126699676775677,True,0.46447707935786897,0.025762023316271535,True,808
7,5,0.4192941896381276,1.309125228874986,True,0.746235966455106,True,-0.5627594461048269,-0.4130680670503013,True,0.465390628316846,0.13015109677156042,True,809
8,96,0.169372378078768,1.6411049454320974,False,-0.30316304450218223,False,-0.4079493108419961,0.16950903279690135,False,5.65441712202311,0.5069787715830255,True,810
6,98,0.06717079516629529,1.9641919464614042,True,0.9950246658060827,True,-0.45268808780073794,-0.44714413448031864,True,0.06921119511980321,0.003056027201633491,True,811
17,75,0.38037034015315196,2.0423983363965963,True,0.8739104555463335,True,-0.45738576839915124,-0.439713574944383,True,0.37676443765062057,0.020355271290952173,True,812
16,69,0.45702816190539314,2.148047794607734,True,0.8298162122987119,True,-0.4533270165980314,-0.432195343329684,True,0.45459437651070445,0.020811889469247485,True,813
14,53,0.2753273378951776,1.159453064823332,True,0.9265072947476305,True,-0.4612645992501737,-0.4357987534466428,True,0.27459693715136707,0.025428219385399454,True,814
7,42,0.11454991232872819,2.7477414572662964,True,0.9873300219358581,True,-0.4569951738066024,-0.444610046992672,True,0.11318937433359925,0.009259292023378439,True,815
4,10,0.30606607252687806,0.8336123642521789,True,0.8808689036390265,True,-0.5117940943363415,-0.36079674607290657,True,0.3108365305359219,0.0726148173493455,True,816
19,18,0.272824622401433,0.503922272636373,True,0.9193690512226771,True,-0.4615074378200073,-0.43787442269150173,True,0.286555148782258,0.034694317589380914,True,817
16,39,0.21697242552512774,1.7409333688820667,True,0.9539911314516145,True,-0.4572007084637761,-0.4422967698513825,True,0.21313073042896274,0.015783656905659464,True,818
15,59,0.2636570630313532,1.9876140514130374,True,0.9278503681897737,True,-0.45858426626151694,-0.44469559904669753,True,0.2727031789672892,0.01575593786216343,True,819
7,26,0.24395355191004198,2.093124889096244,True,0.9411513602764037,True,-0.47969951656462506,-0.45395725940214265,True,0.24409462579312374,0.017008589591212566,True,820
3,59,0.394722448026731,1.2994803509799073,True,0.8747315698857531,True,-0.47971676890002424,-0.45211798505996365,True,0.3906324015585428,0.014759731084071286,True,821
13,36,0.28666982574429223,1.2180026596167783,True,0.9141457796720962,True,-0.4646321435108127,-0.4387802249153995,True,0.2949949017675738,0.02615281226510538,True,822
18,15,0.14106113471019782,0.3948736404445471,False,0.3758794385071107,True,-0.599396869509789,-0.43532228862191225,True,1.2964776965491316,0.08683965610237125,False,823
2,52,0.542326910701037,1.063167443935454,False,-3.0001336708139217,False,-0.24170045467555978,0.028079164758764295,False,3.3803567870419027,0.1348898097171622,True,824
9,53,0.13501558435986277,1.1275867046925128,True,0.9798068460337087,True,-0.4547986482501478,-0.4432657908373534,True,0.13412498199954084,0.008884322479069508,True,825
18,72,0.2604630362444701,0.5181156002080046,False,0.18884835634142383,True,-0.4548184411130935,-0.340804345161613,True,1.3890310293210508,0.09061196676123458,False,826
4,70,0.35998599158772876,2.4111655925966597,True,0.8912259098494212,True,-0.45718867872932756,-0.4433261856978327,True,0.33734622263117897,0.007589436335231639,True,827
13,61,0.3650535525597126,1.694001660910843,True,0.8620869675963021,True,-0.44995860587293535,-0.42381918144290714,True,0.36985889079268197,0.02614335121165464,True,828
16,60,0.27582469274644944,1.412650560434793,False,-0.08298511979150103,False,-0.9266751086845598,-0.5048025937310746,True,6.833727992656221,0.4413911731756779,True,829
16,18,0.14775118343604693,1.154126261939524,True,0.9740859692955538,True,-0.4585428428533658,-0.442883434098694,True,0.15524956366008863,0.01805256265937505,True,830
11,17,0.177374925031908,1.9590704696271184,False,-0.15404078208102034,False,-1.034733596473291,-0.12241114847797127,True,6.82026186199681,0.5131848359191419,True,831
3,94,0.5786032892127013,1.128939286166994,True,0.7232856603893193,True,-0.4992458455679133,-0.40217945183233955,True,0.6005537627875397,0.03973478544792053,True,832
11,59,0.12290756855998802,0.24572923472282782,False,0.23711704951138168,True,-0.4708693805021578,-0.3738484779141737,True,1.1850255114613386,0.09033030639467501,False,833
11,97,0.5986721112355734,0.9766567687197807,False,-0.1732839031582012,False,-0.6229002926853492,-0.15727310676909198,True,5.087798784516968,0.35402523621294,True,834
7,47,0.20701210657489338,2.076771959607577,False,-0.33123308012867003,False,-1.0581456228184805,-0.283349145830348,True,8.121812134786621,0.6279519182158385,True,835
6,97,0.3923872893768712,1.3137573041555053,True,0.8698836477715948,True,-0.4681086837538502,-0.43774692134795684,True,0.38980436725033385,0.02306721024563029,True,836
13,51,0.06897884273101883,0.25535078810845,True,0.9951002356795712,True,-0.45330316591418846,-0.4483740172835056,True,0.06936986176226469,0.004754332540477321,True,837
13,42,0.48131323034466017,2.7286347956158674,True,0.7982521344900664,True,-0.48277396074060575,-0.44687850125862427,True,0.48268822094670616,0.037578058545934295,True,838
15,19,0.20041589734045495,1.7043310747164284,True,0.957097294430516,True,-0.46966537062935587,-0.44901265242011656,True,0.19871464084763998,0.023903547031165595,True,839
4,57,0.21019922500156057,2.2376750129343472,False,-0.7217084491972816,False,-1.0599284851919772,0.20309850221693448,False,7.034311556663963,0.6079371331457722,True,840
8,78,0.38368247265200567,0.9498851830764239,False,-0.23892152698465274,False,-0.7819130175429313,-0.1268129565557709,True,4.470269935279465,0.3501471073426392,True,841
19,55,0.33656771610112546,0.8139138413197723,True,0.8930865581075811,True,-0.4628166640003621,-0.446147920934042,True,0.3441605674642734,0.018778957481864013,True,842
15,51,0.08940972746918519,2.9852759580787667,False,-0.15286034814601646,False,-0.7563293384300872,0.5714963411616071,False,14.533158647188282,0.982147510992946,True,843
13,69,0.3472001845695856,2.361242471296093,False,-0.09709817808899679,False,-1.2479810180142683,-0.7302985080569412,True,7.62277889751816,0.5396472677691235,True,844
2,79,0.4301442642277125,0.9690023365517869,False,-2.9080373362176104,False,-0.9294486380693493,0.21603266799214224,False,7.810661428127378,0.572740653030746,True,845
6,45,0.44902044694492144,0.1306157809548485,True,0.8237104532811672,True,-0.4605342138444203,-0.4140249905759078,True,0.444265150008389,0.026722910079275478,True,846
17,61,0.14126749842870223,2.094448099887422,False,-0.1176944403601643,False,-0.5596714313568435,0.03238675995680816,False,7.349435084444496,0.6130704278467267,True,847
13,14,0.5731133888333809,0.5017605159798026,False,-0.0020264844620845324,False,-0.6419865885216421,-0.3257402784691733,True,2.4428937611986172,0.1885926758710306,True,848
19,100,0.20740436801267004,0.7048526266681486,True,0.9531221240978981,True,-0.44899020506517984,-0.44128511547190047,True,0.20978326666718883,0.009280466847392284,True,849
14,16,0.24686080613882144,0.19062626978743502,True,0.9425198222486794,True,-0.47229649638270166,-0.4378471710556333,True,0.23679223025660293,0.035926094291657995,True,850
9,79,0.32238294280159635,2.8759135060736134,True,0.8963280536596662,True,-0.4463595218044696,-0.43242945769970365,True,0.33641416914095773,0.0105044388289682,True,851
2,82,0.26366078883941363,0.8919754355611643,False,-2.234290016308973,False,-1.099834779445914,-0.43960751615220245,True,4.29078194821344,0.3301136316468553,True,852
6,55,0.06405583891800525,0.4626621926290787,True,0.9952721142616415,True,-0.4528366645735504,-0.4468180053942221,True,0.06820593999723593,0.003980205045557218,True,853
5,55,0.45778460199223714,0.8813579915859858,True,0.824970097225358,True,-0.483364296742504,-0.43542837300674103,True,0.45875380103790553,0.02901638724413822,True,854
14,90,0.32335435171205623,2.1040317329585916,False,-0.14422966465080522,False,-0.7460754604339108,-0.017910506631977408,True,7.325139191361492,0.5854185832289551,True,855
7,68,0.24876067957467607,1.6399971840850802,True,0.9422771998053688,True,-0.46793565173786544,-0.4451747338743064,True,0.2427702123650859,0.01711645422687766,True,856
8,45,0.19113789764222983,2.0579764773062466,True,0.9598630132683915,True,-0.4488995097385941,-0.4308655882691152,True,0.1978199176188553,0.0154000049041679,True,857
10,19,0.22336251393228085,2.426165922908866,False,-0.23047590074715107,False,-1.2078580674615718,-0.04126336934957488,True,8.448071572466588,0.6121998776908876,True,858
18,99,0.2656927787902033,1.6860371375548913,True,0.9337940145697647,True,-0.4543304323402454,-0.44320560073957227,True,0.2600960658273763,0.012918164060531374,True,859
10,6,0.5918801707726056,0.4978266328640929,False,0.07858385833587744,True,-0.7499521397652719,-0.33202520002709457,True,1.7378556542495267,0.1513456910237469,False,860
3,63,0.1196531658450571,2.1596344700405323,False,-1.1955540472086024,False,-1.7586706584751948,0.049750892259904235,False,8.769276570617349,0.7453860827005904,True,861
12,92,0.3390685491784708,0.39117467877271295,True,0.8811324656147652,True,-0.46030949589315356,-0.4384465029940297,True,0.3480641673974863,0.020133744521037247,True,862
3,96,0.43931343362835157,1.8492587898308845,False,-1.0765841572373542,False,-0.7357551930593383,-0.18958780217947024,True,3.602814790683584,0.24800140727332945,True,863
4,42,0.2449200171815677,2.972986821050113,True,0.9410614275668875,True,-0.44918983969288456,-0.42458249150652827,True,0.24465046126460016,0.013555367395631544,True,864
7,69,0.4263833179346818,0.005770376322125292,False,0.8557391932485425,True,-0.45436366777251425,-0.4278293827897644,True,0.4217125493559769,0.01642625623535177,False,865
13,81,0.5090788744987205,0.17549510613175034,True,0.7957734151396177,True,-0.4644987442847449,-0.4377940286226964,True,0.49720649711021403,0.02435981184604546,True,866
5,56,0.0675612914158424,2.5595589681784316,False,-0.5457386529263908,False,-0.815728225592312,0.4405602552075525,False,9.27572088952286,0.6229232520281084,True,867
15,32,0.16003350804559036,0.769957251408219,True,0.9783087624289536,True,-0.4525002126672768,-0.4405388709395444,True,0.15473470866106367,0.014654555859009523,True,868
4,89,0.23073474153335655,2.504871217716024,False,-0.7561333173891647,False,-0.772362541004168,0.18648525179059489,False,8.460174955374695,0.6213257505326492,True,869
9,44,0.11852261676642381,2.376401410763788,False,-0.2626818230645611,False,-0.5414322981156436,0.5577951225392158,False,6.74855939738589,0.5870367431980731,True,870
18,81,0.10860176833089948,1.424807591352205,False,-0.09630545664411261,False,-0.42382274369215855,-0.10771394606385136,True,4.351909401471032,0.34669902807638975,True,871
17,31,0.5924804089659711,2.5688830661741755,True,0.7367440544191111,True,-0.4650485068424081,-0.42492587374536595,True,0.594296809676477,0.049605649510347294,True,872
2,43,0.3067304327987031,0.18486911385882832,False,0.9081394066625896,True,-0.5233033766020012,-0.48224836756751777,True,0.31330571846992,0.020527504517241724,False,873
6,40,0.5227962684086245,2.599276015264692,True,0.7654018664686596,True,-0.4980790069971283,-0.4205439630417194,True,0.5291877650286465,0.050082894983847236,True,874
7,91,0.1502913807099499,2.5875717771929296,True,0.9780605004200319,True,-0.4553278901362651,-0.44805144730967916,True,0.15002145444742154,0.004913388470121506,True,875
13,42,0.5302404276827124,1.5526625014117572,True,0.7688444482889851,True,-0.4911874826222304,-0.4345861746648003,True,0.5402492518027795,0.052008295572427095,True,876
3,63,0.28115849411416616,2.1031658772337845,True,0.9250469617336519,True,-0.45211204372709757,-0.42846878931441923,True,0.2708184614550812,0.009509107651996744,True,877
3,45,0.37800984318639896,2.1737649098624883,True,0.8548722987910107,True,-0.4764797163828781,-0.44727563028694944,True,0.3972577648854564,0.018056631647353782,True,878
14,95,0.5186090895186786,2.53505808224102,True,0.7853269260376706,True,-0.46860983843636234,-0.44203785284840125,True,0.5131014335317501,0.0286895752693274,True,879
3,77,0.583866791590969,0.23662604562510792,True,0.7578747348318984,True,-0.49057784591131826,-0.4281161625031121,True,0.5804757119188269,0.026549569945768143,True,880
9,68,0.5174482548756443,0.956301982156324,True,0.7576379923975938,True,-0.47273687122643787,-0.4353915494073746,True,0.5269581822474305,0.031173684607927524,True,881
11,94,0.43778362396606585,2.1709537746316117,True,0.845482289440359,True,-0.47448976105222623,-0.4497069926240043,True,0.44416979628674114,0.018829592912731518,True,882
8,41,0.3182343140394039,0.7433102921785228,False,0.12397397166824653,True,-0.5291087831958904,-0.3781649289277844,True,1.3487935568601426,0.0964329544244555,False,883
10,66,0.5307366865216383,1.304532891024453,True,0.7846162007136397,True,-0.49448973889859105,-0.45617552909087433,True,0.5461515785850497,0.03333300832797958,True,884
6,62,0.4551058747712376,2.373719663342941,False,-0.43877909378455837,False,-0.41054733948147865,0.27708691553872083,False,4.10665973122093,0.3447036924407164,True,885
11,32,0.5612362728497636,2.5460960416046303,False,-0.21349774538264854,False,-0.6353330145420122,0.1608863856200282,False,9.507354795975795,0.8146412575174268,True,886
3,22,0.2347955381228825,2.924080838416428,True,0.9247944001435491,True,-0.48991243019365727,-0.4102282408633493,True,0.23492510031986738,0.032760622188005996,True,887
18,20,0.4527730288417613,1.2946046689813302,True,0.798930044436694,True,-0.4808509295419248,-0.4272442597312652,True,0.45929756625466933,0.05347412419622774,True,888
16,89,0.34668165496356845,1.8709515220229964,False,-0.1155047333251149,False,-0.7353764402821232,-0.25997749180588037,True,7.461252871939184,0.5583686411881473,True,889
10,11,0.47655738185705504,1.7351294531631436,False,-0.2570055780999847,False,-0.7945506664052091,0.044278080067226167,False,6.704989558413379,0.4255298919674515,True,890
16,74,0.08802820175823835,0.3727231450590659,True,0.9924202266781547,True,-0.4538913546190246,-0.4494781259169523,True,0.08633978587101113,0.004142638268466432,True,891
12,35,0.3343305150398796,1.167503877696567,False,-0.01971348456055977,False,-0.722564889736773,-0.4165531247486424,True,2.9550594146540594,0.24485950205278784,True,892
2,52,0.5031646528220324,1.5819038583739873,False,-2.501939412581581,False,-1.1632034959551674,-0.5619227711413985,True,5.574420449639898,0.3006403624068845,True,893
12,98,0.454101151179757,1.862521425557623,True,0.8208896321792599,True,-0.46008005870627255,-0.4380806112635205,True,0.4458308879025693,0.021902688766398098,True,894
9,69,0.09022342156239857,2.913025780739507,False,-0.2605121441146916,False,-1.6201290366262793,0.20237777253079783,False,13.474680609926454,0.9648385239996705,True,895
4,10,0.16170937210680023,0.6050311119005651,False,-0.41412173170253164,False,-0.8616497825740242,-0.24348870686682733,True,2.200005942702798,0.24599905682704812,True,896
4,97,0.5929309546335744,0.2679710121075797,True,0.710182971463323,True,-0.483304741635316,-0.41758566854411666,True,0.6286119353055049,0.033282532292462884,True,897
16,70,0.4604519828157674,1.1035590177225227,False,-0.09413729567281082,False,-0.5888666975908289,-0.22493070863759126,True,4.106842956328393,0.33039763580742326,True,898
8,76,0.3647858070512611,0.5166133977626457,False,0.21905234287574693,True,-0.5144611230582204,-0.4015672072384574,True,1.282819941581189,0.08494858472843057,False,899
6,28,0.26275754694176545,1.0921185465541239,False,-0.47623490131792034,False,-0.7520119075759671,0.18627694308607376,False,5.656325193775865,0.4246588966247196,True,900
17,92,0.3092815464104507,0.27835708797152636,True,0.9071356949246707,True,-0.45685479603529666,-0.44477511636678885,True,0.31341167403241543,0.013854559451570804,True,901
12,94,0.23770210554185472,0.7115691732833835,False,-0.1411323278538883,False,-0.6279738717026979,-0.13019507662122257,True,3.8349675100224223,0.2960588575748064,True,902
10,13,0.3399025827057068,2.6357819141875756,True,0.8858741127944052,True,-0.4622655102529251,-0.42206125444278675,True,0.35497632230569875,0.03408346687658008,True,903
17,100,0.2283353654028441,0.3444910022075799,False,0.40819657323037806,True,-0.48722922299356514,-0.4261417810704792,True,1.0706774701021193,0.08693626442468537,False,904
7,12,0.24466458213648495,2.442041753363906,True,0.9549017215141025,True,-0.48190834208734895,-0.4517469048582613,True,0.2304050895933382,0.02351572308461149,True,905
12,46,0.5102734875507257,0.2270090058825207,False,0.3780903405747005,True,-0.550425337688926,-0.4426775674147943,True,1.121233918707768,0.08037375447853866,False,906
12,87,0.1540447415991514,1.717595288957345,False,-0.18309848452549815,False,-0.41741923571036693,0.14000624801993042,False,5.432348233606842,0.3990156768431062,True,907
10,10,0.3899310611806804,1.9188620126463605,True,0.838235712544959,True,-0.4622312380049923,-0.37049464374983127,True,0.4024680446482447,0.07053998517345537,True,908
11,36,0.09933614411372842,1.150872893463717,False,-0.17017163760163512,False,-0.7779743812510563,-0.14932058021265146,True,5.583244189068151,0.39768728244707263,True,909
6,62,0.340028072043324,0.0418844671820785,True,0.8874524726542405,True,-0.4568302702704995,-0.4286156416784503,True,0.34439586144652107,0.01946191531233694,True,910
20,14,0.5355246152047279,0.5783263255813338,False,-0.008282218694139587,False,-0.5228928230785581,-0.20350263942647595,True,2.8002427987362855,0.23108692521988336,True,911
3,7,0.19323324066526565,2.72725002961284,False,-0.8539025692637225,False,0.11589547608549994,1.825767755108655,True,6.452325651033193,0.45216599847843497,True,912
2,51,0.5918964517078633,2.937328321225964,True,0.7723855680462983,True,-0.4695880589276302,-0.4683042850028809,True,0.5628166368793586,0.00040080900137973163,True,913
11,50,0.10100756114214096,2.2264470334583897,True,0.9898199567072032,True,-0.4508130737623962,-0.4424935502242186,True,0.10076335741443018,0.00847353622636246,True,914
7,29,0.503030753923218,1.3589797990335453,True,0.7533283821624936,True,-0.48378569567318847,-0.41573944318268014,True,0.5497075832153604,0.05513149363335664,True,915
17,31,0.5528998646642375,0.35607966820523296,False,0.2094805501248811,True,-0.5011409583302704,-0.37817297703506914,True,1.483165739178003,0.11354766468705368,False,916
10,42,0.37410748906082725,1.3680679432653404,False,-0.13996488216167724,False,-0.9335667714913044,-0.28628640216419016,True,5.550603680528592,0.39970720926949066,True,917
12,67,0.1592283106869531,2.2485924069274326,False,-0.1933736174360785,False,-0.5133417502226731,0.4092330978565272,False,10.647938271722676,0.7019145202776487,True,918
7,22,0.2810811298826906,1.9329030676127297,False,-0.3615132457370982,False,-0.8986476550467346,0.21710121711362254,False,9.94499649173183,0.6803931902014704,True,919
2,69,0.5951339597056223,0.12543287956259908,True,0.6872803285342174,True,-0.5018471877873387,-0.4102114329502767,True,0.6047828685209802,0.04581787741853097,True,920
5,99,0.545608123606444,0.04202606948787113,False,0.7454042339102642,True,-0.47302009195745387,-0.4513232577534194,True,0.5498978854133968,0.014559513188613702,False,921
6,17,0.2692510304294846,2.6657372344870183,False,-0.3620547869933588,False,-1.5596726463098542,0.0837632727003116,False,6.352031549825395,0.5996385337287549,True,922
12,42,0.5144466384082691,2.041508313265203,False,-0.17339693096327324,False,-0.4542632702047292,0.2261051317941506,False,6.019337861294435,0.5017009994957471,True,923
9,50,0.23640552065858844,1.220708442259911,False,-0.20547868683360515,False,-0.7368615567640034,-0.27570163116561136,True,4.799355696141107,0.3665013712498029,True,924
17,87,0.165665865704672,2.7321518343824334,False,-0.10671387739101279,False,-1.4056101744908982,-0.36188795338020896,True,12.43942437281926,0.995527174800391,True,925
4,87,0.20621626191092168,0.020310859758835953,True,0.9575516020688385,True,-0.45197167686099576,-0.4405040050559895,True,0.20125121685460517,0.005698469054107846,True,926
6,58,0.34701826840060473,0.2481100631872295,True,0.889385051169874,True,-0.47119011177055087,-0.43791561681076613,True,0.34733651348392575,0.020244109305209236,True,927
11,94,0.15480794232626788,1.891492646266848,True,0.9782268604430132,True,-0.4556422577087467,-0.4472280920865454,True,0.14420295626493054,0.006990133830680399,True,928
18,85,0.39008343615243757,0.6546918513750007,True,0.8720894219996431,True,-0.4636356662488339,-0.4474414366730148,True,0.38286533078781787,0.018310180625492955,True,929
5,26,0.3664307692197893,2.555492295599658,False,-0.6078951594097479,False,-0.8294355786223953,0.3854874943045968,False,7.839522483188404,0.4812108376611015,True,930
8,76,0.15339907176218426,1.7742184411158395,True,0.9779505288958364,True,-0.45702949046758845,-0.4464774230558734,True,0.14789350398146575,0.008190228944229114,True,931
5,86,0.21282952875549843,2.158219671042002,True,0.9501777626367005,True,-0.4682262785577446,-0.443543167727927,True,0.22151179076225475,0.01585495328579,True,932
14,15,0.09181198989668199,0.6170866007412588,False,0.35425406662429537,True,-0.4461014551292618,-0.34374770074888944,True,0.928351427257523,0.06906972995204012,False,933
11,94,0.3902370072096886,1.3739288592716985,True,0.8596506809768418,True,-0.45771904002070196,-0.4367812254082702,True,0.39508630420379515,0.01893878983467089,True,934
19,74,0.07606206077201821,1.5924456665763533,False,-0.0721463844484107,False,-0.5850856975139511,-0.11633009279193575,True,5.255475870557107,0.38614571688922,True,935
5,78,0.2846478750900544,1.1412810714957558,False,-0.39845439520937176,False,-0.7500692085195861,-0.42985280815429344,True,2.9710976984840176,0.179075430650414,True,936
2,76,0.13806649692809558,2.7814203559108637,False,-0.5937652198184156,False,-0.5773656172645892,-0.5454727276092876,True,1.0016460711405237,0.01594644482765073,True,937
4,42,0.36798616302933873,0.46480639856446504,False,0.41759766693337963,True,-0.49048349244180955,-0.38987756880125707,True,0.718274675897082,0.031794184995100665,False,938
11,20,0.17446544564845862,1.8986647475742648,True,0.9787949322938634,True,-0.4613365788987604,-0.4467441287204723,True,0.1556041475544941,0.015063230121986609,True,939
4,65,0.0894962840742865,1.7078124718682173,True,0.9907896059484057,True,-0.44917854326915024,-0.4352910865081281,True,0.08463714836885192,0.0066633663559587455,True,940
2,74,0.5415003341842197,1.5215561943919,False,-2.9744347409264633,False,-0.9533754124951701,0.10798568365571441,False,6.296283565568342,0.5306805480754423,True,941
2,73,0.3694778361520483,1.6639933277685164,True,0.8514337487595667,True,-0.43066495006120037,-0.4077719130839037,True,0.3568383980847121,0.011446518488648277,True,942
20,75,0.5389798467354031,2.40990415884569,True,0.7774020800248748,True,-0.45768726986306035,-0.4307684822994031,True,0.5416839951787793,0.032461774549683874,True,943
5,75,0.23942056004698986,2.096236620545299,True,0.9407240604555452,True,-0.45406245763541986,-0.4410089805718492,True,0.24109049984762218,0.007352658255724226,True,944
20,91,0.5893388202790587,1.1719838238406854,False,-0.08335419077150719,False,-0.6150862145877074,-0.20680603754881574,True,5.360855998287429,0.37688179993060433,True,945
12,21,0.14595442540942627,1.0974204085926522,False,0.00022495379476927813,True,-0.7080840829844723,-0.32149418031313265,True,2.965136803383485,0.25403868280798775,False,946
7,89,0.5605338123226429,1.7060371594811274,True,0.7568833293944066,True,-0.4629672652499324,-0.42176025714701265,True,0.5605077698362123,0.029900575570376463,True,947
8,83,0.3357436570726056,0.8079834492148615,True,0.8949888372563394,True,-0.4662079410797486,-0.43572020628520175,True,0.32342017152122793,0.02415644551025817,True,948
6,8,0.32089647240259284,0.4542369133358909,False,0.24874250716162305,True,-0.7360292221228344,-0.3425350549548397,True,0.9127330572620598,0.11628285854777719,False,949
15,18,0.2992475326875921,2.224207886531508,False,-0.146237013593278,False,-1.08736127560332,-0.061421731451892475,True,8.942652860698477,0.6508123678813758,True,950
14,34,0.4407214690656477,2.066737135995261,True,0.8266698519203292,True,-0.46466962422712443,-0.420326131281064,True,0.4717268057912832,0.04143197179624891,True,951
15,93,0.3696424958578482,0.4138803242761502,False,0.15349242536785568,True,-0.5222982487589959,-0.3973245732765092,True,1.7491751397995532,0.1272926694204363,False,952
5,18,0.52786306174814,0.3455734048300576,True,0.786818533899211,True,-0.44833658745189287,-0.40570675145076995,True,0.4793656930353331,0.03892805404623015,True,953
12,18,0.5302394092336058,0.8942439649816354,True,0.7165068919806601,True,-0.46561160500766524,-0.3907731909896748,True,0.5315512079615108,0.07476573559539229,True,954
6,59,0.10300162092036674,0.3195169390046114,True,0.9894478542845947,True,-0.4566912955206586,-0.4479591090135712,True,0.10007936906439371,0.006671819992784368,True,955
2,18,0.2573784171568916,1.003882227435665,False,-3.0616137315565046,False,-0.31920546695681756,0.30236669404504446,False,3.7685230939157033,0.2381779497883453,True,956
7,8,0.06629676608834582,1.2168403616273138,True,0.9944435775538637,True,-0.4545573615790125,-0.4425661014863021,True,0.06180886913491051,0.013842229929889439,True,957
4,76,0.37370970727980835,0.7108452396356083,True,0.8557370966318814,True,-0.46732810104513955,-0.41297424166309626,True,0.35641903055338875,0.02794400766425586,True,958
10,37,0.1651519875496173,2.615792864989409,False,-0.17599121302759735,False,-1.8601909923693298,-0.6745183278881028,True,10.725073574547555,0.8686134391381001,True,959
20,66,0.248947384403495,1.4231084120459139,False,-0.04619265361045355,False,-0.7981422911028662,-0.2988159573581099,True,4.883642824937874,0.39786659638973687,True,960
7,16,0.3475728349615826,2.9597962634802504,True,0.9016324018978312,True,-0.5238844045615823,-0.450147415145917,True,0.35430083712664956,0.04344075502542763,True,961
9,16,0.34698191250425314,0.03996219475921703,False,0.8964708967532953,True,-0.48058932625979567,-0.4292063220787304,True,0.34860298313376414,0.05073657966429096,False,962
20,6,0.44048458675096036,1.4130578021222377,True,0.7681550777830515,True,-0.47431806699902035,-0.3914499958865764,True,0.45692596305201966,0.17153319417088986,True,963
4,30,0.1541901945713044,2.442310865561008,True,0.9712937225044102,True,-0.4535139808480739,-0.4300235441106927,True,0.15882450825527755,0.0139757211583771,True,964
4,29,0.39623919275950004,2.42512377720794,False,-0.8390581637995096,False,-1.1282330624548678,0.9442968759717997,False,7.0599343047262675,0.5623438821783721,True,965
4,45,0.2203253354728686,1.5581840503690638,False,-0.6869293895418274,False,-0.7234633861775259,0.25027150351496397,False,4.453330761039738,0.39120722767582394,True,966
15,60,0.17404043254389334,0.05212610111709359,True,0.9707579788100548,True,-0.45667837987660453,-0.44384237889723227,True,0.1690769285138292,0.012553413421549241,True,967
12,17,0.19902109644642224,0.427350279706314,False,0.007831584295057481,True,-0.653536869513519,-0.354072727296195,True,2.0758227142978805,0.18755323083224745,False,968
6,31,0.13261130040191946,0.9205878458933957,False,-0.341750919529922,False,-0.28786481872806186,-0.018993133710104106,True,2.3448875421430433,0.1862100549564886,True,969
17,13,0.11849672963763304,2.030509615800064,True,0.983340473345936,True,-0.46000233359431647,-0.44307509063199557,True,0.11896105930789211,0.01614586306509431,True,970
10,21,0.4394554810302034,2.3356693819855474,False,-0.24554496813485915,False,-0.4482821087970047,0.569969379062221,False,7.691062546000466,0.5393732411018488,True,971
19,98,0.13912762035103787,0.9873696378281032,True,0.9783871849673288,True,-0.45186640215854756,-0.4447307641653654,True,0.14197707865119227,0.008392138845799283,True,972
19,88,0.16521343241069997,1.6578219766646094,True,0.9704838298136282,True,-0.4523625328423495,-0.4440576182482667,True,0.16815673750728516,0.009671450712126372,True,973
7,25,0.4152041566680342,0.5885841239351367,False,-0.14271855479452134,False,-0.5216446689574088,-0.3060525887828002,True,2.0135025547335728,0.14846638775113122,True,974
16,70,0.0587629026921515,2.7339528172417835,False,-0.1305774680523315,False,-0.7662882289592338,-0.03288959425166507,True,11.402334705929832,0.8299193523935962,True,975
18,15,0.22894960111252777,1.7805581197450882,False,-0.1163540135375083,False,-0.9220953688620332,-0.14501256852895508,True,7.057363631836922,0.6026434919263152,True,976
20,20,0.5645974363292194,1.4972742022966368,True,0.74756605770532,True,-0.4731043745715789,-0.407830955281834,True,0.5658777194744025,0.09175366151788236,True,977
12,48,0.5140924540935328,2.068477242246419,True,0.7778746371531319,True,-0.46201968983039954,-0.43137600834045553,True,0.5286523656754322,0.0268082001338756,True,978
20,46,0.2993553424652168,1.7429838443038292,False,-0.0953312118332812,False,-0.8365891651460485,-0.09438563506842408,True,7.569152686658879,0.5939904897677898,True,979
15,72,0.5719780866181435,1.5606099467525103,True,0.7608809690135032,True,-0.4630887425834666,-0.43461800444451054,True,0.5573066514301319,0.02891076892132079,True,980
12,87,0.23443705580786206,0.8955326197312494,False,-0.110876431704658,False,-0.6469532689106441,-0.2568619298002403,True,3.627586927078446,0.27781627947332954,True,981
10,6,0.3409288449051149,0.1940786204380568,True,0.8201151733373317,True,-0.49849453402941263,-0.36728075400328836,True,0.38508136759093997,0.14254263259083502,True,982
9,64,0.1985248395602618,2.464055110498479,False,-0.26694736016342535,False,-1.7142374165054208,0.15984459274481705,False,13.160517408566735,0.9385003293904145,True,983
12,9,0.48787840114172926,0.2379326257081822,True,0.7985780304307054,True,-0.4942223761637689,-0.39050748544070396,True,0.5107513934379649,0.11285222559225053,True,984
15,60,0.5076168899061045,2.6116366896158882,False,-0.15621684981727224,False,-0.6710056190690771,0.511710565395522,False,10.137675129739199,0.7174885614949289,True,985
5,24,0.4467026152266249,0.5566206721401014,False,-0.44686548915618896,False,-0.47748002399216316,-0.20317584280354417,True,2.4456351910616205,0.13826157057305316,True,986
15,44,0.27600114468848963,2.7995619913139067,False,-0.14025621363016483,False,-0.6430628762002015,0.03442431952776591,False,6.954393970263745,0.5263780364901093,True,987
3,88,0.31337464521991715,0.1727881237877117,True,0.9119404098832531,True,-0.4571519907134849,-0.43220299094395925,True,0.28718822931322135,0.010215534826521766,True,988
16,34,0.21386516020704166,1.3582046837068864,False,-0.06783944568364597,False,-0.8150933961006589,-0.33510748388850076,True,4.239665130700077,0.31040875808763707,True,989
12,9,0.12112429046023217,0.7536875268390242,True,0.9872582255887727,True,-0.46249683539061764,-0.4368251361426867,True,0.10616910463559988,0.027013833972960824,True,990
8,6,0.5122053184341406,1.1531308975714185,False,-0.24624232506049837,False,-1.3027869195942734,-0.0784704698042103,True,4.889333782863087,0.3794385986731749,True,991
10,76,0.22983162475786406,0.13800576289507693,True,0.9467897176488476,True,-0.45282079797072766,-0.4412934451186487,True,0.23337228645386646,0.00832060886522442,True,992
6,78,0.2662877328177773,0.4987243467261838,False,-0.2559298853194347,False,-0.5682935890253897,-0.2229900782648169,True,2.353067503845902,0.1681995659784442,True,993
19,96,0.4011797025288791,2.7748273075388874,False,-0.10638971429734179,False,-0.6815216028596905,-0.10586925837893892,True,10.568737602454267,0.6962914058494477,True,994
6,30,0.44188330206104226,2.3394054975885643,False,-0.46424771937341847,False,-0.4717511273815782,0.7255936136734769,False,11.271088233501889,0.8786454246140184,True,995
6,41,0.5917742274887832,1.5985383116983578,True,0.6711253168880382,True,-0.4701395133234292,-0.4082331516846881,True,0.6317488187180873,0.03997885799652497,True,996
4,57,0.23624590359611358,0.8438940000931966,False,-0.12225311456379928,False,-0.3881035384020669,-0.23751994477344596,True,1.130022302761057,0.07894417858648214,True,997
5,98,0.35505250801168053,2.1105725516025418,False,-0.34349011942074137,False,-0.8470379732572187,-0.25321520719343843,True,2.8947000556682507,0.3267364090293151,True,998
10,58,0.17504518599011365,0.6562036514299421,True,0.9729685505759925,True,-0.45913921048720524,-0.4480351154987988,True,0.16823961868010323,0.009832547778968796,True,999
3,92,0.2585746990282866,0.8728280104216526,True,0.9246356082645563,True,-0.44216878862866926,-0.4349711035903294,True,0.2533283027880685,0.002964390080802149,True,1000
19,69,0.24660363533744645,1.626444456559677,True,0.9420500397888641,True,-0.45332632961005603,-0.44241908369533023,True,0.2383656429755837,0.012512753356810775,True,1001
15,26,0.4873995039227669,2.1007410194990923,True,0.8025464522111023,True,-0.4661305285194802,-0.41288133133119764,True,0.4569245656842774,0.05862378723940335,True,1002
16,100,0.473971838590735,1.3552125666516466,True,0.8130078568694861,True,-0.4605178023573664,-0.4361157694855853,True,0.4703525431644752,0.023752626754731256,True,1003
16,46,0.41761880629872306,1.9993189098030317,False,-0.1371207216244965,False,-0.5014899801664459,0.09750677004556299,False,6.550574214948812,0.48431429724463054,True,1004
10,59,0.3601922074301381,0.21128260002534094,False,0.3868637538932953,True,-0.5563412912667212,-0.3927219033172375,True,1.0083106661006658,0.0822608620308043,False,1005
15,75,0.23514302529529763,2.837676109128849,True,0.9471185872011665,True,-0.4586702760773337,-0.4474159832729515,True,0.22884897939060397,0.010580151621340543,True,1006
8,40,0.13480769037875773,2.446914589659149,True,0.9802437051891532,True,-0.4598778463255953,-0.452080765483258,True,0.14141270839342124,0.004755202706366379,True,1007
20,55,0.1268525814309887,2.459762929628868,False,-0.10520090823973938,False,-0.8882062562997465,0.10236476634181878,False,9.165976701545636,0.7133813633069015,True,1008
9,7,0.4268410571773115,2.128809309481115,True,0.8232292857069183,True,-0.5047036922966731,-0.4268239975616297,True,0.4113312936497733,0.11758180877265041,True,1009
8,27,0.3567953327174313,0.538465975475631,True,0.8606552495412385,True,-0.45053424273897985,-0.4192230618226417,True,0.3497756442948637,0.026775672180608664,True,1010
17,85,0.2091742726838094,0.855040579288742,True,0.9553538818888402,True,-0.4529473579941323,-0.4429312493247228,True,0.20863487577202253,0.01185864292522375,True,1011
6,75,0.2305953345201472,2.432957677487549,True,0.9407259734194553,True,-0.4474183686869917,-0.43136938751158155,True,0.22891056870889948,0.009794726723454373,True,1012
14,53,0.45517071567300793,0.6875106181549645,False,-0.09389522623277746,False,-0.5350640156270844,-0.16651190092318152,True,3.3100473863727284,0.2690274337757033,True,1013
11,94,0.07099391248120206,2.1853155451431507,True,0.9949260377395812,True,-0.45296787329292015,-0.44820526891094165,True,0.0712889378714142,0.003865525248590086,True,1014
18,59,0.5185642034755626,0.2639886207102907,True,0.7841377751516534,True,-0.462108438409121,-0.4289381449638862,True,0.5105053623207597,0.03895041930624222,True,1015
12,51,0.12269761221394046,0.0868681930042502,False,0.9097247126533755,True,-0.4628382299404526,-0.4386633505672982,True,0.2784894181761133,0.0176515579027293,False,1016
11,31,0.26349082662652423,0.25324181611419705,False,0.4284891748723444,True,-0.4985173505678362,-0.4082814929541023,True,0.9194509666755701,0.07215822100719431,False,1017
6,42,0.05419613638188136,1.8315992700365928,True,0.9968448909009537,True,-0.4573749124378108,-0.44695439311821245,True,0.05355347700929907,0.005469513732138475,True,1018
7,57,0.506029953986239,2.0713141266413646,False,-0.364516571908408,False,-1.829789679100211,0.24091080238398416,False,12.286905274474906,0.9026702946983176,True,1019
7,76,0.24120062671406584,2.141230456254505,False,-0.319047999275734,False,-0.8755707549001405,-0.0479342462322362,True,8.182731219853792,0.49200869674479913,True,1020
9,29,0.3677915671769767,2.3655317370174656,True,0.8906327723272058,True,-0.4922303027627453,-0.4570039283930138,True,0.357534376446484,0.0293289683078919,True,1021
5,49,0.350309571347083,2.935492338236257,False,-0.5677009029821538,False,-0.13101297689519392,0.3983229364694921,False,6.276322858196089,0.3224218788544022,True,1022
12,49,0.4589706239634006,1.9379101739888138,True,0.8125959797065236,True,-0.467201074531789,-0.43775689248953137,True,0.4637293129905228,0.030914870403321294,True,1023
11,60,0.08261576723641137,0.06768255735251982,True,0.9931916930029928,True,-0.45197920149500265,-0.4461430004880399,True,0.08209323953692793,0.004621621526932548,True,1024
19,98,0.0785432738901288,0.013799352619383032,True,0.99381298426451,True,-0.4505047862279908,-0.44755233868237787,True,0.07888304113644003,0.0033115248468743278,True,1025
16,91,0.05914718411947661,2.174373051479475,True,0.9963423355516823,True,-0.4510799618211672,-0.4480948577797929,True,0.05978204624134693,0.0032157079928854795,True,1026
9,64,0.3340940683204846,0.8792990346285999,True,0.8917333461173735,True,-0.47201807470492,-0.44856851567956585,True,0.3388452621201921,0.020137364285906404,True,1027
6,77,0.5517293356784058,2.2576310020640005,True,0.7825876890382432,True,-0.4811790042667857,-0.42924933878036653,True,0.5209577749555216,0.033703936720483864,True,1028
9,40,0.44535230605406045,2.767703525455733,True,0.8334985501627824,True,-0.456065063274822,-0.43437777715968023,True,0.43721326980049613,0.018659473269374862,True,1029
16,12,0.5593353725971083,0.5649469979104748,False,-0.05964189356798566,False,-0.6109857296176957,-0.18058135830255545,True,2.8909597774906834,0.2522453045446267,True,1030
14,53,0.2740642105153789,1.3135478615376683,True,0.9320639112591035,True,-0.4616469076227072,-0.44249502836431936,True,0.26621220602279494,0.020232856715515554,True,1031
5,16,0.37389392193910886,2.1063845124899885,True,0.919269223388064,True,-0.4934376651167003,-0.45450909119431326,True,0.3137827768405868,0.022711998372607595,True,1032
18,7,0.3619157201900775,0.6586729803652605,False,0.12163483791354279,True,-0.6840652111733365,-0.2914317002038148,True,2.1549144996023255,0.2338952406200957,False,1033
13,51,0.1366237573175875,0.6517504222369835,False,-0.03856626800063956,False,-0.6414589695854009,-0.33635341727444723,True,3.2278147255861,0.22195947490938198,True,1034
16,54,0.48322874788990866,1.1018564750789732,False,-0.0875064560609351,False,-0.7330309104101085,-0.29042962693735985,True,4.433520988797087,0.3390095955996989,True,1035
15,8,0.37531962548455294,2.40325248439627,True,0.9002471957546316,True,-0.48106585749887304,-0.42058121680006566,True,0.33171751848079006,0.07047038216906572,True,1036
11,11,0.5293321787081826,0.32797914908841486,False,0.12653730514834927,True,-0.4483774525362993,-0.25380509361759324,True,1.2957138468642988,0.11380870760313527,False,1037
10,92,0.1963997535754708,1.9119082766177071,True,0.9603685500352168,True,-0.452398777325176,-0.4414234975908381,True,0.2022910301191267,0.00914739195336506,True,1038
19,21,0.4692278111804838,1.9457870373276474,True,0.8116446891852284,True,-0.46894919658260414,-0.43045617329573527,True,0.47504829366267615,0.04907500727202133,True,1039
9,70,0.38742225115808926,1.7366170419235387,True,0.866040410566723,True,-0.4468646587409542,-0.427875779566574,True,0.3787311746074868,0.01530701584613433,True,1040
7,19,0.14860014389491047,1.9511668029927467,False,-0.35693971746842035,False,-0.9074561660753032,-0.14022214527858007,True,6.699133793132389,0.4598427223577193,True,1041
5,44,0.5024109584315899,2.9846319652658475,True,0.8033717207860076,True,-0.4848831486593314,-0.4053366335433856,True,0.4720768859305339,0.05371408162656194,True,1042
12,87,0.3237985246886497,0.49767248795555086,False,0.01638412457310745,True,-0.6051573956295001,-0.37172496811056505,True,2.282575774471666,0.18714161249787054,False,1043
16,100,0.08562416337040026,1.6922001397771,True,0.9919861386864928,True,-0.4511487109189757,-0.4484111638856755,True,0.08647035063694668,0.0028613822127187953,True,1044
12,82,0.36038457254645945,2.11912801557129,False,-0.18860977469525908,False,-1.1236145441467824,0.12517616502524248,False,10.744389079248451,0.7546544294395388,True,1045
9,69,0.3485537826674442,1.4365676811614683,True,0.8831543082483428,True,-0.46010850115998225,-0.4345428937019195,True,0.3606507332464223,0.018654124780874796,True,1046
6,39,0.32288927254804894,2.086510255223039,False,-0.41749959851262286,False,-0.7867659765014712,-0.032796985303635985,True,8.143201370942501,0.4499917243496405,True,1047
13,40,0.2717563937359713,2.3635598699319917,True,0.9268276651632728,True,-0.4613398166199512,-0.43308715659667485,True,0.2634723701900738,0.02577957864921767,True,1048
15,39,0.08663453969366663,1.100200649019453,False,-0.16077213377670274,False,-0.3469546969740379,0.24300752099747175,False,4.708562808577177,0.30929183822901474,True,1049
18,22,0.4193804833124527,1.2533527276078793,True,0.8682829882602088,True,-0.48397074638267285,-0.43901020957656417,True,0.383813908853998,0.05265550125186818,True,1050
20,33,0.1571324016068376,2.4708281725155246,False,-0.07690085951640668,False,-0.9726169631365341,-0.3255622862017098,True,7.717582899491938,0.5639975703504447,True,1051
8,23,0.21248510848848007,0.7776380012642237,False,0.10632699044210403,True,-0.5619423161016789,-0.4387219546806202,True,1.7346886106799102,0.12702483423776617,False,1052
9,94,0.34265667781687936,2.008077344072631,True,0.898052178960106,True,-0.46586956119464407,-0.444193852230134,True,0.3296962340055815,0.014860034904588936,True,1053
6,9,0.431046780786403,0.04952121296212708,True,0.8665095332867755,True,-0.4920732830611759,-0.4612170348345407,True,0.3718519369025047,0.014068645525451147,True,1054
14,65,0.4629566896742162,0.05804348754701438,False,0.7408340524544704,True,-0.4527694135777366,-0.42051312023056836,True,0.5466366395433222,0.027085729560271634,False,1055
4,12,0.5790755421786337,1.1362069851895302,True,0.645317246276782,True,-0.5099060915888746,-0.3021056353480733,True,0.6074344114172516,0.16015352031151048,True,1056
8,5,0.3316127797507092,0.5041492748721896,True,0.8348762229045463,True,-0.4835797988134662,-0.3852241887855027,True,0.3762152233717623,0.09988342020854948,True,1057
16,81,0.4037854908805823,0.24819351955954072,True,0.8497132565284006,True,-0.46611481889359396,-0.4459829800901452,True,0.4050928888911825,0.02083841201870152,True,1058
8,28,0.2313086257079774,0.3777851389727752,False,0.07267129877101475,True,-0.5423630149880856,-0.3359976822050851,True,1.3933649443268312,0.10364436302927262,False,1059
14,82,0.06999743705668258,0.23151059099617355,True,0.9948911269114947,True,-0.4522841368682064,-0.4481737403815487,True,0.07197117165895027,0.0036343814760109823,True,1060
18,97,0.4083203800811772,0.2904866130106476,True,0.8577518587736437,True,-0.4579551336465757,-0.43959296944657855,True,0.41146585270126573,0.020175965858552445,True,1061
9,30,0.20211941158637042,0.2571939728596495,False,0.30540729626263563,True,-0.4614683608823472,-0.3631552985590096,True,0.9890308748809751,0.05032819955310497,False,1062
17,56,0.477922889249743,2.235486451207331,True,0.8221345839976473,True,-0.4679451961991903,-0.4365572551506615,True,0.4691586117199671,0.02669072418277699,True,1063
2,52,0.3390325744608694,2.2042323600633256,False,-0.2656064931019171,False,-0.6156775169548163,-0.3355417362255155,True,0.6999399340827943,0.14006789036465028,True,1064
6,5,0.5367632421574676,1.4267737538319878,True,0.7229101878322253,True,-0.45998081920397527,-0.33486745965507725,True,0.5320374362377241,0.07882147652522882,True,1065
12,78,0.3496300530255608,2.571278443258109,True,0.8880653025792432,True,-0.47342568965917897,-0.44740066401470924,True,0.3520389221847652,0.02764761112087854,True,1066
18,94,0.2944250833078623,1.8232426585307957,True,0.910108418408159,True,-0.452601582013293,-0.4369425424060998,True,0.2952031381325291,0.01766162461827949,True,1067
8,60,0.35582571793837864,1.5695007609114957,True,0.8976389464921959,True,-0.4708517546618676,-0.4415772688497766,True,0.3419681952338524,0.02038802331358997,True,1068
2,89,0.3836510979373022,0.43534640065144015,False,0.3618053947540978,True,-0.578745867311041,-0.5632376986382661,True,0.606436624630678,0.0077540843363878564,False,1069
4,92,0.0653119564707137,1.7419406975351155,False,-0.7691133970918389,False,-0.7221759678836043,0.1782250447885459,False,6.84396471566337,0.5851639905901754,True,1070
7,54,0.3097607172566201,0.7717410289594109,True,0.911609383973122,True,-0.4674148381670718,-0.4465868825915167,True,0.30316270744020235,0.01750173980367428,True,1071
11,20,0.1821492155836376,0.768543485903173,False,-0.13445413885588198,False,-0.8851946745043119,-0.20544497899392705,True,3.5687395175787273,0.2622929745868379,True,1072
5,13,0.21506769306775847,1.3768774955562355,False,-0.5928928182893276,False,-0.5662274081179757,-0.02243354479990552,True,3.2583971306088126,0.2742363657524432,True,1073
7,7,0.521995591206972,1.8863333526105888,True,0.7466046003455891,True,-0.5127220107190124,-0.3856630056094007,True,0.5169640432216348,0.15118218092430932,True,1074
15,74,0.21176184198004472,2.6274368417141547,True,0.9557998099156233,True,-0.45790025141451984,-0.44337907225890016,True,0.2095395201979108,0.014983335364325185,True,1075
11,83,0.2281014802978788,2.441126734942685,False,-0.17202310053115277,False,-0.6176809566082125,-0.10386891138702253,True,5.719099233965206,0.4960142818241879,True,1076
8,19,0.3446622943840467,2.4980560532064366,False,-0.3133247889857025,False,-0.6664998222781433,0.2872409093732061,False,7.741396180542737,0.6588221539248625,True,1077
11,83,0.06451599433737368,0.06751028175111207,True,0.9956179571842814,True,-0.4516307883921153,-0.4477005430923013,True,0.0641833575660102,0.003388055833085579,True,1078
11,52,0.3206004906369022,1.9441211543731562,False,-0.17638932153433617,False,-0.561624341254403,-0.16985152517119242,True,4.727184141638649,0.3393353101817129,True,1079
7,47,0.09412840815525075,2.855741062247639,True,0.992298078671028,True,-0.4582857148161164,-0.4503089971215095,True,0.08774180147022771,0.00774190942404751,True,1080
4,9,0.1634067707481619,0.6481760258135425,True,0.9731665330564793,True,-0.47776976134804305,-0.4435505979488461,True,0.15023846850470102,0.017187306914675137,True,1081
15,6,0.310618215226491,2.719178787170584,True,0.9121059470220704,True,-0.4992626516768396,-0.4342511324022646,True,0.30204051155677736,0.08092052366830337,True,1082
8,73,0.4144431820826042,0.14354589305750576,False,0.638783496299574,True,-0.465229574624294,-0.3902289099994753,True,0.617066909187938,0.05792515756566838,False,1083
20,89,0.49732340987440476,1.7009849396682393,True,0.7924810623987628,True,-0.45514589850362946,-0.4296196043493303,True,0.5023700947077826,0.028537543805703575,True,1084
7,86,0.5332096886327432,1.0092322683485588,True,0.7534550351700308,True,-0.45414569255174564,-0.4124833318203585,True,0.5532821201649339,0.030003777026707458,True,1085
14,27,0.22622510001546725,0.32261775689674077,True,0.9579331456459431,True,-0.461188505848354,-0.4453348610903404,True,0.2049878416807747,0.018307158775277506,True,1086
18,25,0.4932455709560984,1.6628869037606238,True,0.7881498907173989,True,-0.4545769908765938,-0.4220836495543485,True,0.5009786189476232,0.04160900958787171,True,1087
19,37,0.4183694302319569,2.1183571412859608,True,0.8530621487130379,True,-0.47218650510852433,-0.4421098141775162,True,0.413297248034276,0.04008054230867052,True,1088
14,93,0.2555522059347978,0.4304263601467133,False,0.2647608440024496,True,-0.5568490637122263,-0.4119025635106939,True,1.4009005933439924,0.10156665811605528,False,1089
17,6,0.196245278966043,2.5855863172373366,False,-0.16658146666958884,False,-0.9561203461173385,0.7176534595820474,False,10.584865116199833,0.7252916692543183,True,1090
5,77,0.1636490426347782,1.9763957633702587,True,0.9688881769046098,True,-0.4584135987439829,-0.4475911849483725,True,0.1694423110269172,0.0056477087050016,True,1091
14,41,0.5691469989273038,1.1618243272584357,False,-0.0998621270131892,False,-0.47556514501361125,-0.06348207996614282,True,4.270868956902027,0.32636806993658046,True,1092
8,5,0.31826589135346184,1.834755643017542,True,0.8833247241958542,True,-0.4934100465414811,-0.43713808636246576,True,0.2917627080403945,0.08666558554291577,True,1093
20,81,0.5734830215359612,2.2201803892657375,True,0.7461386212553951,True,-0.476366078469849,-0.4544158142722433,True,0.5905519686499547,0.02594530260028645,True,1094
6,16,0.493568581874243,1.8731340190131962,False,-0.33913470773809995,False,-1.5100219519841276,-0.6941634869873661,True,5.79274478720966,0.48220438671221794,True,1095
13,90,0.1587419162579765,2.4001107592810653,True,0.9762606512953604,True,-0.45513871832117,-0.44801810888328963,True,0.15568221981580022,0.007349761921474963,True,1096
20,94,0.41353852829025145,1.0470698542206411,True,0.842459515500153,True,-0.4486257661447505,-0.43199617510062865,True,0.41474177595335127,0.02161081311670048,True,1097
19,9,0.12822326213070281,2.5457870036130705,False,-0.13784976114318348,False,-2.0687572285664557,0.1965393911673758,False,10.339235739713523,0.7819158902652034,True,1098
12,45,0.5413431438256285,2.247112031967059,False,-0.17598749495080557,False,-0.9066880009909799,-0.04395640587998297,True,8.546807202094454,0.6733661737506363,True,1099
11,64,0.27457395418700636,0.39414633766065243,False,0.2361163748375672,True,-0.5139299272440694,-0.37067008592237327,True,1.3436005378855023,0.11008058550084908,False,1100
11,94,0.19007974967594998,0.46875673610074386,True,0.9625316634128067,True,-0.45773538200650477,-0.4480740924842128,True,0.19301459145778418,0.009471494997764687,True,1101
20,86,0.10528709235762516,0.4189651196825921,True,0.9885435645002065,True,-0.4533092458910489,-0.44843503778418486,True,0.10619556710447976,0.005671457212599826,True,1102
9,7,0.2831997522770452,1.0945698113875475,True,0.928150774564019,True,-0.48902570593067896,-0.38906892835004414,True,0.2754272739574829,0.05825446602400502,True,1103
20,57,0.23643138209528397,0.9828116697208557,True,0.9450444808774118,True,-0.45918141550913105,-0.44824385514587867,True,0.24029290154144656,0.012464410106621433,True,1104
13,9,0.44792765742734475,1.463709980045051,True,0.8236167371558516,True,-0.5158487507187672,-0.4260349221798401,True,0.42316308657825247,0.08661379734631826,True,1105
14,60,0.5888336450472597,2.966484644215205,True,0.7164535837243022,True,-0.4551961622847748,-0.4159847860668291,True,0.5939740615007514,0.03886838003619748,True,1106
6,33,0.35275620806950314,0.5484012791448819,True,0.890474269187422,True,-0.46356374906915315,-0.4313621619650895,True,0.33573494401486464,0.020330557277765168,True,1107
12,71,0.32749629316000056,0.07939852203895204,False,0.804340906064086,True,-0.48277924718299803,-0.4595754676826822,True,0.48930946740890047,0.02373310187822185,False,1108
16,17,0.5360079314227275,2.1418022489088635,False,-0.11633556969073555,False,-1.0280911377076194,-0.40799856861342004,True,9.267474104221028,0.6930760680676655,True,1109
18,7,0.289112547067776,0.1322022828467947,True,0.9076803064758984,True,-0.48531583987419863,-0.4341102582673814,True,0.3091903476923234,0.09413847438319392,True,1110
20,87,0.5354975440838721,0.6049973408995678,True,0.779174080405393,True,-0.4672418811460873,-0.44228013527960963,True,0.5221165959659232,0.02926734758422927,True,1111
5,42,0.2713609617880287,1.701743072165853,True,0.9306325175559935,True,-0.45077340900913476,-0.42788894773975494,True,0.2825969854609518,0.013166662513807149,True,1112
14,51,0.09204004699260315,0.627296428426338,True,0.9911544926217247,True,-0.45569882327411954,-0.4484425376303579,True,0.09453908540414839,0.0073272789670420215,True,1113
16,54,0.49377383738140207,1.04577821886914,True,0.7913641745255116,True,-0.4607055902441444,-0.43077255295588057,True,0.49891098638241976,0.031657554741454805,True,1114
4,100,0.47104000242139626,2.328956088159519,True,0.8051222706119309,True,-0.459229661121358,-0.4218681863909475,True,0.46528548929333874,0.017499070338255138,True,1115
14,17,0.38795468484092155,1.3353993302235958,True,0.8519968917433949,True,-0.4660036610416528,-0.42330279432194157,True,0.4102744523265633,0.051970188993400175,True,1116
19,23,0.5517544197260444,0.712285852597128,False,0.0005312182484140671,True,-0.8959796275173789,-0.2859114846441815,True,3.270333127514871,0.26049354355253124,False,1117
4,55,0.492725872251755,1.134886406430113,False,-0.7211172731189128,False,-0.9783732763230885,-0.11678164087341043,True,5.088219046731584,0.4125241073772698,True,1118
9,94,0.5779895813792195,1.6651618579842538,True,0.7492968140929227,True,-0.470538759583963,-0.4423894711426832,True,0.5788495484176294,0.027124903875237954,True,1119
9,93,0.23323479882248982,0.015479543545301455,True,0.9496840243166587,True,-0.46368320099061666,-0.4474319986994051,True,0.23539758073465572,0.013154752119731578,True,1120
18,71,0.25177016559099386,1.9797930446395977,False,-0.09805332368956066,False,-0.967294584663336,-0.3718508128549616,True,9.331155616257156,0.6626801609981844,True,1121
18,17,0.5058893546473993,0.57750303453459,True,0.7317764672040732,True,-0.46539341100862697,-0.41308614578714464,True,0.5421861188392194,0.05768191481303568,True,1122
2,92,0.39823795177606863,2.5527696136279228,True,0.8512587168145473,True,-0.4617266365684862,-0.4376197293860836,True,0.42093190243469514,0.01205345359120144,True,1123
8,85,0.3511210581598187,2.838625745254817,True,0.8870997947747051,True,-0.4717689657827538,-0.4405329769086607,True,0.3560096545305351,0.025611463791229933,True,1124
10,54,0.2037824388366667,1.1384015324529626,True,0.9634150785698734,True,-0.456155941977986,-0.4419328064334619,True,0.18953336838526533,0.011304178674802793,True,1125
14,71,0.2582823824900625,2.3033269494835773,False,-0.15888416719284937,False,-0.693703107200168,0.14657475645157353,False,9.169467766590715,0.68749245656998,True,1126
7,13,0.3953233641050699,1.3021714130838737,False,-0.3844575145566571,False,-0.6494281456183328,0.7300032013060611,False,5.251368842904124,0.3847322945376599,True,1127
3,22,0.36882202278720416,0.7095350187539341,False,0.712874637561216,True,-0.69900305530277,-0.49308857978179055,True,0.4826253741329092,0.0973780123418517,False,1128
3,55,0.1752879414558962,2.1103221643476378,True,0.97415406408657,True,-0.4526343507489985,-0.44845344062283,True,0.1771001634131846,0.0012938772073707628,True,1129
17,14,0.17508574401546795,2.616378199156265,False,-0.11522484367017971,False,-1.110699757000576,-0.14212815983467098,True,10.814668029598314,0.8469797188111025,True,1130
7,45,0.37852726130145975,2.1982962516259534,False,-0.36288768868358257,False,-0.9517277091185723,0.6459172668305526,False,11.334707338465709,0.8144776497055789,True,1131
18,77,0.5704988026165665,1.93971400923148,False,-0.11376451019319989,False,-0.4960196561941019,-0.04784308145583567,True,8.33331198311886,0.5675686263293432,True,1132
13,62,0.507997775690936,0.33766479616150114,True,0.7788856350398686,True,-0.46094131852949133,-0.4292392048759233,True,0.5144653983837332,0.0317461925484165,True,1133
18,60,0.40873618641878506,0.9959327402481688,True,0.8515211931321076,True,-0.4654334561615162,-0.4408050906138012,True,0.4081788408496216,0.02693368305150184,True,1134
2,46,0.17559535371798013,2.890528395676411,True,0.969319942724431,True,-0.45493425047215064,-0.4285761302127044,True,0.16409174383508357,0.013179060129723169,True,1135
4,33,0.08436416744874956,0.2286807894952968,True,0.9939221284097628,True,-0.449437851168861,-0.44690468341225337,True,0.07780468127186331,0.0012900789653751059,True,1136
20,31,0.2522825255677629,2.2514000924439794,False,-0.09304808095100858,False,-0.7341752688884322,0.0693034287449207,False,8.658397186209253,0.667453719492819,True,1137
6,41,0.13867064406045462,1.1324483043802902,True,0.9766185865698215,True,-0.4528926482719512,-0.44046877209700624,True,0.147024466784765,0.0078149177150166,True,1138
13,25,0.2136771444310797,1.311380693306043,False,-0.14625671946845697,False,-1.1630303643171511,-0.04435763723299956,True,7.476640878050681,0.5270166012255468,True,1139
13,74,0.29123360732198256,0.5852753820626548,True,0.9181298974699612,True,-0.4555278551119283,-0.4441370040138769,True,0.28558080430106236,0.01196607197972506,True,1140
15,54,0.17084488810621407,1.0602547060658893,True,0.9700061899362677,True,-0.4495683190597203,-0.44145924988399815,True,0.16538990393118674,0.009157170059244123,True,1141
2,44,0.32295001667707557,0.6967512249629509,True,0.887325881444299,True,-0.4774977856691329,-0.42669509101913217,True,0.33626795726551467,0.025401347325000295,True,1142
6,71,0.3725617881168438,2.876273748388272,False,-0.4385414483423338,False,-1.1921678758881475,0.16638198016769765,False,9.588904757365484,0.8146751590600348,True,1143
18,65,0.4703956385569044,0.7105447822760445,True,0.8140879625118718,True,-0.4563952884894778,-0.4406588750700822,True,0.4686284623440097,0.02128354638862455,True,1144
5,79,0.4324001371343097,2.3353265161321177,False,-0.5655529126683265,False,-0.5222546530222705,0.709659637657871,False,12.258855138955141,0.8425051425421964,True,1145
13,32,0.5724484400171604,0.49511897909443614,False,0.051211750746287366,True,-0.48954979731086534,-0.35878460832023434,True,1.6382136717202436,0.11544886462614157,False,1146
3,72,0.14212175928149773,1.2755425312154145,True,0.9770056958354577,True,-0.4522004904501945,-0.4369179720809173,True,0.14130430865946184,0.00667685462283297,True,1147
8,71,0.07831681657791432,1.737568374453333,False,-0.22873984941094827,False,-0.802246671826852,-0.36387990765405365,True,4.563607260462842,0.3456926450677463,True,1148
11,54,0.07028779997953381,1.0492944285193662,True,0.994861139041394,True,-0.4516941315691792,-0.4467925635045914,True,0.07070760774053525,0.004346501975723088,True,1149
15,50,0.09372348390622665,1.8989622541842084,False,-0.1247425884331137,False,-1.14946785282571,-0.07380682363376972,True,7.8029497528173595,0.5964819840981965,True,1150
20,29,0.22803464590399025,1.8198790077714362,False,-0.08344167602964148,False,-0.8995359175409543,-0.13786932668042218,True,5.984576590529974,0.4027067426494426,True,1151
18,96,0.36577884310144265,1.9331479523973516,False,-0.10711120839125798,False,-0.7475885266076662,-0.26167244156350966,True,8.089926599325949,0.602156747116654,True,1152
16,88,0.14155192385017742,0.545589435614725,False,0.026101247653046555,True,-0.4796051939612248,-0.3344060465111747,True,2.3581239283934217,0.1708319596975194,False,1153
8,85,0.2682721868888961,2.6750181768830594,False,-0.2815082914557192,False,-1.1520529863065474,-0.1657296489711932,True,10.384645037481004,0.7789187971496557,True,1154
6,11,0.11602138811738084,0.011309592658143908,False,0.9813558884656577,True,-0.4658547232386736,-0.4382081351168616,True,0.11556619047128927,0.009586809114111684,False,1155
3,96,0.3004718604642528,2.8821488911106687,True,0.9110939453947622,True,-0.4837746423137619,-0.44008488702688725,True,0.30645422975877384,0.02028864348117745,True,1156
18,87,0.12293051642937886,2.976179808643018,True,0.9839088836395604,True,-0.45074008829618045,-0.44374138723680145,True,0.12015850532293702,0.007868202367250278,True,1157
3,69,0.2406046418890685,0.5169017398278605,False,-1.2104521832132864,False,-0.469182738859904,-0.06439463174469695,True,3.5403097878327214,0.28165749483412333,True,1158
10,97,0.5962133367617548,1.4807995757279464,True,0.7532088630331107,True,-0.4730892779208395,-0.4326114994301107,True,0.5751108711868953,0.032178017917253075,True,1159
6,73,0.5321066733198423,2.9284137097989333,False,-0.44825198191696636,False,-1.8426364404814266,0.3535903635060475,False,12.51716486956225,0.7698146210043469,True,1160
12,38,0.27227032802829054,1.3561911432238094,True,0.9234368030250237,True,-0.45260898702140523,-0.43128494943925144,True,0.26830815667414426,0.02425674336349529,True,1161
14,35,0.24444130802983838,2.5157733331755816,False,-0.14950894072319887,False,-0.8975904473901855,0.006157460586974499,False,10.159772996325334,0.8077764752558315,True,1162
10,41,0.4394409642888636,2.56020560521067,False,-0.15823713744357604,False,-1.5728154753098185,-0.6475904904084634,True,8.831942275890338,0.8024734282792594,True,1163
16,5,0.39729545709962305,2.204912062434002,True,0.8423284504323345,True,-0.5016623676091279,-0.40744064262623525,True,0.38298205457796525,0.10970895334061427,True,1164
9,55,0.4319669471557405,1.2619462203199805,False,-0.23710697586077822,False,-0.6673725376478722,-0.0014601146723974196,True,5.148742437838589,0.4146576248546456,True,1165
20,69,0.15377622240028466,2.032793570448809,False,-0.08969024457782582,False,-0.6196684573169269,-0.230458033666867,True,6.33472363834763,0.4812671120531506,True,1166
17,99,0.3854753561964404,0.13964600643858138,False,0.677314138914257,True,-0.4829181391100626,-0.43974512453300113,True,0.6385612711693236,0.03462895166804614,False,1167
13,54,0.33408634864996806,0.10877364153791669,True,0.9002679380083025,True,-0.4675702273917845,-0.4530756806781274,True,0.3194892683600896,0.015786297162047436,True,1168
14,58,0.4593028295673514,0.6589936963053608,False,-0.016015231563830223,False,-0.5002391061915114,-0.30679906078692804,True,2.573166304420562,0.20225839985266264,True,1169
19,41,0.18846923290665357,2.4765967745780655,True,0.9634106768757964,True,-0.44858357577224006,-0.43505067966336164,True,0.18624199849078432,0.01579124071209284,True,1170
16,41,0.527656485220441,1.9445293350320705,False,-0.11174666364159802,False,-1.0124609428545137,-0.2185950616341173,True,7.587411171818861,0.5067011402727937,True,1171
14,87,0.2824523813354587,0.4775186120173627,False,-0.03043238082154409,False,-0.5537532736790284,-0.2641314538233744,True,2.7800527352706546,0.2137352535980375,True,1172
9,44,0.34742390225727904,2.0221261860883852,True,0.8826371576955687,True,-0.4567323517807903,-0.42262555733166485,True,0.35077231550336707,0.027901848824889736,True,1173
9,22,0.2685042297149777,0.40157727462048587,True,0.9323158414913264,True,-0.4657134219302605,-0.4373303538965078,True,0.2586778258743555,0.021063698243389075,True,1174
14,13,0.24952801990507906,1.7493919683865342,False,-0.039690027639255776,False,-2.035950608478364,-0.5616584300060783,True,7.084713243949021,0.5206968703222438,True,1175
3,56,0.1425333968487731,2.092035002595388,False,-1.1826910872233833,False,-1.4376896594278323,0.31653342432877074,False,8.350680943378004,0.7318727050126713,True,1176
19,19,0.49758301423128126,2.8563443115861378,False,-0.10836495729106632,False,-0.9023892781498913,0.288921151025949,False,10.387980941379432,0.7392855041043398,True,1177
12,52,0.125811308631664,1.7858619426332476,False,-0.19518361366408898,False,-0.35895104421076834,0.25693623301106466,False,9.199662406918074,0.6901032878349725,True,1178
9,14,0.4878324043693098,1.921819830485549,False,-0.28870454226753894,False,-0.5807122442781417,0.5433125566855419,False,6.658637108080372,0.49635699977982767,True,1179
15,76,0.3178056474097891,2.1664379851355946,True,0.9153801216187275,True,-0.47038320960013363,-0.4499320468939916,True,0.31256468048787805,0.018257897034529673,True,1180
2,46,0.35644571455404134,0.2151194676746856,True,0.87893546716835,True,-0.4671163183308833,-0.4286884995037573,True,0.32618377845735413,0.019213909413563074,True,1181
13,60,0.5290743826417645,2.977521373493352,False,-0.1630617014673572,False,-1.4946155805456143,0.045590472187382027,False,14.133249273020095,1.0680989930090414,True,1182
19,65,0.4044385270557702,2.205584921378139,True,0.8595095504519941,True,-0.45869842339015204,-0.441697180628055,True,0.3931099818639755,0.021626468300574,True,1183
10,48,0.3686743683225661,2.8916180406656173,True,0.8732818712182159,True,-0.4657974868567749,-0.43387653185445235,True,0.3679533341294051,0.02915893460084154,True,1184
6,57,0.09112616622032355,2.0850143881801504,True,0.9919572742840903,True,-0.45415286098502633,-0.44649428123714396,True,0.08928649647468218,0.005031845197750334,True,1185
15,44,0.2897729410848367,2.119828380010685,False,-0.13056779753066583,False,-1.2080796243793765,-0.21438152226835475,True,9.25927640878774,0.7153602097923073,True,1186
17,17,0.30257985957263833,2.8034698929961914,False,-0.13337133313962668,False,-0.6792551987328153,0.6413622364286012,False,9.67458596587531,0.6383968613481286,True,1187
13,10,0.5073343086309875,0.6633098426364598,False,0.06708637617597268,True,-0.8790239979823411,-0.3624964257996692,True,2.195197329298891,0.24404416890788572,False,1188
2,22,0.2310976631920762,2.789683737449705,True,0.9263884825412023,True,-0.47121570059294743,-0.4621218168082506,True,0.23624544927938548,0.004546941892347944,True,1189
17,99,0.314581525348711,2.947706324363301,False,-0.07355314570617222,False,-1.1396566281558729,-0.37009204889191183,True,7.842454239104201,0.4858965979609002,True,1190
9,53,0.20230893169595338,0.11366766807111595,False,0.88899202182566,True,-0.5042542997777714,-0.46713931491705685,True,0.3260062140164949,0.02594780343602142,False,1191
6,61,0.48915017611398903,1.3481922989187833,True,0.8091189999610039,True,-0.46801733689242425,-0.4407219260316283,True,0.46097242430395385,0.018443677390638333,True,1192
19,16,0.4242409863289098,2.8404632842086674,False,-0.13217845948706874,False,-0.8155310677136592,0.1885066004152734,False,9.117482062147117,0.775950612437301,True,1193
17,47,0.17094527653995467,0.8056378112718591,True,0.9696998421864551,True,-0.4531082433946075,-0.442855776232853,True,0.1682560224583493,0.010842657108798745,True,1194
17,24,0.524727491675612,0.5163427953193717,True,0.7904124249551947,True,-0.49979609088584404,-0.44935177117779035,True,0.5310313388349486,0.05476163999807679,True,1195
19,96,0.24638427779238398,0.10041813449329728,False,0.7546819690812121,True,-0.4790325152839217,-0.43975918752833326,True,0.5400428932318295,0.031368631741169564,False,1196
4,73,0.11423049766885579,2.154991179677924,False,-0.6907479054394099,False,-0.8928902542813878,-0.19111776507739878,True,4.800856621625232,0.33335165230454616,True,1197
16,46,0.2773164723057852,2.172231806315046,True,0.923304864136161,True,-0.4538846950577729,-0.4358917974988831,True,0.276360291216603,0.0244391821906201,True,1198
2,96,0.5655865993103407,1.2593114189728039,False,-2.722400085231951,False,-0.8908636494883599,-0.3900725153329569,True,3.9738154294574466,0.25039556707770194,True,1199
6,29,0.05318452206125452,2.37861818647114,True,0.9967581365607817,True,-0.45077930205858313,-0.44638441733389295,True,0.05539624306920797,0.002530756367621473,True,1200
10,13,0.15603069770372918,2.2129503985151286,False,-0.26134582017437524,False,-0.6448054716080746,0.4650396964781613,False,8.020246539873314,0.5881711815850773,True,1201
7,78,0.1817493034464871,1.003090324977501,True,0.9657599905723652,True,-0.458243512220881,-0.43926077038682765,True,0.18536948969854347,0.012300107464871623,True,1202
16,47,0.05257095970794279,0.33046057494200465,False,0.20872794399901984,True,-0.46507306080803157,-0.35726749109609895,True,1.2866900507910723,0.1020540683585773,False,1203
6,85,0.35473497475829385,2.0142705882127547,True,0.8822212181077793,True,-0.45962557023712725,-0.4293119640606044,True,0.3558017487255482,0.021101156204545606,True,1204
17,84,0.19528476576480402,2.1331086248555553,False,-0.11004019883010718,False,-0.6414600021905011,-0.20457583010322455,True,7.2404444589731645,0.49909161695811016,True,1205
19,96,0.5852991009347209,2.3602564964753667,False,-0.11173227904779726,False,-0.7977692161937837,0.141764878969455,False,9.467958954733229,0.728363539421461,True,1206
14,92,0.2001415963343754,0.889557094475499,True,0.9616923761370162,True,-0.45271997408918196,-0.44330827814685225,True,0.19899239088705334,0.00949575419378768,True,1207
13,35,0.4872452463293119,2.9474277274159424,True,0.808994383906888,True,-0.4916549395767518,-0.4558696833098354,True,0.48004875572149897,0.03492805865913524,True,1208
16,17,0.4739257762152247,1.7668181449185363,False,-0.1182960401956723,False,-0.9980242551814197,-0.2525753478420845,True,8.945582119639665,0.6300359378353144,True,1209
5,99,0.14266445322212057,1.8389277949229266,True,0.9786177320386642,True,-0.4545259528680873,-0.43918810560266686,True,0.14086421634546725,0.010302937056392628,True,1210
11,50,0.4711259784444301,2.9936494660837836,True,0.8107283034846239,True,-0.46980461525420447,-0.4486395855739074,True,0.48019222857881416,0.02063469606171712,True,1211
5,47,0.2040974967801546,0.6931397621100891,True,0.9638942954329683,True,-0.4570310478437779,-0.4365608973310348,True,0.19239522771614515,0.012295592100056105,True,1212
6,93,0.48347231168023513,0.7274353729599946,True,0.8237213858388919,True,-0.4964540682184061,-0.44493738507470265,True,0.4753867711634213,0.03140886459567853,True,1213
7,53,0.349715163861466,1.1401567439183438,True,0.8939492402646305,True,-0.4650683851951315,-0.43258586876166244,True,0.3294159006497109,0.026162187751719964,True,1214
2,71,0.33603051582329896,0.06729745675682519,True,0.8968938511160753,True,-0.4585367785391876,-0.4448450698759627,True,0.3142714685325374,0.006845854331612222,True,1215
13,74,0.21028353608694061,2.823429704898655,False,-0.1395904688501528,False,-1.6954379260945478,-0.3058586396354717,True,10.784945470050156,0.7498596174124131,True,1216
12,16,0.19312733441657742,2.592693829661716,True,0.9667598708238417,True,-0.45846471518326454,-0.44335988615691974,True,0.18198727422264704,0.016898431784071223,True,1217
19,8,0.45572775610066646,1.6157204963465532,False,-0.04344552484320974,False,-1.4631819165950042,-0.4273860460084641,True,5.738253821125863,0.4504155245568149,True,1218
15,34,0.14745273669273287,0.7808004679895121,False,-0.08355750412607321,False,-0.5648123362549795,-0.17134263352560336,True,3.2276096678815023,0.256891478204371,True,1219
8,59,0.06557254358209398,1.3404099054731429,True,0.9953711033844111,True,-0.4536730169797241,-0.448079638221955,True,0.0680355949618209,0.0035822623980542195,True,1220
19,92,0.20610368701196102,0.810131406124141,True,0.9602959752877869,True,-0.45260873627426423,-0.44606514919422857,True,0.1961524079733178,0.0075741671274346025,True,1221
17,79,0.4110089339016179,2.7002779165885045,True,0.8590635491867287,True,-0.4601297159183565,-0.4431321141465026,True,0.40506816964750286,0.020797300419664547,True,1222
9,77,0.3010902133646266,1.471522398781007,True,0.9205892927446151,True,-0.46795586317478766,-0.44915928025009794,True,0.2948700708638559,0.015827365368482893,True,1223
7,57,0.4684034262268695,1.0947195603664301,True,0.8044264740504941,True,-0.46361435901488884,-0.421833110818953,True,0.46434338035653944,0.02853692414104026,True,1224
10,94,0.3442868707520555,0.5211161815302676,False,-0.03980568443303545,False,-0.6216277765816202,-0.3928926372734657,True,2.5368562984399086,0.14578534706979043,True,1225
20,53,0.553939386376816,1.1767651640985086,True,0.7490724887140039,True,-0.46939552204801804,-0.43040223661034066,True,0.558574773386137,0.050667971663605815,True,1226
16,29,0.4208440090437591,0.3064941082016177,False,0.16438042133251118,True,-0.4871856396962574,-0.35577446047179523,True,1.4889214724001507,0.1127569711398327,False,1227
10,57,0.5055601507888033,1.5320636160059484,True,0.7907207966567797,True,-0.4664206392194246,-0.424055663435193,True,0.5179159528449356,0.04175435336088846,True,1228
17,38,0.3756441033881276,0.06476898071546022,False,0.8369617884023914,True,-0.46488124971158995,-0.4352122528753007,True,0.4299556805002012,0.03155775449114944,False,1229
4,45,0.43134803978705627,1.2739864529532086,True,0.8472686732017196,True,-0.4912776844623581,-0.4192997652327412,True,0.40325576719597744,0.03257575298158414,True,1230
6,8,0.4141465277147471,1.6218367034032837,False,-0.28113552540208264,False,-1.736173628113678,-0.29925837472160605,True,6.188153011555464,0.5651233359857056,True,1231
12,7,0.5730414611952384,0.6392810996724112,False,-0.14646642004989663,False,-0.8713062032831402,-0.1578568092518029,True,3.1806728379432543,0.1901777462812869,True,1232
13,79,0.08553635401289689,1.8623394159985067,False,-0.15194413905903148,False,-0.9868685477556125,-0.11342645273349393,True,7.747745555829786,0.5297783074134387,True,1233
14,66,0.129130763374807,1.3492748488300048,False,-0.13468218393748344,False,-0.6753624144912124,-0.12634936043685563,True,6.316527650633478,0.4707058868411662,True,1234
17,10,0.5962304104956181,1.6111066416249364,True,0.7479887954124799,True,-0.5071892062241216,-0.40616492548845656,True,0.5526737995928274,0.12918526069100678,True,1235
17,70,0.24093135885902156,0.6791390227801454,False,-0.06285641223887684,False,-0.42879953103578294,-0.15203933410208043,True,2.9414293339734967,0.2046187860256136,True,1236
7,76,0.28168361019730104,2.1248838160860926,False,-0.3497107338300267,False,-1.3328649653749851,0.39011521621214845,False,11.238365970671621,0.9649905329069224,True,1237
5,27,0.2918381180666264,1.1713989417420265,False,-0.42784963803503295,False,-0.7435907730760664,-0.4293844184119876,True,3.665953424148351,0.1736514811507448,True,1238
12,36,0.5693395891376205,0.6180116635951766,True,0.7354543565500323,True,-0.4629001436454445,-0.41475768462110935,True,0.5812064077062028,0.04036902618833806,True,1239
11,48,0.20949460374270218,0.29871566663977356,True,0.9572556804361902,True,-0.45770088759820854,-0.44386418315094817,True,0.2133574164053888,0.014245650669504291,True,1240
13,51,0.29792100906467694,2.720286293083425,True,0.9178089295464257,True,-0.4597315489327003,-0.4372475408430079,True,0.2989556540273349,0.023630096455836226,True,1241
17,57,0.13600022938832118,2.133082362344752,False,-0.13884675871354912,False,-0.626064933619032,0.4839649997341195,False,8.80822666718855,0.6019274693195372,True,1242
11,94,0.5793494668463485,2.774712900594386,False,-0.20241289199770485,False,-0.663851328536806,0.0848970962120554,False,13.879770419923496,1.0203866833877493,True,1243
14,24,0.1692749634186993,0.8167372759431695,True,0.9719354186123289,True,-0.4607577557654871,-0.4492770386228079,True,0.1652439195021124,0.012317616076792133,True,1244
14,60,0.14102222020643257,0.7500027992249605,False,-0.044618468264099764,False,-0.4673950934157168,-0.2171778994738789,True,2.3173623039824696,0.16709241779467707,True,1245
17,97,0.31191495233575983,2.698117933716562,True,0.9049293409229666,True,-0.4608106899384362,-0.44482528138521926,True,0.3162590352544663,0.016599641867751917,True,1246
16,83,0.44612841333435393,2.6911117216460254,True,0.8200054040415388,True,-0.46417883557670003,-0.4387413443410461,True,0.4521156592927668,0.024821478717527008,True,1247
6,23,0.07557355322308591,0.5232671936161805,False,-0.4273097816591309,False,-0.32000672665239904,0.3665068897861244,False,4.052728562851663,0.3245120514526449,True,1248
18,79,0.19601723849082098,1.182401433698904,True,0.962038903368902,True,-0.45748900896651234,-0.4470871358648879,True,0.19583557925641173,0.011702000441099408,True,1249
10,86,0.2454899386811834,2.1956664579026772,True,0.9420890529638969,True,-0.46303003900759765,-0.4516838318860396,True,0.2465402626611713,0.009699160344864144,True,1250
9,9,0.11175499187388158,2.9167131661389787,False,-0.28400018066092136,False,-0.6321135157690139,1.7220054141127326,False,13.367198620822673,1.0596552893190037,True,1251
5,34,0.45908098818631227,0.4919774967505759,True,0.8098043543301897,True,-0.46128389471021514,-0.4268821278320793,True,0.4639259724487018,0.024365491978844793,True,1252
11,89,0.12632684915133857,1.0531477909084397,False,-0.19690170993911593,False,-0.5994980595833752,-0.02371037060462771,True,5.50718673984985,0.36288025207233693,True,1253
15,5,0.49897130858317024,2.32526554475996,True,0.7966430857495705,True,-0.5032741667286927,-0.4071125447434172,True,0.4843360674140871,0.19377514203397897,True,1254
6,40,0.4712424983083761,2.568001513660581,False,-0.4218694738998068,False,-0.8203647881142304,-0.05653995731187577,True,6.554679518183614,0.5041413835989876,True,1255
2,95,0.30579892068773384,1.5817998136493725,True,0.8985502510183723,True,-0.4339867378555325,-0.4154406728007719,True,0.30145838364947325,0.009273032527380376,True,1256
2,25,0.4456032347656744,0.11818529645179132,True,0.8732203948703683,True,-0.4803580712553276,-0.47385110315730794,True,0.3847639689708172,0.003197849011359166,True,1257
12,64,0.5868326090091047,0.3487002874609969,False,0.4828280597607363,True,-0.5330760851516367,-0.4249534025881313,True,0.9759121180983444,0.0807352594627235,False,1258
3,34,0.31519165692844886,2.503001408147108,True,0.8851986152450834,True,-0.4727529060596217,-0.41753732535397786,True,0.3351550314899578,0.02707555008452095,True,1259
15,24,0.4903445584358709,0.4354329118490827,True,0.7875859690937597,True,-0.4654452703838688,-0.41858234801622507,True,0.4872341209275399,0.05135969335375966,True,1260
9,45,0.3984752534176361,1.1356407003700442,False,-0.22399813687014403,False,-0.7919740049131998,-0.16639729020912428,True,4.799433808493423,0.3173498884270467,True,1261
19,11,0.08734926466949619,2.344013989859253,False,-0.11485763222992307,False,-0.6867587933487974,0.40615519572487024,False,10.08969014374049,0.791732759731339,True,1262
13,5,0.2019964573326254,2.533533735148761,True,0.9578036472378103,True,-0.4769054153822936,-0.41999540179785994,True,0.20449675069846485,0.08376853191084867,True,1263
20,22,0.1262420277352842,0.48109033743135643,True,0.9830298430354024,True,-0.4540727023105845,-0.44350691779456186,True,0.12670893963448684,0.011377513852146665,True,1264
20,82,0.5876843906973536,0.5389183579929281,True,0.728554995810136,True,-0.4682617799987669,-0.4448678675924544,True,0.6018847577022459,0.025505994621255513,True,1265
19,27,0.5224246227138009,2.887411466379825,True,0.8048312961606563,True,-0.4820620780641332,-0.4385578541968479,True,0.48881800692276256,0.059508231168348184,True,1266
5,77,0.2140744493904378,1.1874772842359924,False,-0.3175364335053952,False,-0.6770177063305494,-0.3215190496172376,True,2.363406169523566,0.16563146540331647,True,1267
20,100,0.5954923013502186,1.497034440314979,True,0.7251551812566079,True,-0.467915570835031,-0.43659814555040594,True,0.6018020995200289,0.03699342943784358,True,1268
2,33,0.07698599072390111,2.8344381503272724,True,0.9925901223981325,True,-0.46032379622329145,-0.45398868563162986,True,0.07353977699936902,0.003167555295830793,True,1269
14,60,0.5467852764424243,1.9534661635241926,False,-0.1586283150478882,False,-0.8990338498247781,0.026953740343030795,False,9.855869757158684,0.7596240969327581,True,1270
10,97,0.5979283842704565,1.465757169877028,True,0.7166554933266844,True,-0.45588548095433257,-0.4186358638088796,True,0.5966360561120472,0.029252163837235664,True,1271
15,47,0.2863091842540884,1.0283530994544081,True,0.9242128434818773,True,-0.45303274249189235,-0.43740363600846094,True,0.2871053224983915,0.015405190646598389,True,1272
20,50,0.35579275892889917,0.427191578339822,False,0.10930170066597289,True,-0.5033825501864584,-0.3583920018166949,True,1.8749710097127796,0.1399538240044419,False,1273
10,55,0.1631217650466378,2.497538773427884,True,0.9721517902888765,True,-0.4592742116687075,-0.44690327383908857,True,0.1683164787738809,0.009808997859207469,True,1274
9,67,0.5226981653757639,1.6920880016688056,False,-0.16943297202308782,False,-0.7579388411319725,-0.4969332343641782,True,4.683650957008121,0.23202727774900564,True,1275
11,17,0.09481745056789653,0.04775716068616309,True,0.9899306575096197,True,-0.4555963288833153,-0.44155669975615197,True,0.0996222023867256,0.013318634305582649,True,1276
3,6,0.12207690227042992,2.1623398362505744,True,0.9892228205079646,True,-0.4862439291170897,-0.43560868308081296,True,0.09169002456568673,0.02070874210181595,True,1277
19,5,0.08272069304096549,1.3741810536803398,True,0.9929834211237053,True,-0.4640950452391839,-0.4468429368433458,True,0.08005690349447046,0.03712872683485362,True,1278
7,32,0.21727801109163314,2.9853832130319615,True,0.9542927294989466,True,-0.46750882655650533,-0.445666220441838,True,0.20014084795718234,0.014746758999378749,True,1279
3,59,0.12934612668974682,0.8283550889483794,True,0.9831020661402147,True,-0.46724551683409676,-0.45830180108587215,True,0.13341189513876223,0.0055741024273587,True,1280
5,25,0.19581234718142593,1.147581225908926,False,-0.4000390708590109,False,-0.3694773161157521,-0.038934040231918786,True,1.3233304550946594,0.06190202833596289,True,1281
2,30,0.3330556090046995,1.2264422775414592,True,0.8266318774866069,True,-0.4989860668036601,-0.4562280305693671,True,0.38152500622353985,0.021379018117146653,True,1282
13,62,0.2901353916439758,2.7757097242322617,False,-0.17821729781202955,False,-0.8552597075773888,0.2791075069539895,False,12.280611192046864,0.756435756932954,True,1283
3,44,0.3668504773750186,0.5647823429614605,False,-0.41276256411944545,False,-0.43768447640549346,-0.24540091889965765,True,1.0555373947239395,0.06979885765577042,True,1284
11,55,0.38669188622217787,0.7891849089935752,True,0.8633280769033372,True,-0.4749502691330403,-0.4525217130666454,True,0.39458213285004723,0.017810191125559916,True,1285
9,75,0.1092881040965649,1.4937611198313077,True,0.987841186489979,True,-0.45185103420870687,-0.44766487699322316,True,0.10924173335032387,0.0033612705600226888,True,1286
14,55,0.3907592753210483,0.21533162699173114,False,0.5160316894603258,True,-0.4736629886540602,-0.3750244711007463,True,0.7950655587104297,0.05873245561436387,False,1287
6,94,0.34612077030340865,1.9407636231918195,False,-0.42950036152165105,False,-0.3683529331774206,0.13878383353553314,False,4.384219021424665,0.3012358137409799,True,1288
7,7,0.3457673391077544,1.7615563830403225,True,0.8886754809191645,True,-0.5106840607684221,-0.4329845164821989,True,0.35794180850947105,0.05261420759131725,True,1289
10,64,0.37311961788013737,0.5045945025520888,False,0.20594504958133408,True,-0.519462479814002,-0.45052569651540036,True,1.303118851328209,0.07194827449639228,False,1290
4,22,0.31135666183030397,0.49700433190137916,False,-0.7297497511951803,False,-0.5935267223551459,-0.10098474782412324,True,1.3624728065874268,0.14966299810073597,True,1291
8,40,0.5817160036254336,1.386677597086733,True,0.759058077998731,True,-0.4911242475227949,-0.44914272994727356,True,0.5747387372361127,0.04292676055986034,True,1292
16,95,0.49587022216480403,0.7550719420052655,True,0.7803397235386262,True,-0.4536047028163377,-0.434455038871423,True,0.5071187814504161,0.020599399405574155,True,1293
19,79,0.4724294185574104,2.991788641352014,False,-0.09147731145867133,False,-1.460982894230974,-0.3022563631305428,True,13.086740834823601,0.9370962190967852,True,1294
17,86,0.1748008515020999,1.4946869855716067,True,0.9697516251811762,True,-0.4559113697595934,-0.44600275683541973,True,0.1732356875395673,0.010795663510806155,True,1295
14,98,0.523350626493235,2.5699823599273905,False,-0.12896107710657834,False,-1.1728312406727404,-0.1580518614336701,True,11.386328728558748,0.8028529568007702,True,1296
12,21,0.40039737275247694,2.398523524715796,True,0.8705988908257463,True,-0.49272670627901843,-0.45444448741873483,True,0.3908161921906474,0.030270196567125193,True,1297
7,75,0.09433764013962759,1.0824662055156618,False,-0.19983914231836652,False,-0.6165637851714069,-0.29107242390697247,True,2.968128166898054,0.2259161274424697,True,1298
2,53,0.3736310721865429,0.1847763828695893,True,0.810522994156263,True,-0.5054696158778846,-0.38295892326869446,True,0.4015775577982944,0.06125534630459517,True,1299
9,24,0.07412500532352054,2.528429228142876,False,-0.30103049057885256,False,-1.6266810429515068,0.19641648344281828,False,12.546763097976676,0.9336187938058674,True,1300
10,34,0.5083575392037244,1.425246936263013,False,-0.20209744865561285,False,-0.8906413601753034,-0.23079708628484058,True,6.994073067769004,0.4681525306917627,True,1301
15,54,0.2111431125591297,0.042856725122846884,True,0.9527468201126743,True,-0.4565401255468743,-0.44581072403527694,True,0.21684386009797035,0.011173800706718291,True,1302
9,14,0.4690514840871684,1.3101083509809464,False,-0.2239044198287854,False,-0.6425950593458878,0.0976033128457835,False,4.020380597893506,0.278817003172536,True,1303
19,85,0.3921914426287025,2.5141409507342676,False,-0.0984625063068636,False,-0.5904997385864543,-0.023183395914083256,True,10.170428345411764,0.6340020540283585,True,1304
13,9,0.45388195091041406,2.5162967077197105,True,0.8193914760358915,True,-0.47018281290469705,-0.4022241218158208,True,0.4337298712741084,0.09184477030425628,True,1305
4,28,0.35937558542675835,1.269155355858555,False,-0.6317441327924103,False,-0.6313038742502232,-0.04711443104242827,True,6.502516826888821,0.5146113251505546,True,1306
15,92,0.5916147178668809,2.9630749844263575,False,-0.1475535667992931,False,-0.936153715072637,0.3370871089058146,False,11.796020822921493,0.8591286237941187,True,1307
5,20,0.08897721175935758,1.8908696705424433,False,-0.6287028810708271,False,-0.38418436727461996,0.39830686627459233,False,5.247052875675889,0.45809756250529854,True,1308
8,42,0.490657508338343,2.5762814326565064,False,-0.28466624747434355,False,-1.1020596881837696,-0.165758078167311,True,8.032715380564984,0.5312565102894734,True,1309
10,92,0.13610093004011475,1.2101889113734479,False,-0.18498349570730133,False,-0.5330305862530232,-0.2048245567026644,True,4.243723125776534,0.2575032277575757,True,1310
20,60,0.20570831166397918,2.7341090535798847,False,-0.09403698129458093,False,-0.7071249138115924,0.09214122064970848,False,10.192215655415215,0.7184514941318878,True,1311
6,30,0.1111677228375579,1.4146986795854302,True,0.9853455180444693,True,-0.4559443360002427,-0.44358267194069056,True,0.11349760616651654,0.007312775361759594,True,1312
10,68,0.589927743064606,0.5629333372864537,True,0.7266445341199858,True,-0.47562525529890415,-0.41804810939417103,True,0.5809413594341186,0.04519527984251524,True,1313
4,8,0.219457180934106,0.73107147158931,True,0.9542970340729185,True,-0.4596143672766554,-0.40520062634797005,True,0.19592897133459608,0.029225196751507965,True,1314
17,98,0.11655670246181303,2.520864806060292,False,-0.12686626847242266,False,-0.5129250196686673,0.17964866440968721,False,10.23802195830428,0.6706924998395524,True,1315
7,57,0.15150650798147625,2.3444455466358303,True,0.9720753025188459,True,-0.45140296045625,-0.4303432042714665,True,0.15405953334471817,0.014425477477252141,True,1316
19,14,0.2761190854280326,2.1247228995770673,False,-0.08784139896949328,False,-1.374153772693272,-0.17510272627477083,True,8.916565994625625,0.6530766125246957,True,1317
16,14,0.39197766228080627,0.4447650493038894,False,0.1305313962433542,True,-0.5452364433367761,-0.29417503408685886,True,1.7369368238324188,0.12592771684458903,False,1318
9,43,0.14711078109424774,1.0712404273021552,True,0.9817661504197222,True,-0.46078039936877047,-0.44644231938588236,True,0.1388127292834457,0.01282107004438706,True,1319
19,85,0.2711966020598979,2.5988523883180488,True,0.9259878501077173,True,-0.4524394573456132,-0.4417981813946339,True,0.2694617498768511,0.012243280938992834,True,1320
10,8,0.3574326878674307,1.522377166717261,False,-0.2525236450555868,False,-1.388388637709411,0.12088847563776701,False,6.314350153822612,0.4936567815636953,True,1321
16,36,0.1358485040964403,0.258911961652461,False,0.5365303357860332,True,-0.4470831403140109,-0.36195792527177995,True,0.7362490063296506,0.04507850766737856,False,1322
15,95,0.25529774764966073,1.1328183811521,False,-0.09103898345085581,False,-0.7673216487128265,-0.3866906896246447,True,5.016232142217851,0.37047903106350083,True,1323
10,9,0.38187669942414143,1.0466023208507664,False,-0.25005944137782987,False,-0.2771920006780773,0.1918277371278338,False,2.6692868599479516,0.21567703215542022,True,1324
20,57,0.16669392511529413,2.1039348160094202,True,0.9694150860279186,True,-0.4505564982692169,-0.44095793473212386,True,0.17198842802574782,0.012422498006901563,True,1325
18,41,0.5556129002897033,2.1004862271624143,False,-0.12381009090869033,False,-0.39136969846665876,0.8600403272825093,False,10.543622393681174,0.7868248851196903,True,1326
16,45,0.4619631664853129,0.6185678026559775,True,0.811494754167317,True,-0.465875641281842,-0.43859369646839386,True,0.46927341495423625,0.029977827677788612,True,1327
8,5,0.4293763680021338,0.3139421839675848,False,-0.054872342343247116,False,-0.5865152575697807,-0.23402816326615533,True,1.6681577796677693,0.15390585502748308,True,1328
20,27,0.16690288448773555,2.9368795678294326,False,-0.1002382632217429,False,-1.2331294649761564,-0.15158090613038228,True,12.052630480267881,0.8115786750784285,True,1329
5,75,0.483050625616106,0.8243311976083758,True,0.8134226199208363,True,-0.4923375348825433,-0.4405283363200758,True,0.4825438928279669,0.028115859142995192,True,1330
15,85,0.1688082739276261,1.1835924961636928,True,0.9715104926290123,True,-0.46125792783367253,-0.4542462329865561,True,0.16971955677323874,0.007886654218036459,True,1331
13,64,0.23650027832479426,0.36487382505879296,False,0.20306724578216195,True,-0.5330508915030628,-0.3378601847693045,True,1.474009021523151,0.11497789784730046,False,1332
5,50,0.31119922914825826,0.27529064175824314,True,0.9220077338271513,True,-0.44242686259446856,-0.4219572126843956,True,0.2873600138052466,0.014506899434222039,True,1333
13,48,0.22495317151026573,2.739577653653257,False,-0.1476036402516694,False,-0.7727712465606512,0.0024321121683364465,False,8.019743815518314,0.6947403455612805,True,1334
2,22,0.4976674743646624,2.3469580668117587,False,-1.6079463689565427,False,-0.8460158865526589,-0.765929316549258,True,2.210546431429957,0.025135014572719716,True,1335
11,53,0.383543528485902,0.33138303059624397,False,0.39821422121583716,True,-0.5354400272506539,-0.4411110309728125,True,1.148107392132257,0.09881437229201184,False,1336
13,30,0.46073062168209916,1.9123169582778847,False,-0.1662297132573154,False,-0.7759330370099797,0.09375224114192285,False,7.579604862821236,0.5492884158747575,True,1337
7,50,0.3690180666347154,0.9755612384762834,False,-0.21128338792645396,False,-0.6802350643073862,-0.4289795660367676,True,3.239527052919271,0.26820114241480075,True,1338
3,61,0.46461085735834784,0.030278037156520443,False,0.8472870639247202,True,-0.472203950944335,-0.446332114646502,True,0.4516055734251648,0.01058457491209111,False,1339
10,88,0.43100161433181816,1.6480031165559217,True,0.8274433025854954,True,-0.45848225037318807,-0.4260796784053415,True,0.4299794340092803,0.028597040575735273,True,1340
12,11,0.19984402290372377,1.1486378417742629,True,0.9609781008099727,True,-0.4757213209220059,-0.43595921456804143,True,0.20275670967451678,0.03321357791416762,True,1341
9,92,0.2635804018520628,2.1583320754187807,False,-0.24087657058774514,False,-0.9247449736938335,0.2690759811838042,False,9.619346711959722,0.7555724225934397,True,1342
12,39,0.3562088842548045,1.6662546546453627,False,-0.17397514381518864,False,-1.4779801196198759,-0.13023334395100866,True,8.42052493055699,0.6284194391035292,True,1343
19,27,0.5380361735314325,0.36047344761635614,True,0.7867176297331708,True,-0.47436809731152907,-0.43417115084150026,True,0.5360531820644172,0.0466756073542157,True,1344
15,11,0.5194074812434061,2.191162452532857,True,0.776516960891786,True,-0.4615580584665472,-0.3894080317267761,True,0.49538542292938864,0.09222390826960179,True,1345
8,32,0.18228120171322426,0.6181979863547643,True,0.9625624407314282,True,-0.4529923605774588,-0.43372830118032546,True,0.18144538462882978,0.01620756395527609,True,1346
13,24,0.1157293475497492,2.395640084256974,False,-0.17422200265983845,False,-0.9461519937828069,0.3781090773317764,False,10.254472004413282,0.6550977159163285,True,1347
13,73,0.4133513165090502,2.0341464467286166,False,-0.17358459247827418,False,-0.43530177590042685,0.41054144755288363,False,7.860406373929539,0.6154300083928352,True,1348
18,13,0.4397332911521835,0.7145209851419021,True,0.8268229715282706,True,-0.4828392757809703,-0.4355456251893554,True,0.4496464654250935,0.055396730475129476,True,1349
17,96,0.3255888334393578,1.7555111033488695,True,0.9025151741546036,True,-0.46229212460344915,-0.4467088524937973,True,0.3259199169389955,0.016936027117835324,True,1350
20,61,0.5708368600466518,1.511529310599092,False,-0.1038961465974706,False,-0.4279128394421376,-0.006706095954896924,True,5.830984009392139,0.43746407360811934,True,1351
2,9,0.19443337878858652,0.960055285965686,True,0.9706857550518667,True,-0.4522417497153781,-0.42946786977935647,True,0.15838664380091175,0.011386939968010906,True,1352
7,29,0.33530869720963885,1.0923988634276691,False,-0.3548123557816396,False,-0.5761919515626218,0.04741858284792841,False,4.324574167397155,0.2807058944361183,True,1353
17,72,0.4429767652097786,2.227094526754511,False,-0.11167939820965622,False,-0.8931818631615039,-0.20006602084817077,True,8.921253001805534,0.6375765275005496,True,1354
20,31,0.19012914324024793,0.5643475121073043,False,0.059809109568021546,True,-0.5279127868938187,-0.31876061445966947,True,2.1564372346301064,0.14697495531150281,False,1355
7,70,0.4764491771163333,0.09493223173656962,True,0.8209913363772879,True,-0.46875066934470705,-0.4235506252519484,True,0.4630047931923478,0.03106437093478075,True,1356
15,32,0.5386830086475684,1.4444610331907506,True,0.7559224321815761,True,-0.4546800133628119,-0.4174312273046859,True,0.5447146830175789,0.040596517893053595,True,1357
9,27,0.15330159602253057,1.6875185998580238,True,0.9736375452018297,True,-0.450416857358102,-0.4358363036784512,True,0.14826330437331867,0.010973976311030295,True,1358
5,35,0.5207522453091191,2.1831960652502658,True,0.79946189737501,True,-0.4852982194844553,-0.43855387165315873,True,0.4972373854341814,0.02926588732496781,True,1359
2,33,0.22210785859527937,0.09264318323923526,True,0.9400722733901725,True,-0.4747596325557085,-0.4390574332641595,True,0.2486010951033533,0.01785109964577472,True,1360
6,82,0.5801806207828998,0.3570407626117793,True,0.7412657599572485,True,-0.4859445018394674,-0.4562840763344608,True,0.5944494860482571,0.020995132289093086,True,1361
4,54,0.4760612171500756,2.85468980960327,True,0.8062661329388463,True,-0.47915496913743183,-0.43074334125966707,True,0.4702016621782838,0.021871211760102816,True,1362
17,66,0.05850333986878533,2.129040184282609,False,-0.11108071363798722,False,-1.021194229531971,-0.2558894805868435,True,9.473765913791535,0.6993013592901286,True,1363
4,28,0.2723590104662084,1.9556273253119398,True,0.9344651978867226,True,-0.4491023998703251,-0.42048807219323053,True,0.24752652149159562,0.014310252269939264,True,1364
13,13,0.16559687759160918,1.674126755407639,True,0.9693017506522994,True,-0.4727355780014896,-0.4379177126173094,True,0.168042574806463,0.024672579201691802,True,1365
15,42,0.19089618233405348,0.9703882930882104,True,0.9637086117834617,True,-0.4603879023309041,-0.44594845719367343,True,0.18997802978243758,0.01903967736589122,True,1366
18,47,0.5465508551133207,1.5384147973351006,True,0.7580646400467952,True,-0.466212490137915,-0.4305272118278336,True,0.571841382589677,0.03845711441995811,True,1367
5,17,0.14327180986906618,1.7497620880881273,True,0.9819029001737365,True,-0.46308618048674766,-0.4289108806933441,True,0.12692819669105496,0.017004429380262354,True,1368
15,66,0.2963630515968026,0.11224438755588384,False,0.7809583282035787,True,-0.4685762763403139,-0.43892804564397453,True,0.49471249262628686,0.030557750296464327,False,1369
15,37,0.20223077359034847,0.977813869503769,False,-0.08439105468040053,False,-0.6484944400665899,-0.3016202594186667,True,3.903607956084376,0.2707197969718834,True,1370
20,64,0.24089309184318375,2.542969594305079,True,0.9410921374992032,True,-0.4491331419926988,-0.4384636724085226,True,0.2396695234028644,0.013193552408450531,True,1371
18,41,0.14872482976455287,1.800606848673468,False,-0.04579232339058903,False,-0.9599584142832764,-0.4279684770565934,True,5.263293468471857,0.43031922297654024,True,1372
13,16,0.13720691656457817,0.8085028843627362,True,0.9779235120595675,True,-0.45245575769666546,-0.4361157090341844,True,0.14171119371398613,0.01686615425660128,True,1373
6,27,0.329498881597341,0.06430851151525385,False,0.813385555062135,True,-0.5371427216053015,-0.43341800284780674,True,0.4313807214280208,0.061627962871943005,False,1374
15,76,0.53569891025352,0.0391594130479318,True,0.7517138995887033,True,-0.4508491040627041,-0.4255252565187528,True,0.5442817772769608,0.026483048121951454,True,1375
12,20,0.38791585160543574,2.3167137391580015,True,0.847596033600216,True,-0.4512215504624505,-0.40112384980871096,True,0.3832954508668089,0.04204405977252758,True,1376
10,24,0.31975492463296495,2.255135253812445,True,0.9004914887690185,True,-0.4583664036870158,-0.42246279144202087,True,0.3111984403378238,0.025467417270875373,True,1377
13,21,0.15597075306072322,1.4931655065522729,True,0.9662325587081,True,-0.4629230943845818,-0.4436369413452562,True,0.173244305405179,0.01768594743950978,True,1378
9,93,0.22040518233541645,0.45455706094815673,True,0.9458536059797097,True,-0.4619740199633704,-0.4408441023039904,True,0.22902305133734446,0.01706279834174356,True,1379
16,23,0.0644161749920185,1.935541156345701,True,0.994723452077448,True,-0.45297679760463583,-0.44535453611499715,True,0.06829847511760233,0.008138173196915734,True,1380
6,75,0.14834861032653493,0.6247027213569782,False,0.05956220935336365,True,-0.44441045042624855,-0.2599835159071018,True,1.1019328806043158,0.09238249002016932,False,1381
2,83,0.149987980077105,2.93508121742543,True,0.9772979261701893,True,-0.45541316014542876,-0.4508052045543396,True,0.1511243314125745,0.0023039777955446983,True,1382
19,23,0.10554332601006022,2.842864631693732,True,0.9883067803992335,True,-0.4536254690461395,-0.44239502812891196,True,0.10727066565408223,0.012290907906501936,True,1383
16,76,0.3808067540619073,1.3261238385075735,False,-0.13250512264359116,False,-0.6143271379102145,0.08007978454752364,False,6.031291689759462,0.4863183416531272,True,1384
7,76,0.5946438349657029,2.850076302650132,False,-0.3018479159559948,False,-1.1515962151912704,-0.3800211151915138,True,8.846193476767532,0.5493588978992963,True,1385
3,24,0.34715330162143193,1.3363369033236427,False,-1.1005608949473067,False,-0.6445258209513983,-0.08260947354946635,True,3.793235600385591,0.2610356626518221,True,1386
16,50,0.2669417607201001,1.7209311375835568,True,0.9308958004318317,True,-0.4535840429882324,-0.43611885259178856,True,0.26685614383972744,0.01694593336562523,True,1387
17,72,0.5886327836812235,1.4855775137189011,True,0.7420062816291765,True,-0.4684227419163007,-0.4348970177464304,True,0.5764670707654423,0.03766041540382007,True,1388
6,22,0.14212789844726498,0.6894584858106099,False,0.3485099651224639,True,-0.5295731149862456,-0.35082901047799275,True,0.9054739225549875,0.08360988034819122,False,1389
16,23,0.05920717481511337,2.3417917716358376,False,-0.11950930049600328,False,-1.1741845418287213,-0.1937600056549464,True,7.917722297763592,0.6216601472833851,True,1390
20,52,0.4081865208493979,2.098386195575769,True,0.8465518007773989,True,-0.4608467525674322,-0.4379427360443794,True,0.4129019510545869,0.027390929285372553,True,1391
3,43,0.47646758595349537,2.1802910485019997,True,0.7796248568465076,True,-0.43870697056571245,-0.35743033240368066,True,0.5088023937743618,0.03318354177866232,True,1392
7,20,0.12066468180477999,0.7762476232794581,True,0.9834606895478478,True,-0.44789732054812054,-0.43427050510826487,True,0.12609260346114662,0.010872060418176852,True,1393
6,54,0.3464876531217682,1.5039256457179677,True,0.868135229098252,True,-0.4667240946300302,-0.4343698212748886,True,0.37327130659303737,0.022996959167503675,True,1394
2,70,0.5827177903296219,1.9944346097127483,False,-2.667354613860834,False,-0.3962145983880394,-0.22062577003267494,True,2.0943903916841644,0.04260506111271789,True,1395
8,11,0.3339729179363345,2.509359616034924,True,0.9029164700720431,True,-0.48700512215079794,-0.41218133514019306,True,0.3005820579864796,0.05553662447277676,True,1396
7,74,0.17941684084773452,0.10821687465664942,True,0.9627165484375277,True,-0.454451871176079,-0.4429507383968052,True,0.1879480291988179,0.008193303770545866,True,1397
18,34,0.20950283972023237,0.46630016394671914,False,-0.0006057988735490571,False,-0.5945488198010969,-0.3304922192879416,True,2.8632387006646773,0.21171197773391415,True,1398
17,42,0.053914049980396186,1.2077833702916745,False,-0.09216578143256005,False,-0.5671858780593579,-0.19588761755389375,True,5.070432604353529,0.35877048323254745,True,1399
2,46,0.5367453881828652,2.4527164820577285,False,-2.817167537705538,False,0.21821867674884077,1.2791793776494678,True,7.794725917590087,0.5304803504503125,True,1400
18,96,0.2009238937249171,0.37558847504940773,False,0.3329499041332272,True,-0.4919274306721996,-0.3864060275053133,True,1.2068776427330066,0.09318656419922557,False,1401
16,11,0.263893678872337,1.2725521946680591,False,-0.160707522397038,False,-0.5409520375001933,0.38377327582337556,False,6.471507469835009,0.4677102780253284,True,1402
10,56,0.12657206938452178,1.5078349390041947,False,-0.22783566186584925,False,-0.39937721391230047,0.14906094166460046,False,4.845917597830223,0.30849854192909054,True,1403
5,71,0.42764653322915225,0.6331600292681985,True,0.8386431863385834,True,-0.4550306147818005,-0.42927495157802126,True,0.40353441152143465,0.017298844928652496,True,1404
9,85,0.5552160973927257,0.7650397720058717,True,0.7494059734601962,True,-0.4536994845856326,-0.4285452255465718,True,0.5445572697220378,0.01939666204108072,True,1405
6,37,0.3022184218733729,2.6206887257907745,False,-0.4525130804762716,False,-0.9510123822547769,0.7479924407214879,False,10.640809837951513,0.9604569519831911,True,1406
6,51,0.3907401401880718,2.0524527188291315,True,0.8578114431468012,True,-0.47576199482488646,-0.43729078225511236,True,0.39693211374668064,0.022225233758483127,True,1407
9,74,0.540631056220032,2.1078427523929077,True,0.7768878294940208,True,-0.4742793031906302,-0.42978948068756795,True,0.5367861109193017,0.03224856853095569,True,1408
18,63,0.10993282084899389,2.4716900911641875,False,-0.11697829629797485,False,-0.7552101264529303,0.040186643800614284,False,10.44137147949231,0.7603118316696265,True,1409
14,84,0.578377760074958,1.185605491514496,True,0.7377032599188447,True,-0.46310289882991124,-0.43302152951247364,True,0.5959044889574955,0.0299481583798663,True,1410
13,24,0.06046707029218984,0.6391473690431618,True,0.9961194162981006,True,-0.45029134463039544,-0.44406064011736496,True,0.06103901816257939,0.006598053582704835,True,1411
15,37,0.06198789325346025,2.453198866351489,False,-0.14655130160337948,False,-0.7259096911096994,0.1044433175248104,False,9.319181321459453,0.546329585664447,True,1412
17,67,0.3592517564704862,2.683641527720207,False,-0.12349254712707158,False,-0.7874650284105729,0.038522696857376346,False,9.785844446916785,0.8547045454688547,True,1413
11,54,0.09879373686458301,1.4696176503947405,False,-0.13641783421500242,False,-1.249432260886949,-0.46216451095674504,True,5.840103529763528,0.4356677979584141,True,1414
13,44,0.1208131979330311,2.7953147764620776,False,-0.14258207004061418,False,-0.7375071726219569,-0.20731436996203334,True,5.827404744297878,0.581090761301469,True,1415
6,45,0.4617644175815203,2.318635663794713,True,0.7992973457878585,True,-0.48936558196399305,-0.414428402529776,True,0.47077985868458755,0.04480772413029086,True,1416
14,76,0.3114359317459967,1.150017854335586,False,-0.0698562961036735,False,-0.6564713430735466,-0.2986315540393483,True,3.6102887897087594,0.29726741010401875,True,1417
15,39,0.43599968148532947,2.6979489039887703,False,-0.15470891705817613,False,-0.6269196081449215,0.4003763148919859,False,10.535812962313381,0.7263193481381051,True,1418
9,25,0.20407636825903375,1.5323051761094897,False,-0.20134588441829582,False,-0.9852286989994653,-0.3081197600761724,True,5.3547205236135,0.39461110719858916,True,1419
16,93,0.1962179421022502,1.62836380213218,False,-0.07059291791266609,False,-0.8265655831693617,-0.39517134929980524,True,5.679182770763889,0.40732907584752986,True,1420
19,9,0.1839137452627702,1.586346269481048,True,0.961938499766297,True,-0.4614260935399113,-0.43108456854579863,True,0.18637038413346813,0.036571995846395686,True,1421
11,93,0.3188715486000179,0.9611763835775544,True,0.9097969772669325,True,-0.45665951325781945,-0.435372341915086,True,0.31196256194570765,0.01807170923290973,True,1422
3,70,0.10227026933491039,1.6349696583988989,True,0.9919314988419301,True,-0.44973018892488015,-0.4483697999754887,True,0.08949443884852037,0.0008366440731480215,True,1423
4,60,0.061463637401284084,1.7371931944493781,True,0.996592244718182,True,-0.4522093239048329,-0.44906573078892414,True,0.05540953773591481,0.0019177537540764303,True,1424
18,97,0.13175289292808784,1.8068945223568338,False,-0.11805197917707355,False,-0.6476246496874536,-0.0366026702999642,True,7.524541710312402,0.5617373262302137,True,1425
2,92,0.2620039269726078,0.6785530102998336,False,-2.045263569475143,False,-0.46115644805347067,-0.4046572035775336,True,1.6707861417213161,0.028249622237968647,True,1426
8,37,0.41021776430820084,0.029409166532208375,True,0.8490038920806544,True,-0.4622419336128223,-0.425588543657011,True,0.38640472862693614,0.025234025602221637,True,1427
5,9,0.08352839367285644,0.37893003658250113,True,0.9943811886757496,True,-0.47878692883432095,-0.44855428467935077,True,0.06866526569454635,0.0205694595670811,True,1428
20,43,0.4326296273233077,1.963968058902781,True,0.843186681832127,True,-0.46891660485805037,-0.4414933132984482,True,0.4309808594549444,0.034879586812495623,True,1429
18,9,0.5630912976811688,2.6097794677296937,False,-0.1363599003165925,False,-0.980218719733246,0.4609153661147067,False,8.760789467606239,0.6292924945398856,True,1430
3,26,0.4089613501238236,1.535660583852558,True,0.8534889313982686,True,-0.486189374700167,-0.3981962460160087,True,0.3785734197642183,0.055741526028391074,True,1431
11,8,0.4257449996969697,0.38128597503851314,True,0.8274783144685665,True,-0.5196335841800426,-0.44035823680312436,True,0.3971474449644531,0.08009105258883825,True,1432
12,100,0.574662279025218,1.8791957743541037,True,0.7619771255236413,True,-0.46166081121084773,-0.43772397840889254,True,0.5690842543465997,0.02436717342403282,True,1433
7,98,0.12171294316232426,1.732764795979358,False,-0.33511501401862165,False,-0.7872825077655442,-0.0724263191289286,True,5.926061869104715,0.3658466623015499,True,1434
12,46,0.2661096470191139,2.7103123499364385,False,-0.1792623861861946,False,-0.9324435804299024,-0.0707011800788156,True,9.901332034480342,0.8786173144108708,True,1435
5,14,0.24062588669395418,2.562293603416671,False,-0.525524301838934,False,-0.6641185950943282,2.4211725027638944,False,9.553491867336765,0.7711954194580541,True,1436
3,15,0.21337813599490568,1.4878694567203299,False,-1.247880910525235,False,-0.41500312497829694,0.4853228166699528,False,3.9942280781879305,0.19312906704790633,True,1437
5,92,0.21683968225223704,2.660858181825809,False,-0.4951023800614045,False,-0.8590199863769739,0.0912162839524259,False,6.655977346676324,0.446984672590743,True,1438
17,29,0.4833248787922994,1.8909137708572796,False,-0.062395088795579756,False,-0.8914657703986841,-0.4439456785592797,True,5.389077082471583,0.3895071816485048,True,1439
20,48,0.46998978199816444,1.2990689323655338,True,0.8169889195667096,True,-0.4714958145359663,-0.44295523794693714,True,0.47822445358369803,0.03137874376053932,True,1440
6,14,0.4060538904144824,2.0623464179048088,False,-0.3494221159592459,False,-2.071330859052984,-0.609677147083812,True,9.649851706025796,0.7147185552638523,True,1441
18,20,0.09810128966597059,1.3895336937501268,False,-0.08103189298645042,False,-0.4427074156527377,-0.12167636540019203,True,3.3569290379736176,0.23452480472614792,True,1442
7,57,0.35354465125831047,0.6544329968517901,True,0.8766317913795855,True,-0.4527381086786873,-0.42405477611561193,True,0.365505020479297,0.023043697389523863,True,1443
19,39,0.5710648289290461,1.5816606830843218,False,-0.09357026482003272,False,-0.9369348661170758,-0.12244416350657311,True,6.428935235865375,0.4873376860087211,True,1444
17,53,0.4622746691292399,2.460801752222587,False,-0.07055856506093172,False,-1.0780236789198723,-0.5268435698973271,True,6.68043620927849,0.4961640204231172,True,1445
18,56,0.21332229925733526,0.24380217034206753,True,0.9567330266613727,True,-0.4575192639304823,-0.44487083844136477,True,0.21011883149864502,0.014818116334353058,True,1446
13,31,0.5561851954901418,0.8774023242863906,False,-0.05360843215572664,False,-0.7118566103969172,-0.3094010049551038,True,3.1684667782409015,0.25169321574075715,True,1447
9,89,0.1952145568469672,2.82843254715047,False,-0.25231703820947793,False,-1.1344400236466878,-0.03479515042280052,True,12.222654738932587,0.8850991953515089,True,1448
16,90,0.22698778927835062,0.487503968366106,True,0.9474593184967729,True,-0.45151063276918624,-0.4405190803853049,True,0.22834624442726367,0.01237002718922407,True,1449
18,90,0.4107901491550722,0.3508024124520088,True,0.8448826675852047,True,-0.4572298942558214,-0.440332933163142,True,0.4135013377634463,0.018693170483121465,True,1450
5,94,0.24059298424088144,0.912995773088841,False,-0.37521269894432563,False,-0.7577191945401442,-0.3184989333608574,True,3.034622881539884,0.20935430553242715,True,1451
15,43,0.43373687568339186,2.894984807128014,True,0.8328199320398229,True,-0.4627701081591236,-0.4298621751033628,True,0.4442055213009816,0.032186484787917254,True,1452
16,82,0.3877744389720672,1.1188017102193943,True,0.8679534383206776,True,-0.4617678770682136,-0.44654280282585573,True,0.3794268874344384,0.016686993046037487,True,1453
4,36,0.3165687723267685,1.0786397611695122,False,-0.3403656347276749,False,-0.6879335703902213,-0.30818961730069816,True,2.273393293068271,0.1585765956008568,True,1454
13,12,0.22868388116798377,0.8157696819119094,False,-0.00844339206848499,False,-0.9131755028789668,-0.3323252860662163,True,2.862008851737553,0.24066685948488722,True,1455
5,83,0.14016864085812408,1.9486993629940725,False,-0.5643739627473652,False,-0.9405285361742101,0.13877661918221781,False,6.022643548380681,0.5197049915701936,True,1456
15,90,0.48763233671673206,0.8039070368591251,True,0.8011553868336354,True,-0.44856364842090857,-0.4247651004972079,True,0.4678704469647413,0.025783680691150602,True,1457
14,38,0.18882934576730043,1.8786132300903269,False,-0.08164495341240152,False,-1.2549651916405276,-0.5866955613275149,True,6.219052583597933,0.4851857540781525,True,1458
20,80,0.18325535673897653,0.32065559033545055,False,0.3554774228326394,True,-0.5257623208644481,-0.4333221545392345,True,1.2420928079912388,0.08455050113465261,False,1459
12,48,0.37069388273104437,2.429429376143643,True,0.872047317730413,True,-0.47979846356093214,-0.44587570759925194,True,0.37165363387884565,0.03598711263493136,True,1460
16,25,0.5178252448506903,0.3524067151725465,True,0.7563348822221458,True,-0.4721201522928974,-0.4234588105150798,True,0.5401739606500335,0.05434786325030332,True,1461
7,95,0.17231554342075145,0.7153742700676281,True,0.9720794061349541,True,-0.45799051773450966,-0.4497602381986736,True,0.17377347432157644,0.00641541677517577,True,1462
14,26,0.596920056801666,1.441867955817475,True,0.7176980745398736,True,-0.47449246824695784,-0.40868605155783644,True,0.5903241064848861,0.06561563872359967,True,1463
9,59,0.11669537804316796,0.5488542115261367,True,0.9846430063390449,True,-0.4512297150547778,-0.4402084257604957,True,0.11827322179332045,0.009076419953404814,True,1464
2,70,0.05644439750203629,1.0500528583565525,True,0.9961431184542952,True,-0.45295301723362563,-0.45063847091251374,True,0.053517068962112224,0.0011572731605556663,True,1465
15,99,0.07976610063275687,0.423184465209553,True,0.993635185509036,True,-0.45303037282861947,-0.4487089000986782,True,0.07934173291298562,0.0046070411472083775,True,1466
17,33,0.19481430099743385,1.7699124780281776,False,-0.11732498009266923,False,-0.7741431290537046,0.14100731640469352,False,6.796254623906315,0.5145829934452525,True,1467
8,48,0.4202142547662536,0.0836262821746564,True,0.8462613989307979,True,-0.4793948295499512,-0.4380651975261301,True,0.41384303687152113,0.023343123503946125,True,1468
14,41,0.1151215830666089,0.9431169445528033,True,0.9863737867032352,True,-0.4553865201808096,-0.44606853591451046,True,0.11361007578368616,0.009318712682960759,True,1469
7,84,0.5679681386144675,0.3168040716258895,False,0.06030619976646778,True,-0.5035535686951722,-0.3564054388548562,True,1.4027548501292808,0.10494406282063234,False,1470
4,85,0.34521048790384323,2.9547422833439354,False,-0.753079186243772,False,-0.7804709332080587,0.8490359242380219,False,14.67065438591339,1.014879425052565,True,1471
5,99,0.15780505291785873,2.7547602779346425,True,0.9736254483827057,True,-0.45191751465244373,-0.4445258254298422,True,0.1541456743806563,0.0044928886505731305,True,1472
6,5,0.2656076688471931,0.39487628117137596,False,0.23644676227389216,True,-0.5550541952783999,-0.31216267403335657,True,0.992868360756603,0.07404634775663922,False,1473
17,39,0.25940828202033017,1.5340986695601,False,-0.09932174496655155,False,-0.692756802423111,-0.22521005322234805,True,5.362192757557103,0.43010895828261686,True,1474
4,29,0.1691623167430895,1.8201137302744235,True,0.9698020655781832,True,-0.4626843740797293,-0.43928301180153195,True,0.174083203010401,0.012011937047572559,True,1475
8,95,0.09920861162804846,2.3801935629927855,False,-0.29456050017533664,False,-0.06259183747278278,0.5318229600114591,False,5.744078074894027,0.45152102914045633,True,1476
15,53,0.46657638358722203,2.755102008381612,False,-0.1510001718368008,False,-1.1763463639636935,0.2119261247401922,False,12.305519407407157,0.9733413794841324,True,1477
7,39,0.0936672190915693,0.8725974466291547,False,-0.31005380878873434,False,-0.3801262594108342,-0.016813514922114702,True,2.569462811462748,0.16306713938673967,True,1478
17,46,0.18851317801927892,2.816749532045662,True,0.965490580395584,True,-0.45517422566698196,-0.44435187870243475,True,0.19192990797473455,0.01257656555972512,True,1479
11,54,0.420353673865662,0.7429235688706203,False,-0.11525738584144873,False,-0.5311563596597054,-0.24388574564842352,True,2.6004980218566103,0.20152512772899364,True,1480
11,25,0.2188635748394822,0.6825438215308738,False,0.19466970843833753,True,-0.789699149128195,-0.4480409166315845,True,2.002584919059695,0.16493749083550074,False,1481
16,50,0.30912568004221586,1.626356966456595,False,-0.10040363817191156,False,-0.9009809453067983,-0.41710144462138454,True,7.203514909345834,0.5416332261095655,True,1482
8,41,0.4807705534835095,0.9412737869562293,False,-0.29297337194618467,False,-0.5360016093841673,0.1629044002064004,False,4.001462757126169,0.29484403726455577,True,1483
8,55,0.3780655316593353,0.23213238443195483,False,0.10857410046883231,True,-0.4699876972419875,-0.37240044197182065,True,1.3628579142431736,0.08515398383830078,False,1484
16,56,0.07995990800396477,1.0515343466053546,True,0.9935883478585641,True,-0.45304356869623436,-0.4469591685369029,True,0.08127178062389596,0.005896648136696329,True,1485
4,50,0.4448343712963787,2.809853720523585,True,0.7794236377861833,True,-0.4652386366565784,-0.4371697732452317,True,0.47254404829208574,0.017530155526184716,True,1486
17,99,0.32672099134091753,0.19182663310445403,True,0.9035308508792628,True,-0.45226033493811013,-0.4405090192321561,True,0.31599160324488496,0.011526081111623272,True,1487
9,46,0.5185583835542442,2.2977085304754965,True,0.7948979333014097,True,-0.49282937297034796,-0.4597989651569731,True,0.5088490990236564,0.027595856919502962,True,1488
19,51,0.5605723885142646,0.021880398414861224,True,0.7580414126519981,True,-0.47486296409257783,-0.4305690924084821,True,0.5437712323863932,0.045949418439384215,True,1489
11,14,0.24861852536174744,0.8603118118485358,False,-0.13301979254475094,False,-0.69885770465762,-0.2006841485798454,True,3.4712614548544796,0.2700133409210963,True,1490
13,83,0.21790082442604652,1.0161352552514342,False,-0.09531214091000195,False,-0.5915349212412582,-0.19788254395091914,True,3.529407507171023,0.2510281368692432,True,1491
16,76,0.31719732917313337,1.1439761391166634,False,-0.09733441937206089,False,-0.7024260936699825,-0.2342245404548524,True,5.300382772566269,0.39314052305753716,True,1492
6,65,0.24520275912069356,0.6323792297278741,False,-0.08880576798842466,False,-0.527507174265001,-0.37057145268526254,True,1.6377454320371743,0.09988665116089135,True,1493
19,59,0.4496744671859303,0.061201106987128884,True,0.835796973307694,True,-0.4611119604020938,-0.4306649575519962,True,0.43893560887854643,0.03291703716813145,True,1494
17,88,0.5335623547690014,2.2848622297467647,True,0.7617682454685724,True,-0.4581691678269981,-0.4348741430959469,True,0.5332616045316331,0.02542838574500656,True,1495
9,83,0.5261371486054335,1.4034482722552148,True,0.7858745918527947,True,-0.47378330935551555,-0.44198702145928215,True,0.5082032332051778,0.02308569963750972,True,1496
6,46,0.33393829908954575,0.9206523726237463,False,-0.37263181325153116,False,-0.8421972202524031,0.00248635497354366,False,4.333287628047005,0.33511772074956037,True,1497
4,20,0.3859634550999128,1.8813223879341328,False,-0.8713114723041706,False,-1.3803632710536144,0.6650445108728849,False,9.698776012282124,0.6176743846477599,True,1498
5,27,0.22499558290350002,0.4980428127383333,True,0.95721026598668,True,-0.4841660761533906,-0.4427580694283912,True,0.21171381586627855,0.024904167833318752,True,1499
6,73,0.5183151227286992,2.5101775621460636,False,-0.40813970279859313,False,-1.6709578801481733,-0.062209292620308575,True,10.708547786544687,0.8604896294678969,True,1500
5,33,0.08363157159348034,0.17734482057018508,False,0.44780885070220344,True,-0.5286528541668174,-0.39742282179566,True,0.7153733737372552,0.058184018460902424,False,1501
9,58,0.2679555774375808,2.856166007583119,False,-0.23586696381287942,False,-1.5638291863923919,-0.3442665353986676,True,11.504462232280742,0.712232603918271,True,1502
13,76,0.18003676248910006,1.4875667518530038,False,-0.16278438491668412,False,-0.712553317717357,-0.06087743698759282,True,6.849243058661699,0.5702086828569357,True,1503
3,22,0.34084016892156227,0.5776006205407701,True,0.869627937471981,True,-0.492896142218729,-0.4154611975977974,True,0.3353591090506997,0.026476322327134583,True,1504
5,17,0.506640738611847,0.6162186164467642,True,0.7227002860786853,True,-0.4459509251494913,-0.3556345409860276,True,0.5370865922109486,0.05897842361110787,True,1505
19,19,0.4206751731488437,0.19746366414681094,True,0.8385731051354062,True,-0.4803060684231547,-0.4386900630014573,True,0.44638340913919283,0.05347214381520197,True,1506
14,82,0.5207063638636348,2.053014315732939,True,0.7768165867566325,True,-0.45757687049141427,-0.4252046196707813,True,0.527655764498225,0.028572377521649112,True,1507
20,66,0.3647246560372707,1.4846588443039512,False,-0.08931855551025802,False,-0.5649231890915961,-0.2573991255786673,True,6.321158892520703,0.42484322854605805,True,1508
2,27,0.5854751920314747,0.14194569909753119,False,0.6727265639319281,True,-0.5076593657850179,-0.4741227487073021,True,0.6195688284755104,0.014170930718629071,False,1509
9,83,0.5677865384295266,2.017477515230908,True,0.7465258488189259,True,-0.47606419326179267,-0.4273925252120191,True,0.583273184173954,0.04248461220237321,True,1510
19,9,0.5038060133825248,1.3261996419040503,False,-0.08506249000713506,False,-0.6477798365149622,0.015529648857978274,False,5.013956090043689,0.37812893339693177,True,1511
9,19,0.14718771354135046,1.0580028460450595,False,-0.20332453027494224,False,-0.7672771267641104,-0.3299399752100146,True,4.385336879912288,0.3241055283971655,True,1512
11,6,0.2885542160210083,0.07854416082453985,False,0.7871113502531318,True,-0.49270096725793444,-0.3896574495831768,True,0.4574668372350775,0.10157250016440793,False,1513
16,48,0.059861435297999414,1.5745032021187593,True,0.9963717180399141,True,-0.45101476084619097,-0.4468116987389681,True,0.0595902531320969,0.004356184334597827,True,1514
15,95,0.46552469283694436,1.4619192253854878,True,0.8147715419950186,True,-0.45425618561425546,-0.4326309328281059,True,0.4530097213362055,0.025420603553675994,True,1515
2,89,0.59529697839472,0.7510597654792375,False,-1.6110600865068325,False,-0.5786353931521465,-0.32717052495371235,True,1.8711073581144504,0.125732434099217,True,1516
15,47,0.3884042292709162,0.028434939229683986,False,0.8515432857639867,True,-0.4547948591091963,-0.43394865428294094,True,0.40417271988930514,0.01999161950808902,False,1517
2,16,0.46992311889475485,0.36740145258923407,True,0.7393450400104642,True,-0.47252914849866445,-0.4002871022385242,True,0.4031770305154297,0.03612102313007043,True,1518
4,15,0.09461871766809943,2.149989082240014,True,0.988726176464435,True,-0.4613579092797322,-0.44683830524356594,True,0.09934911900577469,0.009348483849739572,True,1519
14,49,0.3027203639665113,1.6141193763781971,True,0.9129993174806614,True,-0.4618326756828306,-0.44239440789180684,True,0.30545680025188926,0.026265405810302574,True,1520
8,43,0.4710846028137496,0.988863177388149,False,-0.23481474436072802,False,-0.6834878751010883,-0.07520065317848366,True,3.714775234125375,0.3158692012009642,True,1521
15,88,0.5504191431617914,2.101609262481692,True,0.7458593072089913,True,-0.44407519889648145,-0.4274388159624665,True,0.5664199186022221,0.018698259849299424,True,1522
19,49,0.5336012917632728,2.9980781792716984,True,0.7771060765220092,True,-0.46210511082444183,-0.4250799668772857,True,0.5234984530055258,0.05046733101206802,True,1523
4,42,0.5780723870274722,2.0057990935531205,False,-0.777382108794131,False,-0.7786039257150362,0.3889406552934518,False,9.732264319119974,0.4755817647709057,True,1524
6,34,0.3203227626920907,0.4581759016649031,True,0.8797055948045007,True,-0.4754833869238066,-0.43920761842775524,True,0.33385740244927997,0.02321016591840426,True,1525
6,56,0.25979748324270013,1.4482987918064802,True,0.9403871993611057,True,-0.45284907432065163,-0.4391041247872916,True,0.2500451777629617,0.009085038523249243,True,1526
10,19,0.5062455802933962,1.2591201735749091,True,0.778932493971022,True,-0.4724801637540417,-0.4024511880126106,True,0.5494990982515079,0.05552913929346643,True,1527
6,68,0.1301124087596143,0.13668422620705545,False,0.4616909855709572,True,-0.5278205593977189,-0.42102790141096635,True,0.81826367401575,0.06029201079168251,False,1528
16,58,0.44443366466319906,0.09385519070836612,False,0.6886981308407454,True,-0.5019001785811523,-0.4465543301864158,True,0.6482409363747768,0.05429026499733063,False,1529
19,30,0.0822394653414096,2.8701031604671146,True,0.9930204641739009,True,-0.45647679167096245,-0.45046270902939495,True,0.08220250089434443,0.006848397570220262,True,1530
16,96,0.4461448293395959,2.464911593756069,True,0.8192503094236558,True,-0.4523198489797084,-0.43170835649594697,True,0.4619908179549582,0.023033506356024053,True,1531
6,85,0.25119878276689106,0.32200621272455765,False,-0.1450640243374668,False,-0.39094790205415636,-0.23947966082936956,True,1.4222919661115585,0.08802890982505104,True,1532
14,43,0.0722792507443159,0.8012023468947149,True,0.9949683993878581,True,-0.45350909931742617,-0.4481523331996143,True,0.07079242704451905,0.005808324374033424,True,1533
18,77,0.3519467160812911,0.5577595634919545,False,0.0776685729720693,True,-0.5365856366309657,-0.3541522246802853,True,2.1878895482687395,0.1686331394818569,False,1534
6,74,0.29753552008037015,2.976351061320783,False,-0.43182867680413173,False,-0.9100752762834775,0.5739599032958689,False,9.42116389206247,0.7896248524261331,True,1535
16,89,0.40259246790918934,2.44879211160351,False,-0.13355306104326092,False,-0.3965510549408999,0.1576184703691558,False,5.620623848648495,0.5498857053582528,True,1536
7,94,0.5520277479563614,0.633747196270837,False,-0.11503463545598791,False,-0.5842231497498985,-0.34213446694054894,True,2.2917072166845176,0.11771480300635433,True,1537
4,50,0.32448526169388264,0.2655477956818637,False,0.4138580539214909,True,-0.514090752734869,-0.3523850813882997,True,0.7099799025863853,0.08095514865446221,False,1538
6,20,0.22862308148451604,0.4767879998788803,True,0.9589201180254562,True,-0.4583513778321505,-0.41735757748607855,True,0.19193815017633908,0.03164539845502841,True,1539
2,64,0.13015093638131747,1.3901951882377026,False,-2.510271684663915,False,-0.6934629102109725,-0.09022955452601639,True,3.043357828118081,0.30161667784247864,True,1540
6,49,0.07060198462465787,2.6624134895921747,True,0.9946362557155903,True,-0.45953680575362554,-0.45003056676938413,True,0.06940831458503924,0.006696453584919652,True,1541
19,45,0.49276108920580963,2.7764570718560564,False,-0.09267208746622635,False,-1.639114786891567,-0.3691924288942815,True,12.403561343736918,1.038294961199113,True,1542
14,29,0.32035447881313767,1.5703982316779195,False,-0.12481203696463883,False,-0.827446719706862,-0.23078157442857103,True,6.331770098942117,0.4733069728674378,True,1543
14,75,0.2898010734061543,2.8450604922872156,False,-0.14292629020584813,False,-1.2454310826384478,-0.14642240631042347,True,15.36287175079988,1.0113703478307283,True,1544
17,63,0.38074603654280903,1.4211796443588458,False,-0.09914657896843693,False,-0.5142968100225624,-0.10436467366683735,True,5.366647853351822,0.42875594019663277,True,1545
13,81,0.49672118310383506,2.077974533748438,False,-0.15523408818321727,False,-0.8687477705851931,-0.15171061607569516,True,10.61001714819542,0.6505684076113087,True,1546
4,20,0.5012860808254846,1.6141633000301807,True,0.7856267645123447,True,-0.4975490890055867,-0.44584827238380653,True,0.5356267560077299,0.030133367348281547,True,1547
8,53,0.4708310970338338,2.909377463041767,True,0.7993608071013668,True,-0.4710232228150237,-0.4376060187828631,True,0.4687402986406257,0.025003009280208856,True,1548
13,14,0.32272312024566147,2.6046223649140328,False,-0.15342321076650078,False,-1.0636102295137855,0.2518783022617848,False,10.390813242442446,0.8346934494949955,True,1549
8,81,0.481022666217152,1.9525170708391606,False,-0.2774588408742582,False,-0.9032398859206843,-0.16100837754514502,True,6.255879955381423,0.5976636090366874,True,1550
2,68,0.5253107938003283,0.6098091511855082,True,0.7022285313515534,True,-0.463707220657567,-0.4225242897462805,True,0.5600809707463104,0.020591465455643082,True,1551
8,22,0.32441817826077085,0.48953322498056817,True,0.9122766137272789,True,-0.47191265932291987,-0.43768010983012906,True,0.3197258755108793,0.02746059096512525,True,1552
11,57,0.4935100821014956,2.6448667295380983,False,-0.1830070101712482,False,-0.8727601480379833,-0.25706534401839853,True,7.431294211321275,0.6306904636530671,True,1553
2,37,0.5283904774436913,0.9874694497336348,False,-2.2298851333221106,False,-0.5738680847177439,-0.23888733025348863,True,1.606619468060303,0.1674903772321273,True,1554
11,59,0.5713574685596817,2.581595674656633,False,-0.16148007731720337,False,-1.245016944487083,-0.35145371027905814,True,8.17534924055666,0.5282722878814622,True,1555
7,97,0.5924945077067657,0.5204890073494901,False,-0.0885102889101117,False,-0.49007934302042844,-0.29762384301756634,True,1.9894440902512718,0.12979206406412275,True,1556
20,66,0.16034583329637814,1.7461315680414815,True,0.9725315931515872,True,-0.4546658053479672,-0.44531591646720625,True,0.16307930208733656,0.011808024847695804,True,1557
15,69,0.30630482716407287,0.854618866591779,True,0.9157285497598975,True,-0.4600709369930226,-0.44437763222695303,True,0.3020840509064415,0.018801608665612066,True,1558
10,79,0.14087668888753208,1.8283896110914255,False,-0.22965576035737234,False,-0.6330093156308378,0.20455624026773508,False,7.762697030461369,0.6192739677075655,True,1559
17,84,0.36504513097070806,2.1942770554034787,True,0.8873640538521208,True,-0.45924228657707705,-0.4406605878206544,True,0.3559563003141434,0.020868131117590775,True,1560
17,89,0.3474163800778068,1.126459451304778,False,-0.02086464161915802,False,-0.7921573429800834,-0.40860152086337737,True,3.874306718725826,0.292426470915355,True,1561
20,5,0.5173482923683341,2.740478546330744,True,0.8440147220650132,True,-0.49872405425158184,-0.4210369991922893,True,0.4529465336340466,0.1631268471918952,True,1562
18,43,0.1549892938313706,0.13030043271323455,True,0.975709795485764,True,-0.44948535767451914,-0.4422580848442052,True,0.14979979524342707,0.008314359524496412,True,1563
10,99,0.2643385602603732,1.7398088112995311,False,-0.21301318750205356,False,-1.1032107982517583,-0.02571623397318347,True,8.436009835143267,0.5747557062704133,True,1564
4,70,0.07123030002931205,1.7044789874245354,True,0.9938934090966411,True,-0.45153593712898765,-0.44693760998784393,True,0.07530562974633628,0.0024528950646441968,True,1565
17,81,0.20028300442657854,0.4187128099350955,True,0.9607262380889594,True,-0.4574969290509507,-0.44609108188810837,True,0.19593357944721065,0.012098892260674973,True,1566
16,50,0.3904940580732079,0.011732165726701882,True,0.8711759487749813,True,-0.4674971494139597,-0.4356112943326319,True,0.37252110471913763,0.03645573966621613,True,1567
10,17,0.1130458144154523,1.6609642437216503,False,-0.24707158633665083,False,-0.9382391651514026,-0.12377542501604696,True,7.598422767264836,0.5044054402049143,True,1568
11,83,0.3496062719520919,2.3333020394760178,False,-0.19824439634274338,False,-0.39826751651955145,0.19149103902122372,False,6.065255643289903,0.4847910101869774,True,1569
10,52,0.3367568196708397,2.2584632020919635,True,0.8969641047763377,True,-0.4619308145369579,-0.4454886194614737,True,0.3350246724389195,0.014952339240100407,True,1570
15,86,0.3973205222469329,0.5691737814997208,True,0.8548722763952218,True,-0.4570654758842896,-0.4354137656166951,True,0.39532671647685796,0.02641939312184955,True,1571
6,35,0.34930971501244473,1.9564505370293834,True,0.9212174472370792,True,-0.48699290485140867,-0.4506256318217917,True,0.29720487782315896,0.030650019431154633,True,1572
19,31,0.07411538047875932,2.6906698743407254,True,0.9944812127421275,True,-0.4528660881958412,-0.44722762335707966,True,0.07477459029373763,0.007166419075241482,True,1573
16,9,0.3544492401008533,2.9011551291793016,False,-0.1979265378804227,False,-0.968834563435812,0.9603465974178163,False,10.460625998514551,0.8214754651344282,True,1574
20,86,0.28298470344878257,2.0372175580450462,False,-0.09278490200844614,False,-0.6966216735961773,-0.012675039657254063,True,7.623313127279759,0.5892368823766043,True,1575
9,60,0.12152668538005605,1.9686751918262488,False,-0.17871903640005082,False,-0.8469196537292145,-0.5041584639864387,True,4.809086008973153,0.30134805886243415,True,1576
6,37,0.3250879256594234,0.17374844698823433,False,0.6747775344619071,True,-0.528036165454055,-0.4102067448263427,True,0.5757084645878611,0.05825535583151712,False,1577
16,47,0.2914908044098913,0.46759631968726356,True,0.9170090611578191,True,-0.45680158064679194,-0.4401337958526074,True,0.2870581534870123,0.016838531140803307,True,1578
20,5,0.5462009861523578,1.8382572006841937,False,-0.15329601821559602,False,-0.7759626635702356,0.1833685904464496,False,8.051862812503265,0.6720036394854548,True,1579
13,75,0.5767294713954029,2.2443254972871185,False,-0.15536418424225773,False,-0.7537253887070479,-0.1958245499850444,True,8.330428457198023,0.6490627005906132,True,1580
18,67,0.07835228468651549,0.04704378867815695,False,0.9487872979856734,True,-0.45920678386662,-0.4428855163589263,True,0.2146366203397828,0.015472894473393237,False,1581
9,34,0.05138670914469474,1.8161449066858038,False,-0.2445845596764633,False,-0.8341048483017153,0.010012628107577526,False,5.601974039004189,0.4340456562297909,True,1582
6,94,0.4273177896357097,0.6456619738870527,True,0.833512859702378,True,-0.4588359701889431,-0.43225966306075736,True,0.43311356912124477,0.01606555179151241,True,1583
19,70,0.23150281954301227,2.9110095035528163,True,0.9451156220743598,True,-0.45161837637700214,-0.4413721536296322,True,0.23583319320531881,0.01256396626547994,True,1584
13,15,0.5188116171901179,2.164241101126709,True,0.7549389002389856,True,-0.46784112895623203,-0.3985984728556318,True,0.5096977916942527,0.066166966305985,True,1585
10,47,0.4592446156523011,2.1840710266882457,True,0.8204504699209709,True,-0.4768549588770563,-0.42479990345940877,True,0.45638070166180306,0.04061388469956454,True,1586
10,89,0.5591576847820137,0.3443549007731307,True,0.7564268842660237,True,-0.48535492299537975,-0.4355063466129908,True,0.5503577891565686,0.04331239907273463,True,1587
11,73,0.5603977766357341,2.9788970948043842,False,-0.187122101740816,False,-1.2524304060844098,-0.31854733886715486,True,10.611377613433675,0.7371439802411747,True,1588
12,22,0.09750452557781053,2.509681708465017,True,0.9891260199300793,True,-0.45188920022082957,-0.4423112372269607,True,0.10104471656780373,0.008204760159430863,True,1589
5,87,0.3201709755275024,1.5651940004483649,True,0.9067281958217742,True,-0.4515810555345445,-0.4210737721380498,True,0.3096076640452505,0.02026372577327199,True,1590
17,11,0.1869253849416846,1.0343796795128233,False,-0.10156717135400295,False,-0.8642336482578536,-0.19521010351395301,True,4.960760721602574,0.37896179060486224,True,1591
15,56,0.5315489831658268,1.9366203458376336,True,0.7820067686861483,True,-0.4746191952242312,-0.4351339492545487,True,0.5349895493103045,0.037973463572425765,True,1592
13,48,0.4254007896903874,0.4420619587092145,False,0.13021961343530075,True,-0.7477741584594222,-0.4809095829869541,True,2.161793351107665,0.16651360632199028,False,1593
4,43,0.3613061372385368,2.049415386539483,True,0.8558856752070039,True,-0.4699719788391292,-0.41624828802043123,True,0.36088132865705297,0.0331635285810813,True,1594
20,88,0.5182255744595234,0.6227479150648222,True,0.7848218914142059,True,-0.4628981168488743,-0.43907773672541645,True,0.5160157420215021,0.026503145643143593,True,1595
20,51,0.504708719213576,1.6595915823482752,True,0.7922326329855559,True,-0.4730867233894346,-0.4458429611866119,True,0.5087129525263139,0.03241433806129191,True,1596
4,64,0.2085225066604875,1.0955306377865657,False,-0.7877797419993744,False,-0.8930333174375453,0.32653554093841725,False,7.316446582990843,0.4956704258804737,True,1597
9,64,0.36455690837558524,1.1386760448837838,False,-0.19705910346653122,False,-0.8205579904618803,-0.22087040711316258,True,4.436795594504897,0.31394089681774984,True,1598
16,60,0.5355035296018296,2.413452267754855,False,-0.12595026772808282,False,-0.42208699461373245,0.24950876869584232,False,10.564260516874484,0.8918208996217881,True,1599
15,75,0.5856434156649142,1.6976637756775792,False,-0.10772102580588272,False,-0.8834000457661886,-0.16961556758830187,True,6.231241108431368,0.46353237347270576,True,1600
5,42,0.23248760423993314,1.707616804267466,True,0.939191382124466,True,-0.46342737776567794,-0.433910902585038,True,0.23376235966495418,0.019116902283176238,True,1601
19,10,0.2742037357600585,2.1547920520493404,False,-0.09899103980829516,False,-1.0575566590826735,-0.0775173429952464,True,6.556398820871537,0.5076931873727024,True,1602
9,67,0.1314706673447058,1.3938485601850574,False,-0.20887112655462836,False,-0.709028762668831,-0.1607146032190339,True,4.926908205688191,0.39842427439031314,True,1603
4,93,0.34078137699414807,1.484764159591502,False,-0.759084100118897,False,-0.7656474526073508,0.0030002715810533744,False,6.017182877863076,0.42298872348084693,True,1604
2,54,0.11993080210481272,0.08830013925876912,True,0.9831936708056569,True,-0.4676486591757478,-0.4362313058695929,True,0.11662384576602028,0.01570867665307729,True,1605
18,34,0.35200438522972144,0.27196408218099033,False,0.5633250517470931,True,-0.49263408484017884,-0.42076570300667904,True,0.8164006524926742,0.06357671071763997,False,1606
15,98,0.2713361602179113,2.902302694206539,False,-0.14607492248389087,False,-0.738354903938534,0.19681702917320013,False,12.731946848821616,0.8775985421216725,True,1607
7,48,0.5634805642008662,1.5521014462367395,True,0.7932324440516116,True,-0.48229312555518233,-0.45177257549539984,True,0.5252595198796325,0.022166420251997748,True,1608
11,21,0.17740457439358726,0.2116984757534217,True,0.9660747345250125,True,-0.465550314780807,-0.4457218367129458,True,0.18444634358189543,0.01950595424233291,True,1609
3,63,0.5054235466208361,2.035019631481266,False,-1.1330098308677203,False,-1.3279640326887792,-0.31130915399736964,True,6.281395495946707,0.416792812853854,True,1610
12,94,0.37554436712314676,1.7631694764765136,False,-0.17710820036849007,False,-0.6832031209867163,-0.13244202783866507,True,7.091893103462929,0.4551777654535866,True,1611
20,94,0.22337623734343925,1.3088197970834115,False,-0.06159925212972461,False,-0.5261351550546942,-0.15718926469550948,True,5.074728658297493,0.3900203233990202,True,1612
16,75,0.47920953877238515,1.107291438141118,True,0.8144068382237779,True,-0.4703672095072214,-0.44835483182245445,True,0.4714473420819734,0.024311018388408538,True,1613
20,55,0.10180244716371875,0.3365545658196909,False,0.4563380996212393,True,-0.5097660874864341,-0.42721875511241253,True,1.0066241684325774,0.07868901691639356,False,1614
20,41,0.5665739496216254,2.2017893442687555,True,0.7512464197807703,True,-0.46395101092628466,-0.41555791462168357,True,0.5592092698425268,0.06444313250057447,True,1615
7,46,0.2219444556103059,1.8110259667055102,True,0.9483491491125354,True,-0.4563444756562061,-0.4332243804058514,True,0.21927478393156674,0.013890138571604219,True,1616
16,6,0.3546029449819105,0.29708239142593773,True,0.8680825494763528,True,-0.4496950051339181,-0.3936415897282712,True,0.33083029447934414,0.09007334218188538,True,1617
10,76,0.0659561232772989,2.945590350615206,True,0.9957214040542419,True,-0.4519529765958941,-0.4479981547435719,True,0.06391780892216554,0.003366524277585711,True,1618
10,80,0.42981189657528146,2.218169935530829,True,0.8354902341393045,True,-0.4657563592043973,-0.4241451026903822,True,0.4234589872758396,0.03246086955216096,True,1619
11,99,0.5178621928520714,0.26032620133760287,True,0.8158755958095548,True,-0.47320295434673176,-0.4484270971467689,True,0.49936052649827034,0.02191159265340021,True,1620
7,37,0.5270372425193776,1.7445863895379867,True,0.7770435623366069,True,-0.491835830148356,-0.4423445441320762,True,0.5109999278039028,0.03816581246504808,True,1621
16,5,0.2534696871688768,2.734783073717704,True,0.9535190347876847,True,-0.5000158766640209,-0.433229882146769,True,0.20665848296211306,0.12329932933644801,True,1622
3,15,0.09164610670248802,1.8276512320151195,False,-1.26966634208474,False,-2.624349636548793,-0.45410273305052484,True,5.822933428210419,0.5293776987002579,True,1623
16,55,0.25680478434331233,1.8977064657729987,False,-0.12263666346381563,False,-0.7186942355420768,-0.15578806958046706,True,6.486044118396191,0.49017721917645285,True,1624
7,32,0.5600682815383109,0.6956838627701043,False,-0.3305502950774917,False,-0.8061984676858892,-0.07792968170727364,True,4.345788906151644,0.313082989283118,True,1625
18,61,0.5526361143989894,0.7412773990652699,True,0.7548341577018816,True,-0.460708274027443,-0.43658477755597025,True,0.5488014414094677,0.02703246360039918,True,1626
5,51,0.2570238416762862,0.6561419705303542,False,-0.3650770450775698,False,-0.8252256543239249,-0.36456215551653026,True,3.0715836021138063,0.17157315650406849,True,1627
8,64,0.1219196223615961,2.172305100971545,True,0.9871854056861677,True,-0.4555355074492114,-0.44751477370882775,True,0.11540069686567707,0.006612862331234148,True,1628
15,10,0.3605464925955476,2.501809157765192,True,0.8971108965566682,True,-0.4552018243009928,-0.41106985831212045,True,0.32813642909592855,0.06449954479378738,True,1629
19,51,0.12590846083789553,1.1326972199872567,False,-0.08819251492578095,False,-0.6538141576859792,-0.14699760215068267,True,4.810534283972581,0.3825073967084881,True,1630
3,17,0.2395184035802192,0.4959971570939734,True,0.9310049648049739,True,-0.4477110228851408,-0.39203190260550735,True,0.22828107157710484,0.03324738647292932,True,1631
2,50,0.2301915635879072,2.750034789800948,True,0.9627331524280291,True,-0.4720719387926494,-0.4471092205977963,True,0.20725134198751682,0.012481359097426592,True,1632
16,83,0.14118734944855382,0.26499440667729446,False,0.4393102466226291,True,-0.514797578439621,-0.44993625524471986,True,1.0268350769671708,0.07147643969476465,False,1633
9,68,0.4785268054579965,0.3385449914886973,True,0.8146374371206511,True,-0.48229884275332136,-0.4367818859629364,True,0.4852642777326438,0.03381860119897952,True,1634
7,43,0.40996330838058104,0.10150026235836385,True,0.8370002167766236,True,-0.464791106371897,-0.4182802851076863,True,0.4284099562934391,0.03745818925743935,True,1635
14,75,0.5725886429838445,0.4256229912705771,True,0.7645253888458383,True,-0.47899464285705184,-0.445533709318941,True,0.562727197625315,0.03483087009203295,True,1636
8,51,0.38037461790128285,1.3892901904775625,False,-0.2383483142268743,False,-0.9432612052378253,-0.3441916390901333,True,6.44073008545308,0.4585140693495731,True,1637
16,82,0.3055804307727749,0.6386035270070447,False,-0.0020225205377499833,False,-0.5097982235564436,-0.25193559498930046,True,2.4843992630402574,0.2017502292000882,True,1638
12,72,0.1051504165638609,0.5634617449382942,True,0.9883775805052882,True,-0.4500432489556171,-0.44513290644979003,True,0.10551657369919062,0.004313762127106202,True,1639
5,22,0.16920794829736538,1.6657776349858697,False,-0.4450109451319002,False,-1.6493111720807234,-0.3525896085348387,True,6.080079286378665,0.2997426140149,True,1640
9,93,0.21951510941157215,2.816415823755077,True,0.9534324309926868,True,-0.4555059830347782,-0.4446437362419942,True,0.2139312024510093,0.00828687614010834,True,1641
17,30,0.5073668948234421,2.3842737077568246,True,0.7712447252257928,True,-0.4738227989518093,-0.4315856251714018,True,0.5120848315060205,0.04550494424965927,True,1642
5,45,0.3222890947031084,2.892212843667611,False,-0.5539060160109732,False,-0.5702819595405149,0.8693896304250697,False,8.446692377764904,0.6835030751340851,True,1643
11,89,0.15787084115400385,2.3267232893160363,False,-0.19156112389222346,False,-0.9337097355277808,0.0993460847099224,False,8.151081816648158,0.574413004556753,True,1644
20,67,0.32148112232748693,1.4676929889885417,True,0.8943220715488068,True,-0.4531035568024167,-0.43584537069031876,True,0.33069357912023817,0.01877755504904324,True,1645
14,65,0.4545479917324857,0.3725063364835388,False,0.29276133544881955,True,-0.5409250186771988,-0.4368058514702375,True,1.3806523877599906,0.11785874031056323,False,1646
12,39,0.2906784120919824,2.2352526928698784,True,0.9162415226607626,True,-0.4697906512238185,-0.43240300565448925,True,0.28304461558957145,0.03633903945270209,True,1647
6,72,0.5261464189288425,1.0618098989065587,True,0.7855303115721423,True,-0.49759047584265487,-0.4573303785154024,True,0.5290342363792375,0.02514786946797066,True,1648
15,81,0.21338339980855076,0.954946775971325,True,0.9564146718306119,True,-0.44795949635145205,-0.43834452399153173,True,0.20230594917365433,0.009749831827439116,True,1649
2,97,0.14824641551485762,0.6066564308155006,True,0.9787149399262908,True,-0.45784329758614206,-0.45170641998901245,True,0.15079849868641626,0.0030684387985648043,True,1650
7,41,0.17985227519704605,2.981649527415012,True,0.9682252357425399,True,-0.4523354912658542,-0.4377359510252432,True,0.17492869240839168,0.011078090197178878,True,1651
6,49,0.513325463808912,2.1223038917144126,True,0.8175351502109959,True,-0.48800747005388484,-0.4425587494338718,True,0.4886068718005247,0.028877986616317013,True,1652
5,92,0.4363597605500968,1.872114854042218,False,-0.5264443387386697,False,-1.1944870031425483,-0.12315608891180176,True,6.90390104312316,0.5589311539534386,True,1653
4,35,0.4962402074884493,2.8795239824782906,False,-0.663811517730647,False,-0.7463030416424055,0.24787562637171356,False,8.311561507979436,0.4968067502555557,True,1654
10,29,0.29865208614192823,2.902940481113804,False,-0.25497425655311945,False,-1.626397122334048,0.4434825014926686,False,11.313777781523068,0.8773773966240125,True,1655
9,37,0.2793632422667325,2.3223456813904337,True,0.9169479874322025,True,-0.45433448083898487,-0.42005670072812057,True,0.2646995800368824,0.02733815305882253,True,1656
10,59,0.16867367102269593,1.4282919654944282,False,-0.178612707511985,False,-0.8892101398659252,-0.3698538157883634,True,6.881570733429867,0.49635191537152573,True,1657
11,82,0.0793898966953423,2.205176603608121,False,-0.1894297658179942,False,-0.6681891079373625,0.1203802798919569,False,8.307532894968482,0.5915311642041072,True,1658
20,18,0.3198683319005331,1.0487934253128386,True,0.8917616223167932,True,-0.4888508546252443,-0.4536452638057212,True,0.334427421404869,0.05464223028220945,True,1659
16,80,0.2947536993949329,0.06574527631499594,True,0.9144242051571798,True,-0.4569134371201943,-0.4441282280035578,True,0.3028795608743669,0.01411019172687804,True,1660
8,47,0.37519048271686617,1.488846805753481,False,-0.2675818513819044,False,-0.7057056792155291,-0.1322478472364173,True,5.085698125136659,0.3932876426007194,True,1661
10,100,0.17148967600485826,2.358945239759274,True,0.9746436973360613,True,-0.45678463142290343,-0.44307507658482803,True,0.1652724197411982,0.011486191066129836,True,1662
16,49,0.495946421748667,2.6595794139253814,True,0.8131698548775821,True,-0.48547184937773574,-0.4537815317023709,True,0.49653066094964077,0.03447397888801977,True,1663
7,10,0.29014344088810307,0.5341370967364678,True,0.9183052847487895,True,-0.5059999740034556,-0.43283444226550344,True,0.28419152378811857,0.05666104931363946,True,1664
8,22,0.41780247491020983,2.69120122897348,False,-0.31008235545980556,False,-0.802046749080157,0.5620244267389838,False,11.34830487619862,0.6684307166898791,True,1665
18,53,0.3336218062136296,1.0908399973021148,True,0.8930092090878035,True,-0.4456392576072095,-0.4336260487688992,True,0.33257484152530103,0.014948412561556856,True,1666
12,46,0.4413973829884689,0.36377847825265164,False,0.06291318224281495,True,-0.6116113282837858,-0.35452018391571194,True,1.971902979564934,0.1505349052960113,False,1667
16,12,0.36760339493863986,2.5325323430528925,False,-0.1433132493953848,False,-1.1733080969635612,-0.13570234562949832,True,9.64311282005716,0.7841258565873757,True,1668
3,25,0.19423654616635327,0.651236640476966,True,0.9362610422695095,True,-0.45479450616203126,-0.420215327506955,True,0.20743753375408885,0.015085016641191374,True,1669
14,68,0.5231829193565857,0.15707895123775184,True,0.7732631702089677,True,-0.4712986922413013,-0.4364269059751283,True,0.5312299204010437,0.0373164147067505,True,1670
8,93,0.24715566993338323,2.2377461856805367,False,-0.27427639067066045,False,-1.4266183850070553,-0.04436581594526429,True,10.176790666715503,0.8152179935278011,True,1671
12,62,0.055187245777709955,0.33501633845918666,True,0.9968266438353041,True,-0.4528146160993862,-0.4496624156142962,True,0.05637452523808239,0.0028986249152575454,True,1672
17,28,0.44832126339493733,1.7826111100590036,True,0.8558670355916614,True,-0.46933749540242337,-0.44061902353875776,True,0.41550757885406553,0.029600018673474726,True,1673
6,76,0.1692726163861682,0.5956705452296013,False,-0.27255686383071986,False,-0.5104969830171943,-0.23563382494575974,True,2.1768005041829137,0.16133199066860338,True,1674
15,41,0.3126959655083543,1.0859184229531107,True,0.9060480536625298,True,-0.460068047294914,-0.43904392011082044,True,0.3065037891544736,0.020222336866314496,True,1675
3,16,0.5819414140774841,1.4837208423162274,True,0.5796728498703718,True,-0.46376830376866046,-0.31555475619077544,True,0.5219393780854024,0.06604718138919044,True,1676
7,31,0.4074107176834168,0.4144453726116032,True,0.8524288125650317,True,-0.46117612487344917,-0.41686475158834646,True,0.39333644258849537,0.028403895496927362,True,1677
16,81,0.3370333809788567,0.7675379807229801,True,0.8955184355418289,True,-0.4619451140571016,-0.4429529814449194,True,0.33273717352729054,0.019821983269891666,True,1678
2,62,0.4908792244203659,0.4796091956647921,True,0.7640458745562498,True,-0.47617394948623926,-0.415615507181191,True,0.4760950698337029,0.03027922115252393,True,1679
13,13,0.13769572121945994,2.5915617550832657,True,0.978503331051183,True,-0.4576688883717016,-0.4389146729682679,True,0.137787969342827,0.022701413101326895,True,1680
10,73,0.22467476374055312,2.445213249922155,False,-0.219207191956595,False,-1.144812034044208,0.16055979464643721,False,9.2854968115775,0.7141480551453991,True,1681
5,72,0.20483480536797144,1.5199000801688172,True,0.9563555596500325,True,-0.46053376723071954,-0.447940837545258,True,0.20581800574793788,0.008422879855016933,True,1682
14,87,0.08460699976177924,0.6618265173765759,True,0.993154489882689,True,-0.45286345063994105,-0.44830063671557097,True,0.0831616852944545,0.0048693166036047975,True,1683
11,61,0.46278646147459507,2.0079705295742993,True,0.804038616890727,True,-0.46806954563686826,-0.4240128095559783,True,0.4540376995592046,0.0406684527410163,True,1684
20,82,0.39947889946374643,2.4600182762481606,False,-0.10047085332305006,False,-0.5606460925749572,-0.05121640470565455,True,6.474804571403767,0.4687358847215184,True,1685
15,16,0.4924648302741679,1.7523710904337917,False,-0.13828367861101598,False,-0.9506444255541866,-0.010888247039660051,True,7.01120886421419,0.57904984883125,True,1686
8,26,0.17590337503188935,2.736894097393097,True,0.964157262296446,True,-0.4675302729585293,-0.4320411575690579,True,0.17709749465216332,0.023295029794708082,True,1687
9,86,0.4862266546527019,0.8031719405862606,True,0.7827903411516676,True,-0.4606829205617469,-0.44195830376880196,True,0.4952452762706079,0.01715153141739604,True,1688
6,95,0.07674006864534341,1.0644733203136,True,0.993987653914721,True,-0.4539734016287185,-0.44866719787655535,True,0.07682203130163084,0.003589550639718861,True,1689
7,45,0.3307813887199761,1.9123739784501792,True,0.9030485043961678,True,-0.48836235495336366,-0.43761863396462725,True,0.32746588227079937,0.03205034911857242,True,1690
6,84,0.5254508805178201,0.9441167566483308,True,0.8011235209469556,True,-0.483822574386581,-0.44467021926642325,True,0.4988445298976239,0.02375275186471336,True,1691
9,76,0.40600515036613943,2.0554578126802285,False,-0.1950274896280284,False,-0.8296410222212595,-0.5825594875046065,True,5.54467672940925,0.3081163404355809,True,1692
15,28,0.4067162086031026,0.5316783090897671,False,0.03325376704645955,True,-0.4802353730079349,-0.23138928094445163,True,2.375097675148307,0.19678566200353428,False,1693
6,7,0.22581387656362267,0.2784601985813018,True,0.9521994730669477,True,-0.4698086850840637,-0.4304858412578071,True,0.20549329463579824,0.03935020953114558,True,1694
18,26,0.4700784560635998,2.486687106939777,True,0.8125162099637567,True,-0.44817138009818114,-0.4208944205666694,True,0.4478789509549783,0.04634350455985696,True,1695
3,70,0.4040377270083118,2.5637269098400197,True,0.8554882521477898,True,-0.4485037521649097,-0.42637080132575494,True,0.3945548031095466,0.013306613666286982,True,1696
5,15,0.475660282263919,2.213998542009174,True,0.7685193599507629,True,-0.46869754547823195,-0.34552881954145376,True,0.46584459687161905,0.08445237684118788,True,1697
19,61,0.11205174561019446,2.562414370678596,False,-0.09829338271516841,False,-0.9329365605709726,-0.30764338373604433,True,10.039008656594879,0.6647802566986739,True,1698
7,17,0.5227455531966176,0.11142532577686504,True,0.811595295692892,True,-0.4750498062645412,-0.410711233363656,True,0.5060578129976011,0.051734905005767794,True,1699
13,5,0.17071476220356385,2.725146817428322,True,0.975164197730471,True,-0.4737454191443568,-0.44688332822942384,True,0.15441203623990396,0.044992827892764,True,1700
7,40,0.2716912167042127,1.9345677199887739,True,0.9293925857185665,True,-0.468336248722084,-0.44018462210914433,True,0.2666411424103734,0.020942663228196733,True,1701
9,37,0.15756075003221498,1.2277398801096833,False,-0.21456528900240368,False,-0.7921486630324986,-0.15267286096815946,True,5.152076462587919,0.38097445701923366,True,1702
4,68,0.12645084022020509,1.472623814460794,True,0.9814855741849501,True,-0.4535486704459,-0.44005443342572326,True,0.13226344535834847,0.006338440769725546,True,1703
13,17,0.5046521722613875,2.5114975109454503,False,-0.1292963266909637,False,-1.3909285475203692,-0.28876295708963196,True,7.436569980854378,0.5855018603283815,True,1704
12,84,0.4885491276889754,1.3597580101284323,False,-0.12110103359718805,False,-0.7366518910982695,-0.30122750798563785,True,4.618853176841778,0.39751843411522897,True,1705
11,52,0.1660283732161694,0.40904219450825796,False,0.2160346584482723,True,-0.5261778103470144,-0.4069627443265675,True,1.429615781261402,0.10423489495524563,False,1706
9,16,0.5209278634178977,0.040108903623075065,True,0.7797883048961385,True,-0.5247910157530513,-0.42755007181976934,True,0.529052528155928,0.058665051134241114,True,1707
17,67,0.19436348614042365,0.9916455476301662,False,-0.08528816589032795,False,-0.540552394061853,-0.21611631067982925,True,4.440877002834267,0.36012009090454633,True,1708
4,45,0.32035953786628046,1.51750504731528,True,0.9095030958117963,True,-0.5018683593799967,-0.4608280157762633,True,0.30274144337414005,0.0249915236533932,True,1709
3,41,0.4661634205823994,1.995853507051277,True,0.8176535346361226,True,-0.45816893757749144,-0.41723760119968,True,0.4428594899858916,0.017041860495122442,True,1710
11,25,0.16135418016723121,2.1122457596273,False,-0.19005816902824058,False,-1.1058045729415238,-0.1114302632760442,True,8.261838387194341,0.6337854658364077,True,1711
11,52,0.1301259682792775,1.912054558309058,True,0.9839971565951204,True,-0.456089334753359,-0.4459403072463625,True,0.1276322138858448,0.009367104066907918,True,1712
19,75,0.2707964862506413,1.9414060051886504,False,-0.06164602704276567,False,-0.8029991027344057,-0.4068497340390213,True,5.853578974871391,0.38602733811782225,True,1713
15,57,0.5413191938602897,0.3145935105554106,True,0.7819281552350859,True,-0.48377917249518954,-0.4486170681065442,True,0.5464411258035824,0.035334814289795576,True,1714
12,94,0.37102132156845724,2.121919896645972,False,-0.1987467317636673,False,-1.0258753011192374,0.3833185410083145,False,8.7855451879304,0.5424357180282894,True,1715
19,10,0.5460003649350575,0.19298550404620607,True,0.7425118788689675,True,-0.46889308919396344,-0.39315511245313134,True,0.5546067049656125,0.11189973341613987,True,1716
4,82,0.515057618666657,1.4677816621946058,False,-0.6737933378143963,False,-0.5887446219226665,-0.15537580844063345,True,3.794162148052772,0.200959516223966,True,1717
4,8,0.10413694742774074,1.1793709691878553,False,-0.8941476163093682,False,-1.3802103442848634,-0.036256785829884015,True,3.757617389092291,0.23006692347698807,True,1718
3,24,0.3487847432395121,0.7725990803427825,True,0.8658339144497109,True,-0.4356077428808615,-0.3900963256576798,True,0.3368004662854845,0.018969138636642572,True,1719
6,45,0.4789025938901068,0.3363515185594661,False,-0.06443279812659641,False,-0.5000791023926356,-0.30156532454261487,True,1.3774150952338007,0.10077893334791317,True,1720
16,90,0.44784027314415126,2.1702850307239414,False,-0.0983659688455718,False,-1.1257308746859533,-0.4161912171646261,True,8.512609071596545,0.5640955669857736,True,1721
15,44,0.15367940447258005,1.9346912502098075,False,-0.1440475426929908,False,-0.7265147860257226,0.021018299178972806,False,7.16647155990801,0.5712289146375449,True,1722
18,62,0.5639583752474538,0.6583326703098406,False,0.01118230531757658,True,-0.6358579840655408,-0.28846861888449776,True,2.765025255366474,0.19891509317568654,False,1723
2,10,0.5878143706590657,2.1423491266176855,True,0.689952290787486,True,-0.40614566085103243,-0.2884580676314618,True,0.6166586318861466,0.05884379660978509,True,1724
2,5,0.0904217832693977,1.6436188067181676,True,0.9362066106244793,True,-0.5449542418275499,-0.5015605394323732,True,0.09778550567021671,0.019312347677244046,True,1725
18,6,0.11308390974305202,2.305210106477336,True,0.9821450748014436,True,-0.4615702898638305,-0.4375833563821195,True,0.1295731045287639,0.04093454881240669,True,1726
15,68,0.49430076788852495,1.2579433632512305,False,-0.05376126378645707,False,-0.8014917799947866,-0.3074850639895462,True,4.597996358042538,0.35682614951506575,True,1727
16,33,0.2524262971470157,2.891110994661077,True,0.9400865483786367,True,-0.4580748008402906,-0.4411254393168025,True,0.24349109371774336,0.019901328010051008,True,1728
19,89,0.5358015262659139,1.8228884533486678,True,0.7767927351236011,True,-0.46559952705673235,-0.44257779600752734,True,0.529093487867384,0.027791393143368027,True,1729
4,77,0.5314991278499512,0.16725477595741778,True,0.7275955499947722,True,-0.4393919606517341,-0.40684764297776177,True,0.5537726445487522,0.014108788759690946,True,1730
9,44,0.5401018645274788,1.9355485210353298,True,0.7710491395906733,True,-0.4804637615538662,-0.4420629121198731,True,0.5358691128905659,0.032414954661975,True,1731
9,5,0.4282444531919769,1.787550748177452,False,-0.15560892069219756,False,-0.6672934720454469,-0.26426027029953425,True,3.088762463988069,0.30191644489083136,True,1732
20,99,0.27350300538189354,2.6113484310104016,True,0.9255771424643998,True,-0.4545093169538909,-0.44225381226929605,True,0.27536764323939517,0.014946308628705121,True,1733
11,6,0.35027065282018305,2.3515240267586277,False,-0.23163661720355155,False,-1.1514266980823409,0.20343984662257106,False,4.664222852880916,0.41257312104548893,True,1734
10,25,0.2123789792911675,0.07125682574808823,False,0.8743360996333058,True,-0.454797082286868,-0.41051833935814563,True,0.3242863588181923,0.0288817615035158,False,1735
19,44,0.579037255141003,2.120446230794284,False,-0.11373375879822145,False,-0.7927853359264269,0.027175795687079188,False,9.322272089699885,0.6645792723306756,True,1736
18,60,0.10010697125116919,2.6814763781072353,False,-0.11405808621526492,False,-0.8264519372293864,-0.041664912512977645,True,10.519117676571229,0.7508182039873061,True,1737
8,24,0.30836171736370144,0.3748516542801702,True,0.9104811280325935,True,-0.47330270916006767,-0.43372192790394354,True,0.29731623119985556,0.03001592057459768,True,1738
5,96,0.08002763695776362,0.26816438279943855,False,0.23398968821495214,True,-0.5024567790484058,-0.38213489951542073,True,0.9045436618716304,0.04356495583631287,False,1739
13,41,0.06487216964126942,2.592751197767033,True,0.9953323932137413,True,-0.4535417284186469,-0.448311985651868,True,0.06559820902574803,0.004982236203128408,True,1740
8,8,0.2362038239453471,1.5621299675047076,False,-0.33921838184172937,False,-0.5108646832132211,0.37692985788760097,False,4.5232645868903845,0.2645681078731741,True,1741
16,9,0.3363767600970763,2.3242360594265956,True,0.9134186492334354,True,-0.4881881326609816,-0.448390200748451,True,0.32737866528065784,0.044154528417917976,True,1742
8,33,0.33113016991257166,2.801631264021157,True,0.8973014685135628,True,-0.4655497198676209,-0.4426055152477364,True,0.3255296668047215,0.021289005902718077,True,1743
12,44,0.5814329847727517,1.8029903763583583,True,0.7142677907470882,True,-0.45482375605374115,-0.4117486541717059,True,0.5929701197316941,0.04525508910590758,True,1744
5,21,0.1427313628591006,1.3374312083433282,False,-0.24673919491319118,False,-0.7300437032809147,-0.30758479162244595,True,2.055089911538735,0.23103709567559955,True,1745
4,46,0.5747902536657966,2.1250696596709195,False,-0.5308286172872931,False,-0.7793938077700403,-0.4308959286057443,True,3.0572771376639714,0.2584176567158189,True,1746
20,97,0.5474701911439028,0.31870564213601693,False,0.3015465723484929,True,-0.47317518243894063,-0.38195566983325474,True,1.1987378319155677,0.08306327751365825,False,1747
13,77,0.43236118879221647,1.4598961963379105,False,-0.1423481004239504,False,-0.6928083274298701,-0.21704527300105086,True,5.742064181505037,0.3989083379645355,True,1748
15,8,0.3119095770761309,0.5905580610028358,True,0.8830720216796584,True,-0.4818737252067601,-0.43567649629785343,True,0.33369480693554837,0.05668704106393747,True,1749
10,81,0.5591203877861837,0.580920425690477,True,0.7692775963307753,True,-0.47636763061847287,-0.4381389274294228,True,0.5702863254102541,0.03235881581828687,True,1750
8,38,0.19573830380041612,0.49367176983374494,True,0.9563963684007732,True,-0.4679744217057079,-0.4498013977755464,True,0.20354714583523797,0.01687408057301824,True,1751
14,95,0.31458320944783225,2.8978184494954546,True,0.9141573169716691,True,-0.459894762327572,-0.4469177166633996,True,0.31072660517516254,0.014594416611103967,True,1752
19,98,0.08997934412960584,1.792099878262655,True,0.9922028872317502,True,-0.45239831618746645,-0.4481100361388288,True,0.08742407273977819,0.004481807895091339,True,1753
9,52,0.4506593652658324,2.883071581646776,True,0.8332329318038159,True,-0.45912681552546425,-0.4185766034851562,True,0.43421761524837327,0.029651853199704276,True,1754
19,88,0.4684612108235763,1.682991434692695,True,0.8118252866292586,True,-0.4708103464089865,-0.4458538221291749,True,0.4722088586621491,0.026942061936355812,True,1755
17,73,0.06738479911674516,0.15247502874702779,False,0.66078561869258,True,-0.4705379836057839,-0.4203680473950923,True,0.6462822779935727,0.055371566503102806,False,1756
6,97,0.5523380947849573,0.8370347825256338,False,-0.34198093040905797,False,-0.6118630586100712,-0.25031497848835804,True,3.1398082699509797,0.19308515278662214,True,1757
2,63,0.32618780264207164,2.020807206825137,True,0.8917304087617435,True,-0.4712546515108712,-0.44964370226781564,True,0.3189645740363229,0.01080547462152806,True,1758
14,55,0.5572461568478774,2.456588111066295,False,-0.14775257251440022,False,-1.0466045028455477,-0.12143544892290012,True,12.32772554602441,0.9393282396529693,True,1759
20,77,0.14664277885402355,2.722151083158505,True,0.9787972324788842,True,-0.45477906130897366,-0.44743583636683754,True,0.14271847821340705,0.008867992227241045,True,1760
2,54,0.5172681911638779,0.8712399472624552,False,-2.4812842650705775,False,-0.5685380476753047,-0.2375065924674828,True,1.9041871190597006,0.1655157276039113,True,1761
20,61,0.4178795503947972,0.19094910862889103,True,0.8493964062765884,True,-0.46838020404301445,-0.4462641591149322,True,0.4128465418027715,0.030279567884538238,True,1762
12,70,0.18518096978199605,2.070203078169098,False,-0.1836081193300192,False,-0.6747883881742834,0.03576652146931869,False,7.760896138876699,0.5228184750780408,True,1763
3,40,0.5884103908441857,1.3259933455484094,False,-1.0069522813471465,False,-1.0549287807602863,-0.3822080130316954,True,4.069636545075522,0.2473450894629238,True,1764
10,29,0.4040609225023733,1.6512136145814087,True,0.869217741461858,True,-0.46552090572252663,-0.4288928473454584,True,0.39851920078248904,0.027545734628044962,True,1765
11,76,0.18763867631244902,1.6589193333997967,False,-0.16372038940480493,False,-0.7642294272568244,-0.17123864569103384,True,5.608268590969413,0.4277484777374717,True,1766
13,15,0.462274632078396,0.35874523192287233,True,0.7969418872769776,True,-0.47350457300950016,-0.41354035154900304,True,0.46527306513382555,0.05183255791273795,True,1767
12,53,0.31772059607103914,0.9572313853487234,True,0.9084360452824526,True,-0.4568598208989642,-0.43301818160551037,True,0.30650207670673363,0.022376139883980104,True,1768
3,81,0.07254397794195915,2.2393204258432835,False,-1.2248321287456343,False,-0.2952115270393464,0.3030241165357438,False,6.528191886627151,0.34278897629573263,True,1769
3,12,0.33615729054983057,0.2926291258495253,True,0.8868174404603618,True,-0.44650599205670083,-0.40210843692921877,True,0.3121234998404943,0.018320526562729613,True,1770
11,85,0.14417438547201328,1.4007810284953417,False,-0.21634314138876487,False,-0.3932935721211448,0.14136101721356062,False,5.505932817577707,0.37275229441799584,True,1771
18,58,0.3347918199582956,0.6594975621297217,True,0.8988744402520956,True,-0.46543454949574176,-0.4441502064514654,True,0.33125309913968753,0.0206791394699533,True,1772
5,38,0.42708648396577314,0.32341027438359493,True,0.8413634895554732,True,-0.48769774303339036,-0.4282955231063802,True,0.3968318721001962,0.0300070861618942,True,1773
11,34,0.22699854946764908,0.4330311541221856,False,0.26299426376593293,True,-0.6241348409835006,-0.43811304582303834,True,1.3417598554740617,0.08956558325209457,False,1774
13,62,0.2166526776198821,1.9261840686855023,True,0.956041116502066,True,-0.4552502827936827,-0.4403492415185163,True,0.21074932882902292,0.014671045790311754,True,1775
4,88,0.40989048984461296,0.036263356949982395,False,0.7825909636734063,True,-0.4598869315708347,-0.4401745852645102,True,0.46013504401135596,0.01396755099951516,False,1776
4,9,0.1593761274334946,0.6248353307797919,True,0.9756161997242525,True,-0.4654619921626123,-0.429076250639272,True,0.12674503228941328,0.01875447917117104,True,1777
15,92,0.4451435887311641,2.312349558664153,True,0.8450753988666839,True,-0.4675672170954782,-0.44625845627501465,True,0.4349245776505362,0.021722547315047278,True,1778
16,16,0.5269891760479003,2.9653278882924035,False,-0.13843301024052224,False,-0.7053611119711333,0.3066257710165056,False,9.983732276156704,0.9208343930923943,True,1779
5,46,0.09902284629776997,2.2454972695583395,True,0.9866127288148986,True,-0.45768366158608575,-0.43932749488406986,True,0.1049980310634874,0.011210456362256423,True,1780
14,86,0.51445605915414,2.510133195356626,True,0.7843704099336944,True,-0.46815364162347206,-0.4369339798410888,True,0.5123985634312399,0.031512157007022285,True,1781
20,90,0.39561908908252114,1.2713561283402088,True,0.8554328641742969,True,-0.4612793565632606,-0.4454186593139689,True,0.3970259072219768,0.018926102817411167,True,1782
10,31,0.2594575241641455,2.9932255271456496,True,0.9313301129355942,True,-0.45792713946417196,-0.4365252682835307,True,0.25603820618253276,0.018339275333958252,True,1783
14,44,0.051085431852901014,2.458023894667948,False,-0.12885863974192557,False,-0.7746529028550502,-0.01669512643369376,True,9.765607851165575,0.7073224733795412,True,1784
14,100,0.2977893328060722,2.150041486878465,True,0.9108779147475125,True,-0.4554644652266509,-0.4408546317181928,True,0.30319457550041,0.014914211267368494,True,1785
4,8,0.54541760399809,0.3943458385639408,False,0.5714296953271829,True,-0.6271554131970726,-0.29978380176507097,True,0.6890227276248677,0.17244170365221856,False,1786
13,62,0.09434544034836209,0.014336397619074126,False,0.9832726355670102,True,-0.4569012004392209,-0.4475435888467851,True,0.12263800485437445,0.005909234784664308,False,1787
6,27,0.4331302126870729,2.4881556661605817,True,0.8390829598106582,True,-0.5013471374878202,-0.405152703536667,True,0.43369300380808,0.0646096916859891,True,1788
13,25,0.5127841690151191,0.0354660709959258,True,0.7235258592096725,True,-0.4555208198934777,-0.4075007100713913,True,0.5496355629370047,0.04394115991495313,True,1789
20,48,0.2593306146812676,1.893387421309035,False,-0.07833865516488125,False,-0.7275303747575224,-0.2693370077811755,True,7.279816878958967,0.51432499174273,True,1790
6,13,0.3496114277351582,1.40863849981469,True,0.8135928762188859,True,-0.46867301630766156,-0.33920594222943967,True,0.37889199563419773,0.07557391605573625,True,1791
19,16,0.506039926543501,0.7259838849527434,True,0.7791110368258237,True,-0.4510641748727759,-0.4020072029870057,True,0.5025723853813784,0.0576089940484219,True,1792
16,98,0.5227494715371928,1.7908632775209847,False,-0.05104777387482384,False,-1.0085421509374768,-0.5631823188643782,True,5.791499808827403,0.4263545958727097,True,1793
9,29,0.5370127227557676,1.1511054080084355,False,-0.20876964639905005,False,-0.7808824256051433,-0.2536794197876464,True,5.002823004354306,0.30571030638670765,True,1794
3,9,0.44331512392798444,0.5163542702483187,False,0.5537715196526956,True,-0.6888276185287853,-0.43584809118868506,True,0.5559352534965062,0.07481890156505454,False,1795
6,93,0.4123071795027342,2.3364494123746287,True,0.8514187432032037,True,-0.4745514440945552,-0.4351473526155248,True,0.41268366182492217,0.026148669284021424,True,1796
4,13,0.5382360799712134,2.1770709334387712,False,-0.8205432829437678,False,-0.6317960604093464,0.34417254352571247,False,7.5014185641485485,0.5111425136603022,True,1797
9,15,0.14678456943428458,0.5174211603526457,False,0.07369197279138784,True,-0.540880279212866,-0.30162410761030534,True,1.5683761022910034,0.12027467179300368,False,1798
8,57,0.5798140082998176,1.5868252412380002,False,-0.2125970325666504,False,-0.9289225036182547,-0.19226917869175536,True,4.1408423722649585,0.3501750024799299,True,1799
6,84,0.48040576861035056,1.81145614545721,True,0.8362630670243727,True,-0.4801229942151678,-0.4335058205928084,True,0.45397962193974273,0.0273274081394138,True,1800
10,89,0.11465685795204078,0.6292806523388634,False,-0.0008357963846521432,False,-0.4849034958436746,-0.27430962105186846,True,1.840929799552953,0.15575938814755846,True,1801
3,55,0.3876402910107671,1.116852102186027,True,0.8411578179621029,True,-0.4949749596240456,-0.4199711765880229,True,0.4051393567457321,0.03163466185108371,True,1802
20,45,0.5457605995715664,1.194555648302513,False,-0.09574537730649291,False,-0.31274306432450527,0.08432177042783423,False,5.347533624936125,0.40191331549988224,True,1803
8,89,0.06021611965746282,2.2693788104330848,True,0.9964484889382782,True,-0.4522344783099771,-0.4487367807287097,True,0.06020604156435686,0.0029561953149424853,True,1804
19,52,0.4182325478502086,1.0164470161533639,False,-0.031591500471487066,False,-0.4739789441862763,-0.2970758371530253,True,3.3760596899257536,0.2623729336716605,True,1805
5,28,0.14523115336422665,1.9687027024304444,False,-0.4518627549619656,False,-1.4248189606775457,-0.6684248329010378,True,7.738010621781916,0.6789482538425992,True,1806
2,57,0.5534705181365106,1.7171090393941624,True,0.7556416995010984,True,-0.5208065716959762,-0.5181620773616358,True,0.5481461546686218,0.0013222471671703317,True,1807
19,5,0.09986976665288559,1.8196971952345193,False,-0.12329613861473065,False,-1.262913178881612,0.27165352281382016,False,8.115800758616514,0.6464877695227297,True,1808
17,76,0.2057175235283532,0.9135186663743882,True,0.9562647426579383,True,-0.4555905817366224,-0.4452816978344906,True,0.21098399192266737,0.01108406695139252,True,1809
16,35,0.48485110051077035,0.5418508508280503,False,0.013407857486982255,True,-0.46161918359229487,-0.3201853197586536,True,2.000881094288686,0.150422927885846,False,1810
12,81,0.5640666724135679,0.6488161971407075,True,0.7605466950971919,True,-0.46420154980897554,-0.44318066186804667,True,0.5543933653601721,0.02197640419756955,True,1811
2,9,0.37472054864162374,1.8206850509234083,True,0.6815582117160646,True,-0.5161917643743118,-0.42130492867971947,True,0.35041015731059333,0.047443417847295916,True,1812
5,55,0.3890212126288753,2.408549784899283,False,-0.541581949571103,False,-0.7762666415066433,0.2937536005060292,False,6.447159288868943,0.5199788133923267,True,1813
18,10,0.05414299016399322,1.5269351917393583,False,-0.1247658597851864,False,-0.8399529308282538,-0.06808732318926776,True,6.09250761544397,0.4471475876854347,True,1814
20,89,0.13342969908930516,1.8308138547086406,False,-0.0861547570754444,False,-0.7455161203874411,-0.1619005366200298,True,6.6188303036844225,0.5334720023984677,True,1815
16,38,0.40222285330474894,2.571158932654689,False,-0.10286072766010701,False,-1.5385470684036338,-0.36988605995340423,True,9.483756502808744,0.7339259058353098,True,1816
16,80,0.321830738753273,2.880625652528059,True,0.9108032975734754,True,-0.46284433641811595,-0.44165566658367045,True,0.310011241458025,0.02319757122269856,True,1817
11,70,0.49492685555945987,2.876263357636036,True,0.8074698529689726,True,-0.464948818071001,-0.4260225688888867,True,0.478554577650898,0.029927012616670252,True,1818
11,93,0.45979021265901165,2.618045641931107,False,-0.2105820491778625,False,-1.131369563610669,-0.03176618592286622,True,11.510714940028997,0.8156128993251474,True,1819
17,15,0.3535906855798442,2.009491335589241,True,0.8515784808688068,True,-0.4633361075706471,-0.4220114136362206,True,0.3741648603368753,0.057606998562636305,True,1820
5,67,0.2481936914221065,2.4720447496085973,False,-0.45426648229139177,False,-0.96897363711734,-0.04026324814474311,True,3.64000699267856,0.44048286779348855,True,1821
17,61,0.3255045713976828,2.3587814940294907,True,0.8972137161568493,True,-0.45882429200385283,-0.44382225446447693,True,0.3274782583806297,0.016495197327359046,True,1822
17,53,0.2689259413381773,1.5305528043711456,False,-0.10863450308043343,False,-0.5601727116457882,-0.053989425604325285,True,5.296744838036834,0.4539620919324987,True,1823
4,38,0.27422266047978594,0.6993035639859663,True,0.9329918149576477,True,-0.4662747614176772,-0.4415376774063963,True,0.26388516527013717,0.013967213041188583,True,1824
12,20,0.5586227926269635,1.3639165861087852,True,0.7348710010171647,True,-0.48967881290873344,-0.41394564634804754,True,0.5966783696474743,0.07360027701253269,True,1825
19,99,0.2284073518942012,1.3234681723605943,True,0.948630153136715,True,-0.45294747080023057,-0.4414699909384788,True,0.2258001287862852,0.013706805142172707,True,1826
8,69,0.2606549345514669,0.6068132329099426,True,0.9348300121173678,True,-0.46441772556196215,-0.44038628597935026,True,0.2645507587722684,0.01869139727905975,True,1827
11,32,0.45237727485849477,1.874600451058941,False,-0.20430127655956598,False,-0.6319153171822163,0.13060877868404613,False,7.292761888508577,0.5666673723775638,True,1828
9,14,0.4070598360586663,1.1915849766914448,False,-0.26157527266018454,False,-1.4375690982139875,0.033693924718146404,False,5.3567898063909,0.3886980145222203,True,1829
13,78,0.14856929349441367,1.4868305759086897,True,0.9777991008879642,True,-0.45537144245156647,-0.4497277509450803,True,0.1488929814085507,0.006345321398958785,True,1830
6,83,0.4888109615346651,0.14187416528681462,False,0.7263919768466487,True,-0.4672475232350602,-0.4220817044629928,True,0.5559138231179553,0.02770446393056894,False,1831
15,72,0.3743473559753785,1.7003537227488934,True,0.8743374081197373,True,-0.4674760823372716,-0.4458706226079564,True,0.3698728857831466,0.019686302574647957,True,1832
11,58,0.1704150354866296,2.6047900205125463,False,-0.1440413591670453,False,-1.6147296177359065,-0.403254350066242,True,10.086142984959368,0.6810636819091889,True,1833
8,12,0.4575734142920437,2.6912365935653697,False,-0.384836910274555,False,-1.5587472903858977,1.5661654221290064,False,15.645719738819706,1.2178288339752275,True,1834
5,67,0.30943881573856435,0.10219906422187341,False,0.7003657612783054,True,-0.4725152115667226,-0.4058508399788961,True,0.48722630820775564,0.04650800757887664,False,1835
7,35,0.2937169861774884,0.16957770627915758,True,0.9072810516435658,True,-0.4619681583760175,-0.4361323458274718,True,0.2946298150238003,0.020632768255751725,True,1836
16,10,0.2458077977725147,1.011515064080309,True,0.936162535047319,True,-0.4741603637630384,-0.43500945087014525,True,0.2396327348741134,0.031422525302162815,True,1837
20,20,0.08639866320045156,2.971201422390582,True,0.9911316893796143,True,-0.4502294920524509,-0.4434672689450158,True,0.08894093727259975,0.00998588432682628,True,1838
9,32,0.06398345693509008,0.35775130157009494,True,0.9959039605955762,True,-0.45518553488884556,-0.44963798824109213,True,0.063046800778756,0.004621642274862177,True,1839
2,8,0.4662463374601017,0.33207129726748097,True,0.23576131571974612,True,-0.2764283452845048,-0.25040224919279575,True,0.45963163633181203,0.013013048045854292,True,1840
15,16,0.3213347333093443,2.8752042644880853,True,0.896268844759435,True,-0.46697830650758815,-0.4290093836042859,True,0.3372303937317349,0.0529340489985056,True,1841
10,13,0.33874173814283487,2.9591250679498975,False,-0.23715004433826148,False,-1.6514085508313594,0.033196180864298375,False,10.66441260201911,0.812975901899543,True,1842
12,84,0.42218798221751436,1.782625685686803,False,-0.16890965416891524,False,-0.793622138667487,-0.1863179256064856,True,7.2209926926379655,0.5537427303282066,True,1843
12,67,0.19253996762994968,2.206893902346904,True,0.964217585880173,True,-0.45928808893397555,-0.444998649962955,True,0.19325894861481116,0.011267590832127694,True,1844
3,71,0.397711415744234,2.3074560297504694,False,-0.9621380008419631,False,-1.1935363682263995,-0.7163943843652902,True,4.777756889227152,0.15236648025563013,True,1845
10,57,0.17216318660167163,2.9352494511484566,True,0.9653334431997769,True,-0.45264621655827497,-0.43889373389016256,True,0.17860788749690243,0.010556488709855275,True,1846
3,98,0.5998923363482079,2.6841149175271646,False,-0.27840145381864545,False,-1.6459627646392765,-0.9601175735070071,True,3.0126855012243707,0.2765392867562592,True,1847
7,70,0.4441971483851436,0.20938441266844077,True,0.8193224166990729,True,-0.471429715087548,-0.4426790497551531,True,0.46623373686673736,0.021532565423283783,True,1848
5,31,0.3198461573556894,1.0112433023861487,False,-0.49914045339057456,False,-0.9386117084364902,-0.2230251783360579,True,5.212385467317671,0.4080230243048918,True,1849
17,38,0.24182869642373178,0.5874593816917291,True,0.9499970289046633,True,-0.45769386353191555,-0.44404965458776124,True,0.22853341413173475,0.013564352315220629,True,1850
3,23,0.295693033552693,2.12046638145715,True,0.9163308166533359,True,-0.5114777976236257,-0.42173344940923896,True,0.2747514061772891,0.03765478098130182,True,1851
20,33,0.5505414961603773,2.0807754869839146,False,-0.10051890826447285,False,-0.875122817565667,-0.2571737385201341,True,9.419475587274487,0.6646386963574326,True,1852
2,52,0.07579957684350408,1.2413743196186835,False,0.15265271300876804,True,-0.7900625790842011,-0.6113804231439753,True,0.7204802576464492,0.08934107797011215,False,1853
11,7,0.40176087287484963,1.6108219869500457,True,0.8654178382567941,True,-0.46286024278507865,-0.39236824634307066,True,0.35472782086903276,0.09260035719050812,True,1854
11,84,0.45832066071143884,1.3369561576969748,True,0.8351367835000713,True,-0.4720380088337109,-0.456713949228785,True,0.4491202377868374,0.015457769099695231,True,1855
18,37,0.20215190162366664,0.7066352201861893,True,0.9568590478723463,True,-0.4562183964489103,-0.44300032224805447,True,0.21008248221210107,0.01725184314753179,True,1856
3,17,0.46404429996524466,1.077934802145478,False,-0.4128738556951774,False,-0.338976042841978,-0.059531093882826736,True,2.054371275719679,0.039314468041290254,True,1857
17,57,0.12551919754329327,2.913753355616169,False,-0.11611212921903036,False,-0.8092054033028899,-0.24674664817784273,True,10.230643064527117,0.7599821097555417,True,1858
13,19,0.13220734960129296,2.3420966952873465,False,-0.1709483652443251,False,-1.5449730335155876,0.6373837380130285,False,9.336891198328223,0.7499252677805819,True,1859
7,37,0.453334400517753,1.9695279008885107,True,0.8144188871408958,True,-0.47975802580241933,-0.4004928167617296,True,0.4424280558692094,0.053371603577643915,True,1860
9,60,0.2577242857941738,2.315489832372534,True,0.9355634844318191,True,-0.45856057091341607,-0.4413053768045222,True,0.25227274929714993,0.015347680910135377,True,1861
18,8,0.4029292556213867,1.6380702943697383,False,-0.12388067641824296,False,-0.9449783117416275,0.08165589849805514,False,6.565851489600491,0.5052979556275898,True,1862
10,21,0.07852510977221905,0.8294010741599293,False,-0.10423275513852048,False,-0.8471451310264685,-0.33861528793633316,True,3.195720762003919,0.21141246595124455,True,1863
5,44,0.5627845026640854,0.9100818035596582,True,0.7268341797715511,True,-0.4889917700971663,-0.4312484466699696,True,0.5832104347728012,0.03436312073782118,True,1864
8,69,0.32688506773293563,2.854985067209356,True,0.8926529153305957,True,-0.4549334678374674,-0.42996583381967046,True,0.3248716476735296,0.018262544753896277,True,1865
4,85,0.3001958748700852,1.973196436085241,False,-0.7918332314992704,False,-0.7565545740563818,-0.014658441028674684,True,4.7642878456213955,0.34786862050095896,True,1866
4,54,0.11413436064499383,1.3230312239401323,False,-0.7743641474414886,False,-0.4227453020673109,0.26520114542450174,False,3.149644327456205,0.195258551629492,True,1867
9,96,0.38273774394308985,0.4692684041262306,False,-0.01627956521459084,False,-0.4814021928858965,-0.32531389599537547,True,1.7297916043383381,0.0948327760741907,True,1868
4,96,0.49241266299582814,1.054281487210186,False,-0.6473717179084886,False,-0.9330678942138959,-0.40690094824887624,True,4.035034564071432,0.22161045142858873,True,1869
16,82,0.3569224390305572,0.3457755624309299,True,0.879934427435207,True,-0.4635455765290871,-0.4452255637057883,True,0.35958359858978733,0.020319980178829977,True,1870
20,24,0.5099859704612587,2.3296849176304573,False,-0.07664286521269559,False,-0.9562026621372528,-0.3150731886488061,True,8.362511706277298,0.611185263443854,True,1871
6,46,0.08634305493810322,2.3192240834030873,False,-0.4478019794082677,False,-0.37322087737868187,0.7652563704592062,False,6.942232800831265,0.5062509865256677,True,1872
12,92,0.10242954043539997,2.2701596000958775,False,-0.16506150995619295,False,-1.11723089820879,-0.2744227834822964,True,9.481642309942737,0.571140351156482,True,1873
13,46,0.27810298008804535,1.4002043901351229,True,0.9162740083046229,True,-0.4530342462135106,-0.43301583726175197,True,0.2899952000020233,0.017732113294328573,True,1874
20,46,0.1808206867848151,2.2227391355520725,False,-0.09607699612934995,False,-0.8061072995266653,-0.05704618509639918,True,6.394190431505419,0.5301893905839415,True,1875
19,48,0.4997518289385758,0.4056045396322391,True,0.7869916108257964,True,-0.4548619314824625,-0.4205694176623131,True,0.5165002412726774,0.0401386823633758,True,1876
2,28,0.26704568565084547,0.28047074292047336,False,-0.10286878637425989,False,-0.5227599628868261,-0.47680782233923114,True,0.6958715553560822,0.022976070273797444,True,1877
9,25,0.2250949637312945,0.41174031312718107,False,0.019538179977397818,True,-0.5845056547056537,-0.3296441359777693,True,1.7719077965209074,0.12891852065413992,False,1878
18,89,0.15887621579325434,2.682259873120504,True,0.9737617847847999,True,-0.4560781728762981,-0.448037207251824,True,0.16123030003980127,0.008821096428697973,True,1879
5,66,0.10981211465398752,2.906443131861071,True,0.989744758994912,True,-0.4542876326860037,-0.4510850721764891,True,0.10266948752280795,0.0017728698053076399,True,1880
4,11,0.47692224198126826,2.887432559608243,True,0.8427721686509331,True,-0.5147883459140442,-0.4226630970247407,True,0.477519077962473,0.07928837615341763,True,1881
6,80,0.2794224701505137,1.8013379971393138,True,0.9205617139724218,True,-0.4537941173734138,-0.43714623479941794,True,0.2782452904819311,0.011669635005442795,True,1882
4,28,0.5601447986675195,1.8167539772482213,False,-0.8166510754909333,False,-1.2944403866092566,0.26436663740248695,False,8.521905026199093,0.6346591780410973,True,1883
10,17,0.2866053808632946,0.6560991632710519,False,-0.2282844450635244,False,-0.6033807548496305,0.048189905767754844,False,3.4723145772784734,0.22655042930568187,True,1884
6,61,0.5692853990667619,0.8250535919177466,False,-0.24113949779346244,False,-0.4972402198339543,-0.1820633853818036,True,1.981078832156374,0.19169706028948444,True,1885
5,23,0.30339506798702665,1.1725365561419099,False,-0.3465807109219101,False,-1.8584271172114244,-0.5144739009866696,True,5.236777144972753,0.42292143542717536,True,1886
3,72,0.3710795521877325,2.104581823907369,True,0.8745785807696066,True,-0.4862624313165965,-0.4309324127851332,True,0.3724896593616856,0.023694667583764303,True,1887
17,19,0.19710827438850564,1.7507523169103856,True,0.94398062243356,True,-0.449597582255424,-0.43119413750617397,True,0.21316334923426408,0.020414777736705355,True,1888
19,51,0.5452336065583554,1.640819693992848,False,-0.10488752014036318,False,-0.6863146515467202,-0.08024160447632246,True,8.65360186996774,0.5943785683076316,True,1889
2,71,0.5688763674604423,1.468699063033899,False,-2.5996983571457855,False,-0.2967285035351871,0.032096181822178285,False,3.5163847902333867,0.16441234267868263,True,1890
11,14,0.06945162672345431,2.6650463983297863,True,0.9951852949299024,True,-0.4611114945384254,-0.4491980100327912,True,0.06622593860026212,0.01035943894281525,True,1891
5,11,0.4713917612647369,1.8966584409778937,True,0.7169732720771529,True,-0.5234549848630627,-0.3499262965517082,True,0.523979589092249,0.08270778758039865,True,1892
11,20,0.15423620833911242,0.35549968860647085,False,0.157219401343358,True,-0.4804551093833352,-0.28772773003922064,True,1.3189518804196905,0.11946605692893113,False,1893
15,67,0.3770824389096559,2.0401922876280985,False,-0.14239619697013195,False,-0.713033365887315,-0.12181095932427552,True,9.709767091459444,0.6747726642915539,True,1894
5,78,0.19879772500338838,2.1874324753756333,True,0.9603913636480982,True,-0.4612903644777484,-0.4464998167097277,True,0.1961134688149486,0.009622688804473792,True,1895
16,89,0.34517383803060736,0.4911595857242712,True,0.8922188270988273,True,-0.4670441539971767,-0.44607962168658116,True,0.34712974359637383,0.01948557182817537,True,1896
3,30,0.5759051556847118,2.857798817061583,False,-1.1922563724898132,False,-1.1856966846097448,-0.03962247800217833,True,9.609880893478826,0.4955865210527003,True,1897
6,46,0.2955395926531256,2.970772820842246,True,0.8953116139522389,True,-0.46468309956982656,-0.4314242454861301,True,0.3064183345775038,0.02320807386360607,True,1898
9,33,0.4747526188921423,1.3383052188539057,True,0.8163872928074355,True,-0.4812460812621797,-0.43653189068863113,True,0.46082194735811066,0.03836079705705562,True,1899
11,39,0.34613041338511275,0.8049005852111978,False,-0.12646856964533715,False,-0.5948203782584713,-0.383238672112745,True,3.862438285377086,0.2637074009409357,True,1900
6,71,0.09441770141911623,1.9498494267070923,False,-0.3197081103179027,False,-1.3126438561355558,-0.445847654218012,True,6.282137744253184,0.5010072979067403,True,1901
3,94,0.34746558883395745,0.7282718909382169,False,-0.21039177010831622,False,-0.38838554648868223,-0.26023514705068995,True,0.8636123618511109,0.06060495080437252,True,1902
20,67,0.43455802008757144,1.5317871604631819,False,-0.031114218437282348,False,-0.9332016034354769,-0.49910945352773206,True,5.439582067468603,0.38369129681413244,True,1903
9,59,0.24777308002889653,0.4936796486827332,True,0.9361244695244909,True,-0.45146404952202474,-0.436189931935019,True,0.2529603173821754,0.013008952966153451,True,1904
7,5,0.2128861395597943,0.6064739883267175,False,-0.6540474758870352,False,-1.0670749200674186,0.2761914726755134,False,3.0144313607617272,0.2735827091246614,True,1905
14,84,0.3275546470864887,0.6747325599152193,True,0.8915021259309782,True,-0.4457840231623676,-0.4270007146330225,True,0.3331827869719988,0.018445161097870977,True,1906
5,73,0.24203935448048847,1.823701682525675,True,0.9478187739998832,True,-0.4697645186175351,-0.44999539517084197,True,0.23995658374980403,0.012403305279977295,True,1907
6,49,0.23953612081521258,2.87775344922143,False,-0.4405159887685117,False,-1.1086515166642459,0.16721284772076836,False,7.3249560534385445,0.5353298712405561,True,1908
19,76,0.1636396422607096,2.9382938304893327,True,0.9717356180443157,True,-0.45127061925485834,-0.44479137634440524,True,0.16533858671833784,0.007831246088806431,True,1909
19,93,0.39871568653032663,2.1777920726628293,True,0.8610007355129127,True,-0.4599571839702441,-0.44354886372478153,True,0.38655877971207364,0.0183496910150977,True,1910
17,74,0.49722622207554557,2.6928964021745605,False,-0.11943819956255686,False,-0.6284041014703302,0.03415004131752693,False,6.564278469750184,0.5273187410935436,True,1911
2,77,0.24607563017890988,2.6733373974424075,True,0.9416609282346358,True,-0.4653713459838499,-0.4288853986709298,True,0.2360446754393263,0.018242973656460215,True,1912
15,19,0.19240277313640736,2.4322657054299053,False,-0.15276231693348974,False,-0.7001665735981947,0.4343963021842538,False,11.460414245338965,0.8034938551812902,True,1913
4,28,0.5120199729997702,1.154576986336597,True,0.7720861349159139,True,-0.46682994620001006,-0.40505936467489506,True,0.5320395580464218,0.030063993272759628,True,1914
3,76,0.2027849353905718,0.5126340148044772,False,-0.49694987336703456,False,-0.4798139342822957,-0.3604991623225294,True,1.3188906384890722,0.036844687458947256,True,1915
20,95,0.06729283403408776,1.9599178676993028,False,-0.07533660665400732,False,-0.7862249159366929,-0.36808615272850276,True,7.36368511154736,0.5286633999217079,True,1916
16,50,0.10071770936184332,2.729868975385598,True,0.9897827098207439,True,-0.4520716357605067,-0.44651824219536285,True,0.09624958841840303,0.006641813951121941,True,1917
11,46,0.10905307539180809,2.380454108135665,False,-0.2121612548405174,False,-1.0797149307541807,0.33961162527240263,False,9.70737528631139,0.8374359106286375,True,1918
8,57,0.14367525773079276,0.1287066715147991,True,0.9782789764185051,True,-0.45512396830709534,-0.44398314136478323,True,0.14278193237912376,0.007641820019679377,True,1919
2,23,0.1283979329563589,1.2997790792009476,False,-2.4114134888600702,False,-0.9513932232360193,-0.47619382986106984,True,4.023228334810592,0.21143281060594882,True,1920
19,64,0.32585566788040465,1.3468842608026872,True,0.9093533039549969,True,-0.4631805943145861,-0.4465974259683741,True,0.3145200316242391,0.019127230364698065,True,1921
8,97,0.5999603051057812,1.3662387931564612,False,-0.22513584570168432,False,-0.7253715151862262,-0.2466447050645049,True,4.397352324445648,0.36257161894312606,True,1922
9,49,0.3552287488166908,2.01707693360007,False,-0.19084838698709117,False,-1.2051974102370617,-0.5140738728928863,True,6.67763429537122,0.5515088883212093,True,1923
18,70,0.10760727868229453,2.3378630607406725,False,-0.09712118274488013,False,-0.7806455775930852,-0.21664378418810823,True,8.042819269951957,0.6632353186619578,True,1924
20,87,0.12973651785458348,0.7992721983094355,True,0.9822488361487152,True,-0.45424826094536574,-0.4479286164325807,True,0.12974503334650306,0.007513400656451251,True,1925
11,5,0.4745040236622178,1.8126689095001196,False,-0.1277556349477531,False,-1.06068852141832,0.27389490526796373,False,5.4141316971636115,0.5739580374684929,True,1926
16,55,0.5500934011515191,1.8726540944749603,True,0.7697054580762797,True,-0.47889679744094127,-0.4460211849134731,True,0.558090869030265,0.03702179847142122,True,1927
11,50,0.4119803718017634,0.6478316076842452,False,-0.1386257749471962,False,-0.5758923543231309,-0.17933481127729897,True,3.438994942105082,0.2292092075279113,True,1928
12,18,0.298746177948921,0.8922367236155578,False,-0.15479939379195096,False,-0.6575002377440488,-0.07055192555428753,True,4.102519645732541,0.34119693579089416,True,1929
15,16,0.4383051562662015,2.6212766525721136,True,0.7860055392687143,True,-0.4650743593777182,-0.40169062239225867,True,0.47019657732510733,0.071718328224795,True,1930
20,36,0.23491264972522202,2.44409407867041,True,0.9540353766522662,True,-0.46511875500405625,-0.4504860523088202,True,0.21844909847945312,0.016068748930301982,True,1931
20,92,0.3874549653829006,0.3286334481612615,False,0.17989379465998723,True,-0.6029043405997204,-0.44893179919116183,True,1.8934209758576646,0.13377622129057318,False,1932
17,58,0.46135922994386536,2.4151002090569844,False,-0.1062216513759886,False,-0.5722693066655712,-0.0980069903755346,True,6.77295437037332,0.47721748616241955,True,1933
11,57,0.12753680314649835,2.8012812944121985,True,0.9824259725506218,True,-0.45764183225015476,-0.44473784186265003,True,0.1294224842056536,0.009429214137559878,True,1934
20,15,0.145406889116187,0.9730570521035888,True,0.9801287243050261,True,-0.45248416034497885,-0.4351744559709818,True,0.14023598151459243,0.019145555303196934,True,1935
12,86,0.11476375556282821,2.169512223873993,True,0.9856234340910895,True,-0.45095174029107826,-0.4452543096919761,True,0.11633214618953008,0.005097489736485666,True,1936
12,55,0.297065383413624,0.6808959672565834,True,0.9196539716500132,True,-0.45365318774841323,-0.4285462235181419,True,0.289156446179348,0.02357468235656703,True,1937
17,26,0.18977843695000873,1.948039167509038,False,-0.12857965717051045,False,-0.6658402743519914,0.12266293450619653,False,6.55683521615261,0.5680268678125107,True,1938
8,74,0.13022635317618692,0.1634423343505974,False,0.5958135829910347,True,-0.4463073337755599,-0.38964799399409716,True,0.6223738852100877,0.04114231590860235,False,1939
3,22,0.19398706722225229,2.2084144972059296,True,0.969418377053125,True,-0.46131004384968277,-0.43887611057994286,True,0.15444043300147375,0.008332300635639178,True,1940
12,79,0.18176567415573003,1.1328894604071973,False,-0.1310148635534616,False,-0.7017573979365548,-0.20882701928713585,True,4.35568525184657,0.28811923818993534,True,1941
17,71,0.3142811396820484,1.5239472432259111,True,0.9120195707632938,True,-0.4542860174473037,-0.4404467237229855,True,0.305308734704267,0.01677757178150496,True,1942
6,22,0.2090536238128392,1.5554801048821674,False,-0.3725107098318323,False,-1.2583074321068548,-0.19612018636472625,True,8.349940436651092,0.6008529971611698,True,1943
2,8,0.49480805607488404,0.3710624431550541,True,0.8648142992846113,True,-0.6382932190942705,-0.5102452850519,True,0.35575148497996967,0.06402396702118507,True,1944
10,95,0.43465425309027983,0.9098449532165632,False,-0.12254232929193232,False,-0.607180160356582,-0.2966373860086875,True,3.168114382174908,0.1766991779260974,True,1945
13,60,0.470549489888347,1.8597471889531985,True,0.8158248908541126,True,-0.4631831015487726,-0.42580481752893956,True,0.4621259504439695,0.029060464298280544,True,1946
10,92,0.1118039557203653,1.6991734527670415,False,-0.14610873049127537,False,-0.5188754021654529,-0.25879129728226463,True,4.676210298046602,0.30315575365560865,True,1947
12,22,0.3341205586198561,2.437551187977378,False,-0.17425418250804237,False,-1.207145653700092,-0.2273644056464173,True,10.540630284308616,0.7190964012234338,True,1948
4,15,0.12738369210774972,1.2187101814861436,True,0.9883000931309289,True,-0.46897912043670864,-0.4527037636081068,True,0.11245468070112664,0.010328511797852062,True,1949
15,6,0.5977886639646668,1.3467041596651557,False,-0.13598450275812413,False,-0.9557249249628051,0.26789441504440925,False,6.899397425427551,0.5164767847302372,True,1950
2,61,0.4611150400655616,0.7837202250266697,True,0.786730689792369,True,-0.4923291193333391,-0.44506990799121315,True,0.4669556940482398,0.023629605671063036,True,1951
8,8,0.4185407742918552,0.52225590301946,True,0.901141224949556,True,-0.5437616267952357,-0.4726727172824286,True,0.33006652808168985,0.07824223088574515,True,1952
3,82,0.16456106036122903,2.769343097494951,True,0.9668255389711756,True,-0.45698214952363386,-0.442941967436089,True,0.16615007013582234,0.006289035027440176,True,1953
13,65,0.05557761223636573,2.3736568659530892,False,-0.1808489900170449,False,-0.6829519728546982,0.33993687344952583,False,8.597319124752556,0.6093816171276295,True,1954
3,53,0.39763555388763977,2.1873252514253645,False,-0.9044139948752645,False,-0.6109963351037058,-0.2596086816252361,True,1.6371797272245745,0.102414182969078,True,1955
14,95,0.22237527981328636,0.7704468164964856,False,-0.03160441416087201,False,-0.5080990601121949,-0.27120517680281264,True,2.674502334111043,0.20748041284700372,True,1956
20,46,0.12174226528351752,2.748178181818404,False,-0.10590260381598182,False,-0.9809036197566823,0.0967777225295463,False,8.747572864164406,0.601009935926296,True,1957
7,44,0.46117139134819457,2.4391882994791265,True,0.8208171842018237,True,-0.4684719259332521,-0.41795472099468395,True,0.4370877295863556,0.029699057579177023,True,1958
18,71,0.34717407004685685,1.298455069582718,True,0.8901149107602724,True,-0.4637837764596208,-0.44100184446549223,True,0.35074143063266855,0.022832673673037155,True,1959
12,87,0.3379596639415839,1.9461823676688064,False,-0.1543290639886803,False,-1.197260274551739,-0.30613247479005035,True,7.946069145928546,0.5589260151700732,True,1960
18,14,0.155632541027038,1.886320240058516,False,-0.10649272930420106,False,-0.7838934859497995,-0.11810967947039878,True,6.512180797685282,0.4992904968723383,True,1961
3,48,0.14801644127756536,0.9534282499810737,False,-0.7507308898181309,False,-0.8671906239174554,-0.4293842885697754,True,2.6136708481506963,0.1724167079554962,True,1962
16,40,0.31854311673326424,1.701206839848727,False,-0.07879834871534275,False,-0.5910947892525688,-0.2086627415162212,True,4.256308712513419,0.30714888587592165,True,1963
18,17,0.24944599108785354,0.034033564709520014,True,0.9368185925680297,True,-0.4589612149350524,-0.42381467784889876,True,0.2390447663153222,0.03602549652956563,True,1964
6,84,0.13201851688291416,2.0238121559218385,True,0.9823166894431139,True,-0.45059247895734805,-0.44128117877846446,True,0.13081459834522396,0.005801962937709925,True,1965
13,44,0.42532635906657434,0.31008047747699297,True,0.84548228707533,True,-0.4581547169439556,-0.4279623642158995,True,0.4064328557838044,0.030025128500434945,True,1966
5,86,0.3747586613619847,1.781956751573491,False,-0.512657493684477,False,-0.5847778795917375,-0.15194307547313532,True,5.7761672463138725,0.30036159608941854,True,1967
18,93,0.10204085456258871,1.868704136497974,True,0.9892983754878137,True,-0.4516793801843226,-0.44714952680932857,True,0.10187347688204618,0.004880557666155799,True,1968
8,45,0.3588257720875887,2.6416716845288826,True,0.8977913424240542,True,-0.4711545063595715,-0.42535331569642704,True,0.3491966739771614,0.03419385708324727,True,1969
8,68,0.24688354590827372,0.7989841006359116,False,-0.2019321702116843,False,-0.8950493374700184,-0.2784846390609436,True,3.9627300680882476,0.27167917783789053,True,1970
6,64,0.3355575827346886,1.9522468622680478,True,0.8984058484582422,True,-0.4809675168932394,-0.44341646947309243,True,0.3224811789688212,0.022719541140395226,True,1971
5,88,0.23767387464929068,2.926219696927657,False,-0.49873975048990515,False,-1.5474833238907404,-0.39371624435608327,True,12.913114320955657,0.8922412744441048,True,1972
16,16,0.12525953708365867,2.30745149578017,False,-0.08271926333509927,False,-1.7575450194159699,-0.6069195817742186,True,9.664869058328424,0.7494786038684443,True,1973
2,47,0.2755330425961995,1.6632524792267533,False,-1.5918821884590724,False,-1.2064036066043973,-0.634894942287895,True,2.9195460905239274,0.18007742420207257,True,1974
20,21,0.47528459242339954,0.5368189533434709,True,0.8300879152541716,True,-0.4866116028935818,-0.4460524575199283,True,0.4650778359451917,0.045058732317036235,True,1975
8,32,0.48188657652284833,1.9075944859149612,True,0.810662798399731,True,-0.4841390971630263,-0.4479243778547354,True,0.4727239363355012,0.025670802657060576,True,1976
15,81,0.4970675049376927,1.3870037341466182,True,0.7881792238598133,True,-0.45821912273128956,-0.4382482771128415,True,0.5019415672552421,0.02367722895439135,True,1977
10,36,0.24794134856631295,1.1433333168978241,True,0.9360730956940226,True,-0.46491672654488425,-0.4438788265912009,True,0.25758693455191967,0.02081596001722936,True,1978
8,36,0.16666287789256068,1.673115600256672,False,-0.28954328361791193,False,-0.8189434344770481,0.02870168392460254,False,9.545173605666687,0.6817632006230648,True,1979
8,42,0.48098358186103557,2.8453371932430773,True,0.7901146893822729,True,-0.45066387977518996,-0.4217751621458068,True,0.4745128589812349,0.020715916869618194,True,1980
7,78,0.13370561313743273,1.7512093098522168,False,-0.3169675671997436,False,-0.6282517828418434,-0.19827633154627175,True,5.113587680159772,0.3566510534748746,True,1981
3,23,0.18570067471487156,0.9245784858888302,True,0.96735017829905,True,-0.47156956525793725,-0.4280222694493939,True,0.17143229419965783,0.01900490286859351,True,1982
19,71,0.28653948526981604,0.621922069365388,False,0.09309907142484963,True,-0.5833894603946638,-0.3896427085236022,True,2.2777160980780167,0.1782819756982422,False,1983
10,9,0.31997967932108606,1.85201778999714,True,0.9157503492470936,True,-0.48472612387523867,-0.4361934419418004,True,0.3043186391838827,0.04853851394286046,True,1984
20,22,0.1548928383015911,1.4187157457673336,False,-0.07016685495912633,False,-0.541776977249247,-0.22953429218102875,True,3.577067126786605,0.26660259639088774,True,1985
12,44,0.09604221960154637,0.7562461625065217,False,-0.01837701253062618,False,-0.5343806642278026,-0.2705851118120466,True,2.068932200472932,0.14446043527147154,True,1986
7,27,0.4929332116844789,2.1796049084992046,False,-0.2781918530561165,False,-1.3212361913883535,-0.4780393342603535,True,7.925149682142649,0.677112420040344,True,1987
15,83,0.13010054243109787,0.9220673333569684,True,0.9829994054756725,True,-0.4533719662402249,-0.44607172142120527,True,0.13050369526713787,0.007586949559685,True,1988
18,25,0.45569993963963623,1.6674526106911887,True,0.8132477516793878,True,-0.49925930749074576,-0.45195368653186246,True,0.47701367478844897,0.05624280801957414,True,1989
3,22,0.09113119890407054,0.5250929908486908,False,-0.7722255208564801,False,-0.6474816305696216,-0.3792922462504623,True,1.6199387089566364,0.11482531347244265,True,1990
2,91,0.5094760070892256,2.8279974205302976,True,0.7479605170172234,True,-0.46741584872501973,-0.45103075652763125,True,0.5221338541449865,0.008192546098693854,True,1991
13,8,0.10225325065151326,1.0230486424505751,False,-0.07046433140004194,False,-0.6354597277831269,-0.03919508993470776,True,3.0885318790114322,0.20391612838109988,True,1992
9,54,0.09650367313889581,2.930937725642709,False,-0.23705303267949707,False,-0.8415285467474128,0.1466073412899346,False,8.540523941595936,0.752893845295346,True,1993
14,40,0.48440074339457895,1.420261179103478,True,0.7938612210231992,True,-0.46657712987085914,-0.42986162861814226,True,0.4962323657643215,0.04124105204041083,True,1994
10,39,0.12322319418775193,2.3638171489966364,False,-0.23903746498309708,False,-0.36623147628617675,0.3937230830864978,False,9.515833252320299,0.5609529365516773,True,1995
12,33,0.2134702147877428,2.7776359893417437,False,-0.17434723383184392,False,-1.5890704545530459,-0.2744453376218846,True,11.983246018373421,0.7702598477517514,True,1996
15,7,0.4538073532672186,0.3601303492165978,False,0.26116925779715516,True,-0.5842416818347841,-0.37822696688040824,True,1.3177393817939103,0.15131913821186174,False,1997
5,71,0.43835085621468,0.4625627756468834,False,0.16233470023873264,True,-0.6633201053172724,-0.43289910512770174,True,1.2452609324730364,0.13742594368324787,False,1998
2,82,0.5085471951106123,1.2472868323209045,False,-0.35359520452257076,False,-0.37326667616308823,-0.17661022824504155,True,0.7248158972605303,0.0983282239590233,True,1999
15,21,0.326544349723227,1.2404462427911027,True,0.8886459373274842,True,-0.44865440027359826,-0.4265767345244772,True,0.323510144266817,0.023861757277776778,True,2000
12,6,0.4797863072220306,0.6952704389346281,False,-0.04560125642395296,False,-0.7190937940330451,-0.14113074146579588,True,2.432300919227932,0.24703887058607943,True,2001
3,52,0.24106390977865422,0.05075494344406384,False,0.8384586998330832,True,-0.45756050350869437,-0.3990895255812857,True,0.32019968423258355,0.027190511533008804,False,2002
8,15,0.5792125844303684,2.1059012168633657,True,0.7316198114817046,True,-0.46120275867072963,-0.36305223698582917,True,0.56605434262889,0.08628845015858233,True,2003
20,53,0.18912083190260598,2.3777714499048273,False,-0.1055296008322768,False,-0.74184460898702,-0.042843343369050595,True,10.843114185182134,0.7095140703968885,True,2004
18,80,0.1848853934187939,0.9087336123270362,True,0.9626998040928605,True,-0.4548240472520116,-0.44380534275779276,True,0.18527125242426595,0.013393822901015507,True,2005
14,95,0.5900656347746418,1.520660991638115,False,-0.13728460069852688,False,-0.5743078860708455,-0.08786005606376521,True,5.0204473304225905,0.39154991907044195,True,2006
13,12,0.3658043678677458,0.5636333582351207,True,0.8639675973980738,True,-0.47390025655769896,-0.4086675158486433,True,0.4004605562970478,0.06957385425734289,True,2007
14,47,0.5723569588866404,1.7057310093974518,False,-0.09373350867492514,False,-0.5331976130852472,-0.0135502494895334,True,4.947923127249531,0.4193641849329147,True,2008
11,54,0.15935886071456312,2.7824888545260746,False,-0.19956500146863188,False,-1.3844151254110035,0.47199006762317586,False,15.044984909791195,1.1061991063549588,True,2009
9,11,0.16768621838917006,2.3280267113671336,True,0.9667583446222651,True,-0.4656985294700652,-0.4365558114881042,True,0.1739048534867266,0.02572542148566198,True,2010
6,92,0.17574923930699232,1.4290441872823574,True,0.9721907678875958,True,-0.45089313880559867,-0.44025206280225776,True,0.16288121328711724,0.00675857807837556,True,2011
4,74,0.2652107765161358,1.1485848275296648,False,-0.1289077491433066,False,-0.5946661901748339,-0.43877130734612974,True,1.4385669243627914,0.07052339636095281,True,2012
19,22,0.30681526626906847,2.216586889050774,True,0.91514842889216,True,-0.4760046968041889,-0.4521905382668791,True,0.29141384457178376,0.029250347700250603,True,2013
16,13,0.14806785175223158,1.3977028888660923,True,0.9736948069379788,True,-0.4587850736207511,-0.43706888639298924,True,0.15196276569889805,0.02605750415303437,True,2014
4,36,0.06001702085567993,2.0862944299030337,True,0.9960910730974589,True,-0.4497897837404943,-0.44223586726009184,True,0.06289984526222384,0.004005274649775122,True,2015
4,82,0.5187681216707415,2.353940321103163,False,-0.7213598936940306,False,-1.6737480307921972,-0.5525997694440251,True,13.346049949626241,0.8414067175586791,True,2016
2,20,0.5060679040699012,0.662084628551852,False,-2.1330564993668224,False,-0.615773916831504,-0.13191042781127055,True,2.02400880636842,0.24193174451011665,True,2017
14,11,0.12187522972637224,1.7477475610336441,False,-0.16831211848935013,False,-0.5531087495903485,0.4454508503592937,False,7.4959835783266495,0.4984573366602605,True,2018
5,43,0.08917421868308864,1.7804423534549882,False,-0.5485750813837287,False,-0.5118886764755621,-0.02714732591467748,True,3.1666022197325896,0.3346451769188575,True,2019
18,67,0.32236169944590837,2.0430437149034337,True,0.9057141558113013,True,-0.456577202136481,-0.4390494388236336,True,0.3181283960132097,0.016223737903098015,True,2020
8,97,0.4624140213873458,1.8481643505129512,False,-0.2542438662123021,False,-0.12365650442601399,0.12830653139063877,False,2.720300031486585,0.1779354865860107,True,2021
11,87,0.2736229057370868,1.1870622444502628,True,0.9318930344946723,True,-0.4617635025797199,-0.4460495364881061,True,0.26706677221199415,0.01342215416754371,True,2022
14,55,0.23480596241430235,1.898788319922692,False,-0.14730994550429188,False,-1.0011834427447897,-0.02893654122927265,True,8.786263398401235,0.670234024712076,True,2023
20,100,0.5998564377091008,1.7638494770824504,False,-0.05689473288648861,False,-1.0336863188782666,-0.4656208575898791,True,6.930219425704304,0.4771857616505806,True,2024
11,77,0.2635275041530534,2.4277401846464888,True,0.9227234018708476,True,-0.45424619079264417,-0.4388779542865613,True,0.2722463948571562,0.012851635830332362,True,2025
13,71,0.46090004240198457,1.5889571278103523,False,-0.15300104310253437,False,-0.7272469299035696,-0.05936140066444765,True,6.18053158550128,0.45067491858411907,True,2026
19,34,0.12985605238722875,1.3128209109744347,True,0.9828788970277349,True,-0.4514580832274067,-0.4420825864529763,True,0.12997707507947653,0.011228218035772331,True,2027
10,52,0.12100576858571177,0.22341939169000746,True,0.9827037598392376,True,-0.45930782309779444,-0.45293311077705767,True,0.12597234743465033,0.005522079402420554,True,2028
20,80,0.38402003432405046,0.5249381246999342,True,0.8585144992528759,True,-0.45935210004719274,-0.4343536483399347,True,0.3844854983921988,0.031033675648188767,True,2029
3,43,0.5809167223641252,0.04088317597912605,False,0.7435369927523445,True,-0.4943390051204912,-0.3706803893715368,True,0.5710088829795962,0.050675765328404246,False,2030
18,66,0.5088499712962414,2.6746195170273106,True,0.7865785873153421,True,-0.466317467729119,-0.44036378730480247,True,0.5033692072821068,0.03173576240101273,True,2031
16,37,0.4544860377920268,1.1065204420980184,False,-0.10243240558214906,False,-0.6626997082037244,-0.2543832801941944,True,5.4546384957873,0.41163713421491815,True,2032
8,76,0.25210931567410566,2.972365493278745,False,-0.14239954751489003,False,-0.9320023385160333,-0.2825045183763001,True,6.1655800931159845,0.4871868861432294,True,2033
10,96,0.44804658735583014,1.6430005331995128,False,-0.1959573633760161,False,-0.48151287730864056,-0.09591456503002732,True,3.4025320863649964,0.33724041203947114,True,2034
20,37,0.09292880709441514,2.3046324850548237,False,-0.08642482464177004,False,-1.0638820931375763,-0.3910699953768322,True,10.02690995458601,0.743627128662028,True,2035
17,26,0.29403111279533595,1.3044999484503639,False,-0.10101945493210751,False,-0.8218384847018942,-0.22120534182518276,True,6.268667718668182,0.40499159126517775,True,2036
13,54,0.06538291585947584,0.3420167147793609,True,0.9955904003487466,True,-0.4518248942623631,-0.4476405414014011,True,0.06461810017446898,0.004068199523279289,True,2037
19,35,0.09860857283817058,2.1904678974974923,False,-0.08926646747137745,False,-0.7734488364807508,-0.12034481175640854,True,7.547362337032201,0.5738051327210916,True,2038
17,49,0.2567799064073315,1.3246140061674843,True,0.932996374056217,True,-0.462994591282204,-0.4448743683297871,True,0.26382201708127045,0.02303910529099268,True,2039
18,19,0.5832829749152285,0.2855818425991383,True,0.7500044810708466,True,-0.4890223597028534,-0.4321472001517429,True,0.5703691284222098,0.07118938255100783,True,2040
5,45,0.12209610397316965,1.6909042386334376,True,0.9845807990440064,True,-0.4580204215156862,-0.4425549412464014,True,0.11920507877971809,0.01066227671690287,True,2041
19,35,0.1982064919958086,0.23111924277158202,True,0.9632908285584216,True,-0.45789613153390496,-0.4440672558800589,True,0.19687824223771958,0.016174633693695425,True,2042
2,29,0.1017985712449801,1.5035691548976753,False,-2.629374288711157,False,-0.6365761743482604,-0.04288179460618277,True,3.4564276045066014,0.28472029508364893,True,2043
6,93,0.4736156180384364,0.1671039668332468,True,0.790187605928893,True,-0.4618590502515884,-0.42075694855167056,True,0.49006276301757257,0.032090403835365745,True,2044
5,16,0.15359836120065515,0.3032191298025453,False,-0.095559412099544,False,-0.5156898061316505,-0.23409259798991303,True,1.3848881065081402,0.10429165446544317,True,2045
18,81,0.547269737919282,1.8945392488414468,True,0.7590633323828548,True,-0.46707361598883496,-0.4418119011990073,True,0.5495910546773215,0.02966429236768235,True,2046
3,10,0.23197173818588196,2.480784534504779,True,0.9034253462308233,True,-0.4964306319442702,-0.4249786965172815,True,0.252956988907146,0.029227407500887786,True,2047
12,82,0.11874452203828684,1.3561149931196597,False,-0.18703828873948303,False,-0.6272541004209178,0.0500248321441364,False,5.77211563533243,0.4666203616991837,True,2048
11,79,0.33514520801340586,1.7629614020266688,True,0.9031764645435576,True,-0.46526407203311343,-0.44305182752420846,True,0.3229925893491089,0.0212422093659889,True,2049
3,18,0.17602142225467354,0.999609432147335,True,0.9579445689939738,True,-0.48212644154588735,-0.43087251096146906,True,0.18560614477349935,0.026741371352164464,True,2050
16,51,0.2652018346094506,0.9027095622729816,True,0.9348114272049401,True,-0.45877157860761547,-0.4428619185865037,True,0.2610894052862239,0.017791378269798572,True,2051
2,88,0.4987139611141669,0.7596956837455461,True,0.7949354905020998,True,-0.46528212237375655,-0.4199868504599487,True,0.4776161319694222,0.02264763595690408,True,2052
10,71,0.29069931255302983,1.5840968688718462,False,-0.2252078342939079,False,-0.6281945431139264,0.12748351434122143,False,5.820905623257171,0.4380576818396996,True,2053
18,35,0.13512911028273217,1.1333026660163488,False,-0.040067674086029514,False,-0.9154807354071003,-0.40518384591794665,True,4.516786259603658,0.33986488739080906,True,2054
3,73,0.5777587392586127,2.8921293250127524,False,-0.9914407423857385,False,-0.3880785184050001,-0.1829122225369757,True,3.511535157722459,0.12141853643684812,True,2055
6,92,0.46674664990606646,0.9363111716568451,True,0.8321561814449768,True,-0.48154895296905775,-0.4471524582410769,True,0.4369688630720064,0.02347406091180401,True,2056
4,7,0.34317064343761255,2.609481282283683,True,0.8242654770395326,True,-0.477421821483866,-0.36070167484826454,True,0.31133112843669736,0.09186677517605317,True,2057
20,27,0.2458184984283424,1.619320310488907,False,-0.0851080286448318,False,-0.8935071619416711,-0.2912627834467993,True,6.3647563717798326,0.5570222353247996,True,2058
19,60,0.32419412987613566,0.27181562735713705,False,0.3380734491882045,True,-0.5313874621281369,-0.43431906307082435,True,1.301961571035355,0.10372546103910335,False,2059
14,45,0.20261267909794484,1.7224115510313318,True,0.9589345446788382,True,-0.45507631115419994,-0.43595925492668264,True,0.1996159894911036,0.018740319403135846,True,2060
11,23,0.16820116283569503,2.7266508556766267,False,-0.18150393339740467,False,-1.4461523945930959,-0.3689619555612117,True,13.20714411043073,0.9499138208236978,True,2061
16,78,0.4775052791900649,1.5802527794791397,True,0.8116865071381631,True,-0.47401743957354814,-0.44590232023058585,True,0.4790897177345574,0.02830695089553169,True,2062
6,90,0.26293477751782196,1.0617337826047928,True,0.9316783534931616,True,-0.47054109845990544,-0.45526950262214766,True,0.2647691151989683,0.010010826348809499,True,2063
18,37,0.0675056407721212,1.7795227713005266,False,-0.07026352264620428,False,-0.9288539166530195,-0.26990042140722864,True,6.638337118261775,0.4737478799954435,True,2064
12,84,0.5143091184268845,0.5706933451923851,False,-0.038837442759130036,False,-0.4931131924869121,-0.24778029907074808,True,2.1216663058490344,0.15950535928723053,True,2065
18,22,0.2047384680776615,1.8280126963707208,True,0.964422813240531,True,-0.4556810229110614,-0.43949147605555655,True,0.19511472680715553,0.021642820680818024,True,2066
4,94,0.0726862362396597,1.172035314178724,True,0.9945033450687667,True,-0.45184231644981077,-0.44370783215599824,True,0.07172130342990739,0.004413548791479399,True,2067
9,67,0.17162251119895378,0.822578317138507,True,0.9696415077370705,True,-0.4555206563782426,-0.44545741261493954,True,0.17507217517930354,0.00799849157553644,True,2068
7,14,0.34423437297496695,1.1182605791369202,False,-0.20633052610560898,False,-1.1753599514856248,-0.191726653870775,True,5.915757802083881,0.46547592521617587,True,2069
2,9,0.31898552189732104,0.9975700767814404,True,0.5849001869487179,True,-0.4055983016835251,-0.3329049188496994,True,0.31923703183229324,0.03634669141691285,True,2070
20,52,0.25315071911404574,1.36897803451844,True,0.9374182986488258,True,-0.4593459836013238,-0.4472787598245994,True,0.2494067200620743,0.016788126387332826,True,2071
12,6,0.202811163123844,2.3554368964278876,False,-0.32128472073837644,False,-1.1038776579874192,1.9331152235966678,False,10.002237826386434,0.8494719738715336,True,2072
13,28,0.4203307676417311,0.7398517397275015,False,-0.04968697666899402,False,-0.7461842726801745,-0.24501559776138476,True,3.18870994263602,0.28801536078179507,True,2073
6,98,0.49022995206709286,2.4997517980985284,False,-0.40799594745806944,False,-1.8468622143775908,0.08942173378064693,False,10.812805756866817,0.9650618257514095,True,2074
17,84,0.5314835241603775,0.18662949149418417,True,0.7740107301777195,True,-0.45906716387306884,-0.43334284220028396,True,0.5338953633495587,0.028243361198432695,True,2075
3,86,0.5432199829609266,1.8591282912109643,False,-1.1616758446198756,False,-0.6862260993554287,0.21160207155989535,False,5.3255972750740055,0.3994445385315081,True,2076
19,63,0.48576238992923565,1.227670326469394,False,-0.0681217413954529,False,-0.5223918877423579,-0.2066106421284634,True,4.055437640753824,0.31502458309934733,True,2077
7,48,0.48500563071544334,1.770776714340632,True,0.8003826692781647,True,-0.4656004183006882,-0.426986735037572,True,0.4708196680893798,0.02771312755100049,True,2078
11,18,0.13438513115032452,1.7281132843393872,True,0.9819033287284653,True,-0.45074388162547363,-0.4382449867842677,True,0.13386740753683873,0.011265290219383354,True,2079
2,72,0.39389959509494193,0.7878491488240238,False,-1.9727227951155588,False,-0.8576956841825548,-0.456424988632633,True,2.8548247126112667,0.20063534777496145,True,2080
10,50,0.49556601611679335,2.5362411056670107,True,0.8001691672955941,True,-0.48347217650221314,-0.4363268635040963,True,0.4960941242279568,0.042771121708393596,True,2081
11,66,0.10280492515646578,2.295635171603288,False,-0.18127733179921623,False,-1.4076461419252873,-0.2795638703160959,True,9.77282709372275,0.6884317882819335,True,2082
19,82,0.17542489401697337,2.741538087354362,True,0.9704137291521071,True,-0.451356621206948,-0.4460613091597994,True,0.17066604629163354,0.006323392404472799,True,2083
2,26,0.4769342262317405,0.029656626379546136,False,0.6907936625328157,True,-0.43353217374674335,-0.4315959563379416,True,0.4430667032107266,0.0002854140789915749,False,2084
11,45,0.06561591626791385,2.7164402765277487,False,-0.20821442024139225,False,-1.2038463109643205,0.05279437671731941,False,11.199626456452425,0.7194403069526537,True,2085
8,63,0.12999706866315625,1.4071488523213458,False,-0.29535228988767503,False,-0.4450026102715011,0.08727025889734712,False,4.366722777801464,0.31772859608327125,True,2086
9,48,0.0517254451131829,1.733260103576336,True,0.9973106927745102,True,-0.45566759743766033,-0.4507250116838421,True,0.052393437451397906,0.004174497544210479,True,2087
16,82,0.5566296186862996,0.292447490029453,True,0.7557250010726854,True,-0.4528579383884141,-0.43512806500245477,True,0.5411894741482864,0.017867414957282307,True,2088
20,74,0.5496497972934268,2.6321338890857513,True,0.7481050109244041,True,-0.45267760540791163,-0.4331458869437488,True,0.5621184220335002,0.027744226357071335,True,2089
20,48,0.4701103459684472,2.2608382035578583,True,0.7982034010787844,True,-0.45630743891690684,-0.4234999133944166,True,0.4792918962966166,0.035300375414875254,True,2090
15,46,0.264392077896517,2.0648442836527394,False,-0.10195691779108773,False,-0.5351152229331527,-0.10813837626026522,True,5.579704904365744,0.391938446771914,True,2091
4,97,0.18148313514205017,2.943665472037769,False,-0.7376907226665481,False,-1.1911037340653075,0.5618819319381315,False,11.20062476672464,0.92901645674833,True,2092
5,78,0.5682717227618871,0.06780143192581511,True,0.7937467641688492,True,-0.4759331206703929,-0.4407029572744218,True,0.538936619948393,0.024116016060245177,True,2093
9,87,0.37384497273673856,1.736067682094443,False,-0.24639653567768716,False,-0.9022626654262595,-0.10025859346095334,True,8.911361284824096,0.6703728458022881,True,2094
11,68,0.2515155775484627,1.735744033643423,True,0.9416756772780637,True,-0.4670948018033139,-0.4494143439109787,True,0.24676086275789524,0.015125337636157282,True,2095
18,84,0.3456555440477128,1.6053318775483296,True,0.8847207919329029,True,-0.4581106216960229,-0.4392806437957859,True,0.3479646201193069,0.021835633637760338,True,2096
9,57,0.25110293685299234,1.6417499163306282,True,0.9370388893213135,True,-0.46119740987823865,-0.4427066719575221,True,0.258696309274611,0.015662941576398408,True,2097
16,25,0.28279477093258126,0.0002772536934809722,True,0.9315751418445972,True,-0.4701631726348363,-0.44244161393371945,True,0.27617172636496545,0.031053151246969276,True,2098
7,50,0.3979367642768226,2.6220251410598903,True,0.8731532618914302,True,-0.46202297257495506,-0.4406632756121123,True,0.3753400788945472,0.013211362918224672,True,2099
10,56,0.38060507659805476,0.2812859372694416,False,0.1868267613100213,True,-0.4800834470856889,-0.34870290726193365,True,1.2672170669345804,0.08534690438727877,False,2100
12,69,0.3706662351620776,0.591510657445736,True,0.8794169186447194,True,-0.462971270438612,-0.4383990353311052,True,0.36106998050372774,0.022311391737388605,True,2101
8,7,0.16602089848314022,2.3570502934378434,False,-0.11470486453155648,False,-2.9371883790417854,-0.5847133489742007,True,6.179998056132592,0.4043970499905929,True,2102
14,10,0.531618848448136,0.09732182762859554,False,0.622765533899372,True,-0.4999832954583218,-0.40143726861923595,True,0.6644014775242005,0.14667006393684984,False,2103
6,21,0.31981414442833983,2.5032666570383633,True,0.9303516444100894,True,-0.4768628333548141,-0.44564043984343676,True,0.3023186604014364,0.026428803979180567,True,2104
9,26,0.39467945769297097,2.8746911099186416,True,0.8727322843571509,True,-0.4826563326837331,-0.43618799214562376,True,0.3869233211807262,0.03988718774057656,True,2105
9,72,0.16531167975485256,1.2979762821518268,True,0.9711442287625772,True,-0.45413595617889835,-0.437416062361011,True,0.1617082884638352,0.012237459720325998,True,2106
8,29,0.11861446676826064,2.1175640979196757,True,0.9827688674815696,True,-0.4570107706101958,-0.4407834060052105,True,0.1262520033841357,0.012429278173721638,True,2107
16,25,0.30335183896262563,1.1660026973338178,False,-0.05598794511967564,False,-0.5991915925681783,-0.27872427504009,True,3.9334197602681855,0.28887246357549135,True,2108
15,87,0.20526125708068838,0.3295614282920494,True,0.9600991878129765,True,-0.45988692695457545,-0.4482360477146614,True,0.20358116177701407,0.011958296607192833,True,2109
5,87,0.4957111004510038,0.9249642459180606,True,0.7654131225538029,True,-0.44562191423178166,-0.4125298129948774,True,0.5142258045028872,0.020843673606594195,True,2110
14,28,0.42834138390157783,2.2636844771165463,True,0.8568875474433755,True,-0.4846596971882698,-0.44052053326259105,True,0.4182946201292449,0.045794842847226735,True,2111
20,63,0.32844726762001364,2.9802749409427203,True,0.9046786584508377,True,-0.4518736753757255,-0.4363517913526742,True,0.31965698641685103,0.019257585973938757,True,2112
4,27,0.4868844559368503,0.19951377460453967,True,0.7880647429583083,True,-0.4792813202553584,-0.38717821466652,True,0.4645523538247251,0.05085945324781707,True,2113
9,12,0.12204837266404994,0.7105809636871773,True,0.9838519490557032,True,-0.45014748762223666,-0.4317087077753751,True,0.11968508456409008,0.016537166390453738,True,2114
8,40,0.5495771809783778,2.188494253910884,True,0.7319496912940466,True,-0.5013044133993857,-0.42659351677321883,True,0.5519769735839499,0.04936064000026581,True,2115
8,8,0.2706319295228511,0.3067578974161116,False,0.43083021422201107,True,-0.6076390194466244,-0.39664254847876285,True,0.8662154973790708,0.056203138918229575,False,2116
12,36,0.19085595572241892,1.1741163399231103,True,0.9616963356453598,True,-0.45627297074492085,-0.44158195678115963,True,0.19931784616556036,0.012730957290695776,True,2117
20,90,0.4244606768131498,2.46338587889891,False,-0.09354137376567162,False,-0.7588773172324825,-0.13824246773560106,True,8.814644689665327,0.6373615970753997,True,2118
10,48,0.3219693571747818,1.1340547063122162,False,-0.20087009347112605,False,-0.3031816088374897,0.015845570468476733,False,3.3687210740684947,0.23665349950031345,True,2119
2,6,0.5469837106213342,0.7644053115245196,True,0.027555489637555275,True,-0.6039603456876629,-0.13137731404183645,True,0.6387067979887341,0.23629151582291336,True,2120
12,90,0.45514089029200927,0.8193152812767993,False,-0.1437067292258818,False,-0.4938357586280185,-0.17718449645353024,True,3.5235942658736685,0.28105652092800915,True,2121
19,90,0.08772053639791819,0.4004174059676614,True,0.9916404164448015,True,-0.45126639435783594,-0.4476857354290693,True,0.08848647595259138,0.004439031109100634,True,2122
10,31,0.11895134480717089,2.3188279832952112,False,-0.2145733515832109,False,-1.7923312119190644,0.25133386121934365,False,10.240280989265939,0.780187971665551,True,2123
16,31,0.4653944852380815,1.2999324550290092,False,-0.08885880400351165,False,-0.8932652227742615,-0.2443220048082682,True,4.564160949584248,0.32751708297629967,True,2124
9,45,0.17777769411730238,1.4542804615383003,True,0.9726245845658842,True,-0.4529520947006757,-0.4407738242938038,True,0.16901379770485067,0.009790692711032363,True,2125
17,27,0.5191478287113772,2.174817608222608,True,0.741178089069074,True,-0.4600540866219461,-0.41945036674540725,True,0.5392521947474385,0.04815681180857451,True,2126
14,35,0.17093112143694567,0.22343967316734403,True,0.9698345907480929,True,-0.4587748823125984,-0.44245556566615735,True,0.17684353327280763,0.018135671083042388,True,2127
20,34,0.5648904030826978,0.313529934492748,False,0.2860794982095003,True,-0.5008587741285431,-0.4062437929374673,True,1.4039127066335446,0.10815765049952855,False,2128
18,44,0.2317901192815378,0.10441536706476817,False,0.7959056010746008,True,-0.4648712205190887,-0.4247615871066865,True,0.4572110350615777,0.034173803796172186,False,2129
18,13,0.2461342510477586,2.165753144852453,False,-0.1481249139064913,False,-0.5954584246137963,0.8144033965360218,False,10.552886883441797,0.7844092218735915,True,2130
3,27,0.5505509093976726,1.0158707851204216,False,-1.0540934138489337,False,-0.5448955234103271,-0.2992921485394816,True,3.3454762197949215,0.25453084470969745,True,2131
7,74,0.30441618194807607,2.171843667870802,True,0.9099119176672491,True,-0.45311893872958753,-0.43326895061842435,True,0.299514527940008,0.01595518894136344,True,2132
20,99,0.35416228336197003,2.77256597441477,True,0.8831732578770212,True,-0.46343660314728263,-0.44525452325594467,True,0.35889470923467653,0.021343114168128976,True,2133
4,67,0.27101031401836995,1.325723046770639,False,-0.44125076675278074,False,-0.8723774181786063,-0.4367272539931839,True,3.1625186221685513,0.18195021644410836,True,2134
19,38,0.5929152793313166,1.7875950532246607,False,-0.0817974171949456,False,-1.090109451468886,-0.24001246627713282,True,8.268608392289385,0.5621340082786009,True,2135
17,76,0.39666421674366936,0.5044794033124113,True,0.8618845152900871,True,-0.4666775852729666,-0.4493851567270963,True,0.3943959536276351,0.0193148949636307,True,2136
5,62,0.23775200889938686,0.08867879150187918,True,0.9376868144015373,True,-0.4509543392565901,-0.43565731235151256,True,0.2385360948005262,0.00791383418889978,True,2137
2,96,0.5315888392868643,2.4540869853903398,False,-0.6588766798403616,False,-0.5666673165278706,-0.3988921018247503,True,1.0360891047278846,0.08388760735155992,True,2138
7,26,0.2369718385373777,0.10446052733845113,True,0.9295265932805462,True,-0.4643280004076583,-0.4237483685466351,True,0.24364998561846266,0.03040393696323638,True,2139
13,62,0.40588650665855913,0.8248824621331899,True,0.842952360945237,True,-0.45976301634029837,-0.43018298022235496,True,0.41114198677683245,0.02721957857121843,True,2140
12,32,0.3200428475600274,2.5627428128710976,True,0.8838646392248266,True,-0.469846208688696,-0.4320739575335885,True,0.33457247009891317,0.03935431009778061,True,2141
11,99,0.1975021878518729,1.442624727131098,False,-0.1646823473891117,False,-0.792847784566371,-0.15971218148035923,True,4.354655964334553,0.34422916797778735,True,2142
6,43,0.3902631420523161,1.359278768834811,True,0.8648144705788118,True,-0.4778536331039955,-0.4380903078787857,True,0.38227899692234263,0.028256848005347005,True,2143
15,25,0.2705246455088795,1.0606603344781187,True,0.9400871017384352,True,-0.4649382883169872,-0.4352823512956638,True,0.23897571798370468,0.027256035673385918,True,2144
6,26,0.1060416214268827,0.9365294235175106,False,-0.04145076634767486,False,-0.9143990961122909,-0.4269357008317629,True,2.5023946653182074,0.17984806915140125,True,2145
7,69,0.495042076769379,1.7465883604803811,False,-0.3562017602396135,False,-0.7241696693559639,0.18709687983872256,False,7.860350403554666,0.6138915686282351,True,2146
11,73,0.06612656940519399,0.14049545059121982,False,0.787261348473313,True,-0.5194656307866877,-0.4684913659171908,True,0.4788553916033368,0.03842623292962494,False,2147
4,16,0.1956074938682798,1.6512527564020179,True,0.9663192340760869,True,-0.47718152753717735,-0.4305977072811681,True,0.16572136961426506,0.02419734374227339,True,2148
8,85,0.0643861537552996,0.012301203071585332,True,0.9948115877457729,True,-0.4517194667763448,-0.4465580918863981,True,0.07052917712167808,0.003649183996206158,True,2149
2,29,0.3368519516617625,2.3092337695094884,True,0.8528610326038492,True,-0.44923434377089405,-0.416195630899287,True,0.32971416264343817,0.016519356435803628,True,2150
15,34,0.25554162336107356,2.6550066593210557,True,0.9336463468057639,True,-0.45593839188042984,-0.43986251902405676,True,0.26044444876646194,0.015078715306147489,True,2151
9,93,0.18447406639519837,0.19968835382910466,False,0.6468130888092305,True,-0.4878666982891917,-0.4293168811982309,True,0.6085949219908638,0.040274769039253144,False,2152
20,53,0.1530625956013238,2.6672584910148927,False,-0.10290756727792338,False,-0.3833085685772271,0.25198558714428065,False,9.902432172454507,0.7706172661602222,True,2153
12,70,0.17128732509165528,1.3771216242224196,True,0.9724201022270129,True,-0.45725194507419265,-0.44710122790527934,True,0.16871735806564628,0.010048739492378955,True,2154
12,63,0.36441171885137064,0.9783597347989375,False,-0.1455453908961093,False,-0.7408345846960404,-0.12472020832698731,True,4.357096717082331,0.31036638765711777,True,2155
20,40,0.3241350753387636,0.02722916856827673,False,0.8974714797997116,True,-0.4683597170758491,-0.4439574855069504,True,0.3373674855602037,0.025481897551875573,False,2156
14,19,0.27000457911208436,2.2854868389993133,False,-0.17383636553380755,False,-1.1668518788097804,0.053542315524694885,False,9.415354298380896,0.7259506297380374,True,2157
13,37,0.5805355476988662,2.9983216712488527,False,-0.18632254396459325,False,-0.9481431444692257,0.457598450086484,False,10.38661382234058,0.7637709974777888,True,2158
12,16,0.29897501549621347,1.6644928130963557,True,0.8857778621719005,True,-0.46260545298644407,-0.4093679304942486,True,0.2991395875331795,0.04620350678983571,True,2159
13,23,0.0655923933587291,0.5426178664710188,True,0.9963053053210043,True,-0.45232440583696765,-0.4459904133839929,True,0.061625387345103595,0.006193296151911431,True,2160
8,92,0.16615620842758555,0.4061289922554756,False,0.27538565355048616,True,-0.5911303858602385,-0.4070792977838018,True,1.2068492521275203,0.09816536924779723,False,2161
6,73,0.4122581443872708,0.8352678023975737,True,0.8451960096154558,True,-0.47472876517606416,-0.4349196816542654,True,0.40985481829252524,0.02847036242690401,True,2162
20,65,0.15927255589638795,1.7510604781474477,True,0.9743549737227833,True,-0.4561425641573511,-0.4460393885779838,True,0.15603703235955374,0.012480624754240248,True,2163
5,61,0.3254272382390672,0.10243797553143619,True,0.8965768959236649,True,-0.4535998282736951,-0.43423261012066106,True,0.32273089228889346,0.011938904562819493,True,2164
13,81,0.169569907440826,6.94454876157824e-05,True,0.9686496338072983,True,-0.45061039985678786,-0.4413695838919193,True,0.17373768376546367,0.009131639464290768,True,2165
6,81,0.18713875281417747,0.03122361028373566,False,0.9525886631074988,True,-0.4607117684708658,-0.4353961102669337,True,0.20925084361936608,0.017127492202566902,False,2166
18,46,0.3902029027994162,1.996508089990538,False,-0.08407242458453834,False,-0.7047598165081771,-0.3351529326525802,True,5.519117753721845,0.4415083667515077,True,2167
2,60,0.486262919715013,2.684778081934217,False,-2.8803630820428348,False,-0.8143039182053211,0.10449620832876333,False,6.464919583402699,0.4594000632670425,True,2168
4,16,0.306666115671243,0.12194081408664459,False,0.6835544235079747,True,-0.49603385571735004,-0.3763552771845589,True,0.43814906926276603,0.03485320227720959,False,2169
3,60,0.34460121765241475,0.7185293319789715,True,0.8899206872003309,True,-0.4701321217659886,-0.4376839832428592,True,0.34083355164395024,0.015658316781645507,True,2170
4,49,0.4245163768585045,1.6507179584571499,True,0.8274942421451845,True,-0.477823667103333,-0.41808105904146414,True,0.4216017567842254,0.028867164427397663,True,2171
5,81,0.2104773036553247,1.6171814054166518,True,0.9572021551078369,True,-0.4531550911279191,-0.4429809332858833,True,0.1958191222762957,0.00557766327208398,True,2172
15,22,0.18234078607457854,0.5154689239078136,False,0.2231729841625607,True,-0.6358675259324604,-0.38499152283221955,True,1.572794358258974,0.11673715284412296,False,2173
17,27,0.27348538011651385,2.945663529272001,True,0.9209604128339995,True,-0.4566946020495978,-0.4319204749089931,True,0.28505599420276145,0.02924354370763511,True,2174
6,20,0.09536936597408613,2.700986674250431,True,0.9904665736769659,True,-0.4622776535872038,-0.43725294341635484,True,0.08952819808686022,0.014803643624491531,True,2175
6,28,0.0912398592553533,0.6789279030037254,False,-0.39326993063113735,False,-0.5476139983900201,-0.21002457716746192,True,3.555870298120834,0.25594276198527605,True,2176
10,88,0.26009116428769846,2.1551879238647187,True,0.9357835643394512,True,-0.44917393397088806,-0.4387606671987749,True,0.25572130965404805,0.008819832313587713,True,2177
5,26,0.2465709709044277,2.5124808743650755,True,0.9305250163064569,True,-0.4954461644263538,-0.452656641544373,True,0.24842865466981312,0.02742678426608263,True,2178
13,78,0.10942193273638068,0.1325954434903015,False,0.8483405052572608,True,-0.47870020446531397,-0.4427385675340562,True,0.38869706878420934,0.031206556550068973,False,2179
3,27,0.484500111749761,1.937908818470253,True,0.8473764612822846,True,-0.5075110339825205,-0.4753595820584833,True,0.44341726657560454,0.014362026439870642,True,2180
10,58,0.0653368178657405,0.20842794801692344,True,0.9955384500731476,True,-0.45387746147411867,-0.4472208816750162,True,0.06700381482050313,0.005480133661494645,True,2181
3,100,0.2371386358862561,0.20913264917921948,False,0.09796636048870888,True,-0.4869297312815273,-0.3858592763200151,True,0.7880604316142498,0.05326862596720944,False,2182
3,34,0.4315714129594262,0.9108463779525287,True,0.8698878675554398,True,-0.465076385084848,-0.413639339325309,True,0.39298947755499986,0.029242343831890654,True,2183
11,14,0.4255992325981848,1.0664357075869677,False,-0.1297078422372786,False,-0.6791604786733694,-0.06895609333760039,True,4.566002537491992,0.34260812643568583,True,2184
3,34,0.4295924453877417,2.1734982302545043,False,-1.213018416793691,False,-1.045215904884226,0.45470849811685077,False,7.598639801472109,0.5886221075064973,True,2185
19,34,0.08700662480877155,2.873572662727342,True,0.9915148126209047,True,-0.452153699994279,-0.4442188868531928,True,0.09103234674119366,0.008618341548315206,True,2186
11,6,0.24008519659199345,0.22825665963497066,True,0.9349466136445235,True,-0.47052295065664806,-0.4305281054839316,True,0.25178884159953263,0.0767453609892527,True,2187
8,31,0.33932959156709236,1.7869963509853386,False,-0.21234347858189562,False,-1.2101311355324325,-0.4203191459998328,True,5.36449813414043,0.3504912704260355,True,2188
8,26,0.11153553772111527,1.6080068206677662,False,-0.3396931539134238,False,-0.8189347025242584,0.5665261292125582,False,6.695340247063232,0.4336095062471626,True,2189
7,49,0.5902298420946127,2.481374008437708,True,0.7547769557668776,True,-0.48468974932938536,-0.44742291450479793,True,0.5735289737660276,0.022851413822805432,True,2190
16,26,0.301120792741045,0.6666641841443559,True,0.9159086136427761,True,-0.46243040452241074,-0.435565186786205,True,0.3038403792645221,0.03493596159840879,True,2191
19,49,0.18034929107232994,1.445243935047709,True,0.9674570863536245,True,-0.46172713731462584,-0.44757956200398497,True,0.18404857137356032,0.014793386770261674,True,2192
3,21,0.2693666251924233,2.2514334895320136,True,0.9286988590445374,True,-0.4681696804392377,-0.42087980939034164,True,0.23313037171415077,0.02017473346549535,True,2193
4,100,0.5950656192707966,1.5188587763386387,True,0.7808118584132105,True,-0.4727072936039286,-0.4535444534370563,True,0.5537082075514379,0.011705154288473605,True,2194
6,33,0.2434555376601436,2.57537726283386,True,0.9371213412595565,True,-0.45495338899741666,-0.4258780571800285,True,0.24528597379573322,0.021525697380010908,True,2195
13,12,0.4402753685779973,2.2026561809718395,False,-0.164391608478331,False,-0.6262081702047273,0.17791231066374563,False,8.881943469727927,0.5704503238906499,True,2196
8,84,0.42647366820120686,2.646385277420051,True,0.8381064842290553,True,-0.46805416690558305,-0.4464605224279624,True,0.4308151990672648,0.015976197941465868,True,2197
8,74,0.580524107566445,2.822825884844438,False,-0.2929348909609455,False,-1.0719977287773608,0.059953177005024984,False,9.213325116229754,0.7683781781812548,True,2198
4,58,0.34203249392995655,1.29385543506884,False,-0.7198105102768795,False,0.06580665966714924,0.27342199270771356,True,2.0904021593245643,0.06535961815024134,True,2199
9,5,0.44589089363049145,0.19267760173963133,False,0.6773479556077779,True,-0.5375957913613848,-0.3449767183913653,True,0.5303235167133379,0.14948573062699697,False,2200
2,57,0.3258450326798179,2.6674792767349924,True,0.8719361046639852,True,-0.4517856914566336,-0.4350143418615196,True,0.33015192513833697,0.008385674797556725,True,2201
19,59,0.39503697236066393,0.7776869399733018,True,0.865144597851065,True,-0.45920639617443904,-0.44145497831440694,True,0.39025109543560915,0.02176035803882829,True,2202
10,35,0.3873111815461491,0.5102059933411272,False,0.11820748555749994,True,-0.6128772234887594,-0.44261480090662814,True,1.8088131333470092,0.10733715602997364,False,2203
19,25,0.4601911403926402,1.2067520019997309,False,-0.07286304439963254,False,-0.8458058927508146,-0.1748675797230626,True,4.391951770879788,0.3114819712549494,True,2204
19,40,0.33219738975236496,1.0250785995978071,False,-0.07514793296971534,False,-0.3728047829532475,-0.07182166273930196,True,4.1630985590558645,0.32650017095648703,True,2205
15,37,0.4319099157645497,0.9291108562826901,False,-0.08611858084689983,False,-0.5790059956724137,-0.11716057902873594,True,3.336335965956336,0.258591510442791,True,2206
6,49,0.29432971037400835,1.7487680597892636,True,0.9169459057657431,True,-0.48254710351319674,-0.4307952185593276,True,0.298940953410878,0.038179168458579375,True,2207
11,45,0.5685913390625859,0.9813901427934691,True,0.7701113096816623,True,-0.4800653234199934,-0.4379724235162788,True,0.5532302044775649,0.03931466661109562,True,2208
7,31,0.08352295644698904,2.17381123520734,False,-0.3177297047990544,False,-0.8783531051898016,-0.2452209021057988,True,6.23195782151735,0.43398340894879106,True,2209
15,46,0.22453380438309417,0.14017364516653397,False,0.5917277668807323,True,-0.4668501462035466,-0.3759725705914665,True,0.6791015269744446,0.060335653328050076,False,2210
19,91,0.3950880519503508,2.7862094857715944,False,-0.1124438630351563,False,-0.8575124768253701,-0.01665379217032036,True,13.119609184722716,0.9071266814438534,True,2211
14,39,0.1808477175182867,0.38320723944207025,True,0.9677234969643507,True,-0.4587484056791221,-0.44705092468125096,True,0.1766474096004803,0.010913040935492748,True,2212
19,99,0.5677740071351322,2.542655818696285,False,-0.11064484344574521,False,-0.6617377275617016,0.02365932378336977,False,11.242234875092981,0.7719200411261872,True,2213
19,22,0.5323323904370773,1.8355213918172233,False,-0.0964272888697959,False,-0.848807139260979,-0.09654658659682738,True,6.384981770051091,0.4576609036339795,True,2214
9,95,0.37817783722240544,2.1920069780076146,False,-0.24684802133922945,False,-0.8009374267652495,0.04545224877711483,False,6.470620527172049,0.5830958815675629,True,2215
5,80,0.06900082092237389,0.19140321236106472,True,0.9951552752758167,True,-0.4535587364274913,-0.45078760367458104,True,0.07070264756630025,0.0016439292643404024,True,2216
16,24,0.4391637065404073,2.433077250192686,True,0.8111373922973487,True,-0.4697538401601348,-0.4205490205085488,True,0.4493806248776441,0.05000046976359577,True,2217
10,78,0.05910684349116142,2.3261418823415996,True,0.9964370726215365,True,-0.4526157933732088,-0.44903660042704935,True,0.058055854089353764,0.0035846019003896775,True,2218
5,85,0.09760123917367675,0.9253791544723843,False,-0.39820909909737146,False,-0.7088560708065504,-0.21987860177647642,True,3.2003782228458686,0.26505333593254815,True,2219
6,39,0.5883513058252402,2.0724865947142064,False,-0.2990489547885171,False,-1.4129585089939924,-0.5049512250429911,True,6.368738176067919,0.33229235136400054,True,2220
11,93,0.37020320688855335,0.7781437836839034,True,0.880577627287428,True,-0.45965728484705887,-0.4453222248923796,True,0.36311449016774555,0.012484246830700157,True,2221
14,68,0.5150836535516866,2.5791906779010554,False,-0.15187086758410495,False,-0.5683890257451157,0.09059726059460103,False,9.409757663467163,0.6574433256654,True,2222
18,96,0.3553975334318233,2.732187287343676,False,-0.11642888117993144,False,-1.119708733725064,0.04842955763899773,False,12.352379168893313,0.9650232714031942,True,2223
3,23,0.4198066465546662,2.919705457818824,True,0.8361211298083215,True,-0.495418596383046,-0.45543057758407135,True,0.40724427364954124,0.012602927049510989,True,2224
4,18,0.3226409325434375,2.6958130202818245,False,-0.6753290314101119,False,-2.13688057493234,0.14497444989892694,False,8.300431027088948,0.5917990056458825,True,2225
3,90,0.5634633123379341,1.9401986828191875,True,0.7635700706772597,True,-0.46423977024764196,-0.45025211274652854,True,0.5507598871675434,0.006152895581299674,True,2226
5,49,0.48146208895317466,2.8153090203906315,False,-0.12945158254558664,False,-0.9195311527709514,-0.3919892896179019,True,2.308226083217967,0.3591293417637655,True,2227
11,91,0.30202767736347874,1.2092932717089875,True,0.9252599682244071,True,-0.4542099102247902,-0.4370812040619843,True,0.29333239109298703,0.01480672349742294,True,2228
3,40,0.25770106380501284,2.3552634952611933,True,0.940104167197259,True,-0.4605944329818767,-0.44261717362045083,True,0.24093914710212525,0.00782118426345734,True,2229
9,18,0.5340685198972881,2.488461546937714,True,0.7611748226479268,True,-0.49932530721505036,-0.4432986464665907,True,0.5351436800910728,0.04124943216137649,True,2230
7,51,0.591199043969697,0.8585497615764518,True,0.7253945289522994,True,-0.4602440936301103,-0.4071593143305586,True,0.6040754880451654,0.037589843693895876,True,2231
6,93,0.5952237416684485,1.5695861920823044,False,-0.3756909317877819,False,-0.6719372958513108,0.022555796424260727,False,5.715969764913366,0.437792732144525,True,2232
13,29,0.12642409329162013,1.8817999708266129,False,-0.13807863924607733,False,-1.4414134346039211,-0.1860682631176996,True,8.798842020618398,0.5927373249884007,True,2233
12,95,0.4815429404311557,0.1431587983275754,False,0.6090973533453794,True,-0.4925001602417947,-0.4406106021469977,True,0.7342180144647242,0.04649908690878623,False,2234
15,23,0.4505952205498112,1.5554252616845199,False,-0.10234245554957289,False,-0.9543670197862505,-0.23026780576546285,True,5.295846185029702,0.405870693580404,True,2235
5,5,0.25956902464968823,1.954681436413836,True,0.9010517121705982,True,-0.470088491534734,-0.4039810635295808,True,0.25254699554304133,0.04298437873231104,True,2236
15,45,0.25198157251325676,0.7901537590933968,False,0.036868477549954926,True,-0.6989412905876502,-0.47551611123484294,True,2.7514430636569855,0.23607513428810853,False,2237
20,47,0.5759471740127514,2.663753156878301,True,0.7500933568694589,True,-0.4680765541834786,-0.4326226233514718,True,0.5639244846572383,0.04187640265033107,True,2238
6,84,0.42808287807157847,2.068933264826481,False,-0.40148597612617487,False,-0.9670999257142777,-0.0002241375615720365,True,7.749067158558848,0.5146309946719164,True,2239
6,84,0.3588473001689141,2.4936452001891296,True,0.8780726687832463,True,-0.46085438213294794,-0.4392931426528665,True,0.3505152324348078,0.013493000377427303,True,2240
6,69,0.2744135970898162,2.1746631190181196,True,0.9326023116772288,True,-0.4694218782298344,-0.44173057029391943,True,0.2717870950137884,0.015590272722702612,True,2241
5,71,0.2342324820323476,2.7901654732315726,True,0.9504482243552346,True,-0.4647285372788439,-0.44360423058143206,True,0.2233789715640181,0.012969883446028748,True,2242
10,19,0.45364745491579167,0.6611567393587865,False,-0.1839631013135563,False,-0.5993872828662451,-0.10401535343095726,True,2.7232923233527466,0.19743420603933126,True,2243
18,70,0.3945703143622592,2.4317946891964497,True,0.8560472359629842,True,-0.4593658958316532,-0.44117225678647976,True,0.39574096845987733,0.022383410497641157,True,2244
20,86,0.12612122903945505,0.6597687683029158,True,0.9841828797617729,True,-0.452800631610538,-0.44680839778830794,True,0.12445982362061495,0.007459757108619902,True,2245
12,94,0.5245177786327573,0.5939030916747494,False,-0.06613096173471589,False,-0.5465265705703524,-0.35839858157659865,True,2.7075804357353848,0.20606077896539224,True,2246
6,85,0.11474569172391844,2.8121913834898966,False,-0.4302176582777455,False,-1.1476039114638936,0.049753448275234056,False,14.952187223115844,0.8828524664078159,True,2247
20,100,0.5877923295155639,1.37472413535127,True,0.7335495575238152,True,-0.4472957485589481,-0.42769704188746205,True,0.5789354198271378,0.022879067562585325,True,2248
11,46,0.4087586088118072,2.7411823989333346,False,-0.19495992652831262,False,-1.09439821693968,-0.1393400131688179,True,8.271291205422823,0.6812488453055126,True,2249
10,53,0.4199706146750406,2.4308527552534063,True,0.846094493607925,True,-0.4817328407112987,-0.4409421782956846,True,0.43840977966487577,0.03786840777405229,True,2250
11,87,0.5722495509764305,2.314826184390331,True,0.7172154221022138,True,-0.43512467662715726,-0.3981023944149417,True,0.573888171375739,0.036758587509198984,True,2251
2,77,0.37922200588353344,0.9694872131896759,True,0.8774394208749936,True,-0.4765122279277889,-0.43780380198529295,True,0.3701074496358188,0.019354212971248147,True,2252
13,83,0.5227050986832484,0.3703285737740004,False,0.10330021932446176,True,-0.64680485628527,-0.43315197354277213,True,2.2293807160362498,0.16428009883891145,False,2253
4,50,0.47264390274907664,1.7813744856074643,False,-0.764866541377071,False,-0.8379215554013164,0.3978944331331654,False,6.616221353574215,0.5357917550820502,True,2254
2,63,0.47045078493888054,2.3551699177260623,True,0.8547057014513109,True,-0.47652466269673255,-0.45416145467629787,True,0.41638018048763514,0.011181604010217505,True,2255
19,57,0.573383398412718,1.0776412346149788,True,0.761477280073865,True,-0.48607048081887294,-0.4581098421471179,True,0.5713663951854326,0.03290307588054822,True,2256
18,46,0.5588624555096281,1.8323069057858872,True,0.756940630971123,True,-0.4727546958205268,-0.43039829042778205,True,0.544996464457123,0.0484943905056114,True,2257
19,93,0.4029072371574286,2.2899401833346804,False,-0.10848467749651136,False,-0.4311158270098399,0.03208197713695819,False,6.32873882976162,0.4660327556741392,True,2258
2,39,0.22913700549426702,0.377153457821776,False,0.7104190343791692,True,-0.4535862559942254,-0.3778644081378609,True,0.3348169204045097,0.037860923928182244,False,2259
8,51,0.3632805950070261,0.6392597801119072,True,0.8877660234275204,True,-0.48412775843402533,-0.4466066531178854,True,0.3640688649428786,0.028210957780882093,True,2260
19,72,0.56732094423921,0.07928962927312933,True,0.7399520579150298,True,-0.45640446221412345,-0.4318439414030727,True,0.5589370894938456,0.03248784343925811,True,2261
6,53,0.46733255658413353,0.7513368876310033,False,-0.4171858770620913,False,-0.6591019627281929,-0.006313192775005884,True,2.7703535659617544,0.24052284785454622,True,2262
7,25,0.11651355407408402,0.6273906861883706,True,0.9874416878787188,True,-0.4585015338105038,-0.44260458898845406,True,0.11071243975057768,0.011575923999750591,True,2263
14,80,0.44898203448222457,1.49320185810335,False,-0.13228190378373417,False,-0.623206718176862,-0.040773166141771545,True,5.066249596616816,0.42704367638779556,True,2264
9,11,0.4527531179685084,0.36964924966594304,True,0.830663959650332,True,-0.4912653209668025,-0.40311339669552587,True,0.43872352213334465,0.09096008899971363,True,2265
4,12,0.2021042698559275,0.9970661899842553,True,0.9608999737776415,True,-0.4839839450532195,-0.4419176493917792,True,0.19075790142266572,0.023438818949095372,True,2266
2,48,0.30262284205970574,2.308494639827346,False,-1.8428517364690782,False,-1.3175855566111583,-0.49908703686736466,True,3.091967757467872,0.4092492598718973,True,2267
11,91,0.5790841900371617,1.637438236850382,True,0.7271890117266919,True,-0.4696744327073923,-0.4470566611049437,True,0.5873235752834243,0.018635789605449413,True,2268
10,38,0.14706421626901656,1.7989426458631173,False,-0.11449143635069503,False,-0.6192112482481007,-0.2902413385775779,True,3.911253393722764,0.2869907237913336,True,2269
20,95,0.399547162431187,0.23992476914910998,True,0.8557937936489866,True,-0.4539846016099343,-0.44076867006940423,True,0.39957444581249096,0.01413851371711402,True,2270
10,58,0.5977978407708079,0.452530084397888,False,0.1927962904377718,True,-0.5804009637312945,-0.44202496083830217,True,1.5957761580003984,0.12806938177138993,False,2271
12,31,0.08269201015410145,1.9559194680067145,True,0.9933633284595038,True,-0.44990364966951396,-0.44500988194586033,True,0.08127033001939041,0.00407589308775778,True,2272
6,67,0.5886175236956216,1.8501505277580126,True,0.7300795920830689,True,-0.4514508194657084,-0.41453599273909575,True,0.5895846648651298,0.024891631885562045,True,2273
5,52,0.3615589457790273,1.434722396411486,True,0.8718870199588857,True,-0.46460485754858905,-0.4422715659105345,True,0.349685841170876,0.015774052409814887,True,2274
12,23,0.5796654919410128,1.0260046020329585,False,-0.018768454560622594,False,-1.1683903323940308,-0.6109248052772454,True,4.444728268387351,0.3381449895315628,True,2275
12,60,0.4247952039223082,1.308725150945659,False,-0.18677677045594643,False,-0.5169341610066333,0.03811797438598208,False,4.840290544986495,0.3454284426993804,True,2276
3,64,0.5789312076173053,2.3128979244148673,False,-1.1741595204330375,False,-0.5829663631495968,-0.05574561376044572,True,3.3773064560976094,0.24744923183689457,True,2277
6,87,0.054226914776153795,0.5227640593801731,False,-0.2905071746770067,False,-0.4785248332759446,-0.22875042882763422,True,2.024570569797596,0.1405555693606014,True,2278
13,60,0.11021731719350272,0.7176704199501094,True,0.9876060716873695,True,-0.45295605628786223,-0.44530114799851017,True,0.11153110787632588,0.007058077861063149,True,2279
16,46,0.23490957297780907,0.621877273134786,False,0.4132191007643601,True,-0.6265997503935652,-0.5091219705302922,True,1.279775505553665,0.10021988183614561,False,2280
5,88,0.3489823792759021,2.050636794149766,True,0.8944214598736379,True,-0.4613076893861576,-0.44248614956774585,True,0.330501684288634,0.010379524004962016,True,2281
14,41,0.4991512076933055,1.1770080547689368,True,0.7929874432549384,True,-0.4692151647382708,-0.43548863248991077,True,0.5069128918997311,0.035584706515795046,True,2282
11,32,0.38634518331806383,2.1854228340888744,True,0.8828027064155612,True,-0.4745625521673258,-0.4386762907153297,True,0.36611280858476514,0.031447820043734684,True,2283
17,79,0.2527314485450634,0.26794797232330725,False,0.3986949228835863,True,-0.46560313293444405,-0.3827470988600073,True,0.9828549676689718,0.07196808358181662,False,2284
15,68,0.08178941942797216,2.8036245769956194,False,-0.13913365264954392,False,-0.9408990336809417,-0.17071393151324105,True,7.994720077697772,0.5180708150458387,True,2285
7,79,0.4957364858472993,1.7097572112259936,False,-0.22345709468561137,False,-0.9286880493341649,-0.36910857198934177,True,3.8854408296646956,0.24696428695836597,True,2286
16,45,0.13505734103264824,1.8741607390068449,True,0.9801369829703007,True,-0.4531154738157783,-0.44434869519635084,True,0.1367974158347781,0.010202230098655294,True,2287
6,79,0.11518948306724458,1.3297061907136163,True,0.9864568241998342,True,-0.4546022097544237,-0.4438786844897212,True,0.11247115915991313,0.006695244552957965,True,2288
9,39,0.43396893190686286,0.806671114173509,False,-0.15822436509597915,False,-0.582410894198723,-0.25410050993991273,True,3.106944590828295,0.2390331593032702,True,2289
16,69,0.5401912928497155,1.5492537411659648,True,0.7507710388994259,True,-0.4574116970493657,-0.4233150459730885,True,0.5412869645764657,0.03479492086401702,True,2290
19,82,0.45464723308805044,1.4186984935336109,True,0.8222315734674293,True,-0.45680977369761616,-0.4339865117447525,True,0.4475027963646836,0.027601547012161227,True,2291
15,19,0.14999981698401033,2.012479269527999,True,0.9749898381902935,True,-0.459556229624556,-0.4408706309667,True,0.15256379281024512,0.01878908619529399,True,2292
10,54,0.10146330073485926,2.802322516964885,True,0.9891688442853771,True,-0.45297569586238856,-0.44748996161912535,True,0.10226937467177111,0.005081335040370709,True,2293
20,97,0.08294293796583821,2.715376131623846,True,0.9926605424757269,True,-0.45359441699348146,-0.4489393843650323,True,0.0838756627696668,0.004892216765989577,True,2294
3,28,0.5772377513470832,1.0071568059606015,False,-0.958494844371669,False,-0.3912655041904624,-0.06032322383143395,True,2.0758869856498094,0.13546130841180046,True,2295
15,40,0.09573456955661064,1.8859967239123483,False,-0.1284141743091376,False,-0.7922561221210415,-0.14782460791247706,True,8.360639025200951,0.5554977163547932,True,2296
17,64,0.050210748921005174,2.9847155949371644,False,-0.12606320867299892,False,-1.4164407699456065,0.3018357449314298,False,13.773614428056788,0.949672346434801,True,2297
9,90,0.07341640646622415,1.3568314382995308,False,-0.24400723708317273,False,-0.9762528132524467,-0.14135048133839312,True,6.846092350691985,0.42358673519983037,True,2298
19,56,0.24625090979505332,1.492175046468315,True,0.9382031924820846,True,-0.4485295947364574,-0.43822225444852686,True,0.24666933070920233,0.011281730657197155,True,2299
3,20,0.3260922095045813,2.658320654824527,True,0.8994920561532256,True,-0.45729833415243876,-0.4298812059977596,True,0.2959139787956968,0.014339867140234675,True,2300
7,81,0.44856870837038304,0.6384063629757613,False,-0.12969712340623052,False,-0.614103932238989,-0.2949844279500719,True,2.2244721946024644,0.19257521318389637,True,2301
5,53,0.29947438032687995,2.423882660255498,True,0.9147685629596615,True,-0.46131245938251086,-0.43537454438272916,True,0.29659518359119924,0.015090962644464094,True,2302
14,41,0.13795207568840046,1.2776381001010244,True,0.980502848096829,True,-0.453148454873048,-0.44231936666015853,True,0.14237481880984876,0.011690746155118443,True,2303
3,47,0.245993796752154,0.4216456670265235,False,-0.38110909297314,False,-0.4211822939685865,-0.30780632374425665,True,1.1473053179809785,0.062201987579610825,True,2304
12,12,0.1226976318906097,1.521462142494003,False,-0.11656218067594604,False,-1.1356076669407906,-0.16239205003429366,True,5.865174441792791,0.4990320343040532,True,2305
4,34,0.48010815166011794,0.6403805311162892,True,0.832127006011409,True,-0.49431024899368803,-0.45231459269203944,True,0.451977487454763,0.019667104679803395,True,2306
12,20,0.45424374095547543,2.699864512403321,True,0.8276517836524563,True,-0.500551378829518,-0.4482109336376881,True,0.48320016785343184,0.05074889895510472,True,2307
5,92,0.22558094096288317,2.466912801070218,False,-0.4069919352203495,False,-0.8525140497516991,-0.4734266248398966,True,5.758755333841074,0.2888943799697924,True,2308
7,60,0.30209036361997454,2.378052632919424,True,0.9155260316277589,True,-0.45288394459110476,-0.43930369745869574,True,0.3034167409493691,0.00928733713928985,True,2309
20,72,0.35636187355099636,2.7071834347592287,False,-0.10390688895997924,False,-0.7644384835987462,0.040831021626250005,False,12.119738988363505,0.8881388039120901,True,2310
10,28,0.06547048826725523,1.3976100278050207,True,0.9953348701165514,True,-0.4498102899620733,-0.4455146129275297,True,0.06540439961072825,0.003618756111728966,True,2311
9,60,0.3459646273610442,0.8988573034506891,False,-0.024309443942480025,False,-0.6072605326254851,-0.3867229384821849,True,2.1546001541504833,0.17479571945730732,True,2312
4,17,0.5151537950075793,0.00605307909894548,False,0.8347286874763833,True,-0.4943468072721129,-0.3916668315706776,True,0.4539702289203763,0.05121391815964697,False,2313
8,36,0.400722719938405,1.952463251489313,False,-0.31831117367665174,False,-0.7772557680311044,0.3838139476933579,False,6.17098197838359,0.5175018070944696,True,2314
18,96,0.4142223077986591,0.3156192440747546,False,0.3921402654458165,True,-0.4892937979896768,-0.3804786933704247,True,1.0690328903263044,0.0929697660894925,False,2315
9,76,0.33054451721828776,2.0095331611036165,False,-0.23043061945301124,False,-1.0645744009277778,-0.014358664631984657,True,7.29782070964958,0.6014426001343097,True,2316
15,87,0.5042986835336922,0.709649434834533,True,0.797306008192723,True,-0.4558944440022673,-0.4320934339535311,True,0.48636793398195194,0.026765977395853013,True,2317
2,90,0.216729476452994,2.5143509634827637,False,-2.9913909298380177,False,-2.098579569691543,0.3580855708865428,False,15.676340236524236,1.2283325702890426,True,2318
19,87,0.29664228012796034,0.45806197121466175,False,0.20801035157742953,True,-0.48675375073870975,-0.36000181987591756,True,1.4344416443233279,0.10203601697233222,False,2319
3,64,0.26828568848210005,0.5862588186596579,True,0.9222600142036561,True,-0.45524031234472145,-0.42969902855571673,True,0.2654424403551174,0.015404582654111695,True,2320
6,82,0.07156913081812283,0.2084332512695205,False,0.17272485457807119,True,-0.5092907275164619,-0.31171723023223114,True,1.080655239638367,0.07696168324698979,False,2321
8,79,0.16622449584124876,1.7330278519431574,True,0.9730790517353571,True,-0.4552920191286603,-0.4478297049809943,True,0.16593998714720093,0.005405313536046552,True,2322
3,18,0.277606545108065,2.363779720467935,True,0.9237668459692495,True,-0.490975756883374,-0.439318837949975,True,0.24714046946928742,0.03133294996744884,True,2323
14,6,0.28074901321133044,0.35311985469069596,False,0.4529971235183192,True,-0.6235183961170404,-0.45389900007767564,True,1.1441774223209764,0.13688158383051277,False,2324
4,16,0.059749233100752294,1.8940635362887608,False,-0.7471661469167776,False,-1.0901567960001326,-0.20393637636779732,True,4.806670122190729,0.5802530821350563,True,2325
17,69,0.5394857076795678,1.969058318840996,False,-0.12077695078443651,False,-0.49690182045163483,-0.005502349564928446,True,6.325159262114552,0.5112202160345036,True,2326
18,76,0.16558864879359467,0.2786367880419537,True,0.9721035888331829,True,-0.4513668440634989,-0.44406479136128185,True,0.16447684248525243,0.008093699682309812,True,2327
18,48,0.26324724346435135,0.859852957984811,False,-0.041466012931391294,False,-0.46470630225929666,-0.23152217407602851,True,2.8116221234492618,0.24698765994394697,True,2328
16,60,0.20099300047878516,0.48125250192750346,True,0.958425253503625,True,-0.4574640939115142,-0.44259976699321213,True,0.20264017893981187,0.016429857733317826,True,2329
3,72,0.16092773779322223,1.9795791624640175,True,0.9712445621874783,True,-0.45395202549820235,-0.4384510563520446,True,0.16427734374383912,0.0090691748566583,True,2330
12,66,0.5162132155681529,1.203122524546318,False,-0.1770385860898518,False,-0.8621262988644407,-0.07879556016346669,True,6.786843629571801,0.5085655588524876,True,2331
8,73,0.3371826320622086,1.234168819535331,False,-0.2036459807431108,False,-0.7782525651881468,-0.1808436840662581,True,4.233557169072678,0.33201136218792116,True,2332
9,92,0.15575142254661523,1.3304335138185093,True,0.9743574592112529,True,-0.4536028300366377,-0.4453019328209691,True,0.15754330656000623,0.006572629349102577,True,2333
19,40,0.16448070419223224,2.212165498298525,True,0.9692570981242727,True,-0.45594798949822346,-0.44104062543857137,True,0.16715776774081134,0.01799435615666558,True,2334
3,68,0.5377475756891155,1.1306191024966665,False,-1.1846208907076492,False,-1.1831335504069704,-0.18466099551819515,True,6.288784241378764,0.40762619987651877,True,2335
15,95,0.1875628434172582,2.2533521944655206,True,0.9660861565251598,True,-0.45630170045349305,-0.4468815251691678,True,0.18729144706921294,0.008982259810913577,True,2336
15,57,0.28585416660686674,0.6280201162955734,True,0.924164430606007,True,-0.4634690200405672,-0.44568991591222235,True,0.289665921992969,0.020400260867411354,True,2337
2,33,0.2937359826257904,1.2067331711823273,True,0.8834594214387078,True,-0.45816357794396684,-0.4450374352736851,True,0.25358120108991866,0.006563071335140419,True,2338
6,75,0.1316328262824773,1.452743122057358,True,0.9801124769565169,True,-0.4597107220164634,-0.44416469277150145,True,0.13630153938738235,0.010997133413598361,True,2339
18,19,0.15867510972845916,0.5732987167098677,False,0.02589225224734515,True,-0.7355691558174485,-0.38046760783773204,True,2.918780612877264,0.22749242063848196,False,2340
4,80,0.329631519435339,2.4295106517464147,True,0.8738582302283782,True,-0.4497010469376555,-0.42861365109743643,True,0.34140075037650397,0.009702765913993277,True,2341
20,34,0.26344325264333424,0.5019062372950365,False,0.11997487067377599,True,-0.6049905866694928,-0.421097437495149,True,2.0883387753551066,0.15124610511747133,False,2342
20,79,0.49385617172187907,0.8784738300699095,False,-0.042184500565192184,False,-0.5098022561820746,-0.28102330343571297,True,3.6067376638525452,0.26372542528896226,True,2343
5,58,0.1518099807567048,2.25920008923479,False,-0.5454031552159941,False,-0.483592335409105,0.24397638870088187,False,7.472599371973566,0.5729297317717759,True,2344
10,100,0.15137682694715993,1.5617963263087353,True,0.9764981505914461,True,-0.4549676995362096,-0.44614800586298187,True,0.1509269825452387,0.007604634772113309,True,2345
11,58,0.3218320493769052,1.4788256578879198,False,-0.18592332294678982,False,-0.9473030517311748,-0.04819512640798757,True,5.421042493389755,0.42311641325806626,True,2346
14,42,0.10805162346408141,1.5550888668950802,True,0.9893796227471687,True,-0.45382966549742765,-0.4478709464988536,True,0.10302186125243504,0.007005211575355809,True,2347
12,67,0.2842044525097333,0.7531055342197784,False,-0.06987065043929919,False,-0.6718449727779084,-0.3795453010080026,True,3.1738948818907002,0.252888636660337,True,2348
15,37,0.5878849527828736,2.429299691147098,False,-0.14206649378859249,False,-0.8676329639805845,0.30401298462200227,False,12.751454686299748,1.0262808817728435,True,2349
7,34,0.2710175216119625,2.5721848179278477,True,0.9273043153428597,True,-0.43766574559505755,-0.4255810032369247,True,0.25943009005329626,0.008277044755384324,True,2350
18,34,0.4191489703320485,2.797132755891029,True,0.8479528067816804,True,-0.46345632046400664,-0.42119312865961356,True,0.41481444584727867,0.038558248231964874,True,2351
2,29,0.16777270839728317,1.0447678576159325,False,-1.2201818230332413,False,-0.6189696772527545,-0.4022745648055047,True,1.1977292369643713,0.04634600092815677,True,2352
11,98,0.304332441761799,1.925387874075544,False,-0.20198249239408694,False,-0.5911867763285927,0.06859176750627666,False,6.555036962691686,0.4697488676391757,True,2353
2,82,0.27554400226914927,2.970991145384137,True,0.9310571832419319,True,-0.45960518854565646,-0.4544561934945023,True,0.2707965542872252,0.0025744975255774794,True,2354
13,92,0.3559941551288134,0.9426627797651519,True,0.8820232104836959,True,-0.4564127109208574,-0.43487372350949605,True,0.35056037190720957,0.021432764911300816,True,2355
3,44,0.37048171425481186,1.4346443987169062,True,0.8842033395492408,True,-0.4742320558983806,-0.42564487083562236,True,0.3371012538565254,0.020467094921449852,True,2356
10,29,0.23821850752449064,1.9512467389012849,False,-0.20922929323148742,False,-0.9709253271242413,-0.06718189956604914,True,7.243007632658472,0.5567219911341936,True,2357
7,96,0.3070530772015882,2.741772306943858,False,-0.3529807662270432,False,-0.6725902673515445,0.3986544457764644,False,10.26849695713663,0.6548566056649698,True,2358
15,68,0.25645290285696487,0.7586520896572823,False,-0.04029852320070382,False,-0.6180320824578446,-0.33209504586023864,True,3.394034389932829,0.251259532303872,True,2359
17,45,0.2680665069313583,1.2618294708443645,True,0.9320775718856259,True,-0.46222174365244983,-0.4475740341850624,True,0.2755164423843648,0.020187085981915442,True,2360
14,93,0.18335295990585898,1.9448719149730431,False,-0.15127193034405795,False,-0.6490055160858487,0.007653909449287971,False,8.419671730536592,0.5892494037929014,True,2361
16,54,0.43512819474975883,2.8295165776725026,False,-0.13752627880205925,False,-0.7655191844557149,0.23012729943667723,False,15.34138318658134,1.1719446143354304,True,2362
2,18,0.28483531978365767,1.0832715774597792,True,0.9382173209930965,True,-0.4854037962809178,-0.4757155922526194,True,0.25643695741835315,0.0023788404343875746,True,2363
8,67,0.38535324037921814,2.2473053215603636,True,0.862765419494847,True,-0.47601136097925967,-0.4480192247829187,True,0.38456630605721487,0.02119832217208948,True,2364
19,17,0.19962855657459666,0.4440816880570557,False,0.08322834885019614,True,-0.4636377917208116,-0.25470648227188863,True,1.6682618778327585,0.1399631097472715,False,2365
17,17,0.17495159495137658,1.6791661163762581,True,0.971770002980753,True,-0.4605829733487289,-0.4395551339338847,True,0.17341592151541446,0.02560340508632601,True,2366
12,5,0.303810978362607,1.587291095463517,False,-0.19761718785046178,False,-0.7388755088797159,0.05944342636014739,False,3.9996493920975706,0.3530763097150987,True,2367
13,33,0.5079750527690247,2.7425951022009216,False,-0.16959670484352696,False,-1.1360468407970843,0.482766026183769,False,13.978969025892795,0.9882410078628849,True,2368
12,35,0.4912868327828365,1.7343421188672048,True,0.7772325261556896,True,-0.4683398450838768,-0.424560985429291,True,0.4879086225774503,0.047485760190674665,True,2369
13,67,0.48393208382768155,1.0948006277098654,False,-0.14929583782956635,False,-0.545609632084464,-0.09115731328527611,True,4.274655547363722,0.29321781129626884,True,2370
3,28,0.4331001943129451,2.7402792229787822,True,0.7371098582002253,True,-0.43311324887377667,-0.3536774870831104,True,0.4740175385034214,0.03948860877766469,True,2371
4,88,0.10684666281030866,2.417276366162337,True,0.9877549009670227,True,-0.45163601945774584,-0.4403690579780069,True,0.10908216075978103,0.006690902100288277,True,2372
16,32,0.07145902551602036,1.905701098447799,True,0.9949882791520077,True,-0.4524314185935505,-0.44773448082693396,True,0.06828028029546404,0.00513337514989555,True,2373
16,63,0.12775742839454646,2.454074207330789,False,-0.13098973927991198,False,-0.7206044323921028,0.36734507633620184,False,9.403661359212341,0.6251272751990394,True,2374
20,96,0.21415212006995843,0.9609099080286939,False,-0.05849062047302933,False,-0.46104446380590175,-0.2031513960772651,True,3.5513827559935103,0.26311273387164547,True,2375
11,46,0.11593817775177906,0.33590504100106255,False,0.24587549751746396,True,-0.6319513051986823,-0.45557467467856366,True,1.4322726608417224,0.10247793608810261,False,2376
2,85,0.5935412223727218,0.4763883885660608,True,0.7222544041609815,True,-0.4829842759042434,-0.45756457005547324,True,0.6434005240628359,0.012709852924384812,True,2377
6,99,0.37731009829547585,1.6311685779924434,True,0.874795507150485,True,-0.45365488325660097,-0.4439649832905945,True,0.36829312068903824,0.006940635024767525,True,2378
6,61,0.5251328305561906,2.384293701006185,True,0.7717011854101166,True,-0.48214016380617997,-0.4358551051058717,True,0.5493739422677232,0.0310104878402647,True,2379
14,20,0.2805677887934113,0.888986062961166,True,0.8989147464269419,True,-0.4625201011473402,-0.41448277933168887,True,0.30902619116493696,0.04796758139015026,True,2380
4,13,0.10967586371263123,1.316654113156729,False,-0.8810664451812347,False,-1.185087813121105,0.09259893620460055,False,5.222842504687238,0.3231181137534393,True,2381
11,40,0.0536857136321084,1.3090241529210926,False,-0.07577865628532687,False,-0.8486077593864405,-0.3713536446566011,True,3.567027979271311,0.27062413208843467,True,2382
20,81,0.23246277326914716,2.205437948998658,False,-0.08814629279259578,False,-0.7803850459831894,-0.23117434270898649,True,7.016205961026015,0.4890589146071199,True,2383
20,20,0.13507223399721335,0.7029886074038877,False,-0.0732201837616826,False,-0.47423625470813635,-0.06385723124983352,True,3.3311041097861196,0.2234565209149173,True,2384
13,17,0.5304057136035563,1.595318491135856,True,0.7688893199355626,True,-0.48986993775427534,-0.4301608776568032,True,0.5133788521467846,0.06802906249557115,True,2385
14,92,0.0770196941784429,2.7125622383540433,False,-0.15952124362511078,False,-0.6391481090134494,0.30677018747561,False,12.87000539549904,0.8766731119695996,True,2386
16,87,0.14414809819655813,1.8206655357465271,False,-0.08843439183949009,False,-0.9434729417541424,-0.32764362376023953,True,6.9026210358266376,0.5248406724856617,True,2387
13,7,0.27958549461458143,2.8957846491255173,True,0.8935029685529895,True,-0.5090237625845124,-0.44208803191808976,True,0.32613894025734513,0.0972304768323075,True,2388
16,43,0.511878601361519,2.957543087568539,True,0.7606185417360781,True,-0.44553842670111327,-0.4124120950613096,True,0.5169980575191673,0.03301907364418462,True,2389
8,95,0.19125836925054024,1.7389592600770682,False,-0.266155405367162,False,-1.2762327124221877,-0.32889196618661487,True,8.793588040878198,0.6248403625304968,True,2390
16,67,0.5584365909051737,2.1796702500221703,False,-0.12851270162279982,False,-1.0358221192293802,0.09666761570983405,False,10.523317032339511,0.7778641291258125,True,2391
15,49,0.4568108257941189,2.922903676754223,True,0.8099456819701674,True,-0.46938614474561347,-0.4401668792382781,True,0.47644076067082036,0.02777885043101693,True,2392
20,99,0.3701377374871321,2.7219204709314218,False,-0.08142036414416798,False,-1.3508342394694526,-0.5723735058917625,True,11.86655904081319,0.7624175091081262,True,2393
6,40,0.3375135948432027,0.3787153921993637,True,0.8916805058202268,True,-0.46634425293070875,-0.42237552826672914,True,0.3273667902402757,0.026201840559723584,True,2394
16,39,0.28976477796187655,1.7049593984602511,False,-0.09236179652804322,False,-1.0916253509205895,-0.5161944059422474,True,7.827173686883008,0.5291873952459807,True,2395
9,61,0.5665336111145636,1.0447313301799728,True,0.71839982006397,True,-0.47214927304635224,-0.42378627516543105,True,0.57471756043482,0.0331577435639994,True,2396
3,85,0.1598731134710606,0.6001787411228728,True,0.9726775495818125,True,-0.4548592940057299,-0.4244254094247305,True,0.15807818564273432,0.013307707105223446,True,2397
8,71,0.2877760661921567,2.390389777692234,False,-0.2939997842630995,False,-1.1440884374023945,-0.0871145232268991,True,13.088693282628657,0.8831985086572028,True,2398
9,49,0.43414212446529704,0.731137250515038,True,0.8263497284959509,True,-0.5011021881460024,-0.4238621133565246,True,0.450540579226926,0.053258090738654354,True,2399
13,47,0.5359916299747275,2.7368936188374335,False,-0.17414089782840203,False,-0.7233451419751565,0.15133422179361375,False,8.849751633399507,0.5731103433427288,True,2400
20,99,0.09357860885484716,1.5459356495532792,False,-0.06761699883226635,False,-0.7164749139081852,-0.3303971073818244,True,5.79414810873628,0.4476896363771053,True,2401
10,23,0.5557315584034105,1.304568204249519,False,-0.0882048046096009,False,-1.4781696762807246,-0.577098920152348,True,5.260461383332571,0.37699225088393373,True,2402
7,13,0.5793937137136725,0.3809873423707896,True,0.644306017837169,True,-0.5252389067388428,-0.3575990498628389,True,0.5797799827853213,0.12725068791550787,True,2403
4,38,0.1674898174061493,2.4724435863872767,False,-0.8186333131722772,False,-1.0549789544038273,0.24577317510395652,False,6.901589449994743,0.5224777677220696,True,2404
10,27,0.09384333202069622,2.224209926475731,True,0.9913263252810599,True,-0.4598788295075127,-0.4503473806267155,True,0.09020510056608637,0.008023674351780374,True,2405
19,83,0.4977252561241073,1.541158875335198,True,0.8027875166026003,True,-0.4606977028765544,-0.43637711612424795,True,0.483850235071958,0.030492160497966,True,2406
6,14,0.29499753155440633,1.36193816618634,False,-0.24469571847164273,False,-1.9043484125213714,-0.5323425764835236,True,4.800724839368702,0.3158264471775563,True,2407
7,48,0.2470812755137759,0.22483111363008124,True,0.9427365430929703,True,-0.4490206031733358,-0.4301904991451626,True,0.23803528570010404,0.013934131991769776,True,2408
16,60,0.5627236969683318,1.2707403855331636,True,0.750003365541809,True,-0.46970060700180927,-0.4313312364050796,True,0.5587991126557559,0.042546564022437415,True,2409
14,28,0.5081433614072586,0.8839046830612347,True,0.785151212842204,True,-0.48528929168011536,-0.42857966367608663,True,0.5246936697169484,0.053844345312058214,True,2410
6,98,0.0787380650825478,0.8987539026373985,True,0.9934515780832694,True,-0.4525155421311205,-0.4472410089215838,True,0.0776441101811206,0.0037667201041104597,True,2411
20,93,0.18194207972420834,0.17135358154203773,False,0.658239743038597,True,-0.48681169292478776,-0.4334510936491666,True,0.6572017302716956,0.056227850068777445,False,2412
17,76,0.0862837345176263,2.824790717880406,False,-0.11730811754927539,False,-1.2720620864384222,-0.1451874610999877,True,13.53224666391434,0.8905682145932626,True,2413
11,85,0.25623083550437087,2.7157178532616966,True,0.9375791371148173,True,-0.4549496389867017,-0.44416379123945765,True,0.2555422703940502,0.009244311520620946,True,2414
8,77,0.5980691511649165,2.285692277262768,True,0.7220887789595914,True,-0.43759850577944753,-0.4184640039625926,True,0.5924340639259138,0.014566927511741748,True,2415
4,21,0.09312283156473194,1.6867279703662725,True,0.9904806298440378,True,-0.44812179483036724,-0.43793891271875207,True,0.09265674654264572,0.004953299153722798,True,2416
7,47,0.3414096767202514,2.9487214139862816,False,-0.3188952346424119,False,-0.8496756448061316,-0.25536063775176693,True,8.05421860586111,0.7203102152150992,True,2417
10,73,0.31549851449601235,2.535977091103849,False,-0.2263244837231666,False,-0.6706759112103469,-0.09179621267832838,True,8.201060573104556,0.5373948071744669,True,2418
20,95,0.18641385167563884,0.6948864573764415,True,0.9614059159221052,True,-0.4510292585337659,-0.4413289032099016,True,0.19255473063939374,0.011697301805629624,True,2419
10,94,0.5906426141993499,2.2881569239145434,True,0.7357849994064181,True,-0.4509101696343671,-0.41957112717885353,True,0.578534212626986,0.03155926053852152,True,2420
15,47,0.19214116119556757,0.08702621026533919,True,0.9670750363608283,True,-0.46288579911238964,-0.4539851134752786,True,0.1879829265959385,0.009754011675057066,True,2421
5,67,0.20417741411247908,1.5254471982628468,False,-0.5771675840996211,False,-0.7044685768302384,0.5621417025797768,False,7.90984834427183,0.507544148291042,True,2422
11,18,0.5330137659177798,1.6806829638402219,False,-0.22152710710964674,False,-0.701691382259909,0.2131592301362188,False,6.943202477084546,0.4898906869265363,True,2423
8,52,0.4626591414264195,1.508166307128932,True,0.811650586571034,True,-0.465954970614169,-0.42811503184868704,True,0.4700152305737281,0.027947155519580942,True,2424
11,71,0.4379902620031012,2.297754843357847,False,-0.2090118862663808,False,-0.8491208516829559,0.2281489813257975,False,8.490823312331372,0.601296011144783,True,2425
4,61,0.40521970197664564,0.10574690534819586,False,0.718903605592573,True,-0.43625530617639047,-0.40559048421272975,True,0.4884932079575501,0.00828246281995592,False,2426
17,15,0.2785588663918843,2.1571715796813273,False,-0.12052767676653509,False,-1.15210058888229,-0.06417079426549398,True,8.000981122702285,0.5990326801584821,True,2427
11,51,0.060592040029649366,0.34494947655396746,True,0.9959423784167345,True,-0.4504268984575963,-0.44607729896421633,True,0.06013170991140417,0.0036923694461365795,True,2428
10,75,0.4320600059999075,2.260802681061712,False,-0.22042648385425756,False,-1.9099979322435139,0.036950058734931436,False,11.631483724600315,0.7925573477246697,True,2429
11,93,0.08392908916708927,2.066734717434274,False,-0.20415362945248794,False,-0.78353291741848,0.5301955664470831,False,8.993149032795847,0.724935723133422,True,2430
11,70,0.3182728011939987,0.4553599495666787,False,0.23758678979847414,True,-0.5689090273340134,-0.42664521807721995,True,1.4709904534322331,0.12901053420719977,False,2431
10,63,0.08308727686632868,1.238628772959583,True,0.993228229388708,True,-0.4513037393557775,-0.4463361114619676,True,0.08248996610434005,0.004536863870061767,True,2432
5,65,0.3623407838534658,0.43246148313989197,False,0.08413415057451934,True,-0.559029309630732,-0.3536773581983474,True,1.18118705236881,0.09442068223642712,False,2433
3,43,0.28148927576651706,1.826450084781721,True,0.893513315625099,True,-0.4618728615233895,-0.4384190991310897,True,0.29226557353155985,0.01172506982953341,True,2434
7,24,0.18241851343442217,1.948372869914334,False,-0.35575554556911415,False,-0.8572850573776404,0.038373515623553726,False,7.144055930087538,0.5935647660061413,True,2435
11,46,0.22175056248414643,1.5380355606084097,True,0.955516140194557,True,-0.45813661066039446,-0.440431381702814,True,0.21335523332850154,0.017470512175896936,True,2436
13,79,0.4018495107825991,0.9847271282048856,False,-0.1633952565243315,False,-0.3460641685235787,0.07758344711030517,False,4.418708782482612,0.3122921849148369,True,2437
15,56,0.38362800804503333,0.7680580091580614,True,0.8793499607798583,True,-0.458433395342188,-0.4403004548956384,True,0.36942500747843904,0.018097415526232848,True,2438
8,69,0.5479291846643505,1.218687156372728,True,0.7337357785326052,True,-0.46176709043490205,-0.4339358044809988,True,0.5764507635701779,0.02743877044182347,True,2439
10,20,0.18188643273263744,0.790698828358906,False,-0.09380227287512155,False,-0.6636183827288313,-0.28233718106430034,True,2.617534648262793,0.22405289346596183,True,2440
15,64,0.36794384786006074,0.7399247473735125,True,0.8771594099100494,True,-0.4572049001143374,-0.44029049019144945,True,0.3683258496636343,0.015280706895779381,True,2441
13,25,0.1492043340516948,2.9027955201935214,True,0.9772686397467905,True,-0.45785985483033875,-0.44496811862504176,True,0.14234059569108423,0.016196901470167453,True,2442
11,56,0.41443998818482997,2.2041003622609723,False,-0.1770255028605534,False,-1.0661966539335181,-0.28546815437290657,True,6.92603548959082,0.5832728613075073,True,2443
19,6,0.093863447425619,0.3975380086742052,True,0.9903558116340677,True,-0.45651882015745987,-0.44527620815143737,True,0.09938625255593472,0.01668341579380159,True,2444
20,64,0.27225000146519196,0.9826782731095036,True,0.9292018692893157,True,-0.45793601273620965,-0.4450343261311244,True,0.269749531893794,0.015371940860288027,True,2445
17,11,0.514317976316924,0.997446751740988,False,-0.020656412781102862,False,-0.7273859461781177,-0.1478373142705215,True,4.393246270979404,0.3994893666486327,True,2446
5,67,0.25103449969557606,2.2298087937918676,False,-0.5675432711204282,False,-0.8711695888729774,0.1088181897758698,False,8.342188003861866,0.5080689000397476,True,2447
19,54,0.08593377108178948,1.0467479196618217,False,-0.05084485504489056,False,-0.7853691168709026,-0.360053777844032,True,4.448859219742336,0.2842268192694529,True,2448
11,15,0.5741150441730224,1.4876880997212747,False,-0.1698829076398174,False,-0.8188700372665431,-0.14321133834949978,True,5.137878153134208,0.268650428219787,True,2449
13,24,0.34629579885144235,2.805896728405277,True,0.8932737937823426,True,-0.4683395080990513,-0.43569117138124186,True,0.33670904443729477,0.03241363047472877,True,2450
14,5,0.2375520729297742,2.172205401296873,False,-0.2194545667227863,False,-1.1630350505735412,0.30736730396292317,False,7.94818929737175,0.6191945174368246,True,2451
17,96,0.08415493234788282,1.09778704093493,True,0.9932514699410441,True,-0.45055568673966134,-0.4470168301467756,True,0.08095233377029847,0.00397059313115009,True,2452
5,46,0.33952757880800355,0.8403009004636377,False,-0.44519821674625204,False,-0.743654777763782,-0.16873209750167376,True,3.9042365180848924,0.28899839814352196,True,2453
18,44,0.16611870958073444,2.025338345324299,True,0.9729716012567929,True,-0.45867787963416173,-0.4473317809597168,True,0.1634112282100341,0.011319516584644052,True,2454
15,47,0.22391726034049958,2.8911645529119916,False,-0.1457804736500663,False,-0.7588130836762522,0.22669978098077917,False,10.086352950146452,0.6955145864201148,True,2455
20,94,0.3039027627891761,2.622669279571595,True,0.91011389616337,True,-0.45518138839425426,-0.4412094480470613,True,0.30779825797441623,0.018505385102402162,True,2456
14,77,0.5294675254252444,1.7827572591176015,False,-0.14491981656246278,False,-0.9794091265373929,0.010561413680857116,False,8.39446053540213,0.6319840847948262,True,2457
9,73,0.2406416523026388,1.7776552533969134,True,0.9436047353476219,True,-0.4622127146810252,-0.4475099937360279,True,0.2433513205928507,0.012360924716141648,True,2458
10,64,0.24220299723352545,1.8164585892689942,True,0.933922102882243,True,-0.46178869976863257,-0.4344820980627606,True,0.24999512122224593,0.022581529473987817,True,2459
18,33,0.08453344230807605,1.2989670970656801,False,-0.08416049788445057,False,-0.6186713293382009,-0.189390822447087,True,4.302646279039434,0.30388651278121054,True,2460
2,31,0.43617631621031117,2.642753325531507,False,-2.1134019658798326,False,-1.2834097784438967,-0.7400385218575078,True,5.026517580694001,0.22447720562832868,True,2461
16,18,0.14182171278022415,2.03465702428318,True,0.9815855667039519,True,-0.45591365578809573,-0.4410404556653457,True,0.1378142584796701,0.017394926368295708,True,2462
19,96,0.31548906591373416,0.05974952096287045,True,0.9059658734926923,True,-0.4523484851361112,-0.4380365929911245,True,0.3107989059919887,0.017362717387715495,True,2463
2,54,0.3626457982063733,2.725033119962056,True,0.9009475375020645,True,-0.4836338356039057,-0.47135505807031275,True,0.326523397458387,0.006139388766796594,True,2464
11,88,0.525120909640037,0.9443004461230964,False,-0.12777510916353885,False,-0.7224012175803876,-0.4028637502558617,True,4.65409999200065,0.3390788790133898,True,2465
5,41,0.46350349481046843,2.4077451783120773,True,0.8262221713049005,True,-0.48119208187652895,-0.42887372065487445,True,0.45489375751307554,0.03780335485457213,True,2466
7,24,0.33490103627991663,0.9775645775760952,True,0.8945583149153079,True,-0.48663973120834897,-0.4316495543874978,True,0.31823194464035454,0.04057606427880661,True,2467
12,94,0.5486246164577374,1.8111576502281583,False,-0.1878181428321335,False,-0.40104903539218495,0.15546856462639494,False,6.734001790752997,0.5320402297522145,True,2468
12,87,0.3882002580893131,2.1439557468722454,False,-0.1779692519120133,False,-0.8470266458962343,-0.12426303949981371,True,9.793918565665601,0.6690550727562079,True,2469
17,42,0.46555417950212635,0.20026507784429337,True,0.822384071537551,True,-0.4706241401374419,-0.44065645113830293,True,0.46504017779502155,0.03474912018273019,True,2470
3,38,0.0932840923721209,2.2299163439490766,False,-1.26971338152417,False,-1.1014731655991905,0.28658910105145796,False,8.835033744955293,0.8571462867546373,True,2471
5,76,0.22621926520273733,1.7610542642712377,True,0.9549978333717032,True,-0.4537514421027683,-0.43913891019968104,True,0.2145760753148892,0.009330221889681113,True,2472
7,89,0.2593925933836573,2.05376647254074,True,0.9233074874258048,True,-0.4515584593723902,-0.4326355985924401,True,0.2695642198980113,0.013779363360944432,True,2473
7,100,0.36683053083369294,1.5994532046999574,True,0.8845308995166781,True,-0.46659426095704504,-0.4264323121606484,True,0.3560835988677757,0.02705310678977669,True,2474
12,83,0.43973764713544194,2.9249067729457243,True,0.8391799984197263,True,-0.45884911428958985,-0.4376508737603703,True,0.4254297918132721,0.019107927808621958,True,2475
15,92,0.2275839835759308,1.9015254282343834,True,0.9497859325789781,True,-0.4580669860700377,-0.44801653679104475,True,0.2278335100377706,0.009835429012387266,True,2476
16,6,0.3652672373099552,1.777824284612114,False,-0.16056379756206685,False,-0.7751745111535692,0.37615681397653017,False,6.042302968016261,0.5524733035034148,True,2477
15,22,0.41013886632051444,0.03914457952880013,False,0.8455570231377684,True,-0.5000959474884693,-0.4479296236308996,True,0.4172530409759708,0.05379112728505426,False,2478
13,44,0.5238970851782285,2.33987701705203,True,0.7922068562577614,True,-0.47126821438665806,-0.4383961780257448,True,0.5253137583920072,0.027872514195802823,True,2479
13,19,0.26674037475149487,1.2810100139947247,True,0.9283015277669027,True,-0.4742926070354604,-0.4415578450313662,True,0.2696103599460011,0.03454400682027024,True,2480
14,85,0.4489485573327043,0.5798767696950771,False,0.09297764485496285,True,-0.4822424195718671,-0.35558630969148936,True,1.7332218326998494,0.11727200171069667,False,2481
10,29,0.36248260288457046,0.7548473566445663,True,0.8817409300021104,True,-0.47880486446570925,-0.45749450318311946,True,0.3675694324038591,0.019271709327131792,True,2482
17,27,0.2869901275392394,0.14963687933188752,False,0.7058681057752232,True,-0.45259607015340203,-0.3994484881504605,True,0.5523999539106768,0.048332508828490856,False,2483
17,56,0.5287368880825092,0.8539263190002947,True,0.7851058618804797,True,-0.4839142006301799,-0.4524761798485529,True,0.5312844938672536,0.03386696669568435,True,2484
4,47,0.5777278373231621,2.0703816634035217,True,0.7293595361998833,True,-0.449204403836829,-0.386259698093112,True,0.5652664851341818,0.03268798127097006,True,2485
5,26,0.5690319605934984,1.063292779213628,True,0.7339214119479545,True,-0.4999817786563131,-0.4160710808242179,True,0.5412212726602373,0.05462434927375235,True,2486
17,21,0.42405981169397333,2.4881013096193825,True,0.841924214357382,True,-0.4830998227468403,-0.4501877446004816,True,0.4513943563436189,0.0428664111340249,True,2487
10,62,0.3061824960037362,1.1852628858407381,True,0.902357124660817,True,-0.45112090190322085,-0.43263019994029195,True,0.3088276696759988,0.015706326287710865,True,2488
4,92,0.05841691330830737,1.39077762788276,True,0.9961558131886734,True,-0.4530164103873102,-0.44861741254289467,True,0.05998992631117713,0.002476544848388962,True,2489
8,99,0.20887693260124612,0.6036442597315389,True,0.9567344321216228,True,-0.455449354822361,-0.4424695163655405,True,0.20786321838211322,0.009966793256684646,True,2490
17,39,0.10328821320997343,1.8741403867049593,True,0.9891803874271459,True,-0.4538564836550464,-0.44593133830552717,True,0.10190356827537847,0.008533462237111067,True,2491
15,36,0.32702858257684403,0.41959875957201875,True,0.8966894463679502,True,-0.46417871256971555,-0.43606367531270934,True,0.3340053461785992,0.028434487195950296,True,2492
8,41,0.19340042987592954,1.483474077565487,False,-0.28745844354051187,False,-0.6999621080144341,0.041189630615783394,False,6.337114783513417,0.4353934936269884,True,2493
6,47,0.20320288508805728,2.4570111331913838,False,-0.4196854789989948,False,-0.39583857348040674,0.17199706922446983,False,5.350795846251443,0.41432963164187964,True,2494
7,28,0.5868830285745558,0.7328531918945999,True,0.7442114907148856,True,-0.505127981423846,-0.39774786730871264,True,0.6163949407321271,0.0773433149796149,True,2495
8,19,0.30658940253860223,0.598057060324288,False,-0.08021981649768861,False,-0.6161313989955689,-0.4112845575898846,True,2.270136483655879,0.1618934995106137,True,2496
19,97,0.3992763795380901,0.27952236413137566,False,0.5182010206248684,True,-0.4990593620453825,-0.4344063827307364,True,0.9276778747554457,0.0716072604475856,False,2497
7,92,0.31722493852159006,2.9780993817779713,False,-0.350927014461909,False,-0.8216348954184256,0.10758714756077664,False,8.897393292068367,0.723805973787471,True,2498
10,87,0.33284784535485484,2.0090335324175275,True,0.8912728560951134,True,-0.4467358231711123,-0.42942685514824663,True,0.3380621985979238,0.015385506864927824,True,2499
8,7,0.15335995775501912,1.3693579018300874,False,-0.3122548478086504,False,-1.2317731878684146,0.361273708839698,False,5.050423091871975,0.3652445787664417,True,2500
17,89,0.405773839705556,2.8497340115586356,False,-0.1190085286185063,False,-0.5655161306040161,0.031009449670827076,False,11.708032395511736,0.6827768448968442,True,2501
5,95,0.2881505650322933,1.107363677020373,False,-0.3205436430385098,False,-0.7393815015858369,-0.3155180951593449,True,2.8102055780493593,0.20064165308515214,True,2502
2,29,0.3820194224423871,2.6063327218118557,False,-1.6084858722752107,False,-0.9685589895643145,-0.8964553097990566,True,2.8216985027155856,0.021584665557129845,True,2503
4,70,0.5562431421645592,2.1359007248988267,False,-0.6870865986500876,False,-0.4147490336168838,0.3207309080828753,False,2.5986413725193005,0.35273652089378427,True,2504
3,76,0.3768339138130058,0.7470392234285221,True,0.8950508774012572,True,-0.46838997361469464,-0.44601498651999966,True,0.3323455892826664,0.01440818273147686,True,2505
7,10,0.1182955519008116,0.38507357480652615,True,0.9888979742311842,True,-0.4626774762638322,-0.4455912732390541,True,0.1120118245628093,0.01827416850987052,True,2506
18,65,0.4507142468732682,0.9838601668180197,False,-0.029777026182576494,False,-0.6836560072747556,-0.30542187697783935,True,3.8254888088405905,0.3039078481636839,True,2507
20,56,0.061336077648727935,0.2674861925787425,True,0.9957975484872306,True,-0.4511075410937376,-0.4464603056225675,True,0.061787330208197336,0.0054376107655926854,True,2508
10,35,0.45740616347193513,1.6717069102689202,True,0.809076843267354,True,-0.4776129229770164,-0.44236312515187903,True,0.46523178142063776,0.03161394065198357,True,2509
12,50,0.3586022826761264,1.9465849606634125,False,-0.09089858827466823,False,-0.8529473175956431,-0.398862955867464,True,4.5331270967454,0.37198053404208936,True,2510
17,75,0.2797175339144347,2.564301143518496,False,-0.1289127414733393,False,-0.6769363170301307,0.09300189416497065,False,9.455706972095378,0.7330848750662654,True,2511
10,99,0.4030453513809771,1.5781801123813937,True,0.8572945327076239,True,-0.45581176031799386,-0.4388717366033437,True,0.40255041539387615,0.017602041084756423,True,2512
2,70,0.0866416774720665,2.4276472901404444,False,-0.3360589753247494,False,-0.9618426097229031,-0.6394758044216143,True,1.1398768944353377,0.16118340265064418,True,2513
19,16,0.15425101206547787,0.2417000008253808,True,0.9775452551902793,True,-0.46824932234071887,-0.45186575901269527,True,0.14894149190395345,0.018971853735281166,True,2514
17,38,0.3031293850549397,1.2118767033367197,False,-0.10044933860328875,False,-0.6899948909049757,0.01247489749522088,False,4.825461528589766,0.3199590327344997,True,2515
15,94,0.30755280914768274,0.6762414096496827,True,0.9067026392022682,True,-0.46119891711063193,-0.44757811581601076,True,0.32045758285553094,0.014019263383702834,True,2516
5,11,0.35009163607693145,0.27902498083782756,True,0.8636638243558395,True,-0.5285829453693279,-0.42899203167211647,True,0.3785754223418678,0.0652961972562929,True,2517
2,50,0.2753471219961202,1.4206979232660606,False,-1.6957154282812836,False,-1.0713961379688302,-0.6257175009077246,True,2.035331614197814,0.2228393185305529,True,2518
6,69,0.4951705481309157,2.81854713272402,True,0.8096575514967204,True,-0.46442752885165145,-0.44320039988117255,True,0.4867167892529038,0.015159771812358907,True,2519
7,32,0.0859127579529197,0.6747649754825843,True,0.9942265417058338,True,-0.44994890684499333,-0.4449165602558428,True,0.0746825866640041,0.004212935766796307,True,2520
9,64,0.2397323640359505,2.885553908658493,False,-0.2810370458756397,False,-0.6334203666419322,0.4895702274647086,False,7.113783799525422,0.693023361314875,True,2521
8,91,0.11677227155418655,0.9316295145102987,False,-0.22186000900921266,False,-0.6883380359194006,-0.18609445326914575,True,3.6910397107197928,0.2783361502664851,True,2522
6,8,0.09282525827200633,2.086206858309329,True,0.9912288404192747,True,-0.4550910550373657,-0.44100269612896564,True,0.08712936467995121,0.007982103462163463,True,2523
13,7,0.1176690874677663,2.4657630544148343,True,0.9856907679540295,True,-0.4650530408798863,-0.4367448248134224,True,0.11137372190784689,0.03683674126552604,True,2524
17,63,0.08206093106676313,2.9210208369822284,True,0.9936985860782438,True,-0.4530238536489269,-0.44859556988315313,True,0.07986896640227598,0.005280787303618959,True,2525
10,30,0.13726213906534201,0.7948457392794267,False,-0.13628199861600487,False,-0.45401738474319653,-0.17378913341315563,True,2.59078068564768,0.21104852756434356,True,2526
6,85,0.21865553480052452,0.5953460527023207,False,-0.1559697434218814,False,-0.555866871754779,-0.37374638140785255,True,2.0395183132869157,0.08289847035836397,True,2527
6,34,0.5945291323337422,1.0278982604942626,False,-0.35867652628982616,False,-0.49042432200472513,-0.09764194216875255,True,3.4883794641126658,0.3271715263126826,True,2528
13,87,0.4178465172085547,0.1401804120417115,False,0.6272784350350418,True,-0.49309109601015344,-0.4291758828547985,True,0.7083684625316854,0.04440850315765867,False,2529
2,6,0.2993741774388202,1.9203185967706267,True,0.8858510696234024,True,-0.538340971497591,-0.45821768616935993,True,0.2457103214074538,0.03050549491386706,True,2530
16,88,0.543071765158405,1.6292726969855966,True,0.7616425931969498,True,-0.46553028130565005,-0.44025071172924557,True,0.554507154311307,0.02605337281591318,True,2531
7,90,0.2907549513990179,2.9366814160496806,False,-0.39511927904828226,False,-0.7822697476689953,1.4959238203621428,False,11.124670614034967,0.8154205450616362,True,2532
15,57,0.5643724244070685,2.1781622135040375,False,-0.15302155378310034,False,-0.5182757108476382,0.3326819480440107,False,9.14342574389118,0.6499762367652748,True,2533
10,86,0.2610194879346651,0.5590084634342012,False,0.4742545339258014,True,-0.5569783459866868,-0.44556707878736057,True,1.0015966458563117,0.10417475428764274,False,2534
18,11,0.4799158582560091,1.7344932162512952,False,-0.14060172917801217,False,-0.8947415513879807,0.19660603192591716,False,6.8692663495308555,0.5399632655572087,True,2535
13,22,0.13565760866113014,0.21800737492850353,False,0.6847588232849191,True,-0.49920924191649324,-0.39989238814403727,True,0.5802113129381459,0.04973393781695561,False,2536
14,60,0.36933567148929036,2.844454023848709,True,0.8709319126279154,True,-0.4636242902044242,-0.43472727140533,True,0.3680943910211291,0.02497605281194683,True,2537
7,35,0.5969364662080869,1.2414040226725922,True,0.7276955349374723,True,-0.4746518730622405,-0.40339801686373794,True,0.5766883361932813,0.04159752762729336,True,2538
18,17,0.17758660392188041,0.3219451397041967,True,0.9624446818072662,True,-0.45550936893115646,-0.438489292046722,True,0.18688421134098118,0.022144207346135814,True,2539
8,56,0.29930138229761627,1.2730886887551733,True,0.9203305795812388,True,-0.4613248282122979,-0.437097721939856,True,0.2855037746925624,0.01671653345490873,True,2540
16,90,0.21735242277686279,0.4744234896371621,False,0.07329801144152726,True,-0.5671748710417364,-0.37143104147224953,True,2.2207972728896523,0.15847727058146716,False,2541
19,87,0.5916800297080718,2.3904919157290174,False,-0.10129501779519146,False,-0.6378468442291868,-0.023481604004088982,True,7.634284671227237,0.6546584675352407,True,2542
15,99,0.15250778444432483,1.9970878925060165,True,0.9764382405628204,True,-0.45716970490701453,-0.448644273407059,True,0.1490476334937659,0.009551011951054247,True,2543
17,26,0.19891132978617332,2.6852868595886155,False,-0.11992883130984366,False,-1.28615684269945,0.004816444663742712,False,12.440810129208172,0.946740265529607,True,2544
16,47,0.30793044785751034,1.160464140234439,False,-0.11204764543489087,False,-0.5216201897446584,-0.11661310867124168,True,4.094514564480982,0.33047257164178045,True,2545
5,67,0.2097699941426493,1.0560942291117563,False,-0.37127260400215856,False,-0.6752961809877694,-0.247577519677531,True,2.1383343082600113,0.20390466819823194,True,2546
5,69,0.05870905386546507,1.6532834543589194,True,0.9965097670867804,True,-0.4494874263817699,-0.44792316308751345,True,0.05672170556396627,0.0011329495177301945,True,2547
6,95,0.10226535548746388,2.806647154243837,False,-0.4225557617691931,False,-1.6303806493811868,-0.0989317824599932,True,11.71180527322152,0.7789409879741473,True,2548
19,22,0.36961223027691537,0.6597792828362558,True,0.8631435374518983,True,-0.4667107891899128,-0.41717598228786695,True,0.3857498811527335,0.05359410528077759,True,2549
12,41,0.09263097961650144,0.20583241182793255,True,0.9916200997310667,True,-0.4511167773575661,-0.4460526146125283,True,0.09038717963824655,0.005100340605850979,True,2550
10,37,0.21832632976740907,0.014520332093458599,True,0.9550936256000615,True,-0.46069802858612563,-0.44113062585569435,True,0.21531458740486847,0.021103101718757282,True,2551
16,73,0.20575183207628267,2.6471259240886273,True,0.9561681805344052,True,-0.45864827614738113,-0.444549249239358,True,0.2122958731205489,0.014356805598673875,True,2552
6,80,0.5205226216394293,1.8408553448082288,False,-0.42192329020625685,False,-0.8402323564948022,0.4515484053780357,False,6.414393709379145,0.4969480882539683,True,2553
18,54,0.43067398338330487,2.419687842111614,False,-0.11544986853833117,False,-0.9386439548378879,0.1606122690778743,False,10.638721817745155,0.8537053858844259,True,2554
2,95,0.40731762316765513,0.7199569260168314,True,0.8301534604106208,True,-0.45698567338757445,-0.4450992591773187,True,0.40959339904312225,0.005943207105127857,True,2555
17,32,0.30770611252242436,2.4352069496917794,True,0.9041795114792346,True,-0.46296564900563386,-0.43450854374768666,True,0.31558892346781,0.030411447574380305,True,2556
14,50,0.40185775420830133,0.45561136129393043,True,0.8636626468541054,True,-0.46292675448140336,-0.4361403061625234,True,0.38795848370620034,0.03079207129992117,True,2557
2,76,0.1872983692357686,2.329955215139346,False,-2.9869408672047086,False,-0.8174783649330003,0.9207099540649508,False,10.644162906528145,0.8690941594989754,True,2558
12,49,0.2381710511194477,2.485880360863189,True,0.9446849229093011,True,-0.4624078819098545,-0.4442226225474434,True,0.23372782956451182,0.01803008314853864,True,2559
3,80,0.0621373719574886,1.8309025748342853,False,-0.43821116788194625,False,-0.9689584270176064,-0.9094395094038378,True,2.557561268040592,0.017512714866578922,True,2560
13,10,0.33729985826759284,1.959162170332417,True,0.9003992773741316,True,-0.48906204515583585,-0.447114715180304,True,0.33446578650183195,0.04954415911109874,True,2561
12,53,0.5151243682690343,0.19046552980452136,False,0.5147540822307533,True,-0.48479770540702655,-0.4028887005309287,True,0.8458336245352556,0.06645729675445168,False,2562
5,58,0.550718113183959,0.6607756314988948,False,-0.43254600643646457,False,-0.47175296283540175,-0.08007568831579538,True,2.133009453475669,0.16977529946872422,True,2563
17,24,0.339917253891844,0.41617300208477903,False,0.16112580380469355,True,-0.49066039439225184,-0.3317751208897586,True,1.5963859937342337,0.11458800269811434,False,2564
4,38,0.11607215359853199,1.1104184099241914,True,0.9847530595246711,True,-0.4616404418102104,-0.45309293925346616,True,0.12057844165698955,0.005530096127608086,True,2565
4,96,0.4902140737419891,0.08369177637986625,True,0.7700258927282828,True,-0.45503518283344624,-0.4038591687371458,True,0.508378333536312,0.030828880085359292,True,2566
16,98,0.2623345074224885,1.9053191436511172,True,0.9248467805741448,True,-0.4579573473477609,-0.4463505917897372,True,0.2691695937305311,0.01094965508814513,True,2567
11,7,0.5280803444042271,0.34074328243387975,False,0.05270748024417948,True,-0.5113905803904795,-0.3162166063814238,True,1.3528755709186429,0.16740469215415726,False,2568
13,87,0.27673707575372986,1.669269180875232,True,0.9279814890062419,True,-0.45867581904844135,-0.44251393346942575,True,0.27140046879796853,0.014666939645517848,True,2569
18,76,0.4483081111544105,2.8949579904213443,False,-0.12251909952859763,False,-0.7368413600206842,0.41910323400552246,False,14.378593466263949,1.0901909802796395,True,2570
5,80,0.5969158932985135,0.5474336481900942,True,0.7136984219030642,True,-0.4993503237533494,-0.4310034326374957,True,0.6282417006356883,0.039964197456859855,True,2571
7,91,0.42483265832089406,2.5472928605164102,True,0.8484701593913349,True,-0.4570121768981398,-0.435176854641181,True,0.42127099390726225,0.017257496970614683,True,2572
4,59,0.3249573356812179,1.5729038300498601,True,0.9022198456135267,True,-0.4773044240707705,-0.43085724072860404,True,0.3057637564519312,0.028859631654525063,True,2573
8,72,0.09801694022841093,2.5944399999721304,True,0.9908290623958704,True,-0.45315740836795493,-0.44955622777541676,True,0.09427946778571736,0.0025951156681737943,True,2574
11,78,0.3110503190840429,1.139699349531503,False,-0.1264096137017101,False,-0.8106276360401526,-0.38709360439316204,True,4.840900659980459,0.37288389149822476,True,2575
2,96,0.5054892676501437,0.44816234715974623,False,-2.3131554000038976,False,-0.6733997730621548,-0.25465251092564256,True,2.6446971858037585,0.20937363106825635,True,2576
19,37,0.2863648147381102,1.0811646843276044,False,-0.03573359397664766,False,-0.486343782757265,-0.173557593243595,True,3.291273903064825,0.23664536179153112,True,2577
4,65,0.38559327432331914,0.5674798469906491,True,0.8654453279150769,True,-0.46508422461576016,-0.44333115632019865,True,0.375195354788995,0.011238815223901896,True,2578
5,5,0.38967225833245783,2.093600908436576,False,-0.5686342688348418,False,-0.9503291422798549,0.21568349079936477,False,4.723803177960738,0.44068876798058776,True,2579
16,72,0.28581840281012405,1.2373686246079627,False,-0.08890001944677839,False,-0.7731573750589638,-0.29761613312104174,True,5.008738604787595,0.3382505735760367,True,2580
10,72,0.20451842375220947,1.5301091274988092,True,0.9592119009227728,True,-0.4559896568721278,-0.44893108507557156,True,0.1998977672352496,0.005477154290168412,True,2581
14,52,0.22892917497203064,2.755369536596108,False,-0.15548699258955323,False,-1.0918487418171914,0.10372026403855521,False,10.157228676655958,0.8293165623673335,True,2582
3,34,0.26937748381749865,0.2978115267266517,False,0.5659899884765621,True,-0.4422221905825196,-0.3643825018107686,True,0.4801516945050748,0.015868617581561245,False,2583
11,84,0.19904558497101427,1.702004847488499,False,-0.13919669975496873,False,-0.8361115366569142,-0.35558088690992273,True,6.32653554726921,0.5995348836833891,True,2584
9,39,0.2284212806901948,2.737089177991421,True,0.9482279719863898,True,-0.4589526681066038,-0.43831961981257983,True,0.23478419892522134,0.015235028747921884,True,2585
20,96,0.3706530695900002,1.7704928458993545,False,-0.088929667359541,False,-0.5921567282621084,-0.11547174099295814,True,7.508552590536117,0.5174310586801055,True,2586
12,22,0.4051084820633883,1.5889077103963887,True,0.8561142635497972,True,-0.4781229537342187,-0.43735170285855646,True,0.42863528257863687,0.047749953773375105,True,2587
2,81,0.08210193567932825,2.652432878015789,False,-1.1182384883987662,False,-0.630620465281237,-0.375716961676993,True,1.704392803957813,0.12745175180212204,True,2588
16,66,0.4561071853502248,2.1197505699764085,False,-0.13590164497596624,False,-0.6606858139960663,-0.02121027417560813,True,8.619572243602606,0.6037829247943962,True,2589
11,89,0.16440252791139154,1.028224172722132,False,-0.1345548053269534,False,-0.5413285809568738,-0.20772055330561434,True,2.9907299027752234,0.23354522406240263,True,2590
9,44,0.32067059433805467,2.24239816329573,False,-0.26573557367052114,False,-0.8340117398983709,0.20687029478505806,False,12.822796128946939,0.9019705719142824,True,2591
15,87,0.4146284995668347,1.315795171463922,True,0.8585111426288661,True,-0.4549609371164143,-0.43697044455320666,True,0.39512465612503245,0.017956775407604524,True,2592
17,94,0.24919504232966466,1.945831892021502,True,0.9367302967900547,True,-0.4592130305984565,-0.44901888060678585,True,0.24872191048068426,0.011560937911710088,True,2593
11,64,0.5376301506540673,0.07753067335698482,True,0.7515924306364937,True,-0.45428214435074415,-0.4201235639290441,True,0.5355760122572245,0.02954338100620028,True,2594
13,72,0.29291648045848667,2.2642154680187705,True,0.9274372896314739,True,-0.46505369158251525,-0.4408167384955332,True,0.2797962482533513,0.022172649422989885,True,2595
3,71,0.2763719409934965,1.1396610232227276,False,-1.119542934665529,False,-0.8494955773718411,-0.10186764483519672,True,4.709983019236248,0.28465434907078013,True,2596
11,8,0.11712447623273352,2.3394221821068637,False,-0.24921836877672598,False,-2.4340626042507987,0.5268484370066838,False,10.362813506596035,0.7721174472575277,True,2597
7,14,0.1776464499769398,1.1850875437289654,True,0.9644322919902026,True,-0.4650195505280762,-0.42289559147803063,True,0.1862785085929023,0.025930144854359474,True,2598
17,50,0.2414796539895379,0.19955157078226693,False,0.3654885623486134,True,-0.5438336032826406,-0.39630117861457403,True,1.093957128508061,0.07682843380797386,False,2599
19,40,0.3294158904655014,2.1196228067060465,False,-0.08507794305202099,False,-1.1006164315797782,-0.365124820450626,True,9.081669893966659,0.6710289057407566,True,2600
9,22,0.2577740856090129,2.2535453060373962,True,0.9355706700672161,True,-0.4699261958772052,-0.4461681439110936,True,0.2557494102556952,0.027306109481111403,True,2601
17,97,0.09764488328772,1.0213054429632975,False,-0.07738192576922276,False,-0.5958251062178614,-0.27358807897448245,True,4.480655260930688,0.3412432657301014,True,2602
4,92,0.5179754796565983,2.733634717883766,True,0.7724550694326259,True,-0.4574070065096916,-0.419313871368692,True,0.5020469145978598,0.021116015716196642,True,2603
17,26,0.45441553004070734,0.24013976476166699,False,0.5578100071399568,True,-0.5111000413921054,-0.45286596714653427,True,0.8965289762098974,0.0700995358454908,False,2604
9,29,0.06546910752721057,1.790811253955137,True,0.9955386853572997,True,-0.4549715923206005,-0.4478455498326438,True,0.06554494307279275,0.005833931551870411,True,2605
5,70,0.41957922437018813,0.41915305848195084,False,-0.3034611317110145,False,-0.46650701229602454,-0.3370165188275002,True,1.880371745814882,0.13254560083886635,True,2606
20,27,0.580292565011801,2.116699925420492,True,0.7423093420463749,True,-0.4600428815683659,-0.41663688270762433,True,0.586089965050982,0.0572733438385859,True,2607
19,28,0.5396916199997858,2.4942313716164923,True,0.7594544100556297,True,-0.47207883734816597,-0.4242391395338713,True,0.5298425895007142,0.0647592496401725,True,2608
2,36,0.5431572066897832,2.792581300146369,True,0.772278968481628,True,-0.4599404977819521,-0.4383469283060924,True,0.5583459580707589,0.010796784737930137,True,2609
5,9,0.2500862232645584,2.287504621383102,True,0.9353888105845665,True,-0.4585272734420084,-0.41148307133549894,True,0.222252921707133,0.03366675810814952,True,2610
11,53,0.26028211324816497,1.682538519518956,False,-0.1655121000985642,False,-0.8769689939696332,0.09972398677589595,False,6.993719274535109,0.5382449473933615,True,2611
7,51,0.4320401184272167,2.3280875499904696,True,0.8489024885939112,True,-0.4684028016005575,-0.4340809829330587,True,0.4095363623076091,0.024231671870783077,True,2612
4,72,0.5073284742836773,2.5324239556299557,True,0.8060984162112688,True,-0.4996611593032698,-0.44238288870785103,True,0.49476764660379485,0.03236141731179759,True,2613
7,48,0.4916581966772449,2.4782564865916745,False,-0.3549203103672838,False,-0.5012921014356436,0.37136927136453984,False,10.609406413039665,0.7589717132909122,True,2614
14,87,0.3664326514691711,1.1269137046866828,False,-0.058116810034203104,False,-0.5225280343336035,-0.24623439297752514,True,2.8856591638005966,0.21400817267485492,True,2615
8,56,0.5368286653192423,2.3243050754065115,False,-0.2806638988644363,False,-1.386844746997303,-0.1309728717954643,True,8.857051005529478,0.758506241243551,True,2616
9,9,0.1908120120783201,2.913009300848293,False,-0.24249222519453606,False,-1.4002176052584456,0.377671299068516,False,10.182437927275394,0.9495646315157003,True,2617
10,94,0.29926340616747243,2.9511498701753682,True,0.9211693118985598,True,-0.4591559356080103,-0.4461780587438891,True,0.29345777728497663,0.010059897259979838,True,2618
2,32,0.5465545304362186,1.3037525030739954,True,0.7301326363020006,True,-0.42682678026118165,-0.39424103151106715,True,0.5906271659099915,0.016292874375057192,True,2619
18,28,0.1022571302253231,2.5097915144466874,True,0.9895265577993779,True,-0.45580726799446064,-0.4473793787478387,True,0.10017353405364707,0.01001120292235754,True,2620
6,49,0.16017588940149602,2.126544920704072,False,-0.4560186693580772,False,-1.0951248062224825,0.339020115980827,False,6.856442915870836,0.6008504706040111,True,2621
17,74,0.3418474128148592,2.874118950292782,True,0.8834001825751863,True,-0.4549218637425281,-0.44335386440826674,True,0.34627795287594676,0.014028857912990007,True,2622
2,72,0.15588261713745907,1.5800846779889046,False,-2.0964238464125393,False,-0.281098554186872,0.4033620697717196,False,2.490832004088301,0.34223031197929593,True,2623
17,35,0.5383007243550046,2.263096904579538,False,-0.12960161829951522,False,-0.8244719751947376,0.10555040932141453,False,9.380181305701965,0.811800323169784,True,2624
4,67,0.5933920457423548,2.7632165553335746,True,0.7294023409853247,True,-0.45557616841790827,-0.41643619610892796,True,0.6000514208692559,0.01964606106335489,True,2625
15,81,0.27745170378448897,0.6992450630144159,False,-0.056368692020291045,False,-0.5618974924443081,-0.2754661942612444,True,2.777268653458095,0.21106436053064206,True,2626
2,14,0.31885600555844873,1.1517211516896642,True,0.8805921160464076,True,-0.41124525207770385,-0.38460466242872915,True,0.28233318060588203,0.01332029482448735,True,2627
4,46,0.39551749938961683,0.0646768444884327,False,0.7956004281379013,True,-0.4567973455238159,-0.3798755480745555,True,0.44504978899633624,0.041146268769339724,False,2628
7,6,0.05743520419306767,2.5758448861776433,False,-0.3561511608926544,False,-2.042131081404863,0.9438627283646056,False,11.91786619221767,0.9542140408498423,True,2629
2,66,0.33162446071817525,2.9379479687691665,True,0.8929315391573681,True,-0.46899290980756936,-0.4637486811665821,True,0.34771948025368926,0.002622114320493474,True,2630
8,49,0.10652377459646425,2.0487398386193627,True,0.9873303151561663,True,-0.45306497681895047,-0.44331362516749856,True,0.11079498896234995,0.0063479875295136,True,2631
17,53,0.38708676042518575,2.4107980402133258,False,-0.11791425944797251,False,-0.7763584943542945,0.11614602414860495,False,9.534972761413774,0.7189224471992218,True,2632
9,99,0.3358255923791661,0.3164909556416192,False,0.22836856813874584,True,-0.4336517233817464,-0.37267783733691406,True,1.0644786814804905,0.08302105035906569,False,2633
18,21,0.20848871330617008,2.272034333589816,False,-0.10509224420966579,False,-1.0583277451800999,-0.11074882290090693,True,8.883693138949992,0.6965808974212525,True,2634
9,94,0.2757192486892492,1.5180245349290065,True,0.9271535816464345,True,-0.45117045330713806,-0.4385715554818589,True,0.2750345326294258,0.011164877694215553,True,2635
2,24,0.3825577281564662,0.5887485453738905,True,0.8689939636445758,True,-0.47983993759840815,-0.4376821341209889,True,0.36298577328566745,0.021078901738709854,True,2636
15,74,0.11501813025762828,2.1807644625177085,False,-0.15078302724114545,False,-0.5081576646975333,0.32024680976253067,False,8.873556686491128,0.7503779547197185,True,2637
18,30,0.5865338595957069,1.502312151842231,True,0.7173379433753806,True,-0.447856731252932,-0.4090906987272629,True,0.588242022858704,0.050268908660690746,True,2638
12,12,0.22765227648511477,0.20673402176694322,True,0.9538915679837329,True,-0.46577281573564605,-0.4372957301347754,True,0.21793233397272468,0.029704944606806668,True,2639
18,68,0.0583423762044301,1.9242097503136817,False,-0.12148333570882208,False,-0.5111110875933251,0.20065755240874777,False,7.6812965081274625,0.5609146539682199,True,2640
3,13,0.08795551109222496,2.484405526879545,True,0.995243102262081,True,-0.45955285542422897,-0.4468965680281003,True,0.07706056886640006,0.00585226120396498,True,2641
15,25,0.12643200760589152,2.394865892504839,False,-0.15408094000014727,False,-1.0345564532373128,0.16636182301623267,False,8.890403599015684,0.7578598163039338,True,2642
14,92,0.5256894836140674,2.880250463665387,False,-0.15739985661020173,False,-0.8240752864524195,0.16375926627178553,False,10.402111042079037,0.8289577697773611,True,2643
5,79,0.23915618543508843,2.8299956142205813,False,-0.4294967919621524,False,-1.6851932647471701,-0.7607625983096334,True,9.228537909199686,0.6225399222459749,True,2644
6,7,0.25339523222459726,0.9845544674055696,True,0.9055825891047368,True,-0.4597206459889924,-0.3934356461935411,True,0.24902052576108188,0.058620322427708045,True,2645
2,32,0.21920778036462535,2.1901747213579505,True,0.9492439112605275,True,-0.48733708431908507,-0.4740601774279718,True,0.21325653847069542,0.00663845344555708,True,2646
10,52,0.5429995378291461,2.2002591301921504,True,0.7624173687666121,True,-0.4475122448818551,-0.41524121441283857,True,0.5212007792982035,0.02572322017213528,True,2647
19,82,0.24749390312903613,2.0419009896304727,False,-0.0876545423466677,False,-0.9067452695527269,-0.3243668758290024,True,8.099881748360787,0.579858273944321,True,2648
4,86,0.09243599355805207,2.839799833352651,False,-0.7984336537170433,False,-1.1399897756867299,0.32837118184885783,False,12.165461208775183,0.8167486843739199,True,2649
2,10,0.08477799015387451,1.974495655330866,True,0.9886481624624154,True,-0.4762121677066282,-0.44817981534925755,True,0.08200818223559954,0.014016176178685169,True,2650
5,28,0.4100091330606777,1.7870740945592452,True,0.8552692413007326,True,-0.4768047716391855,-0.43464716048387814,True,0.40463524748726404,0.02467082905181406,True,2651
20,37,0.20790187457805764,1.991881546676709,False,-0.09823747662262394,False,-0.6270238055763194,-0.0230193263414882,True,7.574569995968213,0.5152202107436656,True,2652
15,43,0.09032832357597578,1.1990397502495682,True,0.9913779763223511,True,-0.45045483195754915,-0.4440224980793463,True,0.09036523261991454,0.007253220084974862,True,2653
17,32,0.4565123885955362,2.834126793687123,False,-0.11394689203722863,False,-0.8520112598753744,-0.4588501404446919,True,9.204005631257198,0.6083767905644573,True,2654
19,56,0.16925356551782134,0.7036367636427795,True,0.9718294357201754,True,-0.45265721525794367,-0.4413050559699068,True,0.16230897026604812,0.011950907609846967,True,2655
14,61,0.5095431066172031,1.050380568504086,False,-0.1132822894054537,False,-0.6549670363793594,-0.2766874736738289,True,4.1131015306866585,0.2715777436680801,True,2656
4,51,0.054723435551038,0.18429451489504411,True,0.9967352130153775,True,-0.4516285783663617,-0.44792238197292183,True,0.05463128371539879,0.0021509753858591353,True,2657
12,51,0.301075681883433,1.5317909836606658,False,-0.15880130589695218,False,-1.2367897730828215,-0.24817160581287592,True,7.600018317039726,0.6020390452123685,True,2658
13,18,0.42094891559946745,2.0553184945591068,False,-0.14218278744605506,False,-0.9156089827151405,-0.11142155542342433,True,8.078504019924353,0.5396705380133187,True,2659
17,69,0.5715069914220238,2.7794836426484135,True,0.7305256695169406,True,-0.4538748578157235,-0.43005235061633273,True,0.5805721560130007,0.027131125576150567,True,2660
7,38,0.26127412188502963,0.9758716449538034,False,-0.3102602414692919,False,-0.5998245413173758,-0.10267214286454948,True,3.7963652334469007,0.33518454007188,True,2661
19,99,0.3194097891128159,0.8539900348860695,False,-0.0049845410608189145,False,-0.6250425475694565,-0.3607537128315962,True,3.4760988168149605,0.27192301325373974,True,2662
18,6,0.5585374778946313,2.326784926040382,True,0.7161449122148591,True,-0.5372101786551774,-0.38754453727645216,True,0.5824933327339998,0.1465441172544602,True,2663
18,84,0.1838505742084769,0.7707133465737752,False,-0.0018691154000494148,False,-0.5506493214371814,-0.370086659580179,True,2.8221643159646352,0.22713379799295114,True,2664
18,73,0.4789914989443968,0.8958110906782777,False,-0.061934686872607836,False,-0.5984945679474318,-0.3178601679878271,True,3.972109049735782,0.27609022722550614,True,2665
20,48,0.5499370770629299,2.9223945336826462,False,-0.09654491411839428,False,-1.2324288048374503,0.02445493909638025,False,13.011143306226527,0.9486395489701583,True,2666
20,75,0.2559061968507134,1.8448579603877946,False,-0.07956598566956652,False,-0.9374569290703949,-0.32083661187396467,True,6.981542415804828,0.47343835297217557,True,2667
4,11,0.44734465109604027,2.559628035167217,True,0.7449048733420307,True,-0.5205097719676218,-0.36984499053778963,True,0.46450874671455156,0.07479078436580978,True,2668
3,94,0.445329767349205,1.497456502127523,True,0.8431998559971379,True,-0.44909942145182746,-0.442452996356036,True,0.4103910449271953,0.003700988062340473,True,2669
14,64,0.1998951043524846,2.2790506590695654,False,-0.14331291688823344,False,-0.9850531712824342,-0.1257933590250082,True,9.033906220433815,0.6718599569239005,True,2670
9,23,0.23122613200317493,0.9611712118928776,True,0.9539765259696005,True,-0.4658034456015561,-0.4302061208022016,True,0.2210354609305249,0.021427942701310113,True,2671
10,93,0.3126078769317143,2.9768982782896427,True,0.9096795078826377,True,-0.459714739075542,-0.43764559344325016,True,0.30693920744763814,0.01833296872503037,True,2672
4,52,0.5598035554796228,1.1695703884584865,False,-0.21917583146786246,False,-1.0463879807867087,-0.49647521036926484,True,2.7866354651636653,0.2592597176451479,True,2673
4,35,0.5445999826985548,2.1055485960251565,True,0.7156945289884453,True,-0.48576940875500746,-0.4062446256700155,True,0.5526862284341479,0.03948244564052527,True,2674
15,58,0.11521535808856656,1.9734991512853508,False,-0.13184489779601605,False,-0.6379360160723773,-0.06779456661334357,True,7.013509103412692,0.5826536574263507,True,2675
10,73,0.32341799459778026,0.1760968364378953,False,0.5441729394015961,True,-0.5061423352465269,-0.41353748859582173,True,0.782221191036625,0.04672218550863884,False,2676
19,44,0.1727934426338063,2.5586128093605,False,-0.09799321242881964,False,-1.1586122855183614,-0.2679132816579853,True,10.747144007678044,0.7611967072183545,True,2677
16,22,0.423208626595364,2.6977929824654963,False,-0.1313885844620164,False,-1.1134010363717601,-0.11992910693130843,True,10.846492703777534,0.8017375019040419,True,2678
20,80,0.28796377281493324,2.6962760503603036,False,-0.09270456974563657,False,-1.0504370871294195,-0.3784793650219652,True,12.31795940780853,0.7706270084987151,True,2679
13,29,0.5918620153063228,1.9565802378626396,False,-0.16031489724262693,False,-0.7529829161582434,-0.1344911655128563,True,6.670738873242681,0.4788368630262052,True,2680
4,94,0.20523071060127118,1.4666894668425887,False,-0.7201318139852673,False,-0.48336405772158864,0.1078957205982223,False,4.051262667108876,0.3382533602026803,True,2681
7,33,0.24920914792637405,1.6843372185156238,True,0.929626989394764,True,-0.461919618514627,-0.436229077550769,True,0.26559526573152625,0.01782925069176063,True,2682
18,52,0.10721113959448064,2.410284396277636,False,-0.09062153422637587,False,-0.776433171457345,-0.2573215796228873,True,6.800085627467379,0.5247693183353808,True,2683
2,33,0.20658712396908807,1.0874878605903027,True,0.9442528579515793,True,-0.44535239808044486,-0.42722500938336316,True,0.2164412761789613,0.009063694348541151,True,2684
18,92,0.1545129925090527,0.30087054551369086,True,0.9740749277539288,True,-0.45189940974624093,-0.4451531146980714,True,0.15544911530647035,0.008518829540851808,True,2685
2,84,0.5349739031475911,2.2961140013659014,True,0.7805878408150483,True,-0.4911631389418001,-0.45332052545734725,True,0.5265344265103326,0.018921306742226696,True,2686
14,61,0.40476340094694796,2.587693643306603,True,0.8529246157316963,True,-0.46155807230832324,-0.4398695918203123,True,0.40605620706843176,0.02429638387044242,True,2687
15,47,0.3788948515007347,0.0018862758925446421,False,0.8574149167837948,True,-0.46398901614544563,-0.43277976680391295,True,0.38675565006511364,0.030161281399391646,False,2688
7,34,0.2847285384260733,0.19390959722272016,False,0.6092079591461317,True,-0.5636102924640592,-0.47645604961675814,True,0.7412027471405649,0.04279511750017442,False,2689
15,54,0.4439764627911252,0.47515155503265594,True,0.8115662427924885,True,-0.4542062932735635,-0.4305371272716567,True,0.4520295123660844,0.02591765106466557,True,2690
9,99,0.136231793654506,2.9662626063496096,False,-0.24662745308342804,False,-0.9907150777630792,0.11219461988261956,False,12.15168907295339,0.8807016666714108,True,2691
6,94,0.3719914890527808,2.2695491208229703,True,0.8693683474680114,True,-0.48131264443686217,-0.44428900099297036,True,0.37858360363220867,0.02132212193950816,True,2692
19,20,0.5527691875611136,1.37784843568042,False,-0.10839602866295417,False,-0.569094898255502,0.04605012517069339,False,5.678335967517636,0.4333752889261166,True,2693
18,87,0.509948759705197,2.8179691092623975,False,-0.12126517517236968,False,-0.5284237662422215,0.6528817035357434,False,15.627154914830623,1.117588413864606,True,2694
12,94,0.2563378108464382,1.9931920233357212,True,0.9391561882646008,True,-0.4619492190931205,-0.44690339607878865,True,0.2538395879728284,0.014429582874657378,True,2695
9,85,0.3965424542919038,0.28703422913213505,True,0.8615187276764096,True,-0.47217679837119153,-0.43965264332438475,True,0.3972743901115089,0.026934199774414875,True,2696
14,40,0.4097726350430254,1.6079952733828762,True,0.8475949226865355,True,-0.4577770668067982,-0.43021668824646964,True,0.40327460486922606,0.027426622761333615,True,2697
9,64,0.5295815715305381,2.747857202587704,False,-0.24163821808708574,False,-0.7942516602140592,0.15069631447240556,False,7.860782441484011,0.6251481087098989,True,2698
4,58,0.4177707481860718,0.240391348276776,False,0.40852948194048144,True,-0.5823535720543351,-0.45982558648981525,True,0.8356832168593264,0.05573212051275139,False,2699
3,64,0.5595173170673974,2.1516514592668257,False,-1.1402051848654264,False,-1.2629386318632572,-0.5758917681236799,True,8.01504182312348,0.31284948684233793,True,2700
18,41,0.44086248545681633,0.46119876905833557,True,0.8448210130334477,True,-0.484113692556626,-0.4553352558445019,True,0.4494822050712886,0.03501878673250121,True,2701
6,65,0.12778404157291923,2.385516436061554,True,0.9843201021016948,True,-0.46205838597655446,-0.44553300413702157,True,0.12775284983856192,0.008679946021694846,True,2702
15,90,0.3744365940027074,2.6542089165167475,True,0.8723269092770412,True,-0.45204165440619565,-0.43865114004382316,True,0.3709660471275796,0.013129994040668374,True,2703
10,76,0.0805671720798611,0.4177944049401039,True,0.9933115828392267,True,-0.45335945393258686,-0.4491050067352414,True,0.08009710823550038,0.0036115206362583255,True,2704
8,34,0.10796523821217902,0.45368474044633833,True,0.986271162056129,True,-0.45202691047814497,-0.44364011978165435,True,0.108933771502518,0.0044845207728838625,True,2705
8,80,0.2377962141777224,2.4404840864180604,True,0.9436128206087752,True,-0.46317323110193825,-0.4414958731809587,True,0.23195494742412603,0.016387070599399624,True,2706
7,70,0.06359452903616045,0.36756822008641676,False,0.14094404041272424,True,-0.5936554209802797,-0.3944064709918702,True,1.4166652138197562,0.09325953637697802,False,2707
18,99,0.11928271282574059,2.5055926021118236,False,-0.1107261675862603,False,-1.0347994492755124,-0.18235803532857864,True,11.06284173955294,0.8006010059859315,True,2708
15,55,0.5512772019607114,2.475583213115536,False,-0.13817601271279067,False,-0.9240437210797835,0.0870258849464389,False,8.107902710810098,0.635404112579712,True,2709
14,92,0.2806310373387197,2.2451810269788153,False,-0.1492412498275899,False,-0.8408554691682609,-0.11151991522419316,True,9.097043187794245,0.5979552134215796,True,2710
2,68,0.14391558474774466,0.9044411906627163,False,-1.4235139685246896,False,-0.41840017234897003,-0.3576079387347616,True,0.8965650960374802,0.00901782706471449,True,2711
4,47,0.46776434749808443,1.1442172034373814,False,-0.7146945116624597,False,-0.8315513494324351,0.0030708577957333522,False,6.553036695220194,0.514154438473363,True,2712
20,15,0.30401759915721727,1.8226911588125223,True,0.9048829574767379,True,-0.4544156101117364,-0.42627866212930543,True,0.29751858968479555,0.03529110086980814,True,2713
12,53,0.19364096602337144,2.8554940537016327,False,-0.13982448716377816,False,-0.9228008081890269,-0.24093259182789442,True,7.00657125644503,0.578345473976116,True,2714
8,91,0.5212370803274462,1.933160007166482,True,0.7538328138550009,True,-0.44601250756668714,-0.4200397828657616,True,0.5270903253803558,0.019212166543002607,True,2715
15,67,0.4321684347451222,1.2116639013132784,False,-0.10416511960498331,False,-0.581951932800527,-0.21669811741705067,True,4.0365756564407755,0.28784665380785224,True,2716
17,88,0.2754023385911044,2.6115643905105115,True,0.9304195606426224,True,-0.453765787256118,-0.44249936242616966,True,0.26498438279132824,0.01240458338424356,True,2717
7,97,0.1978312626537398,2.826924554292272,True,0.9608092829280556,True,-0.4480730219506915,-0.4348932602767134,True,0.19710728409255,0.00918006974532564,True,2718
11,63,0.400993703590342,0.9510532972042758,False,0.0038731746439641945,True,-0.4930230765411568,-0.3182491284755509,True,2.414149289776294,0.13540757990029076,False,2719
12,98,0.45997063433141694,0.29166779019323574,False,0.40248145454993856,True,-0.46898282862111074,-0.3988556352714132,True,0.9820352187563153,0.0802140645057721,False,2720
19,7,0.2824239471902893,1.3949398434221387,True,0.9217794822081684,True,-0.49348837516991084,-0.4488932096577305,True,0.27726758522260603,0.06607957431659794,True,2721
17,53,0.23746332020845595,2.3516327127239443,True,0.9469261611025214,True,-0.4648557324291437,-0.44655234340589994,True,0.2288354377352943,0.018747903800546886,True,2722
13,33,0.07396489255609605,0.22084298998562302,True,0.9944077160546476,True,-0.4559755011748267,-0.4483534193073982,True,0.07247797871309827,0.007093918321952858,True,2723
10,88,0.195740279843655,1.8071646741409984,True,0.962041421442865,True,-0.4576906295145044,-0.4436213022582461,True,0.19339191171172257,0.012388220322299914,True,2724
13,64,0.5853898110791917,0.7739478246113978,True,0.7248939173608002,True,-0.44601749126068196,-0.3959312946549945,True,0.5759864398988805,0.04876792845859644,True,2725
15,8,0.07287737826231483,1.9905834177915476,False,-0.1471236163424654,False,-1.4969387717288627,-0.08111866328777387,True,7.3822341389712385,0.48635278106771657,True,2726
17,34,0.22508293201730117,1.1949785234179995,True,0.9468172852972822,True,-0.4562933185398984,-0.4425328193212635,True,0.22829359616515646,0.016112666096900194,True,2727
11,95,0.34489899755057923,2.4455123121496385,False,-0.1961653425212011,False,-1.122857658408558,0.017732870061258614,False,9.211719716648089,0.6926504142759206,True,2728
16,42,0.5709492436985728,0.9566495736145756,False,-0.02022433032935078,False,-0.6272062273907009,-0.340237148686017,True,3.2514965518688825,0.22517756445136738,True,2729
17,46,0.06843068124980171,0.19825811095428103,True,0.9946272805330977,True,-0.4533015357781121,-0.44899281341889513,True,0.07086300161230352,0.005326594154827699,True,2730
8,81,0.25878270242338747,1.3280598483946626,False,-0.288106694512815,False,-0.5702802338760012,0.004313576419940002,False,4.201440955125845,0.3395471751010415,True,2731
19,15,0.33969060929187606,2.319855472900893,True,0.9057801999576356,True,-0.47051542021639475,-0.43101725844111716,True,0.3101029565490591,0.04266803396704743,True,2732
12,91,0.4455335155948109,0.8016244797398582,True,0.8423954301073343,True,-0.4659158689841892,-0.44251663086340093,True,0.44282530770628165,0.019391146660576706,True,2733
16,73,0.185410208581907,2.6443721779782834,True,0.9632265879227835,True,-0.455994498669438,-0.446040882235797,True,0.18449474481913494,0.01100785839933201,True,2734
18,34,0.4818732366073865,1.7131716164176258,True,0.8101918618848459,True,-0.47524747847072263,-0.44406921250303794,True,0.4749865791510855,0.039452887022811495,True,2735
4,83,0.2976496629742296,0.9224638661055218,False,-0.5346090919358932,False,-0.8433231702817039,-0.37183470851146866,True,2.9844874065947735,0.18785789646859213,True,2736
7,56,0.17067928834654578,2.6049805484209143,True,0.9746233922625354,True,-0.46157122958985974,-0.4474994508150219,True,0.16756853633009822,0.009658653684790786,True,2737
7,11,0.08261041589596882,2.8514600776998527,False,-0.3748592943906457,False,-1.5540880689544205,1.1198149323467714,False,13.165747401505131,0.9847954533596447,True,2738
2,42,0.5377389272739498,1.8248415984436708,True,0.800864362971611,True,-0.4598616008221449,-0.43860186139669355,True,0.5162796165468624,0.010629869712725726,True,2739
19,77,0.282269632337092,0.3372973940116757,True,0.9272815365976006,True,-0.47058885330175904,-0.4580057812023902,True,0.28061635187528544,0.014026589120670169,True,2740
13,31,0.34723201274005777,0.5299283340366538,True,0.8896599097905656,True,-0.46574862648294085,-0.43183571331873805,True,0.3488571025866942,0.029067971942583683,True,2741
9,98,0.2840108480715432,2.214250805380608,False,-0.2655179277686375,False,-0.8411291223372974,-0.00020439784042902286,True,10.629087565507788,0.7680823416560202,True,2742
20,76,0.24111245437425183,0.8491532696757399,True,0.9420173094793038,True,-0.45340579682488386,-0.4405526976802479,True,0.24036422832504595,0.014389012099806938,True,2743
8,55,0.5736156622333833,0.4738936976295982,True,0.7401502078740387,True,-0.4478131981380942,-0.4201418657156686,True,0.564076609478242,0.024016298174440124,True,2744
2,67,0.11481448657321995,2.317443767534573,False,-2.6951682710159273,False,-1.4556227474910508,-0.5686527737724861,True,7.001153265200515,0.4434849868592817,True,2745
20,51,0.3510978306862163,0.8690542406815728,False,-0.021315894462282214,False,-0.5108089812715794,-0.3163227481826219,True,2.860592461251366,0.2139654700187327,True,2746
15,91,0.1872482934591389,0.1244554310703434,False,0.749595795370432,True,-0.45472823790756756,-0.41024015512210715,True,0.49797142644182185,0.0357815349949298,False,2747
12,58,0.542276725870471,0.46697977781320776,False,0.2561347904820197,True,-0.5439654934990769,-0.4166168852208213,True,1.343921451410723,0.10163734581917576,False,2748
13,11,0.41319927929783246,2.3679972672796175,False,-0.193948157070007,False,-0.9962481600545313,0.1405459459141891,False,7.279341012238644,0.6333897408412908,True,2749
15,37,0.48450122140467605,2.615458990744558,True,0.8028408561527882,True,-0.48358200661267314,-0.42252851544009223,True,0.48080421130494516,0.05327444305944208,True,2750
6,50,0.44521083015969415,1.3605660772606998,False,-0.378803714187006,False,-0.6096008650140738,-0.13112960209957003,True,5.040219750528716,0.33978652480736204,True,2751
16,66,0.323861492046492,0.5639721308946614,True,0.8960899142728532,True,-0.4594174776474704,-0.4397489723936368,True,0.3275579167501103,0.019976043468345986,True,2752
13,94,0.061854276174718795,2.2217161446322677,False,-0.17469082809429248,False,-0.2845753690108302,0.191562963587717,False,6.115324886762493,0.4004928221048736,True,2753
15,66,0.5304406477427848,1.5452102473391802,False,-0.09866871272005806,False,-0.5461721679546754,-0.22794143601390598,True,4.2133398983541115,0.35674614825791473,True,2754
8,67,0.4912539310334797,0.3337581128501016,False,0.231021761909325,True,-0.49927877862477743,-0.33570513545259206,True,1.1949123818275371,0.09779716111591684,False,2755
10,59,0.5960729205453502,1.8216936932663133,False,-0.22887207979947588,False,-1.167469391502825,0.10903734804515702,False,7.369878306501859,0.5850644396203911,True,2756
10,22,0.2859963649810811,1.0803631599994468,True,0.924160104760201,True,-0.4513419985822069,-0.4185664607744069,True,0.2686412473103003,0.026944664199604458,True,2757
15,16,0.5889916664315596,2.5929569671743,True,0.7376343490062738,True,-0.5113843573881292,-0.43026866955031257,True,0.5905105883579901,0.09443535816356032,True,2758
3,34,0.3720766808968423,1.5210524336063778,False,-1.1657950976364386,False,-1.2876924339777922,0.004623977693695665,False,6.8653807395333235,0.5351506774503337,True,2759
2,22,0.38178985084889927,1.2130005094823966,True,0.8122436371584383,True,-0.5174827315066103,-0.5019139186441045,True,0.4167211142385492,0.007784406431252833,True,2760
2,38,0.23973766331732954,0.07290562928181932,True,0.9347618972570892,True,-0.45464062755240053,-0.44561320783210334,True,0.2277532623145351,0.004513709860148596,True,2761
14,85,0.43511312599404145,0.3496851304750568,False,0.20850206273047855,True,-0.47868207784271766,-0.34216473013296117,True,1.3190713710807416,0.09950174048070139,False,2762
18,75,0.4704117978086421,0.561233572788621,False,0.2594108254432852,True,-0.5615789992424831,-0.4195273797818049,True,1.4535543155525825,0.12704682566677963,False,2763
15,45,0.42542290398807625,2.040728096033702,False,-0.13318263714222822,False,-0.5972059295383088,-0.1711644438147346,True,7.0503175334150425,0.5256908865695992,True,2764
19,21,0.10318359982218667,0.8138633878562472,True,0.9890989175794688,True,-0.45579010294633554,-0.44503209544943795,True,0.10464770364878463,0.010450996133762472,True,2765
14,20,0.2552672719851845,2.750593303710004,True,0.9418388219973697,True,-0.48101389431327857,-0.44532974881809784,True,0.24553127688755857,0.03453647821955525,True,2766
7,39,0.5313203134590855,2.9834773275045348,False,-0.327807507428445,False,-1.7636530992076314,-0.17281933398217006,True,14.35275998834865,0.9257599617067335,True,2767
3,54,0.19039289132408305,1.3626401161457355,False,-1.27962518861731,False,-1.000050763094531,0.1352974355177973,False,5.181173492282277,0.38460239569350124,True,2768
5,8,0.38269897826241916,1.9324890405749837,False,-0.5846391568686933,False,-1.0629650369689672,0.5742771872213718,False,6.7832879928324035,0.6618844146983303,True,2769
8,41,0.35069783488284834,0.7983359906649293,False,-0.023752864761396708,False,-0.7028483572125168,-0.34625556693800597,True,2.0717107517395186,0.1959331024307126,True,2770
16,43,0.07554510602620292,0.8401357223500214,True,0.9944212173030158,True,-0.4519717628171486,-0.44821811767136954,True,0.07369371490049297,0.004686230531443811,True,2771
6,49,0.27476265374936637,2.931521197225849,True,0.9326855747123456,True,-0.4688931761811358,-0.43353622174851103,True,0.27748269762907796,0.024260220120789114,True,2772
3,25,0.09553032690974209,1.9141780955859269,True,0.9900459121568129,True,-0.4504718884190915,-0.44141523215010176,True,0.08245255335023613,0.006257707642482143,True,2773
8,30,0.3606665644775043,0.04488999568121799,True,0.8671069235736516,True,-0.47080039869921053,-0.4307465906470681,True,0.3735947731121457,0.031059309087807747,True,2774
4,100,0.4938347890839157,1.891168036750076,False,-0.7369388704112969,False,-0.5778916762417815,0.25019214550427094,False,5.332108963476993,0.48988780737972876,True,2775
3,94,0.4817185818514308,0.8978931328415355,True,0.8237014764128412,True,-0.49313161141784934,-0.4486941354763292,True,0.4620169142784297,0.020379292105430446,True,2776
16,55,0.17992157589735341,1.6314942609198937,True,0.9695204438646334,True,-0.4579187158518952,-0.44446067123539046,True,0.17230168890792238,0.014180934158593046,True,2777
17,90,0.48179879795366176,1.199642472623892,False,-0.08940148226287858,False,-0.8297442989322544,-0.3175438407388251,True,5.9813416751693405,0.4108142144899534,True,2778
6,95,0.5764623254184543,2.845844121412207,False,-0.3949464296071383,False,-0.8064161952894544,0.13311669640341664,False,7.834630569136782,0.6838235748760895,True,2779
16,16,0.06559113726470381,2.360928502783224,False,-0.14607956554030466,False,-0.3575921704582976,0.7429876793558814,False,13.094261581709222,1.0034197772735332,True,2780
15,73,0.35340022141894467,2.038578552366401,False,-0.10809599905985845,False,-1.0183733247614375,-0.3462391916531047,True,7.328993182014545,0.572293930331189,True,2781
7,60,0.38652459726849386,0.8058907437691767,True,0.8728877147765688,True,-0.4689350704121756,-0.4363433075630411,True,0.37963561959002073,0.02295801934661881,True,2782
6,12,0.509631617583092,2.923564803311945,True,0.7136718968563434,True,-0.4915373064132176,-0.40601771243576845,True,0.5594086972282878,0.05497556440939462,True,2783
15,65,0.3331894908850448,2.164450622765241,True,0.8977701791701546,True,-0.46573346121934084,-0.4442202198275653,True,0.33703068606694636,0.023990385574236994,True,2784
11,41,0.2892988776705341,0.11281599729526537,True,0.9172875461224905,True,-0.45555630865489816,-0.42875578618257276,True,0.2861657284513503,0.023776359270430165,True,2785
12,70,0.41799815549816444,2.932196637190656,True,0.8596731975091292,True,-0.4739856133518653,-0.43707030067003483,True,0.4034420277819373,0.029739108003139576,True,2786
13,91,0.24677489248557394,2.657949712493509,True,0.9452144510416182,True,-0.45920158294994073,-0.4417788983259947,True,0.2392456135811074,0.01878360681522851,True,2787
6,34,0.3373386633038515,2.0465389161739367,False,-0.4418178614929196,False,-1.102361149339993,0.2024779604726699,False,7.8216587503769,0.6384658089981646,True,2788
19,27,0.08470869072727559,0.9346899803813262,False,-0.06572756827942561,False,-0.6185882093707231,-0.27244448843268265,True,4.080563587623148,0.32616545891646265,True,2789
19,25,0.41951474075063466,0.5204400360400522,True,0.8420732055706269,True,-0.46100079100718966,-0.43330621604553493,True,0.42139529163586703,0.04261087177580825,True,2790
3,99,0.34853877694518515,1.504490268512477,False,-0.5879341410914498,False,0.28163529684418753,0.5003302977688362,True,1.9403133785754032,0.14992884502387513,True,2791
19,86,0.43568971674418,2.7427254092471705,False,-0.11189300371900979,False,-0.7412689926885844,0.11144614800797771,False,10.188855595169729,0.700918591240808,True,2792
17,49,0.2510722371131714,0.7541700544942594,True,0.9347392479008535,True,-0.46068226564579096,-0.43928399483799235,True,0.2529334071351997,0.022524766386662908,True,2793
5,50,0.5506848556760181,1.8093958129639467,False,-0.5155848184271139,False,-1.1504240693465844,-0.15073445755627066,True,6.089950460291247,0.4258812654719687,True,2794
6,90,0.5688213260170376,1.7034538948741098,True,0.7564592619832005,True,-0.4986445063948805,-0.42508380015388153,True,0.5564366878511722,0.05013703028999688,True,2795
2,14,0.5081414334810338,1.0882287370588146,True,0.7907060529674972,True,-0.605440020765373,-0.4362113724726277,True,0.4602718259559798,0.0846143241463729,True,2796
19,86,0.5544203562170819,0.364832085977985,True,0.75928669916144,True,-0.4632258429892796,-0.44050789132253865,True,0.5571945170743661,0.023967612326761773,True,2797
2,31,0.597812191954551,0.1905467428155745,True,0.7150125731713428,True,-0.4975669960830652,-0.488498685114097,True,0.6141439649455582,0.004534155484484159,True,2798
11,98,0.10854125939647698,1.392457456432966,True,0.9882958342024892,True,-0.45386991122762255,-0.4484520093810267,True,0.10775665384613314,0.0044959242678183275,True,2799
11,14,0.08566265798102327,1.4037950061393065,False,-0.24304542078387525,False,-1.0016248144879119,0.8338884689512235,False,7.2540588214869075,0.5404990176009382,True,2800
3,15,0.5521594995163571,0.05810892852822602,False,0.4015409821175253,True,-0.5084785901043346,-0.29928853024808244,True,0.7290341005178713,0.1488283757082514,False,2801
17,16,0.2949117512840659,1.8694726912775466,True,0.9180261197485862,True,-0.4680700282954916,-0.43453216257346056,True,0.29779529067277893,0.03700808597150154,True,2802
6,22,0.5296894674631553,1.4539675033061044,False,-0.44361084858786004,False,-0.5372235135520428,0.39890797569552694,False,7.227756494608352,0.6142770213224562,True,2803
20,37,0.16987329758229053,2.638350003448939,True,0.9744644064463696,True,-0.4556286028945313,-0.4439527714110999,True,0.16298094729832352,0.014145319292324723,True,2804
3,88,0.5657006119195332,2.1030167399758275,False,-1.1458017275997618,False,-0.3935917635808719,0.7919101567500273,False,5.107382563469079,0.5407171221785849,True,2805
18,6,0.5603162689830521,2.9163590200644434,True,0.7741533212077879,True,-0.5325546340002024,-0.42371851341002603,True,0.5288843647484922,0.15455072207010775,True,2806
11,47,0.08196361248354378,1.0829229609936846,False,-0.14966059606875137,False,-0.6214414770349624,-0.23501557766181275,True,4.42087313906386,0.41994494120192716,True,2807
11,75,0.05555613772151556,2.1652373283888164,False,-0.19819058749221785,False,-0.3470929169697804,0.4640212454240777,False,5.829259645739265,0.4423390440559328,True,2808
15,74,0.2503440032471427,0.9158219325454905,True,0.9368303395960591,True,-0.4510069394823053,-0.44132844093506673,True,0.25329995946905504,0.011492535749288567,True,2809
19,26,0.5159452955386797,2.5136137232258364,True,0.7690548343241306,True,-0.47989894641474795,-0.4278855554906292,True,0.5420336462421569,0.05878103067434843,True,2810
18,30,0.3637859788912375,2.4729247891631965,False,-0.13201993626871023,False,-0.8132257385258693,0.4805813282210825,False,10.510318238399528,0.8018387590852822,True,2811
5,7,0.3758694129303463,1.8212011569300688,True,0.894817201930334,True,-0.5343154754810383,-0.494116888305484,True,0.30624467998181626,0.019926835900612973,True,2812
2,54,0.5268249653592391,2.6939351089646895,True,0.7235467754695043,True,-0.48634026729050284,-0.42937261838533625,True,0.5698637566385394,0.02848382445258346,True,2813
16,48,0.25072988141998104,1.200533919833928,False,-0.06637518933567899,False,-1.0483913655445718,-0.5413046478643115,True,6.086109095418568,0.42743235152662096,True,2814
16,64,0.22870169616471892,0.10863764172753132,True,0.9488029104028004,True,-0.4554765754297606,-0.44449936391711553,True,0.2265110250087118,0.01108243963119298,True,2815
14,38,0.09216576958913267,1.1669980211232125,True,0.9908276831797552,True,-0.45548660578193123,-0.44615805530413305,True,0.09211463948897183,0.009901180929563201,True,2816
8,18,0.43148035391782585,1.04151261073384,True,0.8381710078758484,True,-0.4628246360639525,-0.42851666249080833,True,0.4110739979394678,0.03562053477749376,True,2817
3,43,0.2014040197796474,2.364185696724409,True,0.9451477897822466,True,-0.47589371823164783,-0.42545971514427455,True,0.2144506305748075,0.021191559601664793,True,2818
18,52,0.5083403365599617,2.5639213401662566,True,0.7825852519973064,True,-0.46965380761606773,-0.43308323546952177,True,0.5116785186166375,0.0430051915419516,True,2819
2,46,0.38091557984193625,1.0422768866538985,False,-2.867930702620677,False,-0.6662931462409785,-0.1289419343935035,True,2.8204559051921136,0.2686756059237377,True,2820
6,47,0.5247995285089643,0.8737710953470739,True,0.7732765991107072,True,-0.45581726033595316,-0.4210515970989509,True,0.4999515733835867,0.01830200986033537,True,2821
19,12,0.5425586356456351,1.8117540875605949,False,-0.11817687158371415,False,-0.8441574007003867,0.3515305748053286,False,7.781888568010362,0.6423301866362136,True,2822
8,18,0.37761121472310444,1.1839747079140404,True,0.871717599342235,True,-0.5099427552704923,-0.4416306038539666,True,0.3923376324211365,0.057677226617116856,True,2823
7,57,0.10755365960265245,0.9749184149216051,True,0.9888933270088434,True,-0.45366985139773625,-0.4461526422645071,True,0.1073039664026989,0.0049684784851252925,True,2824
4,64,0.320440253332387,1.769296578780885,True,0.9018860148825435,True,-0.4552216986229496,-0.41144754822487206,True,0.31453475740647535,0.024290038864653626,True,2825
7,91,0.46084686634380884,1.0311430083179547,False,-0.27388075082923424,False,-0.8756045722114782,-0.31461611633482756,True,4.815944439665212,0.40209839512882933,True,2826
16,21,0.201101452179331,1.1614035685793511,False,-0.027035090431916098,False,-0.831026505985494,-0.5053769507343898,True,4.276894167431756,0.2938011367847932,True,2827
17,7,0.5082539574654333,2.844000644229608,False,-0.1263214874010341,False,-1.7623508724473345,0.23249800662932132,False,12.097270419685977,0.9658533300586477,True,2828
19,63,0.4517232901115474,1.8434150694794602,True,0.8283904547557842,True,-0.46209850590354984,-0.44266812043831066,True,0.43827174743718916,0.023238889901332917,True,2829
14,52,0.19225128327776192,0.2015574064452622,False,0.5232773783524234,True,-0.4816561181051913,-0.3912873540513182,True,0.7821286540937865,0.06288722671690705,False,2830
9,43,0.5795623657902762,1.643407278954089,False,-0.2562195640669753,False,-1.0809527081718509,0.03621214396073084,False,6.497906787171071,0.3554699037456044,True,2831
15,15,0.5035217494218625,1.1632635130136557,True,0.7952026108798071,True,-0.45652473469616905,-0.3949142592028958,True,0.4640765095294431,0.0617130048141612,True,2832
9,86,0.1327989217081487,2.1025694360226908,False,-0.23592179830607996,False,-0.7768138689324606,-0.28351384083607695,True,7.70674214805638,0.4619702662538872,True,2833
2,64,0.5714669422906371,1.9279665653520552,False,-2.9616023453147777,False,-1.1780802981885397,0.019631491453879345,False,9.200769885423119,0.5988558948212096,True,2834
7,50,0.45739554095966617,1.1633189466324336,False,-0.27874646070242726,False,-0.9126399791256585,-0.3121769097507534,True,4.561830074560715,0.3040436502004922,True,2835
18,32,0.2160550551141881,0.12051250631656607,True,0.9544439919829977,True,-0.44790086761932746,-0.4350850897482298,True,0.21432828953795938,0.014983826782214837,True,2836
2,45,0.46052174162491,2.044150515119761,True,0.7670288848365048,True,-0.47501138380877905,-0.385046563448648,True,0.4587201485305838,0.04498241018006549,True,2837
12,59,0.5993057735488351,2.0735580106059737,False,-0.14454977404502944,False,-1.00440543575229,-0.28939345706487996,True,6.955125222104941,0.4567586246284197,True,2838
5,43,0.17063930204529074,0.22348325366586963,True,0.9705794819559713,True,-0.4490708708837366,-0.43174665347207614,True,0.1752722660707754,0.010349156645486194,True,2839
11,6,0.4294820424666028,2.579216957704507,True,0.8207487350503408,True,-0.48173708500659845,-0.41637199291645616,True,0.3862228713941752,0.06133238652079211,True,2840
6,70,0.505834316044476,1.9572464512768448,False,-0.424400231080579,False,-0.8095154111268249,0.16303832545565003,False,5.29769195328368,0.5455309683095647,True,2841
20,30,0.24004820028406898,2.758831123128603,True,0.9451453720988108,True,-0.4575183841537221,-0.44281690075630603,True,0.23600990998165952,0.016877417456071495,True,2842
10,94,0.11600909575513997,1.0613215935712526,True,0.9853277489298529,True,-0.45388632654236516,-0.44427697188285736,True,0.11734213789154628,0.007774124260175818,True,2843
14,95,0.36456263881578727,0.19339022261498973,False,0.4703192461699258,True,-0.4765039817157033,-0.40383740171363186,True,0.9072918956381041,0.06817956798680766,False,2844
7,53,0.24316173074087727,0.9803927942838838,False,-0.26280462279545236,False,-0.8706381937061948,-0.357123024595504,True,4.770047369710976,0.34462207903555403,True,2845
10,75,0.563794093752064,0.1561809939532487,True,0.7706712135216143,True,-0.46868230348121875,-0.4388707797028999,True,0.5619651801645887,0.027785659563639684,True,2846
12,15,0.1334191610268503,2.009622180975537,False,-0.18101085127086392,False,-1.8884689050499985,0.2012472557642702,False,10.456446163860235,0.7929395169435215,True,2847
7,63,0.3655526034897018,0.6881714440438381,True,0.873638425934973,True,-0.4589380250116273,-0.42076489234351927,True,0.3716769466424867,0.02961994931623036,True,2848
15,80,0.08218256810819372,0.014474612072271964,True,0.9933784874069849,True,-0.45184284699987026,-0.4477736769633002,True,0.08034187875434479,0.003795391061646448,True,2849
11,85,0.5928257704058597,2.2698306899022045,True,0.7213627985250757,True,-0.4587590452044601,-0.43476568390384096,True,0.5972911223930447,0.022625356373006063,True,2850
3,43,0.4578412781892742,0.633387203937864,True,0.797555691697134,True,-0.48255927934648435,-0.37631300526675704,True,0.4761938876147548,0.05135903448662538,True,2851
19,12,0.5372176212473158,2.0910545102172082,True,0.7552998774216991,True,-0.4708353115728633,-0.3996881774039514,True,0.50869407050532,0.10966317898707728,True,2852
15,93,0.07979473605454748,1.584320293909437,False,-0.11526906727955932,False,-0.6408424525934191,-0.16643875361592717,True,5.385432322531564,0.3782487514862298,True,2853
12,48,0.19123592265272743,2.5980326355306107,True,0.9576700203149687,True,-0.4590486238002558,-0.44219733475549017,True,0.20027154443174275,0.013959720638535027,True,2854
19,87,0.06456201244069638,2.92250234520961,False,-0.07920406812293446,False,-1.1794520853430517,-0.5194641923656584,True,11.131619672341238,0.8742970592198851,True,2855
4,98,0.17887741710888116,0.4134192680242612,False,0.6427420751209724,True,-0.5408193680529069,-0.44798012748042504,True,0.5467932962059909,0.040927936408146716,False,2856
14,76,0.47469200040985643,2.6247083981889276,False,-0.1314337439238964,False,-0.849026116407201,-0.0204032690137125,True,7.399243075608344,0.6281766035647394,True,2857
4,25,0.09918816627651102,2.782076092032969,False,-0.6381127523346357,False,-1.3997819356096282,-0.6570740141877218,True,7.78627813260511,0.35724236109729973,True,2858
16,71,0.17751629212711323,2.9720408237170566,False,-0.13874409275373156,False,-0.2828485014618908,0.6947049763132497,False,11.415448875645563,0.7128840692510909,True,2859
20,57,0.562000518734694,1.458759471582305,True,0.7488068850315475,True,-0.4533338854412639,-0.43021988327888033,True,0.5569281290396415,0.03073005642181942,True,2860
19,34,0.5934146839565759,0.29936403410273893,True,0.7333094147404309,True,-0.45607764502711756,-0.4193038292114792,True,0.58216316395207,0.04267946986875014,True,2861
2,68,0.4820888814078692,0.21029215834679238,True,0.7501779641056258,True,-0.45018562031020637,-0.4363257396882696,True,0.4659533270780386,0.006929940310968691,True,2862
18,46,0.13837940643179267,2.1311020256844633,False,-0.1229720505503824,False,-0.6839312730303728,0.046707621756501096,False,8.670250287533829,0.5975920261087135,True,2863
8,10,0.21325377359877268,2.655237403257577,True,0.9487983532987802,True,-0.4675274620846861,-0.42205021261081893,True,0.2165892466170786,0.03506959765921047,True,2864
15,97,0.27588550440288423,1.0250051591822547,True,0.9243291660945196,True,-0.45548058753890075,-0.44493010836887303,True,0.28201620455118853,0.010722124716918816,True,2865
16,53,0.13828981667595114,0.9246574554331816,True,0.9805129415580408,True,-0.4518226368523853,-0.4447782173471176,True,0.1412856717185666,0.008273938035456244,True,2866
18,8,0.28943793719878785,1.457118197261994,True,0.9270613761985127,True,-0.47559906896034004,-0.4331569221890964,True,0.2778788104690402,0.05214981694903973,True,2867
6,59,0.39763415853722456,2.5797656394347284,False,-0.4660861824969609,False,-0.9295127789556443,1.0459452909404567,False,9.283907580355287,0.8777640382799711,True,2868
17,10,0.5453582855415492,2.192685843515359,True,0.7509863176948082,True,-0.4937195392654432,-0.4145453476030894,True,0.5418825122497278,0.07818141073641147,True,2869
2,55,0.06437771304326648,2.21569350186308,False,-2.801463338173284,False,-0.4265577684440712,-0.2221368453354043,True,2.8960894242758433,0.1022104615543335,True,2870
10,68,0.598346846608471,1.6185691390365813,False,-0.2158733669675421,False,-0.612881167703776,0.07071570068550555,False,5.600805339033413,0.34005620200284536,True,2871
7,65,0.2767049153319527,0.914248433543565,False,-0.3247505704363223,False,-0.9140083375201244,-0.18233817129607302,True,5.350386580962742,0.35389764576740523,True,2872
7,92,0.1288856927668846,1.4173378589371464,False,-0.23836591870548496,False,-1.1856109488935582,-0.5443920637891791,True,5.463758713504781,0.4315061531603066,True,2873
17,60,0.4805649666080283,2.847560902496853,True,0.8103298146682824,True,-0.45912359301650657,-0.42218884037322524,True,0.47235626142215803,0.04085782129126537,True,2874
13,93,0.3866964067731603,0.6454431031649684,True,0.8701131633175339,True,-0.47499415204375317,-0.45422440775712447,True,0.38157226365229724,0.018263743290556765,True,2875
9,35,0.30908227610599154,1.3338969656140942,False,-0.19578494947170877,False,-0.5724251034896878,-0.08070331669632333,True,3.5414692070370037,0.2827122719631822,True,2876
17,61,0.20824472711530678,1.1960354855378008,True,0.9560404907106734,True,-0.45926452728336853,-0.4463020879435851,True,0.20940043809694608,0.01501619089627961,True,2877
12,7,0.3540434947521094,2.534531738234078,False,-0.260371413887031,False,-0.9749747009274083,1.3907174107112108,False,9.810371736884518,0.6850251599265659,True,2878
14,21,0.49384065041849745,0.9217741249684074,False,0.059299763656440074,True,-0.6185635182384505,-0.3623068032385829,True,2.6472817796243895,0.24919925635203669,False,2879
4,97,0.4757517743114262,2.6588732151394625,False,-0.6879430321480675,False,-0.879856150744766,-0.1936162611643068,True,5.099916787512788,0.3903896160874207,True,2880
10,62,0.3491035279184203,2.9272495236390874,False,-0.23950978316538607,False,-0.6087128698919995,0.40741179378313663,False,10.447772998888796,0.8624861966110251,True,2881
3,87,0.3480040674158633,2.0154807664927823,True,0.8899982329993976,True,-0.4751869588618812,-0.4469878541589946,True,0.34510856805015266,0.017608962995062694,True,2882
19,44,0.41218557858168875,1.195191656398855,False,-0.07073114495274546,False,-0.6228507798525564,-0.2621540967042769,True,4.9187063538910705,0.3916517267147466,True,2883
3,33,0.4491605111104442,2.1052206808808624,False,0.17562811451007487,True,-0.9204656233540731,-0.25652944080623996,True,1.1146875881775455,0.26321597216857956,False,2884
12,73,0.3048878072626082,1.1247185928990238,False,-0.0837434907216641,False,-0.5363729202125632,-0.2696911891597177,True,2.629224609610807,0.21986062411023655,True,2885
11,95,0.30481140860415445,1.9790481528610502,False,-0.20374533989018406,False,-0.754105472475662,0.1429252013036293,False,8.290158649160468,0.6026862234798834,True,2886
15,65,0.32730363586882577,2.7794206807218296,True,0.8875983548210453,True,-0.45450721445735187,-0.44374670710428016,True,0.34021134375836953,0.012303888876260482,True,2887
5,42,0.09947284437062005,2.685630640093523,True,0.9895275956794536,True,-0.4561707944918601,-0.4353207332476795,True,0.09798902504486268,0.011515028555255682,True,2888
19,90,0.19419594163224968,1.915570063842833,True,0.963721460756026,True,-0.45491429575675124,-0.4468412879679184,True,0.19268830941191356,0.008687571101356173,True,2889
5,90,0.3012155360334439,0.12528059151677728,False,0.31865536671783545,True,-0.48223586774250277,-0.3957250289881241,True,0.8658902961122049,0.06557752393298415,False,2890
8,42,0.15506990518952074,0.9552251656621036,True,0.9716681784993213,True,-0.4581403368761513,-0.4387875902935769,True,0.163779595435093,0.016977165007329473,True,2891
3,33,0.27837388354205667,1.7435385636561764,False,-1.1819263133814233,False,-0.4503507110863835,0.26566997187392977,False,3.0761117427788753,0.29514027252774433,True,2892
13,22,0.14520105931279634,0.3193364083402198,False,0.25931937381890746,True,-0.5195432611179306,-0.3295847007514573,True,1.1584969840784436,0.07844885927644471,False,2893
7,56,0.5134155971362114,1.3324736548688705,True,0.7891488390600877,True,-0.4903710571237153,-0.4349003965047475,True,0.5093385084111314,0.042541490073784015,True,2894
18,42,0.29658965234015855,1.7507395086066575,False,-0.08903979790511651,False,-0.8901181719275095,-0.26303877572690926,True,6.643562629131321,0.4744386310298924,True,2895
14,15,0.4099941647987613,2.941327020279184,True,0.8497333114729394,True,-0.48306203331634257,-0.43405764516083134,True,0.4156259958077188,0.053486024969727465,True,2896
20,28,0.38873539459983936,1.9801526624639934,True,0.855290483188111,True,-0.46062936149037537,-0.4252742886124176,True,0.3984411642242861,0.040256920668231486,True,2897
9,65,0.30301490890952554,2.207045040086851,True,0.9116400398168422,True,-0.4650349866662696,-0.4465756455791456,True,0.2998528549365545,0.013292656535617894,True,2898
4,29,0.39408887655076025,2.580813212132887,True,0.8922519066790418,True,-0.4821020137440689,-0.43627288440847245,True,0.33404716659794037,0.03186419570627272,True,2899
14,49,0.27514257176009815,0.5047586034481566,False,0.18593759369710783,True,-0.6069465095163784,-0.43681952504878646,True,1.7494374890832096,0.1316816013424317,False,2900
9,78,0.45627331981771735,2.869558705312331,True,0.8046413608551433,True,-0.4620604194754755,-0.43359520138263735,True,0.47579542148046755,0.022835526367033013,True,2901
6,87,0.1795268028654315,0.07144076743662098,False,0.910233001980381,True,-0.45229909784080546,-0.4413300308072627,True,0.27504922001529925,0.011671312037964376,False,2902
11,38,0.5895414487144043,0.3173185002201282,False,0.31579205726487036,True,-0.5291222270261631,-0.3808580774842407,True,1.2474375564412838,0.12938987805969293,False,2903
18,93,0.4586233753489794,2.533191779136125,False,-0.10595507896141898,False,-0.8126352983810222,-0.20682134835339314,True,9.052021300037193,0.612309234372229,True,2904
7,21,0.059181120370388515,2.6490599890503312,True,0.9969711707905994,True,-0.4533193244013601,-0.4455103409734244,True,0.052743513152545246,0.004797107890262794,True,2905
11,56,0.22115489027859214,0.9056689415040328,True,0.9538013428818973,True,-0.45810746489957577,-0.44103696664735376,True,0.21951756742498393,0.01586093861048159,True,2906
20,59,0.5247416929097918,1.9309025965028546,False,-0.08554852192743478,False,-0.8936493139607284,-0.25163892820276174,True,7.003956368158149,0.5524423348692011,True,2907
14,25,0.45147411645183594,2.2404105711523825,False,-0.12558931020110986,False,-0.7940002432159987,0.21677969134565322,False,7.971829680784463,0.6001607811073207,True,2908
8,23,0.3373999733902563,1.8328750576904027,False,-0.28504190648303274,False,-0.8698805675936829,-0.23498773494872058,True,6.934001448475036,0.5835698273809513,True,2909
17,98,0.3504614127594156,2.007573826610071,False,-0.08136061556191732,False,-0.9109550360946812,-0.3050579849366716,True,7.6373498969605675,0.565586214023964,True,2910
12,60,0.06006854987741518,1.6974188884102288,False,-0.0887435376955028,False,-0.6422576213612627,-0.2661741338338114,True,3.6509052594817044,0.34141576454361633,True,2911
3,16,0.562086906026324,1.650794047777733,False,-1.08561720580354,False,-0.5550779195356149,-0.01674508999997945,True,4.020083045488681,0.16102891508306189,True,2912
11,37,0.34413018032544057,0.22228323392215343,True,0.8820132329098396,True,-0.4459620580273135,-0.42331765165457935,True,0.3462291394332674,0.017573766818247828,True,2913
11,59,0.19657893546126043,2.583452597890513,True,0.9621336378373913,True,-0.4543525498980394,-0.44389528587797256,True,0.1943358156506684,0.010462599592267082,True,2914
7,36,0.10259280177770688,1.8181909017505409,True,0.9905023800565774,True,-0.45441581716495266,-0.44481074863859515,True,0.09794172993546513,0.007261146562576527,True,2915
15,46,0.38629480578293074,0.8219618180366077,False,0.09410077623845603,True,-0.7137067466200127,-0.419335816925216,True,2.2785336769033036,0.16610557548722654,False,2916
4,34,0.2567415465238532,2.6070219272584847,False,-0.4910208664379345,False,-0.9891077545132958,-0.17408174790368142,True,4.154190055874722,0.3022630378635269,True,2917
10,93,0.25560986078198394,0.8588302649593047,True,0.932927163897089,True,-0.45871256595622684,-0.44278999837021465,True,0.25662975395171184,0.016060339258641143,True,2918
10,22,0.15087623649550888,0.3997649526721371,True,0.9776941730172914,True,-0.4602104159479645,-0.44313692881699857,True,0.14728098592400982,0.01594662938320907,True,2919
13,13,0.27296734702698067,1.4233969936566395,False,-0.05794326315884657,False,-1.5088625775183486,-0.4547669525326911,True,5.372928643686654,0.28703722734361214,True,2920
16,24,0.4890666032992784,0.30675004794057004,True,0.8296008547939354,True,-0.49778172560724143,-0.4533789727797545,True,0.4710380341784343,0.05205926428927377,True,2921
11,48,0.5048120631129018,0.6061649410796187,True,0.7826113399860265,True,-0.47801467359877725,-0.42619838116674585,True,0.49901463303103377,0.04795327713233561,True,2922
2,70,0.11552074469515344,1.7243399136197033,True,0.989713014327887,True,-0.45763492600076827,-0.4564231750759566,True,0.10752647422859052,0.0006058754624052864,True,2923
13,68,0.35313960549576734,2.3007059996230157,False,-0.1741452608060743,False,-0.5458674101016155,0.07288386117818069,False,5.931389167369948,0.4394010883086182,True,2924
13,36,0.12730675982767453,0.9719491100864593,False,-0.0003763197929187445,False,-0.9572801661599779,-0.5644091957313435,True,3.5029481296514122,0.2745235757974185,True,2925
7,39,0.40868949856295106,0.5404321717287135,True,0.8541640512675415,True,-0.45887423593593335,-0.42374452735480256,True,0.371421752782954,0.023026583735845343,True,2926
10,34,0.23002671892004672,1.1353890856480975,True,0.9411853590775171,True,-0.4617480129388456,-0.4395106622834285,True,0.23497996155393513,0.01818408167983662,True,2927
10,74,0.05151336371062955,1.4486966191902666,True,0.9973886001468404,True,-0.452040889689845,-0.4489849976489523,True,0.05102890905211967,0.0025857896475702967,True,2928
17,36,0.07576504901411496,2.189742921291212,True,0.9944831604792854,True,-0.45252638558105385,-0.4474825259698056,True,0.07284525159656607,0.004722903996532355,True,2929
12,24,0.32301543432488355,0.9301113776871286,True,0.9174556180809391,True,-0.44720631783008097,-0.4195176802034304,True,0.2885637010735922,0.0328737897341092,True,2930
18,100,0.50534354457675,0.3109188298175076,False,0.4194639001784658,True,-0.4689708356873536,-0.3807373296468284,True,1.0070597574756386,0.07179062748423921,False,2931
8,63,0.392192317415602,0.4407367826200246,False,-0.024002822017874736,False,-0.6862679265206933,-0.4069833857875636,True,2.3031438828260296,0.1847170345010328,True,2932
17,31,0.45513497457548485,2.5935969692932814,True,0.8106532834300184,True,-0.46739136124877884,-0.4312181810227127,True,0.4787846178739609,0.03730952142543242,True,2933
20,60,0.35348922169431246,1.1390721535256816,True,0.8849010684518105,True,-0.45647367927271415,-0.4369613580163171,True,0.35272830318085485,0.02386513032081477,True,2934
8,8,0.2738619045096164,0.014275290173335953,True,0.9373694488741091,True,-0.48105474169048923,-0.45476428570437694,True,0.26823198777188906,0.04881706320286794,True,2935
9,55,0.5136377773428801,1.5476203014013155,False,-0.234496421566055,False,-1.1666899257382846,-0.16510051710246987,True,7.853925289427132,0.5528732228086718,True,2936
9,75,0.5133900265340966,1.2966962159051953,False,-0.16805085303392864,False,-0.4258087834036098,-0.13329660960846448,True,2.8482365585370073,0.17204755910863478,True,2937
12,26,0.5572962428434008,2.299263792362419,False,-0.1684424854482749,False,-0.933418013227062,0.029176847428682713,False,10.264030389582688,0.8745719359558924,True,2938
6,58,0.561185132635324,0.7425580482545636,False,-0.26932084089275166,False,-0.5984173533007344,-0.3428243746866182,True,3.145392979251149,0.19534561756531343,True,2939
13,63,0.46478493975130497,1.2658623087616687,True,0.8183678088196621,True,-0.4717852118880732,-0.4436088948626734,True,0.45740627261275674,0.028260560962997314,True,2940
2,61,0.5201622417391347,0.5423573775923736,False,-1.7232354537970398,False,-0.748127759938857,-0.3805037589881889,True,2.116289953301125,0.1838120004753338,True,2941
5,25,0.12313785425933117,1.5733307102734375,False,-0.5232174687324223,False,-0.4650111541359852,0.7433491484789275,False,7.778601018317989,0.537694263617875,True,2942
15,55,0.11781184264725854,0.06943546384251797,True,0.9847922322306057,True,-0.4550468867309682,-0.44677242504451076,True,0.11809190264765392,0.00955565308587646,True,2943
14,70,0.055470066633029454,0.8126353219051385,True,0.9969139183244111,True,-0.45266834942112344,-0.4500063431318807,True,0.055485955161052085,0.002757102175100527,True,2944
10,92,0.5395743713322566,0.125441718420101,False,0.5411774369063391,True,-0.4665539740011598,-0.40869057286338195,True,0.7878963063242225,0.04997175430845601,False,2945
18,90,0.16556434418910743,1.6802483508583128,False,-0.09291193852042579,False,-0.5712529037802946,-0.19028830642985586,True,6.667726370407915,0.39708570619255334,True,2946
6,99,0.22463887923383807,2.1690161359974773,False,-0.4551274779751704,False,-1.1526228651730295,0.2821807595664849,False,9.514524119109659,0.6480757141756621,True,2947
6,71,0.26713914618266593,0.13244480583844453,True,0.9345707321443171,True,-0.4526273571775866,-0.42632018679283606,True,0.259897060400177,0.016705688475090866,True,2948
8,90,0.11195520383690166,0.6595539347625144,False,-0.18068870638150636,False,-0.5400658725427087,-0.33510347266331614,True,3.0740649880222874,0.1990160960976906,True,2949
4,60,0.3121640972837355,1.5472380089158955,True,0.9033090289812257,True,-0.46764053414807716,-0.4421923298437571,True,0.3055629912307664,0.012243573377699006,True,2950
18,58,0.572608904636171,1.6984987833448568,False,-0.10629070251471595,False,-0.6782566429073321,-0.07540014129741605,True,5.550757110128696,0.4354143242880477,True,2951
4,52,0.3178522656260956,0.3419154238341229,False,-0.16046148366373103,False,-0.5755402154112578,-0.4548119627505461,True,1.466219089660687,0.06369210578516181,True,2952
8,94,0.25505082277889035,2.5999465946599956,True,0.938558180003535,True,-0.46105233318350713,-0.44184571890611357,True,0.2503952594630194,0.015124624709229253,True,2953
7,69,0.23749175552337382,1.3028448867481062,False,-0.33004054742533917,False,-0.3078196290731388,0.06375996657520963,False,3.3819164977037657,0.2544279034884954,True,2954
3,46,0.48823806418893956,1.9380148108997743,True,0.7656008064310887,True,-0.46194396618993416,-0.40166399001422853,True,0.5396981017506226,0.025797460167564137,True,2955
8,40,0.5240751446304536,2.586167997230329,True,0.7681306376462729,True,-0.4920427805281166,-0.43351336627136494,True,0.5231018084509844,0.04819057494289647,True,2956
19,31,0.581404975277706,2.535935074482322,True,0.7106928467473015,True,-0.4782752157803891,-0.4117399355445222,True,0.6192162780895573,0.06818967206844599,True,2957
8,64,0.5811661347898368,0.42794310305757066,True,0.7582551922089922,True,-0.48513113018149895,-0.43262856650521764,True,0.5766364513219622,0.04103692672867874,True,2958
18,49,0.24947307480878672,0.020164144207712842,True,0.936620372674447,True,-0.4533714176618202,-0.4400437021491753,True,0.24619664217820555,0.017238070062406605,True,2959
16,73,0.32860463071452695,1.220126536330266,False,-0.0903127694548318,False,-0.6667818315671032,-0.22785728641514705,True,4.784359633595419,0.3765383011700244,True,2960
11,73,0.5523935431575233,1.3666250487101541,True,0.7765845466418368,True,-0.4834569701786227,-0.45005423418596546,True,0.543799082767432,0.03270391383438554,True,2961
12,42,0.11368057487463351,1.1797542567052512,True,0.9848948571578413,True,-0.4543995221744377,-0.4451333611901515,True,0.11871928322825692,0.008963954151495592,True,2962
12,43,0.17294169930673006,0.533952258859046,False,0.044896959687149796,True,-0.4657755597461501,-0.2720693513967749,True,1.8406480734809803,0.12873530850962053,False,2963
18,40,0.5530820142709975,1.4690600598711205,True,0.7680566415660075,True,-0.4555804283093285,-0.4116296685046127,True,0.5452607781197302,0.05131233213470932,True,2964
13,9,0.38094418521545675,1.9028569877758352,False,-0.21401530455769802,False,-0.8120788046864538,0.5711221006118394,False,6.682717683427696,0.47381430590205775,True,2965
4,25,0.5199453225681303,1.8640835247124576,True,0.7673993624158619,True,-0.5058546259406242,-0.43078078114765495,True,0.5502217443978389,0.038636638464856085,True,2966
4,73,0.5215888889965665,2.478848111745915,True,0.7709825477563319,True,-0.4600944604626653,-0.4163502384961805,True,0.506744200264852,0.02052851411389435,True,2967
2,71,0.36006600514920906,1.6490772928159596,True,0.8516743095635041,True,-0.46159786301596273,-0.45887930292704976,True,0.37275015114413673,0.0006452190622164566,True,2968
17,35,0.3648856778917501,0.42526298748695635,False,0.1915006216505748,True,-0.5198424657777467,-0.32442106034129997,True,1.4579983021178036,0.13351397934256942,False,2969
4,35,0.5832944100008182,0.6053539331007907,True,0.7049343777804549,True,-0.4468840992031686,-0.406201715105537,True,0.6074243557604797,0.022955460575474786,True,2970
8,45,0.18244048471208524,2.659553259542715,False,-0.23569384035516494,False,-0.07664086438804406,0.7112668651780671,False,6.004266004825782,0.46974269793304096,True,2971
17,24,0.549002605751756,0.4892593276005077,False,0.19886375247300803,True,-0.4560724017768168,-0.3463957131846971,True,1.543478773040174,0.12983441462818332,False,2972
20,22,0.3910426395759519,0.08528435460240147,False,0.7872739393577224,True,-0.4793528677832143,-0.44054785740416164,True,0.5019011620310233,0.03408491636291529,False,2973
2,71,0.19672510918546532,0.44136963232723125,False,0.6215511367834415,True,-0.36603632905560524,-0.34926988671657155,True,0.35201027586493583,0.002028909605733986,False,2974
4,100,0.4133716239528541,1.2057860233270041,True,0.8433128391373352,True,-0.4785786769528418,-0.444083351844977,True,0.4079038518021443,0.019772814685698574,True,2975
19,7,0.053513239061859515,2.890731752560389,True,0.9971978106102272,True,-0.4526428235393439,-0.4444871994606802,True,0.04942190715443235,0.016784265985576186,True,2976
6,69,0.3523502448904637,0.5114254780668532,False,0.01829091426401841,True,-0.5598291698738841,-0.3671126645685058,True,1.495986252495772,0.11066245909820059,False,2977
2,73,0.37596848749383033,1.609607403188173,False,-2.7805382674366137,False,-1.191346761463959,-0.45841902403041235,True,6.498458382907896,0.3664638687167742,True,2978
14,12,0.41592605763046947,0.29839557654497784,True,0.8672111593628208,True,-0.48296919937169064,-0.4252870424715493,True,0.3554066084133999,0.05800941226316348,True,2979
13,93,0.3443344674766158,2.244072148017885,False,-0.14923243859705715,False,-0.8935113581695142,-0.1525291389725238,True,6.573773592104636,0.527142244769989,True,2980
10,49,0.3674085634730659,2.078440470077626,False,-0.22255448438857073,False,-1.1006582589616152,-0.14027204998795803,True,9.17558434008243,0.7518640487710497,True,2981
14,9,0.4067191979099778,2.0688213420295547,False,-0.11465325124910564,False,-0.8023878624672095,0.4412762616472854,False,6.238995885078717,0.48068521206986015,True,2982
12,41,0.4916512954302345,0.43558957505539475,True,0.7928936823417608,True,-0.44727671295958255,-0.4090261990329204,True,0.4861976254997335,0.03631710025711194,True,2983
5,84,0.2131731890108266,1.993377738889414,True,0.9502541546308335,True,-0.45904412849087073,-0.4453260155207246,True,0.21341280842372845,0.008996464047389402,True,2984
11,30,0.2602198169489539,2.6213398381743707,True,0.9412745353826586,True,-0.46261199314775797,-0.43701763166485846,True,0.24812069202759765,0.023156777432130116,True,2985
8,51,0.3367491316963979,1.3500011999642183,False,-0.2908831913428165,False,-0.28512028171782006,0.2455764237397253,False,5.309966640166237,0.3580263194503091,True,2986
19,12,0.542669475447699,2.1318305939183926,False,-0.09734791781155971,False,-1.0528666211530604,-0.2052780701430744,True,9.387628010125777,0.7041074552125679,True,2987
20,43,0.42352211200582807,1.015720531149703,False,-0.013944485971973286,False,-0.569196120987926,-0.3323898422930324,True,3.339808844574617,0.2423037553019277,True,2988
13,60,0.35287554239623964,0.12775753929335287,False,0.7075390810503341,True,-0.45153108483959625,-0.4057019834895768,True,0.5576539545852176,0.04666408370116149,False,2989
16,55,0.08546904898907506,1.9818182983979282,False,-0.12353311886893992,False,-0.9047199750807926,-0.16973768317074422,True,9.220503368735294,0.6426914139204172,True,2990
18,55,0.18051312489630095,2.361584729359156,False,-0.12973856448757703,False,-0.9961280012423642,0.5523617489645662,False,12.268956197637854,0.9210980304462228,True,2991
19,45,0.06852965708795176,2.1649490688657287,True,0.9951336288731971,True,-0.45258031170584134,-0.4464423167279326,True,0.06824575504732353,0.006665718217177075,True,2992
12,78,0.5485268696826293,0.8570874107505123,False,-0.030856544946952003,False,-0.5239605372609303,-0.3736520738265172,True,2.5669754609615043,0.165869478487447,True,2993
19,42,0.09607342258695667,2.986971296894083,False,-0.10005799582034625,False,-0.9149019585043603,-0.13274468092309866,True,9.361782056402657,0.6971726315209225,True,2994
12,83,0.121501144990866,1.2507491153255488,True,0.9855875603389347,True,-0.4564678016693933,-0.447540172584953,True,0.12064148556704271,0.008002698773008588,True,2995
19,95,0.14275059317301458,2.022758481037435,True,0.9805040994363439,True,-0.4560506636000199,-0.4489830636309034,True,0.1399420262003946,0.007213155668173888,True,2996
15,61,0.3384813607235266,2.702892748272075,False,-0.12358806707541814,False,-1.2436520232366035,-0.2957522379763794,True,11.514828754977806,0.8558760220494368,True,2997
20,91,0.5597773047878443,0.3155770244125916,False,0.2864894639360489,True,-0.4824657238986734,-0.41139785914708443,True,1.3659983674264933,0.08401108739100233,False,2998
3,58,0.42588207507214304,2.099942897564624,True,0.8299198299158799,True,-0.45727717156415004,-0.44085812426640386,True,0.4298054307898713,0.00667757453037059,True,2999
18,87,0.3362377025378691,2.258338791587475,False,-0.12045246025413903,False,-0.6553107415399324,0.116449804083839,False,10.180198797228558,0.7543544455837,True,3000
8,62,0.3728365351365577,0.6181689164705668,False,-0.14597197699138076,False,-0.48593440069881455,-0.2966103480194061,True,2.4604765868259766,0.14948993277450323,True,3001
13,13,0.24044068565199622,2.6108818381519012,False,-0.18841793273624807,False,-0.6657247290106829,0.6395483307739998,False,9.236559094230364,0.6586163294595316,True,3002
9,37,0.4139148940337444,2.771239912623294,True,0.8266411688303716,True,-0.4795866428118887,-0.41202554053753837,True,0.40778067937346024,0.05217461708506734,True,3003
18,21,0.1479712746411902,0.5601228537732728,True,0.9789200768134171,True,-0.45477606891361655,-0.44362123752559546,True,0.14519858600926186,0.01448806227407803,True,3004
20,37,0.43346629774613765,0.540373162220991,False,-0.01517967055689673,False,-0.49082211885299737,-0.259204599217009,True,2.630980650253465,0.199793506970881,True,3005
16,71,0.3359200331502768,2.6623668787368313,False,-0.11143210037169071,False,-1.0302403162676812,-0.46687440343761727,True,9.862547400118787,0.6707480897126775,True,3006
5,96,0.08172181132524062,2.4317031148684514,False,-0.48560085930624264,False,-1.3031764837041413,-0.18533282560201697,True,5.772013799847594,0.4536124189989207,True,3007
11,46,0.4142007836976494,2.266294704661484,False,-0.1242714235782143,False,-1.603825310553798,-0.7048929387181274,True,8.30187892706962,0.6544828444646681,True,3008
17,18,0.10992582869880463,0.6357327369978548,False,0.11978413012141376,True,-0.7321020629344159,-0.39149323427076055,True,2.161196110612279,0.14277267215228825,False,3009
7,16,0.30340300981155804,0.08047552435199912,False,0.8138529359356899,True,-0.5330843897548182,-0.4323101398389893,True,0.43447388618826754,0.04476050764145902,False,3010
10,78,0.4167778377476016,2.5086422617553445,True,0.8359327094240672,True,-0.4563613273322066,-0.44133877657936227,True,0.42243474109817175,0.014021721266517455,True,3011
7,85,0.13442288427053833,2.934670916955132,True,0.9807000616393711,True,-0.4564493259262467,-0.4472214531658168,True,0.13394757664503684,0.0056712507804867985,True,3012
4,32,0.44831054464567593,1.158364040274035,False,-0.6600733758799695,False,-1.0414429079206262,-0.36307871898860133,True,4.85055958937448,0.41526441424281957,True,3013
12,59,0.39566430830915233,1.207971724148799,True,0.8656750787818317,True,-0.45265894898088427,-0.4291363663917346,True,0.37579304209712494,0.02191230511935511,True,3014
3,93,0.16534092921221522,2.465911247155259,True,0.9773802348832772,True,-0.45832897614021306,-0.43303661903206836,True,0.15038277677012088,0.01051028828900014,True,3015
2,10,0.15322610580366397,0.2998422069610288,True,0.9740974029700803,True,-0.47992772036167797,-0.43775973840058535,True,0.12961318312598816,0.021083990980546363,True,3016
9,29,0.0945366329259027,1.3500625533398871,False,-0.17389720261586716,False,-0.7953533080233592,-0.3734371804652008,True,3.896891496822043,0.34079815116181866,True,3017
20,31,0.5330028864100317,0.7417730344382337,True,0.7458958814721013,True,-0.46757593973830974,-0.4249514961130708,True,0.5709502723650028,0.061564776053529335,True,3018
17,99,0.22109066387689447,1.2684324718530195,True,0.9541990728099812,True,-0.45173366469234383,-0.4432816143792022,True,0.22094750184876497,0.009261160598167862,True,3019
10,66,0.052376745386834116,1.5589864586892215,True,0.997307781921903,True,-0.4519532871771344,-0.4493582176690654,True,0.05153007590055937,0.0025311736023373057,True,3020
14,31,0.5707416870046162,0.4428696009644587,True,0.7684405917093731,True,-0.4572611573253038,-0.41514892122033337,True,0.524891193770714,0.04525806932699578,True,3021
17,79,0.2393985840351252,2.1859348308722493,True,0.9404389365078475,True,-0.4540328003226256,-0.44325569167884377,True,0.24461231877531672,0.012360543780921149,True,3022
12,7,0.5694002910615217,1.3799273866481092,False,-0.29023886826651357,False,-1.1026011242993448,0.5970843776876581,False,6.21529060910423,0.46622953830277036,True,3023
3,14,0.1976940182437142,1.595660864351613,False,-1.165510579064299,False,-0.41723432324770837,0.345944619460579,False,4.150739955495145,0.34597054232764457,True,3024
14,19,0.38567569072052965,2.7957332519572073,False,-0.16504166087290462,False,-1.4884390302932164,0.173142217496875,False,11.778551732456222,0.7832801884809959,True,3025
13,81,0.24354620753726436,2.0421609006861017,False,-0.16462388069978862,False,-0.7471742531570666,0.05336949313745874,False,8.265807383320364,0.5076552134446642,True,3026
16,69,0.060835677313887844,2.9232692971263354,False,-0.13932817488116078,False,-0.4078951170856764,0.31459810848795317,False,9.246180101968093,0.681447716263324,True,3027
5,57,0.3587509696635738,1.3356985208097636,True,0.8836849548183332,True,-0.4642129886007032,-0.44579412813079133,True,0.35515979534069003,0.01084494656093023,True,3028
13,26,0.5552508763884875,2.2506703481835433,False,-0.1535492108254517,False,-1.4769809289759412,-0.43478001250251297,True,12.22083171054261,0.8511685874131755,True,3029
6,6,0.551010245956909,1.7654247884021754,False,-0.6572824276495299,False,-1.6951284425716657,0.4139867412240322,False,5.812213155315117,0.6203600135595065,True,3030
10,45,0.2270382417602378,1.1422851493168322,True,0.9485566091878551,True,-0.45787264376647874,-0.4314578308004661,True,0.22150236393476078,0.0241586191573934,True,3031
11,91,0.5582168075896198,0.24216483678978107,False,0.2213730337584029,True,-0.48677855669093395,-0.36401168921464516,True,1.3582076014080742,0.08067693211398991,False,3032
12,9,0.19136752508356902,1.743320504629585,True,0.9529708822977707,True,-0.45607139526673907,-0.42743739479494475,True,0.2034400191599119,0.02654628292436873,True,3033
18,61,0.41159162924311843,2.4397210843401704,True,0.8454931711724263,True,-0.4603977534020683,-0.4304335163265458,True,0.4148487980659144,0.035965303030224126,True,3034
16,64,0.22893064652428247,0.4648794972031558,False,0.0908255822138826,True,-0.5828330923163053,-0.35946793895024415,True,1.954304461361768,0.16802075083275964,False,3035
12,66,0.5720258760872661,2.3693650248809135,True,0.7389811687219654,True,-0.467849352918333,-0.43229346435055976,True,0.5831500294462019,0.030660866703801883,True,3036
5,37,0.5639003353507621,1.8675615457751187,True,0.7328224700733336,True,-0.476991684501369,-0.3972015193258746,True,0.5582587440114698,0.05110668345854476,True,3037
10,38,0.055406654716288396,1.645511968378219,True,0.9967277872278051,True,-0.45149495589030963,-0.4446974105762753,True,0.05629416279578841,0.005390080314150266,True,3038
11,90,0.4992408529030403,1.256822064038926,False,-0.17028497792345765,False,-0.6970320949997304,-0.2578790891437233,True,5.7573710134868,0.4250752142053204,True,3039
12,88,0.24027473543179023,1.928120065077017,True,0.945763583762773,True,-0.4585681039308233,-0.4393289258954728,True,0.23496367137196802,0.016656706366544927,True,3040
15,16,0.34031793336687205,0.7330782127352595,True,0.872921258311511,True,-0.46232065172446857,-0.42276683327975595,True,0.3637820353609102,0.05429093191395893,True,3041
19,18,0.5250675883460036,0.12688188826905966,False,0.5789660553196572,True,-0.5155923825843322,-0.4002757935750114,True,0.7939574818004564,0.0732359037533048,False,3042
8,80,0.5476262415263912,0.17208203227941965,False,0.5728244764023509,True,-0.4847716827506611,-0.44210824824796885,True,0.7580501925281701,0.04382308983519995,False,3043
15,95,0.05280353130415134,0.8092275381415729,True,0.9971856444752581,True,-0.45149596952879667,-0.4493101739062512,True,0.05250718997195493,0.002178828076456929,True,3044
7,95,0.47616555372960656,0.3418758641005706,False,0.09619388105138182,True,-0.5637326072711994,-0.36289730228338657,True,1.5453493165565986,0.1055534451684335,False,3045
15,19,0.1911215874161713,0.3086705206816329,True,0.9676792340170687,True,-0.4740522549271217,-0.44308811040550106,True,0.18942366373790587,0.02908778305870256,True,3046
12,88,0.0532250179053108,1.6405834961616066,True,0.9971944982729366,True,-0.4533353437054088,-0.45048969915712245,True,0.053540924030873446,0.00247760511660938,True,3047
9,48,0.5730118657203942,2.330007055939445,False,-0.22104207355481909,False,-1.5441181614386266,-0.3937150814820016,True,11.067960942457605,0.8156577680068366,True,3048
8,11,0.4680625422978096,0.5552106615725813,True,0.8261057858427816,True,-0.5168167353143762,-0.4072999180631644,True,0.46867896409755994,0.14111648812850897,True,3049
8,51,0.11711504206809979,2.3742657367672093,True,0.9874533076271577,True,-0.4556165083311673,-0.44806049502888173,True,0.10992649784045766,0.005954639158999301,True,3050
4,67,0.05290176471198411,2.4622699706807216,False,-0.5093055051144004,False,-1.4625472096545509,-0.3516525909745572,True,4.534624364852621,0.4542175092844112,True,3051
20,70,0.24015680830933228,0.3852533419564095,True,0.9491249026605115,True,-0.4526288462264063,-0.4437830761778262,True,0.23128722983267203,0.010901247183630714,True,3052
6,6,0.1586114553236984,0.356881209853366,False,0.20513225093477772,True,-0.5656119732086954,-0.29781992432396365,True,1.0576778790863082,0.07003320157974005,False,3053
20,95,0.4375063609418657,1.8392601268943054,False,-0.08745964576850995,False,-0.8000145526917561,-0.2849933406261711,True,7.687853925580553,0.5396161726640405,True,3054
17,50,0.1499252430130554,0.15708205030666134,True,0.9775501966555081,True,-0.45182029350807834,-0.4446272727039313,True,0.1478858277028472,0.007553202433960383,True,3055
20,9,0.059824949697659065,0.4816281764538993,True,0.995988878688072,True,-0.45466827876806826,-0.44340632684363673,True,0.06458295162185791,0.013545764763059262,True,3056
3,43,0.16550961965927635,0.9351244632761564,False,-0.24163170292765956,False,-0.5367405401104686,-0.3553841779538194,True,1.0123462322499392,0.06740346366050302,True,3057
8,14,0.21247241334928813,1.6731606836756188,True,0.9534871746333372,True,-0.45274163981640786,-0.413936589241548,True,0.1967085449096595,0.030461906436534205,True,3058
2,42,0.47394079518209853,2.2262406933882106,False,0.4295050574334317,True,-1.4106006244254363,-0.8715231711367344,True,1.016952189107544,0.2695387266443516,False,3059
5,55,0.21485234067270192,1.979060112489486,True,0.9467622342523015,True,-0.4570287925078788,-0.4470065827597716,True,0.23499441289892498,0.007501701460784759,True,3060
15,95,0.4291983332030166,2.920357332558505,False,-0.14766739131357065,False,-0.6152858051910252,0.6547048267527176,False,15.825394054400817,1.2862675375084955,True,3061
7,39,0.14592340468173864,2.3627163791433,False,-0.35207573523612257,False,-0.90398657791309,-0.08814683355543979,True,9.215095789847025,0.6238034988168215,True,3062
9,42,0.4749770368157291,1.1750058466549849,True,0.8240670597984071,True,-0.4701362394046703,-0.4278206492460354,True,0.46141741233621203,0.03441071796542111,True,3063
6,88,0.2726683198452479,0.0819718975379149,True,0.9369846484593527,True,-0.47091065234872553,-0.4543248570804685,True,0.27170637790585883,0.010010512160816857,True,3064
15,22,0.17507110240744128,1.5333941165415808,False,-0.17484226983049922,False,-1.1729475412929602,0.33299654516151744,False,7.368702683048248,0.5462516967896589,True,3065
7,25,0.5099704533360744,2.4049306638208314,False,-0.4048769904858005,False,-0.8151606358278609,1.1436280192969646,False,8.998959557894398,0.650753911874952,True,3066
16,28,0.35389848776428234,2.3023873594451425,False,-0.13345723598984782,False,-0.7702934528194011,0.043167503207682194,False,9.242319025603573,0.7233142972735201,True,3067
2,57,0.3212259440465381,2.5984900660296635,True,0.9281597783403422,True,-0.4519189898473238,-0.4480866557125721,True,0.2797505532333414,0.0019161670673759068,True,3068
15,74,0.591613399667829,1.835741707936172,False,-0.1138415126663137,False,-1.3147534533609015,-0.28844981124323643,True,8.42924048141003,0.6470603514543185,True,3069
16,67,0.5111359162873378,2.9370061084482932,True,0.7897455093185646,True,-0.4629659094885535,-0.426951938103469,True,0.5147431142719651,0.03904775530797332,True,3070
11,82,0.35296518719679365,1.2387055114530874,False,-0.18622150653008473,False,-0.5515325298382977,-0.02446465853117045,True,6.303160745231941,0.45882699506984276,True,3071
18,72,0.2659989733266382,1.3338813062756216,True,0.9334627162492249,True,-0.46045012565507354,-0.4520654295584683,True,0.26699204427955503,0.009423448365131159,True,3072
4,62,0.4388662540091622,1.841638153307961,False,-0.6464889994268495,False,-0.8833130577598101,-0.16762425994051322,True,4.44588861705432,0.36468185866048697,True,3073
20,46,0.18132999024520696,0.6615146846578521,True,0.9649855421432035,True,-0.45565362105534046,-0.44345963589728055,True,0.18346624833880001,0.014408215392431955,True,3074
19,65,0.1772331291945748,0.35612285237011365,True,0.970212332861931,True,-0.4561017333449428,-0.44390786390948134,True,0.17588724226242672,0.012026489644795677,True,3075
2,5,0.10646999058659612,2.614472194009988,True,0.9838925487027295,True,-0.4826827821974299,-0.44176177393736793,True,0.07437773615415069,0.020460504130031476,True,3076
12,81,0.14148061280865531,1.8270035604301462,False,-0.1861708718293662,False,-0.44777043473133293,-0.02712841470462523,True,5.028172807511734,0.39563378298074464,True,3077
9,26,0.22777461326120552,2.758145061015859,False,-0.2582153949910011,False,-1.138708367912821,0.5088613872853271,False,15.317619996289876,1.1607446904835996,True,3078
2,11,0.21798910292059553,1.8864614778462578,False,-2.8190604198070335,False,-1.846965731644075,-0.061897990176150844,True,9.923958778802263,0.8925338707339618,True,3079
7,38,0.4214514347135521,0.36506641035991605,False,0.24163078479045086,True,-0.5087277368576932,-0.38428282830824967,True,1.1764803100472405,0.07766122681358184,False,3080
2,67,0.20329722943203998,2.4313378224521065,True,0.9551792020848083,True,-0.4562654979253511,-0.4403526392347481,True,0.20503522305027272,0.007956429345301885,True,3081
3,20,0.3717981593897948,0.8687557202642838,False,-0.6938884506592362,False,-0.806057498243446,-0.22111829135105082,True,2.4484805128960376,0.23804844393814012,True,3082
14,75,0.37359529531853297,1.691524318969898,False,-0.14113381941014636,False,-0.5431354860386581,-0.04623955634189789,True,6.6325398047766475,0.5630664978955812,True,3083
6,39,0.3170190944510859,2.6322029565728635,False,-0.3436220986512517,False,-1.2900195292335124,-0.452355282897599,True,6.54608601528509,0.5159936696707047,True,3084
10,60,0.3478777243048405,2.8016629343862296,True,0.879423888966258,True,-0.4619077597611522,-0.4373462986220758,True,0.36103775902154156,0.021541930264326974,True,3085
7,66,0.27458480399788465,2.9579788208437474,False,-0.34266125667576364,False,-0.9234466853820212,0.6153079547299802,False,8.223274517591442,0.724437863952143,True,3086
8,50,0.5756264583592501,2.5050279552115797,True,0.7412861132770165,True,-0.4632321052422824,-0.4036255996951984,True,0.5649497711251954,0.04436816055600898,True,3087
6,41,0.4416120917502372,2.2335191780857704,False,-0.49336844703800176,False,-1.096473118395496,1.0836446128372093,False,10.533902720711557,0.9293411499977863,True,3088
3,44,0.098204420497005,0.2613740515057432,True,0.9900858211655055,True,-0.4551218202122167,-0.45001964030920183,True,0.09571321751047744,0.0020596116769961113,True,3089
14,53,0.09653780800905569,2.289844833058167,False,-0.14934258355940955,False,-1.3807643439246406,-0.08175925997361046,True,12.962119358699908,0.9593245043205895,True,3090
10,85,0.4544363520767821,1.0647434661409185,False,-0.1091953879360994,False,-0.4981386418755716,-0.22050079732642916,True,2.4996872413182083,0.2002181041335745,True,3091
17,86,0.10628207423621819,2.50182561088375,True,0.9890379629916253,True,-0.4515868092968318,-0.44571418337814667,True,0.10495505568210578,0.005877702142319011,True,3092
14,100,0.2753833851600553,2.8133107780599658,False,-0.16242416126575243,False,-0.8300962086515534,0.5036851332724717,False,11.319592210651729,0.880272141558312,True,3093
20,16,0.18985415905478958,2.754022018386747,True,0.9621797284297208,True,-0.4573384972538331,-0.4356785564980885,True,0.1906842389254676,0.02620941185827885,True,3094
18,86,0.2742102999263868,0.6268263634679103,False,0.002253039547903124,True,-0.5258724156257817,-0.3613582827952699,True,2.7083702603722357,0.187245567944575,False,3095
10,11,0.3929528275046262,1.4352968376438868,True,0.885589069031098,True,-0.4938769134022224,-0.4442385846522586,True,0.3638120043191392,0.05332630119260412,True,3096
16,39,0.18673112231034478,0.41526049636391626,False,0.1550281265896959,True,-0.5852080153376792,-0.4125629598914821,True,1.7270519208790789,0.13808568799426993,False,3097
16,14,0.35318546852923466,1.1856368206673464,True,0.8880478572059332,True,-0.45720949926179183,-0.4182678104545773,True,0.33119354731416917,0.043055793031862306,True,3098
8,54,0.2730961908062483,2.915497688278809,True,0.9286460744318956,True,-0.4590201879825552,-0.44206060039882106,True,0.26824223096728145,0.011973560772077682,True,3099
13,90,0.3528921092970532,0.45040031028072347,True,0.8910794313838526,True,-0.4672019716738179,-0.4499484684486206,True,0.345098556673472,0.017463060988973916,True,3100
2,6,0.24704538244867313,2.2609080578347545,False,-2.7659762529566816,False,-0.10586833736710666,0.923117070323561,False,2.5988772015845694,0.0286344069844921,True,3101
13,18,0.5734274137602229,0.4412521301671464,False,0.10608794669696275,True,-0.76281136383036,-0.4008592819573423,True,2.327822346513649,0.17008798412733586,False,3102
14,75,0.34080894653194793,0.7577989862608915,False,0.05719888415763574,True,-0.6803816841669861,-0.35789367301428116,True,2.360004813764434,0.17571427490940666,False,3103
12,39,0.14250328486440644,0.6098158259866929,True,0.9792140097589619,True,-0.4574443983710646,-0.4429804917643915,True,0.13772014892749634,0.012225306857884831,True,3104
16,83,0.4803830693300632,2.733430653351819,False,-0.11587924586468579,False,-1.1470910508278622,-0.2651632665540147,True,9.946148621949332,0.7768217578905809,True,3105
15,10,0.3417318381555396,2.818014252968827,False,-0.17652268225336565,False,-0.8976827773955763,0.28428283722075043,False,7.877037053191966,0.6236241069198638,True,3106
3,7,0.48205760731184816,1.7958211863977414,False,-1.3175949248843146,False,-0.29766951691907634,1.2041850597947819,False,8.36284207780662,0.7095848404571143,True,3107
7,34,0.3152305480915737,0.1718975477426915,False,0.4752987435056292,True,-0.5145205521855389,-0.4219922906992295,True,0.8537325290914776,0.05845021250905985,False,3108
7,46,0.2859109834219144,0.043162705616170416,False,0.9061920144614692,True,-0.4712658346247289,-0.4295501207327659,True,0.29653092607091636,0.026361376205173807,False,3109
11,58,0.2885058979848903,2.324022012515941,False,-0.18227669324089613,False,-1.1480857663228339,-0.07156914307045115,True,9.801200459465315,0.7711103136811414,True,3110
20,88,0.4952555140713386,0.8690798280372624,True,0.7934951538621993,True,-0.46078994965618786,-0.445508785615618,True,0.4970178688460506,0.017771578781915254,True,3111
11,31,0.21424965734544693,0.234991791735484,False,0.3908437665207113,True,-0.532224340006925,-0.41500659179030364,True,0.9979682454634659,0.06630911338643646,False,3112
2,99,0.1582364911627967,2.5788963116151313,True,0.9685720203263952,True,-0.4496781448192335,-0.44512229683036936,True,0.1568244432437478,0.0022779239944317464,True,3113
11,63,0.5765389265724556,2.172262778698909,True,0.7356499685474692,True,-0.4794173262043413,-0.44199730511664964,True,0.5820282580747883,0.028757857161733433,True,3114
14,50,0.40032071004135344,1.0450552088472818,False,-0.11764095940946939,False,-0.5274597984519152,-0.24456694704638657,True,4.533498349851984,0.3601879978043688,True,3115
8,45,0.48055176987209314,2.7903138447969917,False,-0.2981263892023296,False,-1.4711904792592703,-0.05602769416919674,True,10.419428643780433,0.7649350415335747,True,3116
10,73,0.5492938279778793,2.226447537793881,False,-0.2384627211489938,False,-0.7328715273133867,0.17467386282556135,False,9.290540837815058,0.6422542372522825,True,3117
13,34,0.23563478621099837,0.9343471759307029,False,-0.15323997077712725,False,-0.4839269029921432,0.09052197895276569,False,4.979811331913365,0.4027064658761189,True,3118
20,54,0.4179495586531834,0.8561463019714682,True,0.8452365302081013,True,-0.4574155598423846,-0.4357453011902707,True,0.4173781438199327,0.029215157672311098,True,3119
9,26,0.2193286511782509,1.86480344947738,False,-0.19419735028409923,False,-0.6860104795784191,-0.3289758136117763,True,4.962926951244665,0.35403448291208717,True,3120
9,32,0.3779162217122941,1.7845451313194756,True,0.875439169487544,True,-0.47499947566757084,-0.45039271802183095,True,0.3743242205189167,0.019758507240007876,True,3121
4,69,0.11746407746208043,1.7435790559509428,True,0.987586663252921,True,-0.45603036055999147,-0.44370625504703215,True,0.10777809775664171,0.005792483599913849,True,3122
8,54,0.16363614505866292,2.6023035679325828,True,0.9742780203570017,True,-0.4559281040997079,-0.44122077493022205,True,0.15957100846774483,0.011132232241637997,True,3123
15,19,0.08322684435154953,0.3700251883093052,False,0.2792361013393021,True,-0.5327877384786607,-0.38225744058415445,True,1.1792360707330294,0.08205507645789342,False,3124
9,62,0.31966551354881834,0.6298408344757873,False,-0.012638423427675294,False,-0.40477541415665397,-0.27561960520672013,True,1.6022097637161592,0.12712940948126894,True,3125
15,71,0.4533352562224532,1.6935448665561257,False,-0.08269646707843803,False,-0.8882840740665998,-0.4797774513037888,True,5.976211593798803,0.487588707357162,True,3126
19,21,0.5851806530470729,0.7023536719077664,False,0.015227978843261658,True,-0.7100992971829431,-0.37582385749714287,True,3.0230670683743437,0.23113593306758698,False,3127
4,15,0.13420126430861282,2.8157687514057184,True,0.9812861134429676,True,-0.4725476448427488,-0.4445849803534954,True,0.13541523714000214,0.012804580003652038,True,3128
5,5,0.5652522229275038,1.9044520261545248,True,0.5749750382686596,True,-0.6432113035008136,-0.38546646071870166,True,0.5153246911587368,0.28702472934385914,True,3129
19,65,0.3023621486502432,1.2687513912832011,True,0.920883751134589,True,-0.46192836295927764,-0.4501315602422144,True,0.2906762299881485,0.014766591349354746,True,3130
2,79,0.3788892290030411,0.5844980549184038,True,0.8656948038062673,True,-0.4631111003112225,-0.4481428551938021,True,0.37560053659294584,0.007484122558710032,True,3131
15,29,0.5401420558333541,1.3040021065923535,False,-0.13443301971631172,False,-0.7176555544175172,0.04475556157322181,False,7.5044635632682315,0.5378535118948976,True,3132
7,81,0.07606431773915362,2.053208958381562,True,0.9940759761773748,True,-0.45228206913115543,-0.4474012492111643,True,0.07837208607680929,0.0033133575275405237,True,3133
7,18,0.45660188510586686,2.802157999258499,False,-0.3516998308287811,False,-0.9432240884241352,0.16221143175340483,False,6.216737055062165,0.45455138244562715,True,3134
14,59,0.21220814839649316,2.0225040391612787,True,0.9521739664361906,True,-0.4516346230471812,-0.44130720408034174,True,0.2206065794607703,0.010898108777068724,True,3135
9,60,0.5397821493427187,0.05699676584941904,True,0.7724666810480941,True,-0.4855769974106751,-0.44494350405779365,True,0.5351362291409697,0.03680102415453653,True,3136
2,49,0.5538415927064813,1.8633204699165797,True,0.6782032591407963,True,-0.5139316837528798,-0.3358175900659184,True,0.5697999594181472,0.08905704684348015,True,3137
12,89,0.2435297700405465,2.915007209779974,True,0.9387240050574703,True,-0.4540516190505904,-0.44345169473071294,True,0.24595742878253762,0.010729936932918462,True,3138
14,44,0.3690666062176782,2.4732787783144508,False,-0.16817479033618254,False,-0.503226495552505,0.42565018069878824,False,9.958481995810715,0.7479347379755712,True,3139
16,56,0.5726748726939567,1.0381746881985885,False,-0.0353612202054745,False,-0.6744253599307819,-0.39987559202923467,True,3.7548001317700663,0.2755279554109674,True,3140
13,86,0.0999487095424691,1.9239548817375225,True,0.9896817213144373,True,-0.4529749276285137,-0.44821320152147065,True,0.10158200264565868,0.004085955764128311,True,3141
20,79,0.41766154851147436,2.7178742538164036,False,-0.10120338719096522,False,-0.8041176504461899,-0.06713401964403537,True,10.429804907634901,0.8373525528474534,True,3142
3,72,0.29823416488478866,0.08484101649366249,False,0.7879713320494154,True,-0.4596121194608237,-0.4289443172465469,True,0.3951845524661459,0.012910990839505577,False,3143
18,27,0.2101933277580854,2.142962534457669,True,0.9553316157039525,True,-0.46220142770364214,-0.44537672788996696,True,0.2118789578580634,0.022086827107648505,True,3144
7,21,0.17051037600264257,2.1863747721424494,True,0.9735949274855467,True,-0.4511511349683633,-0.43088089423044496,True,0.15268715324143292,0.015483153768390044,True,3145
16,75,0.5324510864646692,0.6169800202009168,True,0.7665626674557366,True,-0.4572761306586814,-0.43259326791557595,True,0.5329716418781608,0.027902012793902142,True,3146
13,48,0.3901098028315055,2.8447681802132903,True,0.8771580049568276,True,-0.47598317622264247,-0.4490044396971311,True,0.3727584121866832,0.024448231615205738,True,3147
4,56,0.4295528119905308,0.42346592117264226,False,-0.2767553783820724,False,-0.4343140704957384,-0.2153489665836853,True,1.3785412593711963,0.12521967460964425,True,3148
3,84,0.2450894790719571,2.938699113514338,False,-1.243885130135054,False,-2.091273076274693,0.3705149992183016,False,18.531176122312978,1.3054931760181738,True,3149
3,98,0.32989075722369754,0.3144387230782756,True,0.8947219127831945,True,-0.4606666050399274,-0.4444687083118808,True,0.3297160089912693,0.006842123977171192,True,3150
2,12,0.3152275698435858,0.6080758612923636,True,0.8996069905507397,True,-0.4638401622954267,-0.39574229872616273,True,0.2558343529315915,0.034048931784631975,True,3151
8,6,0.39775538939120975,1.1108993542124472,True,0.8976754723866236,True,-0.5064985632383721,-0.42394584675872576,True,0.3287168024277638,0.17028989555249796,True,3152
7,77,0.5752705375636844,1.8948978936155716,False,-0.29738981400693754,False,-0.4738096735562828,-0.10862416232512541,True,3.2493582415975855,0.23108748497920514,True,3153
12,66,0.39763982234697054,1.0689918653388037,True,0.8604621097372557,True,-0.45192986746553826,-0.43461054867095145,True,0.38959514441955345,0.018119622212172386,True,3154
11,17,0.1469799811521385,0.2977286770329701,True,0.973682425628198,True,-0.4487534270732557,-0.4335684585801888,True,0.15136456774954632,0.01711831069063433,True,3155
9,13,0.08207215746787955,0.04857766914755912,True,0.9945456727862979,True,-0.45454394043809154,-0.4461219688060068,True,0.07146282559213013,0.00666119807887736,True,3156
4,28,0.2083866890862388,0.9666803196707382,False,-0.5643365139887659,False,-0.5860324321966279,-0.3259470727640615,True,2.246478181723065,0.1342027295016798,True,3157
19,50,0.10500557160883545,1.8964126297257629,False,-0.09446790179187858,False,-0.4557557409094579,0.06592252641066404,False,7.268967342526507,0.5554195020130566,True,3158
13,73,0.34824490394657154,2.828645271052534,True,0.8877293167406595,True,-0.45908226208605946,-0.43839108756613293,True,0.34504715875113023,0.020497968090909292,True,3159
14,60,0.1925236113955529,2.143432508263123,False,-0.1487286107141823,False,-1.1729465760651987,-0.0013122779369652295,True,9.936161784501133,0.7713575063566757,True,3160
19,29,0.221874589743094,0.12957644144351543,True,0.9485868584492175,True,-0.4558239539073008,-0.43707508180271354,True,0.22812901918594777,0.022323467554206163,True,3161
6,92,0.4084928839643555,0.26991737364338253,False,-0.0305718161655697,False,-0.5455952334964049,-0.3430352240830809,True,1.4611243019360176,0.09846249617622427,True,3162
13,45,0.2507696473684843,0.40339614704599536,False,0.0022226521779857844,True,-0.6131561704889655,-0.24951161383457762,True,2.1467463663901554,0.1691088264635572,False,3163
11,33,0.40864972631187296,0.46495541678815244,False,0.07950307269113799,True,-0.5227047156613612,-0.39003022815245053,True,1.6813910411202202,0.13545452141762784,False,3164
15,90,0.40171278231199753,0.6151137797262443,True,0.852488980809588,True,-0.455519986557292,-0.43491925853698343,True,0.4030626195823367,0.021114472689234012,True,3165
15,7,0.17218802786879608,2.8306269897451166,True,0.9686724907487687,True,-0.4627004183564292,-0.42933090591532125,True,0.16505012622911117,0.04186825175433627,True,3166
16,91,0.4745290149276981,0.13662340239741222,False,0.5864813522246448,True,-0.4407361525131223,-0.3903161500131442,True,0.7294630823865227,0.05176427620313325,False,3167
13,56,0.18013507482834118,1.3844528678081667,True,0.9690601733680743,True,-0.4573437802531218,-0.44752867521371276,True,0.1745748493747565,0.011272361915223579,True,3168
3,26,0.4867090400611185,1.4666631180146603,False,-0.771146858633954,False,-1.104310149396033,-0.32445621886549275,True,3.2950756732036637,0.30771996607631835,True,3169
13,34,0.08340569827893834,0.8288852639551586,True,0.9926943997595512,True,-0.45440860372524416,-0.44807426095262204,True,0.08243097299259074,0.005453109937086398,True,3170
13,66,0.49816900872284386,0.3457907280451996,False,0.21325912743247188,True,-0.5458463391518108,-0.42387818473408656,True,1.52315113623537,0.1075227343581562,False,3171
4,14,0.4891299738146671,1.686903729802943,True,0.8270097261822553,True,-0.49120122767390106,-0.4045484338417342,True,0.4466626490809004,0.048834715502072315,True,3172
12,84,0.44268602956232106,2.4035043652274,False,-0.1884123219431859,False,-0.6708676672274734,0.2514434404892241,False,9.93753476274122,0.7001861749610993,True,3173
5,8,0.3826963269023045,0.13579216159812812,True,0.8724087477302772,True,-0.4919000173229112,-0.41668108531330683,True,0.3337953840402575,0.050211223696691794,True,3174
18,31,0.46995284547539556,0.693734203202609,True,0.8314891360400781,True,-0.48649817437985554,-0.45204288495967493,True,0.4614970675873934,0.0436826667958924,True,3175
8,33,0.5273398453675938,1.8735033624145419,True,0.7953850139315335,True,-0.4995202566226206,-0.4364400449834661,True,0.5207422117560551,0.05678838084776515,True,3176
12,90,0.29678015740169605,2.2121231355232056,True,0.9142627688236197,True,-0.45883516518160467,-0.4426069277396471,True,0.30059629455584647,0.01526898660224559,True,3177
10,70,0.15035468738570756,0.9196509038934088,True,0.974463966680899,True,-0.45784458678739304,-0.44009927007603794,True,0.1554543999711853,0.014381526691645344,True,3178
17,97,0.32736068227085807,0.24096496562452274,True,0.8983114610411478,True,-0.45578339519644784,-0.4433805097590798,True,0.323734804438382,0.014968781850513865,True,3179
14,23,0.11334358827169717,2.621940195233086,False,-0.17597757942573278,False,-0.6654650923086629,0.2649693507318885,False,10.162406470626998,0.8020176651691611,True,3180
10,80,0.5292141294896237,2.4045019838104764,False,-0.21365999768787258,False,-1.2164335500150474,0.03649132499399875,False,8.481174224662096,0.6200459121865205,True,3181
13,71,0.11257929445006115,2.396717882828458,True,0.9891698042395796,True,-0.4541869145511332,-0.4480972132294932,True,0.10259442335403926,0.005282460211239907,True,3182
6,14,0.37162278795171516,0.13136770665617747,False,0.6405952861541641,True,-0.521559234532492,-0.4557797340308212,True,0.6662437175525856,0.046096411510546054,False,3183
14,24,0.09152037580835849,0.8433621315598118,True,0.99170612890671,True,-0.45606637351067464,-0.44547425721500006,True,0.09422684747467927,0.011212430615498571,True,3184
19,90,0.18935892242743424,0.3046587861728617,True,0.9650358376336458,True,-0.4543860855969838,-0.44425929309554774,True,0.18915246737322067,0.011660103455489715,True,3185
5,43,0.46058257367610195,2.802037196379773,False,-0.5733679418457713,False,-2.0745761167486823,0.18126375346670867,False,10.735346332424772,0.7723602621644274,True,3186
18,70,0.5969114587794211,2.674758128380483,False,-0.10778629008718377,False,-0.9435897978715464,-0.1399005314035404,True,10.957594679159868,0.8262458328841644,True,3187
3,97,0.5230723607969242,1.5388759512332777,False,-1.025332484553048,False,-0.6845394872805888,-0.3545981857808343,True,3.30327921703176,0.18871006655863734,True,3188
8,90,0.32459003732934366,0.6867277633389005,True,0.8912578841779031,True,-0.45905914137153997,-0.44266646046212754,True,0.3280618905211377,0.011687979271519664,True,3189
10,22,0.07572134602924764,1.3462100512681543,False,-0.021049445430094016,False,-1.0138370003546602,-0.4950239833965925,True,3.326792774511766,0.29610833430762956,True,3190
4,29,0.4046213396876207,2.064286457968632,True,0.8108940389622588,True,-0.4865230478390308,-0.41507307229022505,True,0.43778928331777506,0.03199421379203207,True,3191
15,30,0.21316022755721875,1.5621059781420326,False,-0.1469849867331503,False,-0.8271932841944151,0.07946771230881702,False,7.151811408645602,0.4712116539753814,True,3192
3,82,0.48313972000518585,1.3177401776893956,False,-1.2137544136739078,False,-0.5552677616642488,0.12759398051462423,False,3.786590185253723,0.29895228948407987,True,3193
3,35,0.07542918899951243,1.806337816927725,False,-1.1399367268239784,False,-0.7315878090144393,-0.35654186116283165,True,4.4396764294200874,0.10990665183898517,True,3194
2,62,0.11397968420783904,1.749455873033601,True,0.9856910767219466,True,-0.4516407807152718,-0.45032791202269284,True,0.1162805266764308,0.0006564343462892308,True,3195
5,87,0.2953204626182162,2.8314296874873786,False,-0.47244541459341916,False,-2.1712597707090686,-0.537720675215391,True,17.85485853911216,1.412424339058114,True,3196
15,43,0.31878108009440725,2.8708715082585323,False,-0.1287725471136847,False,-1.0046231113199473,-0.17366011009489868,True,12.434800347629606,0.8771237232116678,True,3197
8,63,0.20089518525245603,2.7555690114315303,True,0.9654754366255112,True,-0.45508444041658497,-0.4396225635231529,True,0.19052618858413456,0.014276501666991483,True,3198
20,69,0.11635807407572842,1.4121168244006297,False,-0.07502717572762108,False,-0.8231052882180123,-0.32290340540509677,True,6.094051604234832,0.481686256331241,True,3199
12,12,0.35594551891799986,1.5117774303057048,False,-0.19431412476739296,False,-0.9039656484915213,-0.05442044060204396,True,4.554697259454837,0.31405975070858977,True,3200
17,59,0.17128617543924082,2.663673736497968,False,-0.09266367559510025,False,-0.8842452686137595,-0.2452897536544573,True,5.913069846644498,0.46059098589999736,True,3201
9,81,0.16445750829181308,0.2540654540508127,True,0.9731343078465589,True,-0.4572995814976681,-0.4417587634866493,True,0.16165347942378425,0.010392428655203957,True,3202
17,17,0.17048945724740017,0.22350356832935103,True,0.9712699485053548,True,-0.45633979063191354,-0.4373369512881963,True,0.17044168276598343,0.020733121915825506,True,3203
2,53,0.37531418693394336,0.020241093067762006,True,0.8498318479640332,True,-0.4437958619287629,-0.4254895958886428,True,0.3716645967833858,0.009153133020059961,True,3204
3,10,0.0595385224165135,0.8352427492132023,False,-0.7195979165087574,False,-0.7697898945497418,-0.3698185121154805,True,2.5124066712685527,0.15859095209179952,True,3205
18,84,0.1865189143094566,1.287937619505265,True,0.9678966204347312,True,-0.4544956313216414,-0.4478815273100445,True,0.18218093277174713,0.007562225751139737,True,3206
7,83,0.5238061365547522,1.5917895938598554,True,0.7621399472375436,True,-0.4695083904756462,-0.42988724345652085,True,0.5442944974250998,0.025958616967022702,True,3207
14,82,0.390493248265975,0.43755712206712916,True,0.8717323285913231,True,-0.4637376456666414,-0.4455279579786663,True,0.37732315579995335,0.017365612176180822,True,3208
3,38,0.4731491862591627,0.11470345243158464,False,0.6033797270963456,True,-0.4482153141554706,-0.41244395713143284,True,0.5698479223279963,0.01458407769840886,False,3209
7,70,0.5853927275891224,0.5828215369376344,True,0.7281708080028051,True,-0.4575252955831729,-0.4037300166520323,True,0.5746103611106272,0.03633594452003507,True,3210
6,24,0.13328423648208976,1.9313904701129712,True,0.9780601968575112,True,-0.453534695523952,-0.4332830463327361,True,0.14414449413547575,0.0160956376906524,True,3211
7,64,0.37401161712713404,2.792506756141181,False,-0.21726157898962128,False,-1.535753649736764,-0.4251515773417409,True,5.808893924456135,0.4860383809711001,True,3212
17,21,0.36033426624200915,1.9758394223485047,True,0.8547765064802048,True,-0.4380553007480919,-0.4111522726864933,True,0.3721487467074808,0.025625421606752737,True,3213
9,11,0.5286680818875896,0.9826354540409408,True,0.7736290129243214,True,-0.5117017798658312,-0.41114435324920473,True,0.5428278305767571,0.09473991288993094,True,3214
15,92,0.3991105854910013,2.38686079029539,True,0.8603831820384432,True,-0.46084460333275473,-0.4398870206233008,True,0.39903875473149475,0.021238328185397927,True,3215
2,40,0.45938155047042606,1.4724387626923923,True,0.8176977732511717,True,-0.4990387007622834,-0.4933860199066429,True,0.48238444279814935,0.002826340427820373,True,3216
9,31,0.5834272094406928,0.27634758605559784,True,0.7605996812526672,True,-0.4880954229920414,-0.4059335418228122,True,0.5804560739794874,0.06472292632324704,True,3217
11,63,0.13748033410122212,1.9356780080043556,False,-0.16940584820345572,False,-1.2602466200998113,-0.47112689398925617,True,8.986386374751286,0.5993897865071288,True,3218
8,19,0.5422371822365539,0.4022715494650161,True,0.7249610714957869,True,-0.44874629894195217,-0.37976710993818025,True,0.5465618172539163,0.05213716143561223,True,3219
20,89,0.45539529300315884,2.336509634836484,True,0.8226548847298056,True,-0.4649970458627105,-0.44812916987919815,True,0.46193082888619225,0.01935205072251002,True,3220
12,24,0.5714207617271108,0.6596200822645106,True,0.7434889103268115,True,-0.4825317956876485,-0.42745704145028,True,0.5812282046286507,0.0587411563771611,True,3221
13,69,0.3611680704775738,1.5695096035331986,False,-0.12108265450870581,False,-0.9588259630454565,-0.3458117441964332,True,5.482339410529863,0.3895728549765494,True,3222
10,97,0.21560183704883112,1.2355660095788186,False,-0.16515248444764175,False,-0.7187812276166129,-0.26936046864890195,True,5.259583024251675,0.33192045799812153,True,3223
11,83,0.3016085918554365,0.18975059596304766,False,0.6672207652658508,True,-0.4725108705930172,-0.41435421078380535,True,0.6475075127401066,0.04857638994160845,False,3224
15,80,0.11287183224524894,2.9694019152867623,True,0.9866184899128098,True,-0.4536687820053124,-0.44724693351782335,True,0.11174563818614723,0.007533319096225194,True,3225
20,13,0.3933327845748418,1.8715277219251565,True,0.8295721750325964,True,-0.4700726222369623,-0.4018190342781383,True,0.40941757375020116,0.07185236037680519,True,3226
15,18,0.37646559098765847,0.5701811130706353,True,0.8551232515841976,True,-0.47807845982582253,-0.4374322008025018,True,0.4068265571531174,0.05260284375830945,True,3227
15,64,0.06938557926745169,0.42096779537154994,False,0.1345548883572727,True,-0.4931422645298367,-0.35018295044202524,True,1.6848237773771781,0.09868997026827672,False,3228
12,40,0.3353671611131525,2.7624970287759845,False,-0.1772018639885018,False,-0.7158410406425918,0.04213167815052139,False,8.48758058132612,0.4998944585704023,True,3229
14,73,0.4444959182356065,2.5323262120892047,True,0.8208687518827652,True,-0.46406623783847534,-0.43390238282923965,True,0.4593152843439702,0.0325115731019524,True,3230
3,62,0.3193979440195679,0.4976176919894353,False,-0.5944574982407316,False,-0.4940379035417338,-0.25614381378548123,True,1.3943477824204527,0.07557265338476021,True,3231
18,64,0.5432450442915868,0.3801616779716278,False,0.09426590270207891,True,-0.5012340370588733,-0.33247005693086945,True,1.968501903279352,0.14565801817754306,False,3232
15,54,0.2781383784658654,2.349812152041995,False,-0.14360643838044895,False,-0.45752084393039577,-0.07987865006483692,True,7.793382736099532,0.6397282760300178,True,3233
17,98,0.17614982969749793,1.8202808745320156,False,-0.10580552765434925,False,-0.7564293159980952,-0.16263342933668856,True,6.93233740737786,0.4882016109655627,True,3234
11,76,0.18615292812955436,2.0799784536273163,True,0.9657728050055793,True,-0.4569922296393028,-0.442824096399816,True,0.1834785548552469,0.013076462037777084,True,3235
9,43,0.37392145361035495,0.19584395778381336,True,0.887983413811567,True,-0.4806895270417785,-0.4466310917838402,True,0.35791274032432047,0.02675594870974494,True,3236
6,21,0.1647186109644378,0.620512663186499,True,0.9680650307551402,True,-0.4665642013705321,-0.4271465712939778,True,0.1674865418919491,0.02292171750134242,True,3237
19,38,0.5041809314393344,1.3584710016423305,False,-0.06968555345050009,False,-0.42452920352419354,-0.18711375823009027,True,4.368636909192398,0.32946512518397636,True,3238
8,54,0.5202741907967002,1.7968992950274605,False,-0.3055268989727251,False,-0.38735346421786926,0.5648124434953916,False,8.139549151976045,0.6998488733382009,True,3239
19,55,0.5395613756909541,0.6189915979103291,False,0.15629383963335586,True,-0.5239375838392032,-0.3799072436352803,True,1.7466678944746226,0.1312301123260037,False,3240
15,88,0.39175982026761413,0.5531753653432998,True,0.8627375091709677,True,-0.45990390101887113,-0.44036363343163976,True,0.39655804471157835,0.023430509738807635,True,3241
15,40,0.4783851528033411,0.8269823831550177,False,0.06580687453521739,True,-0.62180083681486,-0.3820974042355567,True,2.3338716399438124,0.18462386200012224,False,3242
2,22,0.09530457924230028,1.6482572315123116,True,0.9934469801842253,True,-0.4497938583395838,-0.44499768148648766,True,0.08083323358357308,0.0015960392555777747,True,3243
10,33,0.5973012230932415,0.4916303738711171,True,0.7210862981735957,True,-0.4782214831274254,-0.4300780222043251,True,0.6281695810310473,0.04727878421282873,True,3244
3,46,0.5243335477041856,2.5854124835620587,True,0.7078580061482527,True,-0.4492411006775856,-0.36393443307597023,True,0.5553464455247198,0.034909903135479516,True,3245
8,77,0.27707214058852014,0.8404526151149676,False,-0.22609991130899432,False,-0.4996010281804814,-0.2478901012041701,True,3.1307845728508967,0.26604563898631245,True,3246
16,82,0.4047061200124711,0.04948928868387914,False,0.8236891382451035,True,-0.4584737692667434,-0.43753837409075313,True,0.4357049275993851,0.02101959749491606,False,3247
7,47,0.5801141521963386,1.6344991094698114,True,0.772625332595357,True,-0.4857087680577615,-0.4287715870452005,True,0.562800253433204,0.04039559602577558,True,3248
17,14,0.08978715400464546,1.4049088124696416,True,0.9912345295323093,True,-0.45970892968838956,-0.4476882637968079,True,0.09247789471964885,0.012518275512972079,True,3249
5,16,0.23417295866703075,1.435026616740758,True,0.961883356611467,True,-0.47672060208425004,-0.44473896367411947,True,0.20029631666838615,0.021149269499675813,True,3250
7,85,0.45134703944987986,1.4252446097368736,True,0.8152972410148975,True,-0.4564399935299275,-0.4311817171849262,True,0.4592799929653894,0.01713643095678515,True,3251
8,98,0.14150166737399328,2.0698297515023656,False,-0.28908956784540685,False,-0.8064052258876884,0.33276242632156433,False,8.283065963640624,0.6421142478095171,True,3252
18,42,0.1633305403995895,2.697609362869595,True,0.9734958499856197,True,-0.4523926204931715,-0.4451891827098305,True,0.15772353115026624,0.008476304779904244,True,3253
12,8,0.15923345180485654,1.163691795562658,True,0.9645946081966296,True,-0.44638693260632,-0.4101830035602049,True,0.17041656136128724,0.027331796178325627,True,3254
20,16,0.2490518726967556,1.2373245169243676,True,0.9442999740047883,True,-0.4706354059068954,-0.4489875032544,True,0.24309778363641632,0.02971748417033981,True,3255
4,83,0.40516282659008246,0.7294897146772091,False,-0.48131708875003953,False,-0.7850864264708152,-0.3847407530634323,True,2.7214692909871956,0.19770833294925058,True,3256
10,6,0.11786841171714772,1.8980342585626033,True,0.9881852048730928,True,-0.4659640590619418,-0.4406012957763777,True,0.107418604439319,0.03349203667657929,True,3257
15,99,0.2914656206144492,0.58383967349609,False,0.06070068120968164,True,-0.5532670125669084,-0.4028223414481223,True,2.1065331509280063,0.13940436576206156,False,3258
9,89,0.35864456050105575,1.1927163472715994,True,0.8816930217748538,True,-0.46556671347311107,-0.44270179191839143,True,0.35777954067879364,0.017891326023059203,True,3259
10,83,0.3153020714908483,0.4507623772889148,True,0.9123735023967129,True,-0.46250239635673124,-0.4429650481816983,True,0.3105470563772233,0.016919263556020844,True,3260
9,29,0.4043774567681726,1.3139878863440888,False,-0.11298724689865369,False,-0.861033826488231,-0.4650963505103723,True,4.097929505297842,0.24310468814686362,True,3261
11,63,0.4252437198064971,2.3449389144104487,False,-0.2085835726197256,False,-0.8110781680991888,0.24858290534113262,False,11.89969482483239,0.8336706017328472,True,3262
10,10,0.19274821135454662,2.9506771201579443,False,-0.21852922714752543,False,-1.584143304049228,0.45269599274381156,False,13.441611315817322,1.0973587353065286,True,3263
19,21,0.23603792434905768,1.5030393256451249,True,0.935185444845987,True,-0.4645020240818876,-0.4388770764672647,True,0.24081647981224757,0.03623926229756185,True,3264
15,34,0.07117820592652437,1.5463496416136424,True,0.9955212691076275,True,-0.45504248242605816,-0.4491061949402677,True,0.06802055705001518,0.005959833603170373,True,3265
11,40,0.22970234620859764,2.634507528228195,False,-0.20370479307551448,False,-1.481982213508283,-0.15935144777245078,True,12.92946473376933,0.9153046765037777,True,3266
7,64,0.17588719870827985,2.486293869510067,True,0.9680200712746108,True,-0.4559184980838354,-0.4397939921870357,True,0.1824764062649061,0.011788579612737776,True,3267
8,49,0.3135185142439903,2.671731356717957,False,-0.29189193689922566,False,-0.36875981389285245,0.451137998072991,False,7.430740063869863,0.6456085872429939,True,3268
4,90,0.5371138447749759,2.335074183344328,False,-0.7496549074697636,False,-0.7514479123333123,0.347899410505224,False,6.981951937740933,0.5531630504714063,True,3269
4,50,0.13779380804068508,1.632667236917305,True,0.9795090909877671,True,-0.44789647599605414,-0.4289636180270611,True,0.12973052006432526,0.009158432617922681,True,3270
8,97,0.424694632983119,1.5781698599474523,True,0.83922331671198,True,-0.46716058747794376,-0.43876406392597955,True,0.4297883233657851,0.0197257166001715,True,3271
20,21,0.5376386953014188,0.4608700612797293,True,0.7865534692887652,True,-0.48857814673627015,-0.44465292742243,True,0.546303709393073,0.06043034133635905,True,3272
17,80,0.28245158422651645,2.10104308371962,False,-0.11203110550998896,False,-0.9493359325952322,-0.20207586502444347,True,8.203988203316896,0.6883629534959509,True,3273
13,76,0.23897645948580393,2.548049734781498,True,0.9442622237125103,True,-0.4517538681171333,-0.44359527303311613,True,0.22924564389426408,0.008267850626622372,True,3274
2,66,0.25294390899417335,2.5094199990090833,False,-2.843372067024857,False,-1.0150373439684128,0.08022356306896491,False,8.502830243313957,0.36821726827353646,True,3275
14,50,0.23671764178760285,0.17351077699097883,True,0.9465613078029105,True,-0.4563147017637787,-0.4405877583081104,True,0.22912520163928746,0.0159098893701176,True,3276
12,20,0.3831668903021822,1.210801693846622,True,0.8462149663404441,True,-0.4810789639445868,-0.4217877721589766,True,0.39571583847858566,0.06153282013553565,True,3277
2,14,0.32468219679207777,0.8912628349860724,True,0.9362296355442876,True,-0.4854637325159289,-0.4343800082742479,True,0.2614829218008722,0.025541862120840475,True,3278
3,85,0.48344866829126554,1.0448644090692822,True,0.7739922443441252,True,-0.4534741185657381,-0.43529500385926084,True,0.5007476888977082,0.009190170869032857,True,3279
14,40,0.38014306818916593,0.1753413409372918,False,0.5440553268634287,True,-0.4686431031002593,-0.39103657580223067,True,0.7962088882855457,0.05675717667014076,False,3280
12,35,0.5145640007289372,2.492897374631786,True,0.7836199683311066,True,-0.4605305828676851,-0.4071108801322919,True,0.49458371118396066,0.04882997124388984,True,3281
15,91,0.18680882973268037,2.1661485662106434,True,0.9662400958432055,True,-0.45454745397423446,-0.44883937767997945,True,0.1848037209666585,0.0059401737496779785,True,3282
20,47,0.47205270340405536,0.4203392772426183,True,0.7993487279277561,True,-0.4732605022663525,-0.434196711573417,True,0.47312910671399927,0.04669091032120069,True,3283
2,7,0.3582603976666426,2.729107755803246,False,-2.6390729709670686,False,0.03710102799075102,1.7655264824009165,True,7.924925571076709,0.40722367054226244,True,3284
7,88,0.33897820751952457,0.24817297450096565,False,0.46923818148387764,True,-0.4893327322483303,-0.3993709886147777,True,0.8321673993224645,0.06388990036838321,False,3285
2,45,0.10317876154690503,0.602919794542491,False,-1.9541446230868753,False,-0.49769716374148976,-0.2687602566750333,True,1.5078490203195267,0.11446845353322838,True,3286
5,65,0.16582262237706638,0.7650355573341827,True,0.9705561557584628,True,-0.45956646042060234,-0.4411197733246162,True,0.1700949158088513,0.011333267354419516,True,3287
6,80,0.2086854941564455,1.4171313476690046,True,0.9508456253126516,True,-0.4616038224832543,-0.44464821954476985,True,0.2241306295123036,0.011008403137035433,True,3288
19,64,0.166308823762078,2.2959797096900365,True,0.9708556246892563,True,-0.4576899564751331,-0.44743905296373004,True,0.17037330033177336,0.011575072146421886,True,3289
6,18,0.23006017471771956,2.145410574597212,False,-0.4129831900416505,False,-1.3195865125819763,-0.013317146690622802,True,5.930420812684002,0.5264747184394855,True,3290
15,81,0.435526551384611,2.794323784013445,False,-0.14569543621124215,False,-0.5719179322440997,0.07479576504141099,False,9.134352118413606,0.6482579006022272,True,3291
8,26,0.29929817028243433,0.943794137606534,False,-0.25014887151658294,False,-1.0193541394757877,-0.14909549674229688,True,3.7857841114598525,0.3071028809036768,True,3292
3,41,0.27853438529275426,1.6782974398019195,False,-1.3301225870523963,False,-1.1024476937672445,0.24413660561295708,False,6.4193652706860815,0.5500898393380923,True,3293
3,12,0.07736973105671485,2.8819269536561363,True,0.9946916828455055,True,-0.45899467789335935,-0.4350922976665426,True,0.06588842849141019,0.010658121938970533,True,3294
11,5,0.25104818570045606,0.34329383117043233,True,0.9290062111555349,True,-0.4608122100034942,-0.39912183728865847,True,0.24036313155082598,0.06849563892481775,True,3295
11,49,0.244533977377408,0.4082942733774202,True,0.9372126157937501,True,-0.45896879544377206,-0.4364335254105652,True,0.2529972827462883,0.02033437860905111,True,3296
19,83,0.4077303152532008,2.141761858066287,False,-0.1004526077422554,False,-0.6915705959503361,0.04142833633124919,False,7.0169434643840605,0.5327070466111242,True,3297
14,23,0.46236349708416513,1.9321047954963204,False,-0.15933362156351527,False,-0.7876099151051285,0.5192237247509564,False,9.281554187025021,0.5606486446045422,True,3298
10,21,0.090251571552794,0.36260825392222573,False,0.2514974131277803,True,-0.6251998377363907,-0.46648034339350297,True,1.5121913386441705,0.10952172190269549,False,3299
12,20,0.4060683787834966,2.419176194027544,True,0.8138473291536041,True,-0.47836648576061525,-0.4255307857631008,True,0.4659045688212621,0.0465373525982686,True,3300
5,92,0.34405561758735825,1.9715799101776348,False,-0.5091004430819637,False,-0.9716147439394627,-0.22971648838105996,True,6.489857121575527,0.4964744299301603,True,3301
13,88,0.08433787652307483,2.4978830815441695,False,-0.16414394860234682,False,-0.8206690904317989,0.018918756032020763,False,7.873049748283308,0.6391753250200608,True,3302
10,51,0.4558222633183856,2.373455335351314,False,-0.2504309872020243,False,-0.7983092957083082,0.216488662512843,False,6.257633408655988,0.5335425969346195,True,3303
20,94,0.5074131721264231,1.273383433734545,False,-0.08012993294195692,False,-0.6932951614470568,-0.14847286072348195,True,5.6152108551986135,0.4301276112345409,True,3304
11,39,0.497492291154264,1.8084239875008237,True,0.7928262771538002,True,-0.4608477713374972,-0.4259021390133785,True,0.4979386336327519,0.030688817305309944,True,3305
11,32,0.08052474399966629,2.4337033029785067,True,0.9926948136541542,True,-0.44615644441143854,-0.4408633523296103,True,0.07996612775799253,0.004865497611872467,True,3306
18,18,0.1260685213769383,0.4939745774789296,False,0.09326282846990519,True,-0.5600364732643827,-0.3688516352637559,True,2.1478597339791143,0.14363109240908853,False,3307
9,45,0.3485849192501846,0.6208342478145968,True,0.9057127447917986,True,-0.4835705563157202,-0.4572103019658469,True,0.33819466394277226,0.018931969343612208,True,3308
6,58,0.32899600700235004,2.6587602149259713,True,0.905507531084366,True,-0.462277115235698,-0.44874241520547375,True,0.32649305241528026,0.009554926258601135,True,3309
17,48,0.5940540441007724,1.959419112904958,True,0.7219517195272402,True,-0.4504184671857446,-0.413273892063381,True,0.5913664271796576,0.046373329058245046,True,3310
2,24,0.16980422369552414,1.4592039589320462,True,0.9704988008904764,True,-0.4347118913466706,-0.4274913807946896,True,0.15584563027285786,0.0036102552759902373,True,3311
18,21,0.253426527637469,1.7730171551109715,True,0.9351164864223173,True,-0.4586134980028624,-0.43712503943677194,True,0.25915819335846174,0.02632088456641339,True,3312
16,89,0.12332101798874799,2.523792128425703,False,-0.12731643055708441,False,-0.8560194132189871,-0.2426342586226502,True,10.247669450497362,0.631208779906791,True,3313
16,95,0.26904474652873284,1.930344923228206,False,-0.054862320808602094,False,-0.8802901405950979,-0.4396899962881831,True,4.8856837195262734,0.3331582240927696,True,3314
12,25,0.12404991147493356,0.9863757428372528,True,0.9844324361468899,True,-0.4535622291543589,-0.4425596650217575,True,0.12462159962619479,0.009154540115668353,True,3315
9,98,0.37425414151191844,1.6932444880183728,True,0.8653076087870735,True,-0.4546847944163539,-0.4434558237877044,True,0.3818047784821327,0.009344529430438757,True,3316
2,38,0.067754989876014,1.6480315808490893,True,0.9958346161087444,True,-0.45651365424546053,-0.4479471138983933,True,0.06557047222468489,0.004283270173533471,True,3317
16,62,0.31371044219596506,0.5231174058446056,True,0.9059233370999326,True,-0.46036211563838286,-0.44284729616941887,True,0.3114944846580321,0.019596297770320303,True,3318
3,85,0.30498179512699786,1.6052355805174399,True,0.9140238012740796,True,-0.464552316528175,-0.4592825270486576,True,0.29985663625246906,0.0033649457347451604,True,3319
10,100,0.44634407834003764,2.745638013452138,True,0.8248946345844352,True,-0.45977277006915773,-0.42977350874702497,True,0.4492014454756655,0.021710831361823026,True,3320
7,100,0.38628656700884983,2.133356838137682,True,0.8448839045706771,True,-0.4533039679231084,-0.4313086180234758,True,0.399713691959213,0.01581799313313985,True,3321
4,100,0.3029936031395794,0.8990306083669353,True,0.9173947227877213,True,-0.46520844415463813,-0.4477551733799131,True,0.2984402711157364,0.007251478662927698,True,3322
2,28,0.25062176717519075,2.2076483160083944,False,-2.396357781117406,False,-0.15356028431950752,0.030429596604024528,False,1.0651046302167682,0.07694313210545262,True,3323
14,50,0.5087140935647069,0.8174666792657611,False,-0.05197293043144513,False,-0.6533748458162092,-0.318127292093863,True,3.2467857263120683,0.24583308233401083,True,3324
17,28,0.5477464863227638,0.7328698076578541,True,0.7671026367564486,True,-0.48747331671593874,-0.4319924742876602,True,0.5215712120154488,0.060960848262092845,True,3325
3,13,0.49346056149470063,2.660184163386046,False,-0.886895459925821,False,-1.4128902942918486,-0.664636759294885,True,4.727392051471014,0.3327643350351706,True,3326
5,67,0.5348684511062674,2.8282376422072937,True,0.7695612586258401,True,-0.468894787397499,-0.44206607457947217,True,0.5451515506122109,0.017627186572133056,True,3327
2,87,0.3871712156106288,2.8368560353921346,True,0.8909461718682113,True,-0.4953233480295298,-0.4607904506368028,True,0.3557385773588394,0.017266448696363124,True,3328
14,98,0.3506705747960435,2.4487091641641494,True,0.8814737361581642,True,-0.4584087132920604,-0.4412689392768687,True,0.35665074300739547,0.016137666994399166,True,3329
20,75,0.429513989091966,0.4072320005317429,False,0.24559130965988574,True,-0.557844182986685,-0.4465239720420534,True,1.5272451268659826,0.113957594854272,False,3330
16,65,0.15276177217704218,2.766690871332666,True,0.9755947881797415,True,-0.4576073411840846,-0.45065671107741756,True,0.1555565626120663,0.007980589823843313,True,3331
3,68,0.23017462046045517,2.7179772642484665,False,-1.3281396556994944,False,-1.075611879796231,0.4526131412499288,False,9.246459854180713,0.5637831746126939,True,3332
14,9,0.5915318364409147,0.5767341937538345,True,0.6944976341651237,True,-0.5441104035105143,-0.428886425929105,True,0.6513730162566027,0.11847880741750368,True,3333
18,90,0.18273552506665902,0.1247228468240672,False,0.6582956031291486,True,-0.47215479105233654,-0.42638491248069854,True,0.6541231924178463,0.04382549557089653,False,3334
15,38,0.268343284438312,2.912054808606686,True,0.9336935844592126,True,-0.45629202461689483,-0.4394762760062107,True,0.26792904055008826,0.018296494536747154,True,3335
10,22,0.3749749675163503,1.6977319315342365,True,0.8889198811940242,True,-0.49724113099312617,-0.4293078990211594,True,0.35800465729742875,0.05629464179074574,True,3336
8,9,0.5801691056507927,1.9104413315906268,True,0.7113688037788048,True,-0.4628213525053621,-0.4082609565654553,True,0.5068675885600363,0.05047023736048851,True,3337
10,61,0.2401383138728742,2.0596678803474324,False,-0.2361456755981084,False,-1.5432338392861418,0.3379540458585803,False,11.729287469922332,0.8012251052140471,True,3338
20,80,0.1863933765701356,1.9428874205283773,False,-0.09319881161182253,False,-0.6434219626950619,-0.20178617104116356,True,6.431756071702318,0.4759097766649608,True,3339
4,81,0.14155872773951403,2.131228507695871,True,0.9817219426402117,True,-0.45591923141207036,-0.4465846020035775,True,0.13394961437708147,0.004795692418614151,True,3340
13,25,0.26099851275443914,0.7570991900853589,True,0.9336993406921218,True,-0.4713610638123071,-0.43957730722031013,True,0.264995993999105,0.029816390043320685,True,3341
5,76,0.562702905718639,0.014277557498064253,False,0.7568030657132456,True,-0.45561945634727513,-0.400909618728458,True,0.5360963547038572,0.035925691228013104,False,3342
3,62,0.35880637115513164,0.8284151636014802,True,0.8961312098691899,True,-0.4655763965636267,-0.3992433436973532,True,0.3345880887723974,0.027166745755282863,True,3343
16,52,0.06462241272546798,2.54889985765552,False,-0.13831606694898202,False,-1.3146986862475005,0.21676691827901864,False,11.91472124536362,0.907750403602441,True,3344
5,18,0.25915370408967586,1.3213387566260282,True,0.9370140124046881,True,-0.4536574870983471,-0.417843224072526,True,0.24545970015733085,0.022952037950610255,True,3345
18,57,0.3935298774535808,2.251190119686312,True,0.867724516993238,True,-0.46196848982239913,-0.4458321284413286,True,0.3843337723913901,0.018364745253568095,True,3346
19,26,0.27477838043158176,0.17297017315315488,True,0.9104479771661009,True,-0.45974591232250567,-0.4305913932654835,True,0.28995529252894603,0.03221634006423466,True,3347
8,45,0.3635815180623431,1.618539853202432,False,-0.23655858606026725,False,-0.3006701911472643,0.0617313670938965,False,2.752149225356279,0.2615376744864896,True,3348
8,26,0.4466024727299496,0.8954014191546531,True,0.8323691025461586,True,-0.4890259259535374,-0.4493341214460433,True,0.45984081132126914,0.02991722120700393,True,3349
20,79,0.592247827355868,1.0218219491246765,True,0.739555886328481,True,-0.45698816533623804,-0.43554827048921463,True,0.5784340108680336,0.02617397313587095,True,3350
9,42,0.10338716466146586,1.7829701171172452,False,-0.24689750873528205,False,-0.6944778382520032,-0.21433004798296051,True,5.707735735370766,0.3470060844784481,True,3351
14,10,0.4319301857420567,0.3684599278087348,True,0.847943837511311,True,-0.496383212069456,-0.4258024793312385,True,0.39607979950466754,0.07868221666020424,True,3352
2,58,0.2223790677785979,1.9347519818671295,True,0.9450946577658702,True,-0.4451189742763456,-0.4351305121436073,True,0.21553128932200863,0.004994231066369564,True,3353
16,66,0.334614512098446,2.7087286280549425,True,0.8921029042765103,True,-0.45514662663501865,-0.4427787860753259,True,0.34254657224685137,0.0134049847760473,True,3354
15,34,0.1166625429699206,2.2097648358440387,False,-0.14459217274200564,False,-1.1462633931390775,0.2653063533222761,False,9.1469655647157,0.6760372941836805,True,3355
4,45,0.2634927656910922,0.9494813219718375,True,0.9188754149412341,True,-0.4745695115576719,-0.44393703434646414,True,0.2700908740249389,0.017515022683717383,True,3356
15,95,0.4234447922280413,0.9074108082597871,True,0.8500337665164162,True,-0.45960027016804283,-0.4428435822234859,True,0.4145762851104499,0.017171222514044605,True,3357
4,67,0.5709584410843516,2.149367515127828,True,0.7473671058423978,True,-0.4790303368255603,-0.3845494321244852,True,0.5595951712654941,0.04709288367280052,True,3358
14,50,0.35099356718176905,0.04590802846920938,False,0.8455199435782823,True,-0.46809517489745256,-0.438464020791951,True,0.3996855340024893,0.024735015865186075,False,3359
17,90,0.21173437277352047,0.5344431184230205,True,0.9573954953566384,True,-0.45720484046600823,-0.4454826450744746,True,0.20987546688260947,0.012414038878377125,True,3360
6,30,0.3926206574668501,0.06022503547019464,True,0.8301070892945566,True,-0.4531672025111413,-0.4216953009559014,True,0.41989092262882904,0.022814291788589673,True,3361
16,26,0.22220860632200978,1.156953485643998,False,-0.11928873191948486,False,-0.40285299250364726,-0.03956546690974363,True,4.778196675070944,0.3939092141267469,True,3362
2,74,0.47798684709711436,2.034420608264445,True,0.8209079160214999,True,-0.4402366401336753,-0.4288275742404993,True,0.4610932791993845,0.005561322744627978,True,3363
17,27,0.47089680611530804,1.4658900190097586,True,0.8043530626207646,True,-0.4700081113357866,-0.4420244727524435,True,0.48858039529631764,0.03417124292253904,True,3364
6,77,0.47221297111836663,2.3806576613296873,True,0.789498728032649,True,-0.46494087167580334,-0.4299886886377946,True,0.4927820339363269,0.02459599738846093,True,3365
15,48,0.3433391042221021,2.4752740657572456,False,-0.12464933350006291,False,-0.8991610885711906,-0.27322408960212513,True,7.6624272933218585,0.5664953261331402,True,3366
19,84,0.2754691663102331,2.9258569431333705,True,0.9283391034090095,True,-0.45473883611184307,-0.4430150933916333,True,0.27003432901756863,0.012919372985677226,True,3367
11,31,0.28730997025118366,2.237252505699173,False,-0.1992245790503291,False,-1.0052384341107117,0.10877812734468051,False,8.211293834617369,0.6646831224357714,True,3368
16,53,0.5918699492726438,1.6560966533070294,False,-0.09963395613708981,False,-0.8492275157892455,-0.18304300917189728,True,6.80725323710298,0.4889646752923118,True,3369
3,96,0.2676139227389718,1.5988052823129246,True,0.9347458832369112,True,-0.45498473137903755,-0.4455696288914004,True,0.2661457581182942,0.00465082816787158,True,3370
10,88,0.5763324537566548,1.519827572535203,False,-0.13842892389814687,False,-0.9170850063856021,-0.5128167463984322,True,5.05100687772273,0.31319251032698653,True,3371
15,37,0.10544078197198783,1.490161821838364,True,0.9890378744825665,True,-0.4535662385794944,-0.44669075194718444,True,0.10453475137745873,0.008614050634974228,True,3372
12,88,0.4284882326699588,1.2168995922137258,True,0.8356142443138598,True,-0.4635729690018505,-0.43477710684524384,True,0.43184366803355967,0.02449604423246776,True,3373
15,38,0.2788433384129419,0.8466495602680845,False,-0.014380271471741368,False,-0.7151345114947131,-0.41207919397592657,True,3.4214951751058846,0.2767790827779858,True,3374
3,10,0.13158708289394266,0.3236356121957227,True,0.973649221354301,True,-0.5031585667069781,-0.4400991736598334,True,0.14802743014296588,0.02647100422027966,True,3375
11,20,0.18078877039454277,0.9188940583763183,True,0.9671216425131766,True,-0.4580293319223965,-0.43834549230316755,True,0.17026776918671796,0.016895901905047094,True,3376
17,47,0.1916660769241209,1.1283489317615927,True,0.965200537302362,True,-0.4524091646625025,-0.44177307010887484,True,0.189102412358706,0.011364834417811038,True,3377
19,89,0.37836142727172106,0.6048320254444663,True,0.8679925327593159,True,-0.45705260840021106,-0.44530531546065905,True,0.3792839694414416,0.014467873127608392,True,3378
3,87,0.25907640133733495,2.3794866600904268,False,-1.042798127830888,False,-1.0759866165958407,-0.4432110692099096,True,4.477668205640483,0.15729864735088192,True,3379
7,23,0.33250315831956834,2.884954268156475,False,-0.42870485645026,False,-0.9928459526765385,0.9450668186409265,False,8.554729482205088,0.5832518362300559,True,3380
6,89,0.20724809138867262,2.0479781107398036,True,0.9585220712170653,True,-0.45843601729864775,-0.4449928529514313,True,0.21364394684876756,0.011324480119949343,True,3381
17,33,0.12221170867072471,2.7069751513954357,True,0.9854375210946595,True,-0.4525508996839296,-0.44342168908563817,True,0.12213275462221722,0.01081279425475688,True,3382
12,11,0.5683156583440494,1.2100330274447502,False,-0.14000767192060204,False,-0.7563601366115844,-0.24057525182231812,True,3.601263045751331,0.2460393733969478,True,3383
14,81,0.050012673228648566,1.4218523179798097,False,-0.1337788498400081,False,-0.6627537942600802,-0.20866279200319365,True,5.475229238602491,0.42249731893686204,True,3384
18,28,0.47465973107698445,2.137405415662678,False,-0.12622655509304836,False,-0.785068561004176,0.32724974963160214,False,9.240314623908274,0.6690979387035754,True,3385
9,34,0.18180819098195794,0.09428468426797898,True,0.9675953174899624,True,-0.46988648794195353,-0.4479217722472598,True,0.18131688301829268,0.016624659504164165,True,3386
8,45,0.35293769996186186,0.38464478183317796,True,0.8894394706595812,True,-0.450674825892772,-0.43855382596495174,True,0.32767959087089465,0.01204821280719371,True,3387
13,54,0.48858500844774666,0.9578171418321592,True,0.8253937973638282,True,-0.4842380659666881,-0.4378166196890434,True,0.47884598732902506,0.04342208191919049,True,3388
20,9,0.49446397477429194,2.7088155658332154,True,0.8557807519511963,True,-0.4781733303890677,-0.4274069061682537,True,0.4274626015228526,0.08383822905778941,True,3389
19,76,0.34089262622975675,1.9255385310282587,True,0.8991507725034689,True,-0.4564002009570507,-0.4417181604469742,True,0.33301023965423854,0.015980780592470906,True,3390
13,38,0.47579409116407395,1.9765165222933823,False,-0.1196686294704723,False,-0.8802733477392474,-0.26241868016010467,True,6.493037323454203,0.4704128264182174,True,3391
12,91,0.4085496388752317,1.8157353368301807,True,0.8501099567870278,True,-0.4501475304115058,-0.4355352803311102,True,0.40320404649515734,0.014897899033857855,True,3392
16,38,0.5021774764497704,2.338658711756671,True,0.7817901782144319,True,-0.47249331526511235,-0.43767379192576794,True,0.5051869861394094,0.0420664768302758,True,3393
11,62,0.12873502141081486,1.0174011071047697,False,-0.07232641267658324,False,-0.5934821331333464,-0.24678640146311276,True,2.6795994287835634,0.18357755085300442,True,3394
6,17,0.17607384403164306,2.6899314443548556,False,-0.49589005565445565,False,-0.9715335371294056,0.5607515115290438,False,8.063297183078516,0.5738788131372523,True,3395
6,40,0.18091970863550932,1.0736976548467287,False,-0.32177998680145325,False,-0.6642788325936506,-0.23546591350778645,True,3.1081518242671,0.1892110904897831,True,3396
20,98,0.43413480396018933,1.3863974221033957,False,-0.08368898334523833,False,-0.6383074913073226,-0.12284825947671082,True,5.791911926250827,0.42567938154958057,True,3397
4,35,0.05494253466646055,0.24484697835887903,True,0.9970825355361377,True,-0.45019534015401824,-0.4415044749436007,True,0.05206356483135999,0.0042807908197223495,True,3398
11,77,0.24051227794622287,0.8874719383932049,True,0.9448617265797086,True,-0.4590175303568197,-0.4435055069537526,True,0.23384835016929542,0.013152185016446744,True,3399
15,36,0.21590858079772596,2.8319141350512025,False,-0.14766847952822526,False,-0.7702947299417907,0.08667864918283827,False,10.006777435198362,0.8000203567895112,True,3400
4,22,0.2413459971358533,1.2248934159581033,True,0.951880725737952,True,-0.4575850981243846,-0.42319143874934934,True,0.20043952930647846,0.026071062592367453,True,3401
5,86,0.4356637581634416,1.6771111215927739,False,-0.21063108611950998,False,-0.9563378043694135,-0.4339423669391381,True,2.575550468596944,0.25749969093092656,True,3402
10,53,0.48403972298026937,1.917648323846933,True,0.8124264389148557,True,-0.4686871376207816,-0.4268616182120959,True,0.47753045924417403,0.03464555756478568,True,3403
5,30,0.1872659278753202,0.646465723355539,False,-0.2911191380757503,False,-0.7958869087662516,-0.311789718196534,True,2.3915465295568192,0.228080474863801,True,3404
20,97,0.4964554438563403,0.010327389380703988,True,0.8112823700375329,True,-0.4572076269451097,-0.436601941355745,True,0.48521362348602387,0.02547695562785019,True,3405
2,95,0.0788559039689169,1.9173225020070301,True,0.9934155295324092,True,-0.45550466064342476,-0.45368609083108036,True,0.07843154259610108,0.0009092849061722585,True,3406
6,86,0.4928539308412114,2.0811540059141036,False,-0.4332920453957312,False,-0.7089091115873988,0.22939573685468334,False,5.354619615984436,0.5715259833558427,True,3407
2,68,0.5217929019905687,0.46053117106088204,True,0.7437986868388058,True,-0.4882154117618035,-0.3864645426055974,True,0.5234001290059924,0.050875434578102896,True,3408
4,61,0.3960022462490685,2.1725371972229537,True,0.8580433247448455,True,-0.4715798237546187,-0.4085478531119806,True,0.3957094238461113,0.034185137929273086,True,3409
17,66,0.5607005145138976,0.5024078238906456,True,0.768280029486655,True,-0.46677233713510874,-0.42736780470748065,True,0.5403739160007697,0.04324469075605369,True,3410
11,87,0.08578580408981092,1.9164864989968426,True,0.9922355633793322,True,-0.45280460010520635,-0.4467150289607202,True,0.0863335675476107,0.005984238178416574,True,3411
15,92,0.4767954096313093,0.6759855118203755,True,0.8192695198462663,True,-0.46675978527011747,-0.4456585816186188,True,0.4740954176205485,0.02354921391904207,True,3412
8,87,0.22908054123862942,1.7204965259956582,True,0.9459396995650646,True,-0.4563119141137361,-0.44417117110983967,True,0.2317503996308863,0.009802934660700605,True,3413
19,91,0.30923857235031077,1.3295364461207455,False,-0.10242316483008929,False,-0.5409824716303895,-0.0648029991805255,True,6.192147756309241,0.4987568410875178,True,3414
12,97,0.5849918513339836,0.965646331176417,False,-0.01206263446187572,False,-0.6913570651556468,-0.39610331581569796,True,2.7380604549957783,0.2474031245768599,True,3415
15,87,0.5586246257883463,0.2274093931687461,False,0.4630673913013319,True,-0.48431653373596106,-0.4329648072827036,True,0.9667158224431858,0.05649293025094262,False,3416
17,70,0.3806808510683598,2.806377582203782,False,-0.12870901898440512,False,-0.9017563296859522,0.3002716343521073,False,11.227488673379408,0.9246025169949516,True,3417
17,67,0.07923918004572189,0.4926009052916407,True,0.9940214177865214,True,-0.45396236136916923,-0.44896869069504286,True,0.0777437893176277,0.005233222992280691,True,3418
20,78,0.3686746311419995,0.8496536016067402,False,0.030782593828423965,True,-0.7572725407740803,-0.5224172866927007,True,3.499879613066494,0.24500417402134597,False,3419
8,52,0.4592296982261329,0.3952839478106077,False,0.21263054059673714,True,-0.5298633368864597,-0.38146126696713323,True,1.3397506459200363,0.08114485645257664,False,3420
5,34,0.0889742547539914,2.377757560613194,False,-0.516049420460011,False,-0.9022604789729467,1.7312265900846922,False,12.430621599932923,1.0030652202222319,True,3421
19,41,0.5074761079800295,1.7600643921820405,False,-0.09746255310780949,False,-0.4965760504209824,-0.11250555926700374,True,5.916043567895905,0.492549464910674,True,3422
8,86,0.27232499632830537,0.17638180581510488,False,0.6185262223972301,True,-0.4956971916414946,-0.39250142372144153,True,0.6327730023590571,0.048291877522151375,False,3423
16,29,0.1717882579384472,2.612902986126913,True,0.9701469251871139,True,-0.45556329693122194,-0.4407991438864826,True,0.17238426761499434,0.016416201534831733,True,3424
7,89,0.31208809655752495,0.3423060283987428,True,0.9144463983478315,True,-0.4533652456387796,-0.4382524266398072,True,0.2964190981171187,0.011583096712093807,True,3425
11,25,0.14085386723617466,0.6311915161797758,True,0.9799251214297166,True,-0.4664335258506823,-0.4530841311231229,True,0.14322661785653457,0.01311241799167547,True,3426
3,97,0.20288745865657093,0.7189451639563026,True,0.9566770498744315,True,-0.4531319191843588,-0.4397687081187054,True,0.20858645511762236,0.00545571565125142,True,3427
16,39,0.5899723845458563,2.037062462787757,True,0.7174176493341292,True,-0.46173161831167436,-0.41587141254870136,True,0.5884567989115368,0.04373506377970677,True,3428
10,11,0.4975617284326041,1.0867826426258018,True,0.7734630351360406,True,-0.5164437477335796,-0.3935098082358896,True,0.5143583412609738,0.1034220288772444,True,3429
5,32,0.5115863656444686,0.36060680022743874,False,0.25566924311892447,True,-0.6154728825845435,-0.4436544508518141,True,1.2047954478947747,0.04379667652677714,False,3430
16,75,0.1715802589218754,1.3925813997068002,False,-0.041114546184015,False,-0.7978649672939053,-0.44695478089059987,True,4.39572582236074,0.2916574260388368,True,3431
6,50,0.06919200380483295,2.3974563646093365,True,0.9961612516299068,True,-0.4538257778692287,-0.44748193944264364,True,0.061434726567598116,0.004436782310918582,True,3432
19,42,0.21607367537543948,1.2962766645900647,True,0.953262198406095,True,-0.4653531575943289,-0.447059609954038,True,0.21935754189428788,0.017275646065000216,True,3433
5,56,0.4195988884867354,2.0296065341102008,True,0.8672109900271421,True,-0.46001328681693143,-0.42628537274438577,True,0.3769675789777445,0.022487398154953334,True,3434
10,43,0.40819266603323795,0.04335578546687546,False,0.8529758716622522,True,-0.4838936434954278,-0.4436177080170289,True,0.4029675298966791,0.03494628543897445,False,3435
9,76,0.3467322023505139,1.0249415027799649,True,0.8903529136729365,True,-0.4711122987544928,-0.4349839146887564,True,0.3432877432594871,0.028560802844676894,True,3436
13,67,0.5127482789345219,1.385015869908462,False,-0.10953164626421641,False,-0.6955502628352925,-0.2686186027975553,True,4.294048676481477,0.35056216087623926,True,3437
10,100,0.13333542237236828,2.5814161380057556,False,-0.21490875760815964,False,-0.9453430006301625,0.15738212127881798,False,8.18641984510461,0.6925113431244857,True,3438
15,59,0.42387741126947875,2.647606305265175,True,0.8386515051947363,True,-0.4619041716434569,-0.43578676594337673,True,0.42615308021614673,0.024159338958316734,True,3439
20,38,0.3238443917703059,1.907112353047452,False,-0.09243171821668184,False,-0.8615469639834618,-0.1087473626070545,True,7.488286766885972,0.6186132117832052,True,3440
19,33,0.3993623632186654,0.2844362618403201,True,0.8560413573953728,True,-0.4716045231541921,-0.4314980906438958,True,0.3963619512878159,0.04567671280883497,True,3441
20,81,0.4763475641252913,1.2392903246180005,False,-0.03158161321272468,False,-0.7862613514437315,-0.3999401825290994,True,4.5865075651983895,0.3715069605629046,True,3442
4,89,0.2847669234248275,0.9775798474543244,True,0.9184755637783799,True,-0.46563425277988335,-0.454510424514163,True,0.28218718026041256,0.005910630122291782,True,3443
6,64,0.5291122642942937,2.676737079000827,True,0.7753136590222811,True,-0.49138688498214367,-0.4686639759711555,True,0.5260906568907658,0.01558815153651234,True,3444
8,32,0.10635392575675975,2.537502276283249,True,0.9887107042930765,True,-0.45010272124177714,-0.4371273451183296,True,0.10554276903051785,0.00826372545678608,True,3445
8,56,0.5071661859652202,1.4740708622633276,True,0.7848949991908857,True,-0.4545042903712171,-0.4350513369885515,True,0.5083761953693612,0.018168300235175714,True,3446
14,90,0.3894022035137229,0.19274261092172218,False,0.3331909154036595,True,-0.48829534497358656,-0.36893850139655077,True,1.1229309716542564,0.07712210408875389,False,3447
12,46,0.12938843509537823,1.8957960844257404,True,0.9837506685477058,True,-0.45126299560024125,-0.44017947444020494,True,0.12457094159467784,0.009369727759035978,True,3448
4,48,0.1846236539790586,1.3083647569563093,True,0.9638110889262557,True,-0.46040558259422426,-0.44306042403587786,True,0.19773724537560322,0.008921025910603281,True,3449
19,41,0.15203022551439666,2.8126755352706474,True,0.9766826693618592,True,-0.46082810719498557,-0.44841645545182995,True,0.15283811732380334,0.012576298686594295,True,3450
13,39,0.446429904641788,1.725190039452044,False,-0.13094790976063364,False,-1.1742475451435714,-0.17616213686313267,True,7.581466399995262,0.629991097712098,True,3451
7,58,0.19087268564058024,1.9969883285136096,True,0.9628089262133496,True,-0.456697563933016,-0.4438063334050738,True,0.1921674541825921,0.011356611583235124,True,3452
18,32,0.07289790538372316,1.3039882316343763,False,-0.01190053696640958,False,-0.9145158124325354,-0.5048315330883624,True,4.38870804417469,0.3655702386166892,True,3453
14,11,0.2378166441991555,0.6637483399052848,True,0.9414885739134023,True,-0.4731013082502094,-0.44264040176123365,True,0.23984806597632818,0.04100854756296623,True,3454
13,72,0.5005429037927887,0.8382667504889452,False,-0.07571813925203696,False,-0.5778000178690791,-0.22094185376241568,True,2.86205817839174,0.18872068349842355,True,3455
20,86,0.15591472839138049,1.1133639381413039,False,-0.08535400777793312,False,-0.4903468113488565,-0.028307382229086308,True,4.665610455661425,0.33901022924822155,True,3456
17,79,0.4920625656643297,0.698612861124515,True,0.803753630475885,True,-0.46542379761377345,-0.4463894504582785,True,0.4942395923332925,0.02298099203146376,True,3457
15,40,0.5538906814803966,0.6319831168936271,True,0.7374903853836976,True,-0.46608227731989255,-0.4377047248112921,True,0.5693329697693054,0.02876564023819301,True,3458
17,98,0.27463965573058363,1.6598024419875377,False,-0.12893053491250583,False,-0.3096758141328261,0.2406577288815744,False,7.972395520135902,0.5927634535951001,True,3459
20,53,0.5231043462563456,1.3755209354622182,False,-0.09361193126423739,False,-0.5758324891265177,-0.07551296152943314,True,7.026393751811072,0.4917875375237187,True,3460
9,68,0.30709313313836856,2.3279254842395796,True,0.9121398744670934,True,-0.459775414304732,-0.44697511099382786,True,0.30682385443004856,0.011462887923935659,True,3461
10,54,0.06064017531713845,0.3738337755441823,True,0.9963441683483962,True,-0.4514109049814973,-0.4459953810028908,True,0.06060460565267835,0.004326236587613271,True,3462
2,11,0.585055622321334,1.9181543578143088,True,0.5883608022112192,True,-0.4686826174659289,-0.41800596785240507,True,0.558173026717053,0.025338324806762208,True,3463
20,5,0.053611422064159635,2.53756148215213,False,-0.12452939810400099,False,-1.0628205017658048,1.3121725262116506,False,9.958423613024575,0.7279399618526452,True,3464
7,26,0.10092210711410562,1.7063517929463996,True,0.990260639058901,True,-0.4503847279343313,-0.4391986976354384,True,0.10109412250729953,0.009312303319367365,True,3465
3,15,0.44124101663433424,2.7959467861926717,True,0.8410308890060301,True,-0.5484348487032463,-0.43247218496214196,True,0.3713432331295206,0.04806797212366439,True,3466
4,78,0.23064501065684334,2.4796060390887007,True,0.9523802975168456,True,-0.45433131054879766,-0.43452358464382346,True,0.21471455409408305,0.009693505618272568,True,3467
15,74,0.5132856053171945,0.2705145249670663,True,0.789849853938507,True,-0.4767081509243645,-0.43878004886477606,True,0.5056347649782815,0.033158294274765805,True,3468
3,15,0.18952006950001582,1.95688399692632,True,0.9650949198375536,True,-0.4902950635355465,-0.4476852240513062,True,0.16983036687110742,0.028788138099225778,True,3469
4,94,0.06715492541089516,0.3435122017445269,False,0.014419513349607005,True,-0.5186579580216868,-0.331635581527951,True,1.0806559044891435,0.07446412806333058,False,3470
8,70,0.5302137489070012,2.0277595277087404,True,0.7809530677106716,True,-0.4550324533226558,-0.4090382037124623,True,0.5064713337852501,0.030224609719678178,True,3471
10,25,0.5791322590764201,2.348349063983379,False,-0.15600134848759506,False,-1.644818935784632,-0.5422339460140899,True,8.810589447795824,0.7770057186176929,True,3472
13,49,0.16521649420984855,0.9979131373594616,True,0.9750333572715819,True,-0.4560674416542526,-0.43970249950914575,True,0.1641461250170804,0.015592798279685622,True,3473
17,69,0.5441778206417911,1.1101081985107721,True,0.7544495451010245,True,-0.45907421791392056,-0.4249162727663342,True,0.5508520874033928,0.036993188423092155,True,3474
12,69,0.516057864124982,2.165929116700573,False,-0.16255530313742184,False,-0.857971080627699,-0.19426964716854103,True,6.935994680184092,0.44616576846332195,True,3475
3,92,0.33512178773009776,0.28493812417124253,True,0.8858433594831034,True,-0.4713099552562052,-0.43415884411897554,True,0.3389311954671657,0.016535041027208198,True,3476
18,88,0.2691419884960782,1.0853442106425777,False,-0.055624694388644036,False,-1.0245548428332274,-0.34654174321797016,True,5.414959074832742,0.4050083791668267,True,3477
12,75,0.3270257948898613,0.8826342256365689,False,-0.05334166920313055,False,-0.4509157775405376,-0.15787294780624025,True,2.24834649289889,0.18378071529703943,True,3478
3,49,0.5233932164360052,0.08514299513224144,True,0.7571356219806871,True,-0.4678452061402548,-0.43593825540441394,True,0.5555741388876685,0.022355108666527908,True,3479
17,31,0.06062967653380087,1.8210561489529469,True,0.9959930981948504,True,-0.4526171914341335,-0.44820011222465983,True,0.0604024278930301,0.004504396092784168,True,3480
19,83,0.1486949289149283,0.23161474430594298,True,0.9777769997011928,True,-0.45389880272079214,-0.44746019418361727,True,0.14803859080119167,0.006864555438781975,True,3481
10,92,0.48332184278219475,2.3059053831550447,True,0.8071347501130078,True,-0.46507730651198426,-0.4434841899191132,True,0.4815371622764632,0.017806713702466646,True,3482
6,91,0.40428964022195474,1.3084534412283237,False,-0.3565689391569644,False,-0.49886040907218754,-0.05391760557929164,True,3.0659977643644387,0.2650379615463599,True,3483
8,55,0.12877675845093944,2.38864543265348,False,-0.2542520019095358,False,-1.0575632499574086,-0.3517869492972777,True,6.880970326298527,0.4166007639251603,True,3484
2,48,0.18487702309762694,0.8162571692612047,True,0.9567393724912616,True,-0.4605234658695566,-0.4429123960377353,True,0.18801964029256565,0.008805534915910573,True,3485
7,64,0.33752774966318033,2.2238414558277513,True,0.8812214695455334,True,-0.4601324884270651,-0.4296278806211429,True,0.34236878530085785,0.02374704800292565,True,3486
16,65,0.36826275183141544,2.5931304613319752,False,-0.12629076963686559,False,-0.9987712627398352,-0.1366163018293344,True,11.522125685669716,0.8985342471208408,True,3487
3,60,0.34234108944608305,0.07695085417344416,True,0.899778027427849,True,-0.45654314744789315,-0.4200277863177925,True,0.33069580036443963,0.016896870734321175,True,3488
8,53,0.2854505414089901,1.441258044887701,False,-0.2596267001598793,False,-0.856325247994608,-0.08368129903238197,True,4.988615486826729,0.3732724465113164,True,3489
18,23,0.46620708411133255,1.1420673985254228,True,0.8174101021689255,True,-0.47054372043839815,-0.4283546310863239,True,0.4556065427967028,0.05428400610937127,True,3490
17,64,0.12563732462866722,1.1647152234389822,False,-0.00748287965096428,False,-0.9260582314804732,-0.5975482554762351,True,4.240451432045229,0.294685230148648,True,3491
16,82,0.06957571317989078,0.7036277444697244,False,0.03979498683759697,True,-0.5320759952844012,-0.35857626323540476,True,2.410458466586109,0.18329765226661496,False,3492
18,79,0.40015637128768394,1.4223534884366034,False,-0.07860878607029198,False,-0.819176124120886,-0.32830427612875185,True,5.997595640492232,0.4535123692665925,True,3493
6,48,0.5373320438612862,0.04358689381844183,False,0.7370309153068253,True,-0.4437431229144287,-0.3932631163418518,True,0.5462367162580716,0.032537811088176834,False,3494
18,58,0.44747509832949584,2.5564897024368456,True,0.8336554963412488,True,-0.45909469432206323,-0.43319979797753555,True,0.44834276011368696,0.029932288431489488,True,3495
15,18,0.3693390353495114,0.08311721368966019,True,0.8766841683081166,True,-0.47348119561027335,-0.41380568959916153,True,0.3683720242564052,0.0531935094506659,True,3496
18,66,0.3592329567702897,1.736273288837351,True,0.8806675819686778,True,-0.4595250189874922,-0.43813498696240866,True,0.36382664895712963,0.025219327703424967,True,3497
7,25,0.30569652555754706,1.035216519518647,False,-0.39348398957612085,False,-0.35576681815326106,0.10350960236573253,False,2.5484340533598173,0.24962192035752828,True,3498
12,54,0.15162214014356118,0.9418576151578348,False,-0.1691430686965203,False,-0.6232181003088221,0.04944749549728515,False,4.68039427353347,0.3431984314773398,True,3499
12,44,0.22128075649404477,0.3992562318073901,True,0.9525744864497282,True,-0.4564250023006519,-0.44261858463357484,True,0.22546307855135897,0.014306880001333667,True,3500
16,93,0.15639301691548352,0.6278128909127784,False,-0.03558660054533114,False,-0.4570288456351778,-0.24439055138517718,True,2.6467103275897417,0.18866471657119568,True,3501
15,87,0.5458515628976862,2.3415158867890105,True,0.7439558943465582,True,-0.46711753979483944,-0.4325831602352926,True,0.5637964585580058,0.03612639671697903,True,3502
10,72,0.19444634454009313,1.9747322218384853,False,-0.18021546744869665,False,-1.3976159204421528,-0.46172146059272934,True,8.707093931611809,0.7122594124107331,True,3503
11,66,0.2581473928965748,2.791192116861078,True,0.9442171266285031,True,-0.4606652948142557,-0.4476190155819889,True,0.25043851525439303,0.012460590007285494,True,3504
19,74,0.16568743576442185,1.152576119185837,False,-0.012026909259745366,False,-0.6453973539385455,-0.3697222614221155,True,3.4217712665151865,0.2445960118091922,True,3505
12,34,0.47472422019307586,0.4020823827433425,False,0.046356154896141866,True,-0.510979140463427,-0.38754221271836636,True,1.9210993179805493,0.14809860862474464,False,3506
20,83,0.14208916163847246,1.1379206648908253,True,0.9809924936552722,True,-0.45568264331801533,-0.44873217599721116,True,0.14060514239205746,0.007969702179087542,True,3507
15,90,0.05848575181754949,1.7348118618000177,True,0.9966014764208893,True,-0.45206188857208524,-0.44960720359826234,True,0.057044994181929376,0.002098978496268265,True,3508
2,8,0.31477399046985044,2.986693939357637,False,-2.1505963259535337,False,-0.35087898273821355,-0.2658164226826051,True,0.9638421891354946,0.009522356221083966,True,3509
13,84,0.15310341359076482,0.562786360677398,False,-0.027380365009826546,False,-0.49986944399819416,-0.3752602632823329,True,2.4055440968170885,0.16752240266445215,True,3510
4,75,0.3841643328801828,0.9010608069609328,True,0.853224197520424,True,-0.46078161977194637,-0.44142496591058067,True,0.3810270690195261,0.009629479411632292,True,3511
2,7,0.5553804561866875,0.8030356364732821,False,-1.2572001738016736,False,-0.3578757743485244,-0.10799031865912403,True,0.9333496141736195,0.12494272784470029,True,3512
9,83,0.45413460356448404,0.0016173872711533477,True,0.8125535689762761,True,-0.462981333710335,-0.4291691589867093,True,0.46843418052687125,0.027365153311589657,True,3513
9,23,0.5745300940497903,2.51654146068996,True,0.7388159710240001,True,-0.5111703666317616,-0.41353980520726846,True,0.5790279819808415,0.06560180779386558,True,3514
14,32,0.3774959600275558,2.26281203789907,True,0.883013549014391,True,-0.45668072857277847,-0.4273912186493005,True,0.3659115903578474,0.03260839750858418,True,3515
14,37,0.08470146467849303,0.6623450199652008,False,0.12459441207093114,True,-0.6518957122089061,-0.41431906486018366,True,1.952497359411873,0.16626385730942184,False,3516
20,78,0.33549941822265317,0.15258368944744127,True,0.8988931515425802,True,-0.45138253540365375,-0.4331573713021103,True,0.3304008030164386,0.0227114434818341,True,3517
4,53,0.5454960067104027,2.509156862470453,True,0.7697559324031725,True,-0.4832395525322266,-0.4212307292882305,True,0.5319497187522239,0.03204514530016756,True,3518
9,66,0.33387729206079364,0.16757196651020467,True,0.8819393818203258,True,-0.46069457067871505,-0.44015528567308293,True,0.34488331445042847,0.015307691148051378,True,3519
19,75,0.21310538927055012,2.658873637483125,True,0.9533979539567738,True,-0.4559766175870175,-0.44525059849232684,True,0.2160642010035237,0.012041907905994593,True,3520
6,40,0.4602261018013514,0.6409032206504903,False,-0.40772118394424206,False,-0.37909095434855294,-0.11065697796908885,True,3.778177528375148,0.24541200954880898,True,3521
5,97,0.25448305772882873,2.37787645617497,False,-0.52676594024807,False,-0.9033471677139111,-0.02258262190250661,True,8.503986992225371,0.671062998868341,True,3522
19,6,0.20153339507105028,1.7726870808722053,False,-0.1336404562986937,False,-0.6506798626469429,0.5208609134486508,False,5.637450225702893,0.43625873993646036,True,3523
9,67,0.2964009198055082,2.821326614683304,True,0.9173249019808827,True,-0.4641656247884215,-0.43687673406054384,True,0.29986317037245264,0.02293613007095234,True,3524
11,13,0.5893877145057078,1.1440810834977069,False,-0.06298165714211579,False,-0.8864575219243639,-0.3659969274180609,True,3.4455251924876102,0.2960286321261213,True,3525
2,17,0.28084368337418547,1.5202562557141834,False,-2.903576701778917,False,-0.9909020957956776,-0.008894243645128978,True,6.417053754399086,0.4910039260752743,True,3526
20,64,0.45200315790380796,2.786156827375034,False,-0.10523773786829693,False,-0.8511967742358689,0.08803942493633322,False,10.438942829977144,0.8045195753918467,True,3527
20,41,0.4002594998268463,1.6776204553000764,False,-0.0717773524633234,False,-0.5234155367699934,-0.2692167120165146,True,4.875613360119899,0.35061589572531693,True,3528
7,20,0.5505709479177309,2.0571632684779297,True,0.7418458854464736,True,-0.44841280257474486,-0.36507842630449705,True,0.5048437971715602,0.06025318577248784,True,3529
2,54,0.30004299893900704,1.2296764399321916,True,0.8891225018802199,True,-0.4553758613491854,-0.44947500900286,True,0.3223139388125967,0.0029504261731629067,True,3530
3,29,0.08913205615316175,0.9766042830073518,True,0.993286235528245,True,-0.4558502710204744,-0.4412159916578226,True,0.08104428153808255,0.005975030049782724,True,3531
18,35,0.29417654648640834,1.2274449140199515,True,0.9250630724311415,True,-0.46287953936629056,-0.4478362254521888,True,0.28398408897340094,0.018266962415483257,True,3532
12,77,0.5901560052856472,1.2426592981777995,False,-0.14879929025275862,False,-0.7315309059016165,-0.23008980270838988,True,5.818730423636602,0.40493839733645987,True,3533
20,99,0.4526285498078467,1.4646554156149292,False,-0.0632465888079965,False,-0.7832767160162513,-0.31708521713837673,True,5.19500340367343,0.3862554083367702,True,3534
20,45,0.10130407202734149,2.133158145023879,False,-0.1008055251916431,False,-0.745624427068854,-0.1332682052813614,True,9.170556650311779,0.6587650922245207,True,3535
20,46,0.4141666299126171,1.0652345082396524,False,0.005090849553954335,True,-0.5990833881468558,-0.2978003224103642,True,2.7534908834229435,0.2672845387449204,False,3536
8,62,0.4063983465977848,1.8958483914267175,True,0.8546043520121676,True,-0.45996825068613106,-0.4264326506648884,True,0.39917495936885355,0.027059639902487716,True,3537
19,39,0.3802522483758572,1.2698560542348818,True,0.8673312466038973,True,-0.44972602572387516,-0.42960584183337847,True,0.37550206656020296,0.02682553036771849,True,3538
7,22,0.5671795549019266,0.6985726733458775,False,-0.26602239037610453,False,-0.49874451826928123,-0.18381842967017034,True,2.397230323253428,0.14314950744200905,True,3539
10,25,0.12755051711073517,2.402628857999631,True,0.9834811368990486,True,-0.4584873806262123,-0.4400874770716878,True,0.1198651598898583,0.014112148565145205,True,3540
15,86,0.5615438858291293,0.9863378539266782,True,0.7438170966788349,True,-0.47185569230202945,-0.4394591037439197,True,0.5733467237457611,0.031936203835650864,True,3541
5,23,0.4535168576291679,1.6336922307996367,False,-0.5867080629139376,False,-0.6073679970335072,0.38821201726861293,False,5.990164006641344,0.3023898006427411,True,3542
19,63,0.576770137471221,1.4960053839746605,False,-0.11032043007180348,False,-0.4986644999659081,0.010700796367689376,False,5.6327646214918365,0.3551529539557322,True,3543
18,86,0.37377624845347673,1.9080938374747476,False,-0.09927190166789113,False,-0.7066313106611956,-0.0516145125350694,True,6.303374857038555,0.4856894884886075,True,3544
13,96,0.372570716061143,0.756975245370075,False,-0.06867854462663936,False,-0.533903896960614,-0.3055145696261613,True,2.921123546024724,0.21099356302795783,True,3545
12,57,0.15157798555926616,0.25240254873129253,True,0.9785990719457698,True,-0.4557185995558866,-0.44887560243868435,True,0.14670765029955685,0.00653662605228175,True,3546
12,95,0.4220455879065234,0.598013564679184,False,-0.060530165332282504,False,-0.5507607458467881,-0.3380276817934343,True,2.8654146331481543,0.21235353704761614,True,3547
12,68,0.14884771847424907,1.6005904460372138,False,-0.12953969575141833,False,-0.6142193654526604,-0.23654947608356394,True,4.19723791116295,0.29738335059874454,True,3548
8,93,0.253814512910411,0.46126304645594574,False,0.09048039530361618,True,-0.5801063684100924,-0.3173468382609921,True,1.374878258617954,0.11721472507714555,False,3549
6,36,0.44289259938965564,1.2791639122589262,False,-0.46277131895915735,False,-0.4781855064048883,0.11854021622983908,False,3.0888356659208207,0.15805271081148756,True,3550
10,79,0.27241146201961675,2.133322765041746,False,-0.22249622639022393,False,-0.8196210802511842,0.07152339910224191,False,8.537316776967051,0.7169569950582618,True,3551
14,36,0.30312221104485454,1.6394286693750182,False,-0.14532411795645261,False,-0.6100220669777813,0.02544734837857467,False,6.176471614857634,0.4439098993482127,True,3552
4,31,0.20387164054977086,1.7816440643442961,False,-0.7714970775374232,False,-1.1705893990854859,0.4852805740124531,False,7.993740837358932,0.6965963904308103,True,3553
10,46,0.2850937022490594,1.852934977630186,False,-0.20858436883336973,False,-0.842119391751587,-0.10870037611482525,True,5.192008049479577,0.4014437458212725,True,3554
14,22,0.37586714079352324,2.9731925926903098,False,-0.1315973870175673,False,-1.1013614649813888,-0.17303475395089998,True,9.552180176738785,0.8042757223187567,True,3555
4,25,0.11263564910248168,2.354993118402292,True,0.9877824064857192,True,-0.4534749740972265,-0.4385555076947026,True,0.1079432731773749,0.0066276416324158975,True,3556
8,89,0.11514767896200719,2.9482020443345087,False,-0.22501535660124095,False,-2.002478733869738,-0.5358299261133941,True,7.788984829036333,0.6515940196740598,True,3557
16,77,0.16497169923306898,0.2544353580200118,False,0.46991773728956754,True,-0.4892094353620658,-0.41692249136731885,True,0.9466288789792107,0.06605853849049727,False,3558
19,77,0.17838874886744677,2.8120980954742274,False,-0.10015912994668597,False,-0.7259938794397477,-0.08509634480306494,True,9.199935891754558,0.6645764869568601,True,3559
3,53,0.1643497333207397,2.4376310951717435,True,0.9645528382235231,True,-0.4592327934656403,-0.45376089399041164,True,0.18641421989176254,0.0022444316315532085,True,3560
15,45,0.32843383263877995,2.6143468661711897,True,0.9032850426448318,True,-0.45742695253141524,-0.4398796257588098,True,0.3258270309821806,0.021313738278630607,True,3561
18,34,0.5097577690903577,1.8560527765300021,False,-0.10202875447072524,False,-0.805321999360924,-0.21513809932836167,True,6.311045048764539,0.4488075098490316,True,3562
12,73,0.3281279469599588,1.1551426959803186,False,-0.122772677586507,False,-0.6769550097455914,-0.31546294896792404,True,4.658203383980303,0.36766380510796454,True,3563
10,11,0.5070046231461232,1.311767191703306,True,0.7856131566166819,True,-0.4838955487373089,-0.3949699260073745,True,0.47686604578715447,0.07515973342337427,True,3564
4,59,0.15396636768947805,2.1069397496254747,True,0.971518473838429,True,-0.45672940180264054,-0.4423529131235624,True,0.1578871141274861,0.007529271697941727,True,3565
11,87,0.5477193018657838,1.0352957126258087,True,0.7668050640361672,True,-0.469151743403681,-0.43062146035263493,True,0.5497198201514794,0.032588100934203355,True,3566
6,40,0.3133399450145137,2.194854845773756,False,-0.43828388431702026,False,-0.7874655402890425,0.09310345377180361,False,6.673575769452342,0.6081036595659315,True,3567
17,63,0.16514980665871043,1.6949148141442119,True,0.9706361617621102,True,-0.4548273798884021,-0.44498762382226864,True,0.16861463234403518,0.01126912675359171,True,3568
19,6,0.2648968252761636,0.6815247155484221,True,0.9143910847094747,True,-0.46677202750658947,-0.42898178032838435,True,0.30126494836970574,0.10262880022034497,True,3569
12,5,0.3432715072028181,0.4781923484445031,False,0.04156346083112661,True,-0.8421300294327317,-0.2149826473713287,True,1.6369907626488076,0.17392481591359296,False,3570
11,51,0.11098387535815807,0.3840385702820489,False,0.0655100826859939,True,-0.5110933253691237,-0.4046275715115918,True,1.8240598457419628,0.13693698150617514,False,3571
8,21,0.5256030567460124,1.3520379668582474,True,0.7829373885159363,True,-0.456004114528308,-0.4193805132729948,True,0.515914462742439,0.0400683902467205,True,3572
7,23,0.5487310189510517,2.463756953223279,False,-0.4177089328871353,False,-0.7557230798543569,0.4673870606663346,False,7.855909716937878,0.5769984000806104,True,3573
5,11,0.2707143701916866,0.63516770156397,False,-0.5370503100734703,False,-0.5730163774103891,-0.12551737868973967,True,3.5059332416105082,0.2481716365436769,True,3574
11,75,0.11978878237589152,0.3614491124296356,False,0.056779774057619026,True,-0.4805022727068303,-0.34573551970371313,True,1.687543908689005,0.11431758680082325,False,3575
12,16,0.549699756030907,2.443468290406143,False,-0.17836788861037456,False,-0.9852740716197432,-0.22006580023200878,True,8.550584971397683,0.7349033215698568,True,3576
2,86,0.2424291225866408,2.566282444528072,False,-0.6032642053222326,False,-0.8697629140733084,-0.7887583139226206,True,1.5958245328173302,0.04003259484731658,True,3577
15,94,0.4116819255823338,2.1877426289982105,False,-0.15115018255834567,False,-0.5518884628341809,0.344881300670072,False,7.879534282335289,0.6408597435681882,True,3578
18,65,0.20177079873933396,0.4946815877375974,False,0.06420238353860497,True,-0.4681517068221988,-0.2857350431831752,True,1.955322677542559,0.1425112014941246,False,3579
15,76,0.5949188812192698,2.05260824304927,False,-0.13696058614223205,False,-0.6474821088612481,-0.05542160850797202,True,6.97263466150791,0.5270688342453156,True,3580
5,61,0.23052540360257862,0.5839600619856247,True,0.9537379714495924,True,-0.4518977349006349,-0.4435062250999542,True,0.22645691894984463,0.005561958325323265,True,3581
4,70,0.3094366956568921,0.650282177287678,True,0.8930119038555309,True,-0.4661886524468146,-0.4270947758344528,True,0.3114065506067783,0.018225284334259722,True,3582
12,18,0.44680884945807536,0.6621053765300109,True,0.7784928565798024,True,-0.480801515121354,-0.42063318695516233,True,0.5060205518458828,0.052484186866989496,True,3583
7,54,0.15555698615069563,0.8310787657807228,True,0.973352393066086,True,-0.4558806155212694,-0.4318579016520044,True,0.15439092978204874,0.015089343727945697,True,3584
7,76,0.5490560221558299,2.736286677588747,True,0.7561852869569445,True,-0.46563575621414194,-0.4372112367400851,True,0.5673695283973512,0.02098343154775954,True,3585
7,82,0.30414027686304035,2.951964869473197,True,0.9104282078332088,True,-0.4717735108059784,-0.44916774771681434,True,0.3094254602343435,0.015001675223997545,True,3586
17,61,0.08350415433263284,0.9024986617561914,True,0.992549686382698,True,-0.4515874312159347,-0.44652192544891667,True,0.08397653904453391,0.00588398084254602,True,3587
14,26,0.0520620437948323,0.6129333485653247,False,0.02007073682855154,True,-0.6389761430962698,-0.31599082644446064,True,2.109636528229246,0.14531177958671176,False,3588
19,8,0.12305987134987081,1.2146023218707511,True,0.984158616069639,True,-0.46661649121567794,-0.44320332257536293,True,0.12866379404424866,0.035675619481018044,True,3589
5,68,0.28313509309695417,0.30377468372453353,False,0.36925054198362517,True,-0.5306735982984893,-0.42314480754251516,True,0.8516576040156896,0.05924255518824888,False,3590
7,19,0.3691893457828489,2.3986005288660053,False,-0.30916847854434937,False,-1.1927960450570305,-0.081478460658942,True,7.631498342399749,0.7158359259179176,True,3591
11,26,0.5017762206747829,1.6779369481473636,False,-0.19358565697206553,False,-1.043605988947787,-0.03264261843134583,True,8.64375544129104,0.6650796617974452,True,3592
14,62,0.42556590561744756,1.863895118331234,True,0.8444242763218978,True,-0.4617678625566736,-0.42972984170078926,True,0.4205801007776683,0.02882407830799263,True,3593
12,41,0.5156464021585675,2.6055393145226855,True,0.7943863141263112,True,-0.48046637429593714,-0.43071458581506894,True,0.5057890795506589,0.04754497262595465,True,3594
9,14,0.20095475014963798,1.5145925111372724,True,0.9578531386315907,True,-0.49365684696352685,-0.4369649625758923,True,0.1955405643255657,0.04187012216077792,True,3595
2,62,0.5652915041323762,2.602255572974375,True,0.667534663650366,True,-0.5089397917477567,-0.398124928031677,True,0.6131918663908031,0.05540743185803945,True,3596
19,83,0.3693255971353712,2.596362135735971,False,-0.10677769110404922,False,-0.7809863099243428,0.024711393399478043,False,11.57063089518781,0.8535278822704149,True,3597
5,36,0.42318189092583364,2.8958711672262814,False,-0.44496924211051003,False,-1.564512104372283,-0.3931620872764572,True,10.526170086230282,0.8518934052744874,True,3598
16,27,0.5539620607390536,2.730053552784243,False,-0.13763416949911988,False,-1.1213857085594507,0.3443189943308849,False,14.436912160515831,1.0304436741367262,True,3599
14,12,0.05018549086731224,0.7134754421378565,False,-0.10087384840450442,False,-0.4677209786104769,-0.2137471112768727,True,2.310362411862924,0.14468464982842316,True,3600
13,38,0.5480461895762122,1.6347130472035065,False,-0.1610306695650241,False,-0.7363091405489554,-0.0731839691770967,True,5.727960259593939,0.41493652533568426,True,3601
14,96,0.40944196135816646,0.8059067582477732,False,-0.0871180573313508,False,-0.7217779701856172,-0.41422857700798255,True,4.409155052664482,0.3366380031706336,True,3602
16,51,0.4835452631655481,2.6508599640175934,False,-0.13633968871220792,False,-0.6559347956187584,0.00012737561297707483,False,7.8254174267396985,0.5616866670577787,True,3603
12,43,0.47782524616065614,0.4513607002094224,False,0.06820365581926024,True,-0.48394726622910206,-0.33896599285149637,True,1.8041345127379986,0.1453612706644315,False,3604
3,17,0.21540133404709805,0.4795414061838045,False,-0.3888604219203029,False,-0.5715839591799207,-0.3193957631149783,True,1.3305569449751062,0.13159383387556858,True,3605
17,73,0.059419995825301046,1.4104489807909122,True,0.9961848400758178,True,-0.4491863520252966,-0.44625172727105367,True,0.0594301281529008,0.003211868058620714,True,3606
5,31,0.35495570825919626,1.2004799827253179,False,-0.46954061361180943,False,-0.6835280200208449,-0.0810277354735484,True,3.7634477280996625,0.22082495574474456,True,3607
5,51,0.1761799073605264,2.678727896800362,False,-0.42864570438115024,False,-1.697897122165714,-0.31547390352096044,True,7.617963243898598,0.6239057343878744,True,3608
2,58,0.5402633361876894,2.980579196290706,False,-2.824823201937304,False,-2.0510505729108246,-0.9456151355665774,True,8.536833974575709,0.5527177186721237,True,3609
16,35,0.5155793221756332,2.0709455932160528,True,0.8086934181758505,True,-0.4861205492151025,-0.44584185399104853,True,0.505443510947379,0.03724046827532125,True,3610
8,33,0.26214086261945135,0.0020789360642401444,False,0.9283457706595388,True,-0.44323770045168326,-0.4297911465743044,True,0.2564088335816971,0.009027422687607405,False,3611
13,6,0.17702101923587354,1.409113510009248,True,0.968402044130995,True,-0.4759121790200725,-0.43411021166471025,True,0.1768035317684624,0.050370320015019114,True,3612
10,46,0.3930339006532353,2.1181065014460083,False,-0.19497026501509107,False,-0.5217718629124208,0.19444823008443177,False,4.701914993926475,0.4304785373430006,True,3613
8,72,0.2145345144326079,2.670416312321978,True,0.9524562694698733,True,-0.4571201319628015,-0.43170316394561614,True,0.21627521544199338,0.018004336284931685,True,3614
17,92,0.5552188540208995,2.4624404056068534,False,-0.1256879387766321,False,-0.4978088422913985,0.21431611972834216,False,10.584079263382948,0.7566865047620437,True,3615
20,96,0.45499547242012983,2.3770976908932613,True,0.8178220178307057,True,-0.4534265715734335,-0.4320629452561904,True,0.45758334486622676,0.02309348767108891,True,3616
20,74,0.17882367427421425,0.7690834228015739,True,0.968833839259135,True,-0.45422125471205477,-0.4458909371303174,True,0.17444483998108065,0.009732676961376576,True,3617
17,31,0.2630904557212103,2.2773392338815603,False,-0.13655341094258722,False,-0.6556460775896247,0.6441080792283206,False,9.364030301010413,0.6894681553296631,True,3618
19,76,0.4229310704226086,1.3144217080077478,False,-0.07999729779582299,False,-0.46529287895140536,-0.2015869797997973,True,4.587824574711784,0.3390284163375933,True,3619
12,57,0.09953663449856451,0.3071747237348039,False,0.4996302017104842,True,-0.48931286000077656,-0.4180114371340407,True,0.8771043019834801,0.07604953083602511,False,3620
12,40,0.17829352436793572,0.2677297110631712,False,0.17964712533843918,True,-0.46748473527967804,-0.3461002873832163,True,1.2832514714226504,0.09960362920004485,False,3621
17,35,0.06053184741929146,1.7558021168955606,False,-0.08363942130566815,False,-1.0489712013704569,-0.504065087325427,True,6.918900714768728,0.5158989354440862,True,3622
16,12,0.24685440206932407,1.9293807697554926,False,-0.12490544354507183,False,-1.282072570352356,-0.08701527149666963,True,8.822622283163465,0.6887051613726346,True,3623
14,84,0.15764466204334326,2.2985160616190803,False,-0.13839379238426308,False,-0.8952047148676815,-0.1196697785818814,True,8.211814400604757,0.6850256436973438,True,3624
11,6,0.5597033765660056,1.1086650885028195,False,-0.018298955948530038,False,-0.88093847268319,-0.36255005446225436,True,2.898240614160524,0.2273860670883673,True,3625
16,47,0.461574210728255,2.0123805726103887,False,-0.11788199391118637,False,-0.700536808428258,-0.1485453784983128,True,7.420316375188456,0.624074536224885,True,3626
11,84,0.19606419514192752,0.8105731958874921,False,-0.06354291068288975,False,-0.5711501151322013,-0.29039719512065265,True,2.4989470367899282,0.20545070630720802,True,3627
2,97,0.46333168389151747,2.40167866498267,False,-2.7295891116054842,False,-0.34080739527234705,0.12849732056581759,False,4.679884905624791,0.14576186807690686,True,3628
4,71,0.4984443698731701,0.0636762183973788,False,0.7110208589405307,True,-0.48350363659789125,-0.43968318044191146,True,0.5408951547774692,0.027552282585964566,False,3629
12,66,0.24718919062232042,1.604236842829199,False,-0.180808685646209,False,-0.5382818015579751,-0.08840750456395428,True,6.741054625526788,0.4888410997592686,True,3630
9,59,0.4060640806628568,2.5664634350254545,True,0.8461292054548324,True,-0.47608513476746583,-0.46536137229513624,True,0.4239281413188663,0.009835409264387855,True,3631
8,42,0.2763272555017515,1.944221573288972,False,-0.26761619003731707,False,-0.678336478898975,-0.012241178419629467,True,5.647218071409513,0.551005931620482,True,3632
5,11,0.4195428026023711,2.639872212740974,False,-0.44056950504625303,False,-1.862556839039156,-0.8772112049904128,True,8.328204613241901,0.6817312370945844,True,3633
20,83,0.1678640029530377,1.2673925699173263,True,0.9723022913214237,True,-0.45950864762914256,-0.45093710269034465,True,0.17147955114230978,0.009900807551763832,True,3634
8,78,0.40583261648663244,0.9034378018608956,True,0.8651433087059509,True,-0.4704194353675552,-0.44923467970490955,True,0.4029220323080097,0.01629080270673967,True,3635
2,5,0.07056217985285707,0.5923806239208689,True,0.91744917610893,True,-0.47450043018826815,-0.4271710787335031,True,0.07657485271680789,0.023664675727382622,True,3636
11,73,0.33260679957975986,1.3327929363038815,True,0.9016308319971882,True,-0.45147247964737897,-0.43251191107507725,True,0.32683546893024207,0.016391697323095294,True,3637
6,78,0.12877239092614284,0.23707296054987625,True,0.9819131074228303,True,-0.45489934078213334,-0.4462049843981446,True,0.1340261292255348,0.005005189089724162,True,3638
7,61,0.3580910415635668,0.7129161741998442,False,-0.12101487596071059,False,-0.6419748358483427,-0.34071000569881243,True,2.272921207508809,0.16756872622090577,True,3639
6,75,0.5861583826826562,2.6287114268404683,False,-0.4384620395234058,False,-1.272816062953252,0.29286924585801083,False,10.573900562415904,0.8546618761982449,True,3640
14,13,0.1994141750540513,2.4559708634618773,False,-0.17371760621774057,False,-0.8356322392340829,0.40263881230503845,False,7.756135545299301,0.7041918769808759,True,3641
2,16,0.5615421943949842,2.634456054265696,True,0.6858565339592047,True,-0.5470980704122816,-0.4434266462528352,True,0.5679528306262959,0.05183571207972312,True,3642
14,48,0.29957678299383245,1.6638612501377894,False,-0.15826296312548016,False,-0.4931485178068861,-0.0003535674936883841,True,5.793547659095873,0.4631043250154187,True,3643
20,75,0.1903409313797264,2.1656017545722372,True,0.9645056947309978,True,-0.4530671490850017,-0.44360168182878057,True,0.18627784413947526,0.010943720998480304,True,3644
2,18,0.14599780248343258,2.5629078255969944,False,-2.3371030365551655,False,-1.7129590036572009,-0.5967963047917024,True,3.0042864757690286,0.4471025278892109,True,3645
15,46,0.09553460545840603,1.029668412836956,True,0.9908326404813147,True,-0.4514380999496991,-0.44735010768930766,True,0.09643138869926716,0.003982622407495176,True,3646
17,11,0.2059133556542277,1.7825334392283914,False,-0.11538874186671988,False,-0.780097409562908,-0.15691643894891022,True,6.42823189402221,0.48639801129956234,True,3647
17,27,0.28048291809347187,0.26617257124426696,True,0.9295803831914236,True,-0.4599986530390145,-0.42556717325455995,True,0.2760017654370068,0.03283447513779007,True,3648
8,25,0.3266177086317935,1.686748405287898,True,0.897423340852164,True,-0.4744026035308573,-0.43219835092295317,True,0.32282240535828344,0.029655805851918623,True,3649
11,45,0.4762663581383414,2.0928860363655835,True,0.8160950563294003,True,-0.4512907738434921,-0.4201865950185856,True,0.45751020359080236,0.02560475553730614,True,3650
17,23,0.3290784350295882,2.601206473115413,False,-0.11328791083947665,False,-1.5392454154975894,-0.16506595528338588,True,11.987079331648182,0.879612244766349,True,3651
12,12,0.4316779313566183,0.3436507356886861,False,0.24745437134984605,True,-0.5918974681851726,-0.3544140771625784,True,1.4931834566802646,0.10758627147279903,False,3652
4,60,0.5287116259889504,1.9315521566694969,True,0.8282589299047394,True,-0.525603556392615,-0.47890353791267837,True,0.5017812440600155,0.02472877987765006,True,3653
6,84,0.1566040526636308,1.3833560408877879,True,0.9729883049928906,True,-0.4575691713337302,-0.44384960713414107,True,0.15800980608554943,0.008271667112119813,True,3654
17,53,0.374801234406869,0.5544628793665222,True,0.8812034905436084,True,-0.4822369706419695,-0.4505258577731743,True,0.3787548182271894,0.037235873315509274,True,3655
6,85,0.5873182698599809,1.3702176715301662,False,-0.3908309330406283,False,-0.15977282856887293,0.21286376421772035,False,3.3504830426022565,0.22958038224701668,True,3656
3,18,0.4218245546314588,1.008802941232507,True,0.8560554378104935,True,-0.48345551247898944,-0.4029861142458729,True,0.3083499865946705,0.03374483319060408,True,3657
15,81,0.5912929618290994,1.9587347934626127,True,0.7437780061742232,True,-0.4695957564247719,-0.4276263452999098,True,0.5627571776191721,0.040102586373313584,True,3658
8,64,0.11086614472338388,1.6093302736190302,False,-0.23954677313461614,False,-1.0199174929632282,-0.2425433580435527,True,5.0666542679936875,0.408511642489513,True,3659
20,38,0.4505602961942301,2.7639419855047898,True,0.8258318614152902,True,-0.4696924087895661,-0.43758389964098354,True,0.44624820361269923,0.043140220055617635,True,3660
17,41,0.5733816237846249,1.4992200309357187,False,-0.08108549521127983,False,-0.8919008697513636,-0.3044622196661881,True,6.113252779278693,0.4326030882313615,True,3661
20,76,0.2906241246346552,1.6646410299670862,True,0.9195460434300712,True,-0.4567344339048682,-0.4402318219922248,True,0.2911341702214077,0.01798181345720044,True,3662
15,64,0.5226074751925149,1.6737912281152802,False,-0.14340959761137606,False,-0.8851754959402435,-0.011784919568454106,True,9.212471260204465,0.6870844248950053,True,3663
4,28,0.3787976541686777,2.010373210850478,False,-0.7685407531724624,False,-1.636834080808633,0.3978001733836377,False,9.081504879230886,0.6805336934437446,True,3664
19,25,0.19824872012810651,1.4145806659066396,False,-0.08329582539314684,False,-0.8181349846742358,-0.24563761617071067,True,5.765458542165684,0.43347686727984397,True,3665
6,99,0.34373299996401113,0.7930810724024709,True,0.9024101763949773,True,-0.45784744531127336,-0.4420299148239743,True,0.33750454420941717,0.009988223481749344,True,3666
19,30,0.2810799235119651,0.8833939433048515,False,-0.06328920995626941,False,-0.6179815417315444,-0.2645440579705761,True,3.5793427954849957,0.2379371316316212,True,3667
7,38,0.3729455284282544,0.9037913387308195,False,-0.3338873837041705,False,-0.4260917988296648,-0.08754161091633135,True,3.1167712379552572,0.24896830824336524,True,3668
8,12,0.23917531351187038,1.432146795365385,False,-0.2641884744832932,False,-1.1895922643309151,-0.2519842409772059,True,5.546884569789264,0.49296679548442257,True,3669
6,16,0.13657339742519692,1.50062953029861,True,0.9793751983392607,True,-0.46896064155216244,-0.4453969128782187,True,0.13833980695961104,0.017318637934447056,True,3670
13,48,0.30878349410281275,1.7360716651997965,False,-0.14000840515924495,False,-0.5429416811786097,-0.006893514055863592,True,5.783262830104582,0.4571308091475079,True,3671
2,87,0.10021046696988106,2.7356681226691713,True,0.9903267903861638,True,-0.4571618083241471,-0.45364935227199676,True,0.0969346967818167,0.0017562280260751961,True,3672
16,32,0.3837519715184384,0.020288103204898045,False,0.85744022792544,True,-0.4663058894505235,-0.43223816023708467,True,0.38578695562970966,0.035360671911986594,False,3673
12,35,0.29939827145596326,1.1203698665856987,False,-0.103835433616841,False,-0.7185515264019436,-0.3563960244130329,True,4.1186859276275305,0.3419282392900591,True,3674
19,10,0.3173769367197388,1.0846918770410015,False,-0.08656750081156717,False,-0.535839861662789,-0.12582060117033064,True,3.492692391758686,0.24956299250942499,True,3675
18,45,0.3777325521845967,2.567253906859054,True,0.8638905149527151,True,-0.4619147827937226,-0.43732543795477397,True,0.3903494197139494,0.02720058957250957,True,3676
2,90,0.418199720362136,0.9588219306054749,True,0.8398222955944934,True,-0.4369198338148882,-0.4061539018862824,True,0.39953546668960016,0.015382965964302775,True,3677
5,20,0.5982373851016258,1.1416987027780374,False,-0.5972738285632382,False,-0.5962754558992288,0.42767201889506284,False,5.213325814271591,0.3359721236430982,True,3678
14,95,0.1948957058501234,1.3190907649239296,False,-0.12031546414913152,False,-0.7780909263846106,-0.2707361473895311,True,5.3686826126776666,0.418075027411321,True,3679
4,86,0.4232044077473141,0.7429569054716246,False,-0.6567252325789426,False,-0.28103928916339815,0.005045756906689569,False,2.497064443043835,0.14898596277704748,True,3680
9,14,0.5046061174914926,0.6923384525751367,True,0.8074095611928236,True,-0.4446713068543325,-0.4067595521313885,True,0.5051696390896983,0.06611095304317224,True,3681
13,65,0.4744686973883796,0.44514750266134606,True,0.8039285544828939,True,-0.4673626467700218,-0.43021724141846324,True,0.47089202782628287,0.03736061077278145,True,3682
17,37,0.5494018508923151,2.1473588071132816,False,-0.10140440700328557,False,-1.0858592334114356,-0.390645098197428,True,9.25356299845567,0.742025961308644,True,3683
7,26,0.2103698659197264,2.5909246369742895,False,-0.34579969168491487,False,-1.2457841621632328,0.05591006587844962,False,8.61733249955725,0.7104240312445745,True,3684
11,82,0.37476669081617325,1.7214219387196183,False,-0.1869970677555095,False,-0.7496117339479114,-0.05140954047869071,True,5.616193698983927,0.4805592347746478,True,3685
8,56,0.21761402549804615,1.3440092712788667,True,0.9522189520097764,True,-0.45926875017031077,-0.4462242491738461,True,0.2176134764351354,0.011951613194081634,True,3686
11,54,0.24183510212536552,2.2957202527697724,False,-0.20723921640158816,False,-0.9172293279708755,0.1545164285887505,False,12.30532645279796,1.0225584484133439,True,3687
14,21,0.3388389177528777,2.616700354323722,False,-0.1824563576376539,False,-1.1708116956216645,0.8140987963730554,False,13.23376047222054,0.9711523984595039,True,3688
13,69,0.27179434909491557,1.478904878241296,True,0.9377056452968978,True,-0.47314343689445776,-0.45853291924517653,True,0.2584147888511341,0.015247762216048882,True,3689
17,29,0.21370387437277538,2.9806447427002585,False,-0.12319173844682063,False,-1.449317526573442,0.0246907548332994,False,13.34821186091136,1.0855791084149615,True,3690
17,44,0.34451712193849165,1.820088420806862,False,-0.1242198969406092,False,-0.47269444733463406,-0.009113812927747584,True,5.301468942786809,0.42591824265960004,True,3691
14,79,0.32420954564439436,0.8344627089418076,True,0.8949174780457989,True,-0.4463160723424365,-0.43236296274705577,True,0.3230109897250068,0.01408821891553811,True,3692
9,41,0.14120630864480466,2.5099940357916375,False,-0.23400923193847523,False,-0.887591726363125,-0.06782573658641809,True,8.826341343071228,0.5646271936283991,True,3693
17,49,0.47315968586544166,0.5402162214453771,True,0.8244589111062536,True,-0.4767182384145,-0.44809523393588957,True,0.45521798004297914,0.03623080453641314,True,3694
20,48,0.08398054625945142,0.08259702512584188,True,0.9924193576324524,True,-0.4524765676712258,-0.447595547645542,True,0.08427617750321718,0.006620288735537262,True,3695
10,29,0.26503309331369646,2.1154028557406472,False,-0.2044386873855919,False,-1.4297755603468436,-0.09738790107777122,True,9.317466879082781,0.6740025524718555,True,3696
3,36,0.33339939815646635,0.4898480646395468,False,-0.12554274204984428,False,-0.5501638716213377,-0.365180074989338,True,0.9243151055628934,0.07360095032026474,True,3697
15,8,0.15496353197624702,1.9309112354784066,True,0.9722156911223919,True,-0.4706798613630807,-0.43690658849363606,True,0.15540846100466998,0.04064238413505317,True,3698
4,97,0.5509252461889457,0.237190754279464,True,0.7699093914963717,True,-0.46245473767657064,-0.4337966643017613,True,0.5305734007396794,0.014919211802267147,True,3699
6,44,0.2686014414368438,0.12439058620954446,True,0.9330873750208382,True,-0.4748426266768343,-0.4345114070485921,True,0.2586011306834778,0.023988452055056893,True,3700
4,95,0.40444744802700316,0.0488912909533431,True,0.8503301728990734,True,-0.4734205932407366,-0.43191757779814915,True,0.4251121244761176,0.027068703210137688,True,3701
4,76,0.13790418006947092,2.014241607822254,False,-0.6661463844563669,False,-1.2232330332898298,-0.2548523300592457,True,5.954383204216743,0.3461294500476825,True,3702
16,78,0.15337525422743697,1.168218754632766,True,0.9767367827530047,True,-0.45506875623014875,-0.44786047664590206,True,0.1524470089031013,0.0080952327065405,True,3703
12,59,0.24017462942480766,2.341056875832732,False,-0.1636759254636584,False,-0.9354724103009732,-0.045634651205957416,True,5.6306159895433785,0.4029117725907545,True,3704
15,5,0.05774084486377877,1.6032466123349038,True,0.9966382729362402,True,-0.45387180757266604,-0.4450901114441923,True,0.05346710608696263,0.02000859254028317,True,3705
17,84,0.3441528908978093,2.162475446881593,False,-0.07575346231133295,False,-1.181787854596857,-0.44576723944788055,True,8.788209582972598,0.6785673045485007,True,3706
2,68,0.22998257319923227,0.057931277982100626,True,0.9256555876845307,True,-0.4533256682461664,-0.4371128306007773,True,0.24179271329587426,0.008106418822694583,True,3707
15,12,0.5681311904402641,1.2902560824685516,False,-0.05511723312856298,False,-0.44732771769351426,-0.06405830713065665,True,2.749873770826401,0.2955741217878499,True,3708
20,48,0.47185894331926675,0.03576932745729999,True,0.8036488767753802,True,-0.44926136479683376,-0.42427269979566046,True,0.4746061542990011,0.03287526562393915,True,3709
7,22,0.2066882668607491,2.647010869080225,False,-0.3982154155799902,False,-1.9056456042351488,0.9042087931942133,False,12.67662865027061,0.9044447901660827,True,3710
8,56,0.44707258879536893,0.8079369656064475,True,0.84770797965198,True,-0.4852798457466692,-0.45700515100288225,True,0.43973415391731974,0.023412420680346817,True,3711
10,17,0.18783253761706403,2.625702356077646,True,0.9625893037664306,True,-0.46532281787257895,-0.4366562212044977,True,0.20200895282830833,0.023246806893489194,True,3712
7,35,0.128966861512623,0.8644352837403099,False,-0.28266010688355614,False,-0.4179440403884674,-0.15539493821165337,True,2.517849183501536,0.20961366205448803,True,3713
4,87,0.10863163324643739,1.8106557471160172,True,0.9860571232625034,True,-0.4483766566442998,-0.44097586423041707,True,0.1072226095376857,0.0038406738253446426,True,3714
7,17,0.5116961736868627,2.9115758260319184,False,-0.38154641767368647,False,-2.7879897506138396,0.14727563724690754,False,12.207756018073361,1.0210789063753833,True,3715
5,85,0.3193738493065336,0.9788711404702558,False,-0.5618203000728779,False,-0.8514141671756444,0.050042559406327014,False,4.374733103423476,0.3287829432498249,True,3716
10,72,0.5065829404597737,1.9794488065883864,True,0.7885818620957846,True,-0.4695888513676551,-0.4329536342335501,True,0.5097439929062801,0.02454922548465347,True,3717
17,18,0.2737410110596714,0.8083860502251003,False,0.008779539887514343,True,-0.6395184111602706,-0.43824843862601315,True,3.01982859841782,0.2351850190851745,False,3718
2,82,0.41686483585888834,0.7147593260411779,True,0.8630654396960086,True,-0.4734862302081828,-0.4419791600957102,True,0.3998585849782931,0.015753535056235807,True,3719
11,89,0.08670382419291053,2.368650082396734,True,0.9926883184417801,True,-0.4492456877779889,-0.44680602738960346,True,0.08456236402901607,0.0021168404433849204,True,3720
13,82,0.15967715774275335,0.2884401808187461,True,0.972634462201714,True,-0.4547063761882177,-0.44751129787136645,True,0.16513940871290944,0.006750457605397841,True,3721
5,79,0.5259798297504964,0.9144231015388551,True,0.7705906811424228,True,-0.4788241481899059,-0.4258866683629235,True,0.5156554688678573,0.03056032769961297,True,3722
3,85,0.4761928612932387,0.47005661520155273,False,-0.4854601776283869,False,-0.6100013326906596,-0.22104371683461566,True,1.677947990425972,0.1654658225747824,True,3723
18,62,0.4716286544662576,1.6064296867700711,True,0.7959154731016753,True,-0.47260475258198026,-0.43904145082962287,True,0.4831592152641916,0.033480164158519676,True,3724
15,64,0.142631504590967,1.1829801814210632,True,0.9806956613161772,True,-0.4560411749365897,-0.4475077118812437,True,0.13528482281008333,0.00883602254285423,True,3725
9,83,0.36323580056869487,0.3016661374936441,False,0.39478565368194807,True,-0.5442427266781664,-0.4579321467174187,True,1.0743856151967681,0.07183662881764803,False,3726
16,74,0.3239782186838698,1.0755314178335582,True,0.8963635197001707,True,-0.4550913679396275,-0.43587344806033623,True,0.331060837361977,0.02053569683994694,True,3727
13,44,0.5206132395923492,2.6167128288875334,False,-0.16353872993400942,False,-0.7234821675545365,-0.057146920889549924,True,6.743616092642125,0.5156738316435668,True,3728
15,50,0.2654814937007351,2.639663868248172,True,0.9358284634738059,True,-0.45307032691323873,-0.4373287995008804,True,0.25924075287509335,0.015554819351334737,True,3729
5,65,0.0683869907909393,0.5605767125327693,True,0.9947075925559761,True,-0.4488913667332961,-0.4426371379717826,True,0.07257675093375823,0.003786196278208128,True,3730
9,10,0.28495627330529033,2.8960263570125315,True,0.8826122409822802,True,-0.4985973996789894,-0.4094659839845796,True,0.3195019555090859,0.04782806184805669,True,3731
13,28,0.25373997726475367,1.8659168537952295,False,-0.13719251624518658,False,-1.475447634823482,-0.2884886961048258,True,7.458676853412197,0.557494372900628,True,3732
4,51,0.48480333689108607,1.880014441927013,True,0.8088699978817949,True,-0.4804089959046949,-0.438308639778415,True,0.44330838419176394,0.02257882844278788,True,3733
11,97,0.2595262353730226,2.7814494215523577,True,0.9361099953038579,True,-0.4607003211352795,-0.4431791710800698,True,0.25834784713402537,0.014547162424729348,True,3734
20,60,0.31203339639865835,1.886125986648398,True,0.9037484262498325,True,-0.4624395356323846,-0.44214374612272966,True,0.32295596612045824,0.022383273453435448,True,3735
8,72,0.417179636169486,2.335463410885411,False,-0.2888464884974786,False,-1.0060631816711656,-0.11477666822240283,True,12.371399909770247,0.9059462814510685,True,3736
17,32,0.09680649580774733,0.07752620155009504,False,0.8969399031201337,True,-0.4656499623049181,-0.43864889838510485,True,0.32816122724601,0.027552320957701482,False,3737
2,42,0.16038670536059108,0.47093627374552705,True,0.9737448664587138,True,-0.47047587442227357,-0.44951124891696015,True,0.15329019832153015,0.010482312752656237,True,3738
2,63,0.5928828460614626,1.4328920035026789,True,0.7569229150358356,True,-0.47769776603976266,-0.45984965794446453,True,0.5598114869659637,0.008924054047648955,True,3739
11,43,0.11786229577847743,1.0934187473446357,True,0.9859026140244891,True,-0.4589395457815512,-0.4471562200174901,True,0.11484092143718105,0.011578462117182045,True,3740
9,49,0.09264164265116279,1.8200377825854415,True,0.9919060258370909,True,-0.4557227410624217,-0.44870637164714594,True,0.09057786007676719,0.005742594259082716,True,3741
9,28,0.3974959593011993,2.861656419949254,True,0.8281391534496665,True,-0.48207685678969475,-0.42775217963523826,True,0.4076367275528715,0.040158047085275234,True,3742
3,43,0.3023543661214577,0.6087099035723734,True,0.9025051360369754,True,-0.4643121458397481,-0.4320738286562575,True,0.29853361170483256,0.016173785716409747,True,3743
11,37,0.37519672271136406,1.19877237407199,True,0.8720768684604937,True,-0.4566034805133038,-0.4296280196742259,True,0.37703070897249136,0.02932991468624976,True,3744
15,53,0.533212172563088,1.8782109260450461,True,0.7647154252831545,True,-0.4603430818476831,-0.4250571121374051,True,0.5327922278385294,0.033741178803747454,True,3745
6,37,0.40023929772851174,0.6838453677207035,False,0.12645483826449455,True,-0.687623446441697,-0.4792169370923463,True,1.4926669966771846,0.11838471342752732,False,3746
4,62,0.1873657775801268,2.633343937227183,True,0.9634320160127772,True,-0.4567167168271823,-0.4458351328859955,True,0.19111827056693353,0.006537617320745579,True,3747
11,34,0.3593142702408719,1.8632679946523332,False,-0.2068766079355453,False,-1.1200786015216213,0.062469417386738495,False,8.102623856437699,0.6257700726159187,True,3748
6,6,0.329155880614407,0.4977990498190409,True,0.9470463868603906,True,-0.4613474480432749,-0.42702969630543713,True,0.22908410699052692,0.05247651906718291,True,3749
5,47,0.18280515169437395,1.935916359145227,True,0.9719446443634553,True,-0.45829605273618024,-0.4383531814879614,True,0.17041871307909268,0.012601850085168438,True,3750
19,85,0.32843988685476827,0.45690091291437207,True,0.897107982800022,True,-0.4549981450034609,-0.4365924157301705,True,0.32441356448511827,0.01997717099710949,True,3751
18,50,0.49944698216352934,1.011026480236541,True,0.8010458006869133,True,-0.45800361818895124,-0.43312781224160685,True,0.4875205210789518,0.03103553087748433,True,3752
2,88,0.35794741864009044,1.0592629106429596,True,0.8494766762417383,True,-0.4512052620150535,-0.44451633221914005,True,0.3851100486281058,0.003344464897956506,True,3753
16,13,0.24901175930319003,1.9506995802591285,True,0.928436095451061,True,-0.4710750308527446,-0.43614813464841845,True,0.26625046767839866,0.050248975551553755,True,3754
14,57,0.5226184741016853,1.7271720102594235,False,-0.13791017995955923,False,-0.6100730708778438,-0.1426635538016006,True,5.482726220085056,0.41834002877021287,True,3755
15,48,0.47068202585545,2.6455152541225564,False,-0.13711077108339076,False,-1.0322478577223448,-0.01697315038440598,True,10.495500796721903,0.7825883534046189,True,3756
7,53,0.5097858197705023,0.7192403890467342,False,-0.3032428225373651,False,-0.7283513638058581,-0.10813410188963118,True,3.803132467993045,0.3257206829041395,True,3757
19,96,0.08414977423854257,2.088826824079323,False,-0.10254164935118126,False,-0.9017613012460047,-0.07450995656197845,True,8.206660828064193,0.653000336975859,True,3758
15,10,0.5902022105592233,0.7073002857456135,True,0.6879653072665419,True,-0.47839187049949544,-0.37103788985382913,True,0.5642976112275965,0.15522544990041123,True,3759
4,76,0.40923060756982343,1.2370206727742201,False,-0.7724603909074363,False,-1.3628061256736692,0.16698773989994709,False,7.573826475584219,0.45043108915075397,True,3760
15,99,0.14378512506699592,0.11217440338531448,False,0.7979270141252717,True,-0.46024611634686824,-0.42292241959037424,True,0.44789281692771343,0.030409880037853648,False,3761
6,29,0.2206214808147608,0.06263318273384177,True,0.961693716775275,True,-0.454269570328373,-0.42870496209985526,True,0.19339036173665322,0.017766393881323766,True,3762
13,18,0.45454874842679194,1.949918773760937,False,-0.19985713570857966,False,-0.4887151555205163,0.7185559225001515,False,8.855783144130426,0.7025066157211075,True,3763
11,35,0.29379852143874424,0.020419410479536104,False,0.8872167427438427,True,-0.4544525639727668,-0.41552711742234133,True,0.32269562809796837,0.0315221860032127,False,3764
4,77,0.10445302897306318,1.6433982045545643,False,-0.6323734471648277,False,-0.49634524104851374,-0.0315966158712761,True,2.6103197596514702,0.2168544354909341,True,3765
5,37,0.511634140580491,2.51407139249096,True,0.8046505794016816,True,-0.4991397428494404,-0.42686550721502764,True,0.511908111804217,0.041916316122814934,True,3766
15,36,0.06327138043686235,0.80969571753347,False,0.012814486552594984,True,-0.6175831758405266,-0.40985079449418893,True,2.929591865679025,0.19829083452329874,False,3767
16,88,0.4427357589759843,2.164354183517244,True,0.8424350199637815,True,-0.4645868763646203,-0.4447704593678183,True,0.44440270168992413,0.01921936052311847,True,3768
7,43,0.08212381004242933,2.010969194311353,False,-0.2807524426700374,False,-1.4130750817524511,-0.3128362959601616,True,6.665363106983218,0.5349597236776995,True,3769
15,52,0.35410973744680885,2.3531717084481105,False,-0.12942876363395883,False,-0.8099963201804269,-0.1501757391017504,True,6.910478810216352,0.5009466396019778,True,3770
2,66,0.25872820775470357,2.1542183366149463,False,-2.956146588186615,False,-0.7817810380098225,0.41372043089512506,False,6.044068343206285,0.5977507344524736,True,3771
15,24,0.2879319257931926,2.2852217226868454,True,0.903037261323247,True,-0.45664655133388954,-0.41660714704566204,True,0.3030496997497049,0.03486838057397166,True,3772
9,73,0.12316012671149278,1.6749629536741018,False,-0.2610156322339634,False,-0.40258640668128864,0.2681360048276065,False,7.528251299297094,0.4865590862843673,True,3773
17,83,0.5073836001728338,0.9088264889263326,False,-0.042579893015268544,False,-0.7168136958293071,-0.3968125465495601,True,4.028403726526079,0.31840440368999584,True,3774
13,22,0.23795414222081707,1.548404288084736,False,-0.17080489847897606,False,-0.8244269302357274,0.06544880023063225,False,7.617438379347557,0.5421156672308837,True,3775
14,97,0.5036997138907121,2.717008863992185,True,0.7980091886774621,True,-0.46313000361249496,-0.4390254841503054,True,0.49463654975883514,0.026726601844766815,True,3776
13,26,0.071697454962347,0.43447364609024364,True,0.99435734856936,True,-0.4563264153679475,-0.44699311757696153,True,0.07452627987629173,0.008602199794809588,True,3777
3,72,0.26125955786346183,2.967459105132453,False,-0.8261711666153755,False,-1.7745985397955515,-1.1162232116238624,True,6.796746934737058,0.2859290078161913,True,3778
16,72,0.0737011792188609,2.1531865648710267,False,-0.1369348390311167,False,-0.6942356715095964,0.3003149395163519,False,11.942637381855496,0.8397548174996037,True,3779
17,63,0.34864447285299816,2.504754409689571,False,-0.11760871384355864,False,-0.9342304023749234,-0.11214810838602066,True,9.832658685384308,0.7517798291574722,True,3780
16,12,0.5164074266834636,1.972104632274805,False,-0.10181018858211655,False,-0.6214871163187607,0.37909136712515235,False,8.947414209075875,0.7560217533494673,True,3781
17,41,0.1924281909191743,1.737478838892729,False,-0.10783732682162461,False,-0.6927305748736673,-0.14438809063467548,True,6.831723628092279,0.5336662789953895,True,3782
20,34,0.4433049852348134,2.222863994044292,False,-0.10640360954716499,False,-1.0137703211919933,0.08897054871606241,False,10.772527105803071,0.8461831791182192,True,3783
9,69,0.5398492650568373,2.628233388641461,False,-0.2780095241331919,False,-0.9693172022879835,0.6530354406330978,False,11.517216708199204,0.9403171904016115,True,3784
18,94,0.1931855559530099,2.352060846691191,True,0.9639707535246144,True,-0.44933997293478767,-0.44077380894939355,True,0.18874715062582895,0.008855402998984909,True,3785
14,71,0.35109287115527854,2.1291088224955868,True,0.8883524676340443,True,-0.4597090944416252,-0.4364968446165648,True,0.35350085880989246,0.01972881086824813,True,3786
9,93,0.2639684558459767,0.46609878860297227,False,0.04414731579939124,True,-0.5492359349773629,-0.3453722333101128,True,1.7799385065623727,0.1550606736479932,False,3787
13,81,0.5140776719957658,2.5806074478106575,True,0.7698354587423725,True,-0.46737974974279384,-0.4478762885345153,True,0.5305758721412098,0.02125883914927887,True,3788
15,64,0.09071385294038671,2.8470433256001653,False,-0.14851234678415892,False,-0.7170591674878044,0.21999250249462832,False,11.143813312872954,0.8508981399502983,True,3789
9,95,0.583083893926581,1.0255743929656305,True,0.7225616743303844,True,-0.4540027705723184,-0.42014748158756643,True,0.5924203007898421,0.02431408336948425,True,3790
7,82,0.36608278647407494,1.5424832809971398,False,-0.26813492716205234,False,-0.8631240934089882,-0.4775966354491389,True,5.132604189072184,0.27897046622197397,True,3791
11,56,0.43948009743409355,2.044085747674123,False,-0.1823344580182018,False,-0.9328327146982272,-0.2769642920889412,True,8.633443033886898,0.562638080088138,True,3792
14,11,0.06934487271043616,0.7410754496091647,False,0.06199482241616461,True,-0.6891569897229646,-0.41496349984353065,True,2.19402843551618,0.14070159163618406,False,3793
9,52,0.24347310686375034,2.4707803488138524,False,-0.26241230019337247,False,-0.8905432917220043,0.06721895162153552,False,6.830831284205883,0.5382206193193851,True,3794
17,24,0.5520632377977369,1.0649033089208748,False,-0.10981292865327652,False,-0.47901524629564285,-0.05739852707495322,True,4.746131915430881,0.3681044356774832,True,3795
13,93,0.14902001929183303,2.4696159760880247,False,-0.14127317440436538,False,-1.8874884223718207,-0.466986039902445,True,13.819536191580443,1.0007347388286678,True,3796
10,19,0.5311057668265489,1.9855141632113535,True,0.7457744916844447,True,-0.4738982035681918,-0.3775469076533937,True,0.5227737112097218,0.06001346057012226,True,3797
15,61,0.44636227535776085,2.8371361283102683,False,-0.14506501912133762,False,-1.0983084160174248,0.2152023674900566,False,11.967086947547445,0.9062401732814027,True,3798
15,85,0.5876978752799783,1.8602032922467282,True,0.7469553119788224,True,-0.47192865038215903,-0.4392832122522341,True,0.5768277622355127,0.03067791607338728,True,3799
14,23,0.3746677379722582,1.303448321584852,False,-0.11660402609278875,False,-0.8923198644325683,-0.2736638900420245,True,5.7241695066072795,0.44370412701856526,True,3800
18,47,0.3384640518642546,0.6365621722879218,True,0.8992285309011264,True,-0.4498136843439358,-0.4311201538973457,True,0.32533185210655463,0.022389993848446164,True,3801
4,81,0.18062987278745485,2.46247909852286,False,-0.731332664435363,False,-0.5462490510504566,0.14434149444415698,False,6.27396758725905,0.4566774146778658,True,3802
12,73,0.4891699887030626,1.1917829040253958,True,0.8080158671203137,True,-0.47308761499647783,-0.4428272086009527,True,0.4699984220653413,0.02672675652954644,True,3803
6,11,0.4782351729522249,1.3296132683126163,False,-0.4558008174415018,False,-1.3800647765244434,0.18945741690849563,False,4.852447416535375,0.25330303214888816,True,3804
20,57,0.31304670585084143,2.1125124665146067,True,0.9055771122206869,True,-0.45874764572413446,-0.4410783603285851,True,0.3208184232503817,0.020917592825975197,True,3805
5,14,0.5785537438679107,1.0014447050786668,False,-0.6233159809306887,False,-1.1755700442089407,0.03809102416240209,False,4.006868497064758,0.29514584758683576,True,3806
15,25,0.25788632220179725,0.47837713511125124,False,0.24817707293856428,True,-0.6913661002410457,-0.44549818573730954,True,1.7201659810678627,0.08967558540049066,False,3807
17,29,0.19950476416477092,2.6544854986448487,False,-0.12565629443010984,False,-0.847573675600252,0.033607119326545025,False,11.07594924083607,0.8827165950356841,True,3808
5,80,0.24170015326012195,2.29772184842308,True,0.944215684053806,True,-0.44845497922347755,-0.4334443217040797,True,0.24429863015243863,0.009458809139201853,True,3809
15,67,0.2346213041566051,0.8469172293312757,False,0.009279129560089028,True,-0.5843422072994449,-0.36652611732654466,True,2.90342521430349,0.23316362788253225,False,3810
10,58,0.48259158892399595,0.8717019583389696,True,0.8030867131877695,True,-0.4698440991663171,-0.4344274002104933,True,0.4939316785258521,0.026875243944897303,True,3811
10,16,0.25124519449748417,2.448279698744507,True,0.9323369934552189,True,-0.4699128194974086,-0.4278832930240898,True,0.23709448792985005,0.035156053959382184,True,3812
20,26,0.4089771269782628,0.43780091524807874,False,0.14000424401276312,True,-0.5615001422036159,-0.35998242514282675,True,1.7906932974997833,0.1474722606073327,False,3813
3,6,0.070701966796731,1.562443081967118,False,-1.479703756035624,False,-1.1179610741881405,0.6778242476527676,False,5.752982398272971,0.4601935701602615,True,3814
17,43,0.21485325219063978,1.8668524797620134,True,0.9558849547011343,True,-0.4599576468585611,-0.44713617272161565,True,0.2136470835213525,0.015019871175649794,True,3815
11,29,0.49594628601117713,2.659195016826318,False,-0.20722005159509838,False,-1.422245694504104,-0.1590699100172929,True,12.879268253743113,0.8913312133996947,True,3816
11,14,0.20085244677144976,2.129596487374128,False,-0.22864919869331746,False,-1.0903824515962495,0.5852612361733545,False,8.77618655752953,0.593598937498326,True,3817
19,60,0.22430578453577904,1.8434342079228916,True,0.9505759553957507,True,-0.45348685554787593,-0.44207512054859516,True,0.2216966910171352,0.01333482798933903,True,3818
14,29,0.48861291576370336,1.4379826736661636,True,0.7874537883880105,True,-0.4314576828129864,-0.3961352362054722,True,0.47887852883435367,0.03693733795885956,True,3819
2,8,0.25857741118831057,2.117946712582004,False,-1.5012745207293583,False,-0.8099251744748083,-0.1966672334153316,True,1.389131888856742,0.15684863105949207,True,3820
7,20,0.5546977023527309,2.360746857843079,True,0.7391173197638355,True,-0.5259453706027126,-0.3861514713904322,True,0.5566461129038633,0.08605479396893025,True,3821
7,42,0.4713217037236964,1.3804533912004135,True,0.8264405075568281,True,-0.4878181595205345,-0.44159590330953535,True,0.47003486495307506,0.03304110725913342,True,3822
12,69,0.4782081259757612,0.5086979477334732,True,0.8038224149566507,True,-0.46657579979334785,-0.44198840917669346,True,0.48303783453079646,0.02139798034857382,True,3823
13,93,0.4442701375969877,1.2818833694273755,False,-0.12062589084340258,False,-0.7773406946534638,-0.3178922796573603,True,4.895673756593667,0.3725501626304135,True,3824
6,16,0.5079608478958934,1.9926043715755637,False,-0.28758649272873416,False,-1.3785347696465993,-0.3715798438442076,True,5.867798532270312,0.4996913326207729,True,3825
18,64,0.17613496188844396,1.0449005004610608,False,-0.050460833724211174,False,-0.567368617734742,-0.33038118456217214,True,4.007278429566222,0.27860229489295363,True,3826
18,94,0.26437430251606236,1.5841094772114317,True,0.93595510543817,True,-0.4533907732625084,-0.4433466122117296,True,0.262172602221049,0.00964200228273812,True,3827
18,67,0.09841961038476887,2.8612004540834057,True,0.9906025425485295,True,-0.45343433002541755,-0.44812216247788556,True,0.09710463317674183,0.006832591913840591,True,3828
4,19,0.47752702248038975,1.0694930309614525,False,-0.9459153886760117,False,-0.9315662644750884,0.38837347591968585,False,5.393652506873794,0.33432657917280595,True,3829
4,93,0.5930896911757891,0.7088482350116937,False,-0.3317110249394266,False,-0.6805551543409865,-0.33408898565967615,True,1.8571547499247871,0.15896944551732364,True,3830
10,9,0.13005640081842698,1.972117681677321,True,0.9762869476590504,True,-0.4648039013021148,-0.42902450618091054,True,0.13732682366503543,0.032710562892945105,True,3831
19,49,0.14583061765536137,0.028939991823344058,False,0.945512331159284,True,-0.4477474427826334,-0.43214104158787997,True,0.22357097561080053,0.01461839467136544,False,3832
12,13,0.29441012630668345,2.147185784094782,False,-0.17075483481079679,False,-1.621680023652335,-0.1279716396514291,True,7.924663598128114,0.520116242463834,True,3833
13,81,0.3242631646324755,1.0759756887183753,True,0.8978239538228157,True,-0.4640043807578032,-0.43503018871511323,True,0.3290536862483696,0.02806999056357123,True,3834
19,93,0.3727853921205204,1.3582603380222693,True,0.8725241557641994,True,-0.45849602462763905,-0.44144821190361644,True,0.3748025063164136,0.020048312215588608,True,3835
7,41,0.4442197270787362,1.7092815375238115,True,0.7910976162466015,True,-0.4534178479695534,-0.41421783364087145,True,0.4783973429571329,0.029456421750880982,True,3836
17,49,0.5246359900280559,2.705884136574152,False,-0.12108628100573515,False,-0.8484994281225171,0.11487837249853612,False,10.719756627158604,0.8104540108359729,True,3837
13,18,0.4747520396196734,2.282978760445706,True,0.8074326294723138,True,-0.5133020958221166,-0.43625792365733956,True,0.48508884390262563,0.07109961009266891,True,3838
18,64,0.5674935971318676,2.2601960215901657,True,0.74710817802103,True,-0.4605495823961639,-0.4301487275612225,True,0.5657641218414372,0.035878789268846946,True,3839
10,13,0.15249431500231458,2.125070739598291,True,0.972238727227005,True,-0.4528804907141734,-0.4303652630011156,True,0.15753346458317197,0.01514858997689066,True,3840
12,43,0.2527160942124096,0.1571911457594649,False,0.723459969428089,True,-0.476843999003168,-0.4150825592174827,True,0.5351424580634699,0.046078950080344544,False,3841
19,17,0.2916327747153258,0.5495313540299192,True,0.916939483183061,True,-0.4635745208925563,-0.435179425811091,True,0.29921461182275744,0.047472150209717,True,3842
6,56,0.5626312751838405,1.776939058390996,False,-0.4240845310152832,False,-0.8111042440043995,0.18106502917003212,False,6.589646047146594,0.534611806764703,True,3843
5,95,0.3972832578161235,1.7331203915077902,False,-0.5343689339877955,False,-1.1787362870993083,0.2009520835825831,False,9.594442024317587,0.7026011607294679,True,3844
18,89,0.3565596606770011,1.4845962694151043,False,-0.07030877843689565,False,-0.7006152677295198,-0.26662329056660616,True,5.196364430342476,0.39722534344367955,True,3845
13,58,0.4139228530238896,0.8585498736283649,True,0.8358027983482575,True,-0.45729209375206964,-0.434736821832752,True,0.4238938763897836,0.024571462163018188,True,3846
8,75,0.2165696387092279,1.4949968760036478,False,-0.31462212246297905,False,-0.5955154062184785,0.12732233015986363,False,6.692000192230051,0.4480598735810987,True,3847
17,7,0.2179256989259616,1.7914170056058563,False,-0.11111617190338485,False,-1.6366484863309976,0.0901085550496157,False,7.3516798699982004,0.5447202548052495,True,3848
17,11,0.11159640118207301,0.755925226110763,False,-0.000652691728628696,False,-0.7595294331333113,-0.3783021167163491,True,3.0186979763240096,0.19843982495831394,True,3849
5,85,0.0960076800080488,2.476149581578879,False,-0.5488608483845676,False,-0.935117333899512,0.7544010953732376,False,14.669729455787474,0.9945412465473303,True,3850
18,47,0.4399414466851191,2.2281614653824504,False,-0.12097026174538006,False,-0.3049689291318682,0.11617495198735919,False,5.430422637720165,0.39930943642414696,True,3851
2,95,0.2869703363580112,0.9248136441603366,True,0.916216882902469,True,-0.4641987932768715,-0.45420851313590216,True,0.2937024689437335,0.0049951400704849325,True,3852
11,56,0.5590712269449744,2.8217052130257567,False,-0.2117061223950687,False,-0.44742690568314003,0.5796744096401235,False,10.372383312615419,0.7433034721413719,True,3853
14,86,0.05291430065018119,1.3788938768591534,True,0.9971081729575726,True,-0.45245551809758466,-0.4491389968106982,True,0.053631214706139144,0.0033381283239705983,True,3854
11,99,0.46696170386283864,2.737987350936765,True,0.8084812455106107,True,-0.4617143323889337,-0.4449427238696025,True,0.4734209301854058,0.015631094888348403,True,3855
6,96,0.5658904645510204,0.8642473509599461,False,-0.32905668908018204,False,-0.6586858457771522,-0.21380026987232303,True,3.963345304507808,0.23565643823558707,True,3856
20,92,0.5044964342266336,2.7702703831651525,False,-0.09476461379702639,False,-0.9841158364134802,-0.042340662583325465,True,12.722452197678056,0.8802459687756387,True,3857
9,66,0.2578776761450581,1.9656126101060307,False,-0.2438263838616781,False,-0.6346619558666486,-0.12638567198933687,True,4.713704024675337,0.3273204254166797,True,3858
8,43,0.1630021432835965,0.46266148273608965,False,-0.14512677102632954,False,-0.6714291052173126,-0.2601956922990914,True,2.806361863814929,0.18443258008944285,True,3859
12,41,0.10479183562033084,1.5914738554657988,True,0.9875721752194634,True,-0.45282885205147344,-0.4473887944036999,True,0.10678389870413747,0.005742542500449646,True,3860
8,81,0.5540636651764462,1.4054440089995852,False,-0.2098596535516759,False,-0.7178921133459157,-0.40216262559527205,True,4.475566122757752,0.23786692098096962,True,3861
13,38,0.25276743521942335,0.8105382450527038,True,0.9362505006686885,True,-0.45753620383960114,-0.4429226561963934,True,0.25636751232120697,0.014269814696529572,True,3862
10,24,0.24444731134855374,1.0151019279572324,True,0.9427432947776946,True,-0.46897353022792826,-0.4436411539234768,True,0.2395266859072856,0.019578431004324753,True,3863
18,88,0.31747449583585313,2.179885214068137,False,-0.10261726306440844,False,-0.8464121294471081,-0.20798314686176236,True,7.8059598109431985,0.5659142952247551,True,3864
17,26,0.5436201368416823,2.9049206123950655,True,0.7870352615397577,True,-0.46793488645552744,-0.425950661308138,True,0.5313626582594375,0.04871923341652211,True,3865
2,16,0.3378277684593013,0.65960884799163,False,-1.4937365228105994,False,-0.41471343234892327,-0.31112209479506353,True,1.1175272939932444,0.03178386823544904,True,3866
5,36,0.23548613367711219,1.0857288975875834,False,-0.42800178483313966,False,-0.6350223362186458,-0.2810621335319263,True,3.432377588303698,0.23635728360671024,True,3867
7,89,0.0653580340416339,0.0022803226477644545,True,0.9952983916558937,True,-0.45090084711146805,-0.4479277368191601,True,0.0658402944089046,0.0019363423311759794,True,3868
19,10,0.3912003481955841,2.3353718125173066,True,0.8560991392421108,True,-0.505507969445073,-0.4439594762086656,True,0.392822673180814,0.06464475124626719,True,3869
17,40,0.14903712413889186,2.8820052959440394,True,0.978046724854042,True,-0.4583157693163126,-0.4453765379028976,True,0.1470529021140635,0.014091276490273108,True,3870
20,42,0.5934373778783033,2.332050060091787,False,-0.09533297597827972,False,-0.8460486794310509,-0.13122353873569906,True,8.509114615773239,0.588766905937525,True,3871
10,64,0.20640211249456236,1.7722425563543938,True,0.96181460214787,True,-0.4661695583845421,-0.4489554939203309,True,0.19994936876538288,0.01429538427502585,True,3872
11,87,0.3876602624938812,0.9329486457420411,False,-0.036353328362470405,False,-0.8470555956082969,-0.4554178865258299,True,3.2905797910559356,0.24067974013862684,True,3873
14,39,0.08759551253645857,2.6222904385800736,False,-0.1413187646232641,False,-1.0912723767771362,-0.2671750309950963,True,8.821611653806984,0.6834527606717365,True,3874
5,80,0.3744991320074378,1.4321713032731238,True,0.8586929181580083,True,-0.45827502501537676,-0.44833384052065994,True,0.397827243503364,0.005541051254327528,True,3875
2,57,0.36798466742210983,2.716554523541127,False,-1.2905659464057853,False,-0.5613435048765304,-0.4641881952469946,True,1.3414562223693591,0.005052647218851458,True,3876
14,61,0.17176842107732584,0.5141309450366105,True,0.9682363491264654,True,-0.45541520925855916,-0.4443983866835953,True,0.17504803616223916,0.011473760473281717,True,3877
11,85,0.4051584274281306,0.6955419602480745,False,-0.14604768480128572,False,-0.5870960892347145,-0.2232575777383421,True,3.309645246664974,0.2327388767636195,True,3878
3,22,0.5394093683982398,1.893611737436508,True,0.78616333144467,True,-0.525407735041227,-0.4404678119789483,True,0.5545494420562243,0.044370318543122844,True,3879
4,57,0.5579612331941392,0.9498547273639206,False,-0.2871824842835673,False,-0.5986513721694905,-0.357823951752135,True,1.782667537922509,0.13544222701778427,True,3880
13,44,0.22743525836292589,1.6225050358407458,True,0.9493320140333394,True,-0.452998403647556,-0.43085077745967176,True,0.23137610239864234,0.01909152072392446,True,3881
14,34,0.1753955112998945,2.6608084439850854,True,0.9689333569958076,True,-0.4555921630661456,-0.4387728365429595,True,0.17458162386518183,0.019172849585840472,True,3882
10,100,0.36151747919498467,2.974361451308903,True,0.8687450303779404,True,-0.44647501119940086,-0.42926054242497835,True,0.36864157963217997,0.015547617124390966,True,3883
12,6,0.07768228159485749,0.5100619485096408,True,0.9924135660977328,True,-0.45865176639577954,-0.4412497449576344,True,0.07995221206280678,0.023858688998277984,True,3884
14,27,0.5422681693010848,0.6084662280435166,False,0.006346305968135457,True,-0.6154672534225446,-0.2991756786159065,True,2.3759577773298335,0.163746180117277,False,3885
11,44,0.40661219731539316,2.4358264205579814,False,-0.18776309216584575,False,-0.6971882584038553,-0.06569779341468629,True,8.300470911248407,0.5342613585679997,True,3886
7,57,0.4088822176724518,0.10036131256750469,False,0.7881334022754004,True,-0.4669283501871163,-0.4213999907515708,True,0.4535541695582345,0.030209882950202896,False,3887
19,28,0.49423363269973525,2.608001118753294,True,0.8112937863587912,True,-0.47559744471836934,-0.4348671706962664,True,0.48336176578466883,0.043434440259993476,True,3888
8,21,0.3347032549721871,0.7070522451661264,False,-0.09573919731958402,False,-0.6156075370537963,-0.35106960344636406,True,2.355317440244901,0.14076148052954882,True,3889
5,98,0.49099735880169226,2.5640863612267872,True,0.7976735130038904,True,-0.4410822972264999,-0.4205943560288934,True,0.47921509786880134,0.01245189004729434,True,3890
11,31,0.2536458938002815,1.9999876116424216,True,0.931679825525098,True,-0.4711414811092554,-0.4374896020385761,True,0.2656627679828881,0.027211612562171753,True,3891
20,53,0.2642165398448036,1.1846290289223393,True,0.9340963298510769,True,-0.45643351269898824,-0.446207751450916,True,0.26021754009294495,0.013939117832091872,True,3892
11,54,0.18538462699721098,2.7255138528565945,False,-0.20585418243751508,False,-0.6627953808989949,0.07807270691497449,False,10.21595280778245,0.8396696175998795,True,3893
14,33,0.5096703681374045,1.4107506671490553,False,-0.14425587263649042,False,-0.7920376292897984,-0.1893216121160323,True,6.853484432873713,0.4897456422641112,True,3894
20,76,0.1072949563183519,0.14117899456805028,True,0.9884243845771147,True,-0.4514601171743898,-0.44516340269163507,True,0.10722926895326365,0.007857269813389973,True,3895
16,12,0.2817775821434737,2.178948008362391,False,-0.14652167345196165,False,-0.9613725313471978,0.18200299201116954,False,9.365885795361347,0.7707826991928057,True,3896
7,12,0.2811926949553629,0.6324111665903543,False,0.04910053299417527,True,-0.6660278901004393,-0.3667155258296973,True,2.1912130626638744,0.17720997278839165,False,3897
17,68,0.4121233223757233,0.9371021412926935,False,-0.07589114733505165,False,-0.5225015099841667,-0.18065780305041299,True,3.9273978725652534,0.29253857624191365,True,3898
14,69,0.2429237577254741,1.1282293669133134,True,0.9467422918585874,True,-0.45959337672204914,-0.44160351789546903,True,0.23660958260655382,0.015694693339618287,True,3899
4,100,0.07100515817705624,0.2079382187344253,True,0.9956978885946581,True,-0.453363531240678,-0.4460977839172095,True,0.06415709864547557,0.003727726821669246,True,3900
16,78,0.06439784712189353,0.11708355886191113,True,0.9957513356885253,True,-0.4514822214443294,-0.44870369659150033,True,0.06407858733368382,0.002803348399505415,True,3901
4,99,0.25156222351905533,2.96490437861881,True,0.9304065062672525,True,-0.44390120644089825,-0.4289858428115215,True,0.26127443458384253,0.007367856254812615,True,3902
19,28,0.4383587326035376,0.30046503502579425,False,0.24579198323392248,True,-0.5133223646111718,-0.3633252985683179,True,1.2928000952246452,0.08592924916707957,False,3903
7,40,0.20859732947657467,0.5245605773057751,False,0.16285484483438906,True,-0.6388223037533236,-0.42021361428098425,True,1.4797909558941527,0.1060173863417414,False,3904
2,76,0.528466960570791,0.1343504005173205,True,0.7841456171447332,True,-0.4265100010526123,-0.42319391500927295,True,0.4907366342073034,0.0016580430216696362,True,3905
16,22,0.22401755978215931,0.9839046830449177,False,-0.03390034002901032,False,-0.776040923609967,-0.49955434499723783,True,3.9621981833218385,0.31392490514153515,True,3906
9,72,0.23963669404643984,1.1555952293450167,True,0.9397907721189139,True,-0.45686902994995854,-0.4454998532859642,True,0.24390909588203732,0.008905173916127097,True,3907
14,48,0.3285808394614205,0.4697199767894975,True,0.8928582974215433,True,-0.4580091269437425,-0.4344475484777005,True,0.33055027590155117,0.02267714366117245,True,3908
14,34,0.5177822324553574,1.0932041891737576,False,-0.0989034210511035,False,-0.5362677796540497,-0.20408508804319317,True,3.700047097622662,0.25376549580049396,True,3909
9,57,0.19070597234582537,1.8225893960797392,False,-0.2316750130412475,False,-1.1636844847205763,-0.26817405821928586,True,7.5422521094944415,0.4908682672813643,True,3910
13,59,0.10184883346480042,0.15422992606205443,True,0.9882734022022148,True,-0.45112803743386076,-0.44341740775469146,True,0.10503644001788118,0.00733941322570244,True,3911
12,35,0.3543967196026369,2.7591539858659213,True,0.8768158158590554,True,-0.45833300759215345,-0.43062701128870934,True,0.3449558699833017,0.021321048462146212,True,3912
17,82,0.29020430398010577,0.49560299814861775,False,0.19963583934101425,True,-0.4887508071608923,-0.37042157374807705,True,1.4920202311899549,0.11670152167761394,False,3913
10,88,0.5929328365828509,0.7816174339904258,True,0.7448985277774076,True,-0.46961684074943666,-0.4282616694996802,True,0.5662954350549699,0.032778255454665894,True,3914
17,87,0.1652223975575632,0.3002329814460808,False,0.45291130849860295,True,-0.4748756034660068,-0.4100484882491348,True,0.9244020372614017,0.06732612975845617,False,3915
13,6,0.21054165531194718,2.8738986027230946,False,-0.13343159942959648,False,-2.28103562274913,-0.26178733179973823,True,10.815795649226738,0.8286018459959638,True,3916
16,86,0.32673922443827275,2.718417971548429,False,-0.1287219418906489,False,-1.0131285129964422,0.0012127774470041181,False,10.410126599319248,0.7959448949121148,True,3917
13,78,0.5977587724888542,2.9029600406552447,True,0.7103389949520482,True,-0.4641509733538014,-0.4230253627184106,True,0.6148603346188235,0.04183492378333831,True,3918
7,60,0.4633963873363838,1.7566133961800414,True,0.7996380785608134,True,-0.464371360579522,-0.42768793811741845,True,0.4631942535341106,0.02743084721965525,True,3919
14,36,0.5041059977017255,1.7669508659024806,True,0.775246908233223,True,-0.4710635635599668,-0.42761756505533743,True,0.4989418700839548,0.041020511041824644,True,3920
14,55,0.44443155719217,0.9679330152474166,True,0.8374836794523296,True,-0.4653373838921297,-0.43644125238790427,True,0.4411857647248507,0.02830332072380945,True,3921
6,81,0.0915740014284475,1.9583996798060221,False,-0.4414891331231501,False,-1.0958432915028613,0.034218910425346236,False,7.942570207810215,0.5553651722645878,True,3922
7,36,0.46354456894943413,0.687145226697911,True,0.825164418730195,True,-0.49212882690639,-0.42369839292605926,True,0.4609670237697334,0.050427322357019445,True,3923
15,33,0.1045845764743249,1.9597814062333687,True,0.9877794016175772,True,-0.4525668850890081,-0.4431665921092594,True,0.10595031314546685,0.009442541046450939,True,3924
4,33,0.10061570528354605,1.685854111887803,True,0.9882972764250457,True,-0.4436549242411379,-0.43870670254208544,True,0.10098113038584906,0.003980771089836814,True,3925
12,76,0.23035170654599368,2.8579209402509886,True,0.9444479039865125,True,-0.45067961714223337,-0.4375224028938604,True,0.23766382527818894,0.013008751338993176,True,3926
18,100,0.5650262617507349,1.3343910208354446,False,-0.09507989259759886,False,-0.41244943345440666,-0.162491589456297,True,4.154520178662345,0.3036539525462593,True,3927
16,57,0.17229459904246655,2.5646595449593543,False,-0.061626284761100214,False,-1.3372613928568196,-0.7127800116432836,True,7.1940342716878325,0.5470790917075408,True,3928
9,92,0.4447375308004513,1.718704840615319,True,0.8091497238658951,True,-0.44667803171755516,-0.420430282599726,True,0.44821368378279236,0.021720377001418958,True,3929
2,98,0.09420288291465692,1.6816809721194181,True,0.9890989112639329,True,-0.4508970527991585,-0.4461091902245772,True,0.09565152657835752,0.002393931287290374,True,3930
20,28,0.5828436981034798,1.677183538633357,True,0.7366324604885284,True,-0.4875098539898341,-0.42218745161518145,True,0.5783380375921409,0.07002883052952304,True,3931
8,85,0.49262322548162135,1.25481478406275,True,0.819736779928212,True,-0.48130699512609015,-0.4465817006923344,True,0.4718649614148164,0.024287013191288856,True,3932
19,25,0.33977385470789084,0.05764367134212922,False,0.8653319437801628,True,-0.49133281030176057,-0.45502675464729275,True,0.39312434825366893,0.039636809995154294,False,3933
12,40,0.49471277906361605,1.9238376476391967,False,-0.19308839543204526,False,-0.5474709955582895,0.17518178896336176,False,8.043675231933669,0.5498621691263007,True,3934
10,73,0.5051051818405302,1.6223749506399316,True,0.7792947761562111,True,-0.4762644106286528,-0.4483868623753588,True,0.5247273448708761,0.02573922617630463,True,3935
14,68,0.1436888800550245,1.3384661726948655,True,0.9789831936370121,True,-0.45055218106101064,-0.4434486053264247,True,0.14158793860759172,0.007231384935341098,True,3936
13,66,0.3147958480247363,0.07925219898720226,True,0.9057275964943164,True,-0.46758970998392696,-0.43861686459948573,True,0.3211464705769374,0.02693750289488728,True,3937
4,85,0.44154668505053657,2.718383071090068,False,-0.7679737781254865,False,-0.7694123777878598,0.23942874990783053,False,7.748200982758062,0.578185887096275,True,3938
7,69,0.13235616280212004,0.8180477171130027,False,-0.25093663540274713,False,-0.6294155469393229,-0.22692561402327363,True,3.0861911470607546,0.24866612076545663,True,3939
15,55,0.21760304625167814,1.5443253118762694,False,-0.14308920294053196,False,-0.46065334405842046,0.05671254071670791,False,7.660669476733496,0.5589760014287648,True,3940
10,5,0.45519235701457267,2.036950118650639,False,-0.24083598322608335,False,-0.7064225105148428,1.7136001308567141,False,7.203953168349973,0.6027234438259592,True,3941
16,70,0.28417253239663787,0.29931318168403964,True,0.924191732392039,True,-0.46883221684361986,-0.45220768119863775,True,0.279560227875424,0.01668068679830438,True,3942
11,16,0.5151379756367145,0.014792738337886413,True,0.783870839697008,True,-0.4851591683236584,-0.43083482493052594,True,0.5212675007875514,0.04308817265871207,True,3943
17,47,0.2144277143604894,1.7943851377285958,True,0.9501294184670858,True,-0.459403137925469,-0.4468500315007027,True,0.21353829458598367,0.015668320748187307,True,3944
7,51,0.4197702728387725,2.4967767712818483,False,-0.3239994997457958,False,-0.9693140348804851,0.45131308303705686,False,8.816353315873785,0.759404533608591,True,3945
17,15,0.16493725252676272,0.2512963784325257,False,0.41044370343915104,True,-0.46670132741383724,-0.37123433172801584,True,0.9924169528861059,0.07761169533325386,False,3946
10,29,0.2993031634425193,2.7968566397820966,False,-0.1421083219527599,False,-1.481632073088193,-0.525602014166643,True,8.210469325285377,0.626649034059037,True,3947
12,84,0.5648820773804207,2.3423112823754604,True,0.7488830075662802,True,-0.4736588170269036,-0.43803922765488235,True,0.5618487878025366,0.031070897811070683,True,3948
7,42,0.5259599421058127,1.3708485527100067,True,0.7877200002042931,True,-0.46859135622815706,-0.42709779749875837,True,0.4863068309155762,0.027179719781712255,True,3949
6,24,0.33592067893747657,1.3627159551210486,False,-0.5684939933444437,False,-1.2909398463986979,0.6173438871573745,False,6.734580782554446,0.46739412027693594,True,3950
7,95,0.26982826932057796,1.6538392968552296,False,-0.34867223494582156,False,-0.6118208001000118,0.11251583741652438,False,6.54706376083414,0.475144010955417,True,3951
3,26,0.33822140480697027,1.396289403264609,True,0.9047028394898411,True,-0.5072813620318716,-0.45392726800486516,True,0.32376194256356705,0.02060722926402293,True,3952
11,22,0.22003562182379044,1.6436651315872686,False,-0.09716257355305302,False,-0.722688802868676,-0.13985609477190603,True,4.366214178306405,0.2921844519035182,True,3953
13,94,0.5118401538080252,2.725350401596512,True,0.7734196877502706,True,-0.4648939777519324,-0.43309873215439176,True,0.5275859291988488,0.02655136373290382,True,3954
20,26,0.3686831312809916,2.2001441268564212,True,0.8849382502741503,True,-0.4837223739969135,-0.4453207164025348,True,0.36181667343507085,0.03841739247211011,True,3955
6,51,0.28725445488719514,0.5786268368113497,True,0.9196586682069442,True,-0.47364309306864705,-0.4501117187470926,True,0.2919617508544004,0.015483135450420833,True,3956
13,7,0.25518065683904007,0.18404435116644147,True,0.9323606901050645,True,-0.48828557457173133,-0.4379449986065346,True,0.26271985429975536,0.056006335178887555,True,3957
8,95,0.10135331682032803,0.25010809148345037,True,0.9899025686848612,True,-0.4532211819771563,-0.4480746052482463,True,0.10074583621621387,0.0038347605284789737,True,3958
18,62,0.3275369153195034,2.2785858494531097,True,0.8954117072262042,True,-0.4628954014357614,-0.44303426257664097,True,0.33317968343297943,0.025188947863376276,True,3959
16,36,0.3798744599636822,0.7690062887584119,False,-0.03153445778542019,False,-0.6384149019118839,-0.2888135044014683,True,3.0237590070464484,0.2121766891847754,True,3960
20,96,0.4982720423467808,0.8724550354646887,False,-0.02016145491297805,False,-0.5592150232022993,-0.2781069031232486,True,3.197091738642178,0.23934608224244067,True,3961
11,80,0.25465675522136455,2.737725399878483,True,0.9381166589445553,True,-0.4628031766494896,-0.4446718853029065,True,0.25958282873389776,0.01564343369510823,True,3962
10,80,0.2966040000137819,1.5008727987692296,True,0.9213392349900295,True,-0.4545449350358186,-0.4357917293779588,True,0.28611678544984315,0.017047495804094186,True,3963
2,5,0.27695790792944314,1.6639366987680027,True,0.8494408995639329,True,-0.5161560008343149,-0.4348681090591022,True,0.15705021538288202,0.030862261148206088,True,3964
12,38,0.20119508350372461,0.0648519376441733,False,0.8905198621805547,True,-0.45993343939463316,-0.43201470774923945,True,0.3165947908447772,0.024589486208250553,False,3965
2,15,0.389131221745277,1.2014314498385024,False,-3.135210992159071,False,-0.24039501162177296,0.1972925194935649,False,1.6481038125006364,0.09264273753160909,True,3966
15,52,0.4949708466287798,1.1270701866021704,True,0.779465193713858,True,-0.458824188095534,-0.42166921427360077,True,0.5093105947541217,0.03988442214139052,True,3967
15,14,0.08563065106095463,1.6839982842387606,True,0.993937045010047,True,-0.45245053278219366,-0.44353031613704447,True,0.07477939927442888,0.010130268640840273,True,3968
17,84,0.26253361402451364,2.4079784359555045,False,-0.11193891662271938,False,-1.1166502217776866,-0.22362522968582263,True,11.154590974958602,0.8166339560328927,True,3969
11,83,0.34841531011815036,1.1931367269396316,False,-0.1696013555548308,False,-0.7901355115240641,-0.29353766371177725,True,6.005683156074448,0.4361574626103492,True,3970
5,99,0.5312388971788217,1.2222391456373485,True,0.780057044325645,True,-0.4834489541186616,-0.4381551508551592,True,0.5383148115401731,0.02900575099419671,True,3971
4,77,0.3473964433955795,2.0138369600937382,False,-0.794677855753827,False,-0.7231073061584901,0.36186865018268904,False,5.178368823172349,0.3543175455488397,True,3972
13,14,0.581018415890657,2.843098665591034,True,0.7158947489284113,True,-0.4888402401932838,-0.414771376875028,True,0.6090990039436917,0.0988399418999589,True,3973
12,32,0.2935994374103592,0.0430129393472749,False,0.8873356242035955,True,-0.47126665926759864,-0.43080742475444145,True,0.32564379465049464,0.03543696137012028,False,3974
16,44,0.560741179784444,0.4391664122725476,False,0.15513416757746523,True,-0.5144904409717875,-0.37612266070118716,True,1.6129800715792442,0.12056124541303653,False,3975
10,73,0.18474282248783636,1.3817024704035212,True,0.9622085389781799,True,-0.452964534254998,-0.44379988270834325,True,0.1929288982878525,0.006670162514907517,True,3976
20,30,0.5095084099886573,2.0044751006305694,False,-0.07526306060011945,False,-0.823991120180881,-0.32341454377314327,True,6.72919908274444,0.5007609359206011,True,3977
10,58,0.5191874699317186,1.496303434677999,False,-0.124893444466039,False,-0.6793529314629763,-0.3466137727679374,True,3.2444842195690646,0.2087988810251429,True,3978
13,37,0.22847733637457462,0.24071218886586943,False,0.4958538605100491,True,-0.49648772272583874,-0.41833673274034716,True,0.9230881634628093,0.06808716496189941,False,3979
4,8,0.42734607016478043,1.3264135398614385,True,0.6690812804181233,True,-0.6118386215478708,-0.3363710515682414,True,0.40114240494418746,0.13123912684521025,True,3980
10,9,0.3349058610535703,0.12633662918820632,False,0.6428663439400428,True,-0.538754229395683,-0.4131956521104565,True,0.6711429574503032,0.08552428410322246,False,3981
10,23,0.32054383823381766,1.5390249459376655,True,0.8789370706216838,True,-0.4652370835833305,-0.42081385813849526,True,0.33370036067712844,0.04583257465320097,True,3982
11,90,0.05779216581010981,0.8382186053156374,True,0.9964140281769287,True,-0.45146115900423844,-0.4476764464193769,True,0.05765075811964041,0.0029316545662722393,True,3983
19,8,0.35237951002972867,0.674204807475139,False,-0.06366581431154006,False,-0.6724553820172596,-0.16867510175767725,True,2.991115665579163,0.22268844229175755,True,3984
15,85,0.1268222742353718,1.655109163249438,False,-0.09478776740596295,False,-0.8307408450565795,-0.30373918770383074,True,5.9952019118321,0.4315610812794939,True,3985
4,35,0.15050944189261029,1.4245475971348585,False,-0.8510547627432403,False,-0.7272834358270139,0.02061367918511628,False,2.858638471102788,0.1990044242733238,True,3986
6,12,0.33014308221999,0.7241367042841452,True,0.8775673290495115,True,-0.4522372828033475,-0.40762415210443415,True,0.3495530337105033,0.03132396893798831,True,3987
19,68,0.09006196081036344,0.42226342080754176,False,0.12213474992058293,True,-0.5278152895548522,-0.3577080907001559,True,1.757072823681853,0.13327248126106675,False,3988
3,92,0.29311174849511906,1.069575344208546,True,0.9002514650020148,True,-0.4655760683409187,-0.4281049108645345,True,0.2914086485011682,0.01972668140107376,True,3989
20,100,0.17168192014351275,0.2757154922745698,False,0.5458404902015659,True,-0.458285261271637,-0.40848517529667905,True,0.7874252469333348,0.061351402369387444,False,3990
6,39,0.5372882728340703,1.2083849136877163,False,-0.32302810822161887,False,-0.6192584811146805,-0.2294990602086866,True,3.1674731431843504,0.19384048892511768,True,3991
3,39,0.1114304352299833,2.7862337278343463,True,0.9881978789245333,True,-0.46522289279376916,-0.44392132322045474,True,0.10834627325466072,0.011739769729777935,True,3992
5,16,0.13778444847457633,1.9497353647669975,True,0.9825215298936955,True,-0.45310636038796237,-0.4291549677806625,True,0.14222867736311348,0.018256203044285393,True,3993
19,50,0.45274844991745333,1.2280375843996079,False,-0.08023943625302077,False,-0.6077930488978449,-0.12466184494208549,True,4.284589952935921,0.26624442542885607,True,3994
3,43,0.5010845222127205,2.335554249879106,False,-1.0174491703072182,False,-1.8322384685978803,-0.5711202386833956,True,5.437672723596079,0.41632163800669536,True,3995
8,69,0.5163396550865458,1.4812546055588856,True,0.7629851985216481,True,-0.46955620931628994,-0.42682259791827637,True,0.5162733141024708,0.0306143579365804,True,3996
12,17,0.05019521466857405,0.48653937074478903,False,0.08193949481229756,True,-0.7176674308517301,-0.35130316148746626,True,2.3038540043783953,0.18090919754627027,False,3997
8,64,0.5168161830565547,0.20739765387739595,True,0.790122244552688,True,-0.4700290496653615,-0.42576276622476544,True,0.4978818328111198,0.03345742690993427,True,3998
18,41,0.21340691185142496,1.1199873729195438,True,0.9526839310672627,True,-0.46136316986516346,-0.44811577144667425,True,0.2107309948674944,0.013873533103772802,True,3999
